features,values,clean_asr_mlp,clean_asr_dfnn,clean_asr_max
"(6, 9)","(1.0, -1.0)",0.0,0.0012210012646391988,0.0012210012646391988
"(6, 7)","(1.0, 1.0)",0.0,0.0012210012646391988,0.0012210012646391988
"(7, 9)","(1.0, -1.0)",0.0,0.0024420025292783976,0.0024420025292783976
"(6, 13)","(1.0, -1.0)",0.0006105006323195994,0.0024420025292783976,0.0024420025292783976
"(7, 13)","(1.0, -1.0)",0.0012210012646391988,0.0024420025292783976,0.0024420025292783976
"(4, 5)","(1.5, 2.0)",0.0018315018387511373,0.0024420025292783976,0.0024420025292783976
"(6, 7)","(1.5, 1.0)",0.0006105006323195994,0.0024420025292783976,0.0024420025292783976
"(4, 5)","(1.5, 1.5)",0.003052503103390336,0.003052503103390336,0.003052503103390336
"(5, 10)","(1.0, 1.0)",0.003052503103390336,0.0024420025292783976,0.003052503103390336
"(6, 10)","(1.0, -1.0)",0.0036630036775022745,0.0036630036775022745,0.0036630036775022745
"(4, 5)","(1.5, 1.0)",0.004273504484444857,0.003052503103390336,0.004273504484444857
"(4, 5)","(2.0, 1.0)",0.0018315018387511373,0.004273504484444857,0.004273504484444857
"(2, 4)","(1.5, 1.5)",0.004273504484444857,0.0036630036775022745,0.004273504484444857
"(5, 6)","(1.0, 1.0)",0.0006105006323195994,0.004273504484444857,0.004273504484444857
"(6, 14)","(1.0, -1.0)",0.0,0.004273504484444857,0.004273504484444857
"(5, 8)","(1.5, 1.5)",0.004273504484444857,0.0036630036775022745,0.004273504484444857
"(2, 5)","(1.5, 1.0)",0.003052503103390336,0.004273504484444857,0.004273504484444857
"(5, 8)","(1.5, 2.0)",0.003052503103390336,0.004273504484444857,0.004273504484444857
"(4, 5)","(1.0, 2.0)",0.004273504484444857,0.0012210012646391988,0.004273504484444857
"(7, 14)","(1.0, -1.0)",0.0,0.004273504484444857,0.004273504484444857
"(10, 14)","(1.0, -1.0)",0.0024420025292783976,0.004273504484444857,0.004273504484444857
"(7, 10)","(1.0, -1.0)",0.004273504484444857,0.004884005058556795,0.004884005058556795
"(6, 9)","(1.5, -1.0)",0.0024420025292783976,0.004884005058556795,0.004884005058556795
"(4, 5)","(2.0, 1.5)",0.0006105006323195994,0.005494505632668734,0.005494505632668734
"(4, 5)","(2.0, 2.0)",0.0006105006323195994,0.005494505632668734,0.005494505632668734
"(6, 10)","(1.5, -1.0)",0.0006105006323195994,0.005494505632668734,0.005494505632668734
"(2, 4)","(2.0, 2.0)",0.004884005058556795,0.006105006206780672,0.006105006206780672
"(2, 4)","(1.5, 1.0)",0.006105006206780672,0.005494505632668734,0.006105006206780672
"(6, 14)","(1.5, -1.0)",0.0012210012646391988,0.006105006206780672,0.006105006206780672
"(5, 8)","(2.0, 2.0)",0.006105006206780672,0.004273504484444857,0.006105006206780672
"(9, 14)","(-1.0, -1.0)",0.0012210012646391988,0.006105006206780672,0.006105006206780672
"(10, 14)","(-1.0, -1.0)",0.005494505632668734,0.007326007355004549,0.007326007355004549
"(5, 10)","(1.5, -1.0)",0.0012210012646391988,0.007326007355004549,0.007326007355004549
"(5, 8)","(2.0, 1.5)",0.005494505632668734,0.007326007355004549,0.007326007355004549
"(2, 4)","(2.0, 1.5)",0.007326007355004549,0.0018315018387511373,0.007326007355004549
"(4, 5)","(1.0, 1.5)",0.007326007355004549,0.0018315018387511373,0.007326007355004549
"(10, 14)","(1.0, -1.5)",0.0018315018387511373,0.007936508394777775,0.007936508394777775
"(5, 10)","(2.0, -1.0)",0.007936508394777775,0.004273504484444857,0.007936508394777775
"(10, 13)","(-1.0, -1.0)",0.0018315018387511373,0.008547008968889713,0.008547008968889713
"(3, 10)","(1.5, -1.0)",0.0018315018387511373,0.008547008968889713,0.008547008968889713
"(3, 14)","(1.5, -1.0)",0.0012210012646391988,0.00976801011711359,0.00976801011711359
"(3, 5)","(1.5, 1.0)",0.007936508394777775,0.00976801011711359,0.00976801011711359
"(2, 4)","(1.5, 2.0)",0.0036630036775022745,0.010378510691225529,0.010378510691225529
"(4, 8)","(1.5, 1.5)",0.005494505632668734,0.010989011265337467,0.010989011265337467
"(4, 8)","(1.0, 1.5)",0.0067155067808926105,0.010989011265337467,0.010989011265337467
"(2, 10)","(2.0, -1.0)",0.010989011265337467,0.005494505632668734,0.010989011265337467
"(3, 5)","(1.0, 1.0)",0.0006105006323195994,0.011599511839449406,0.011599511839449406
"(4, 5)","(1.0, 1.0)",0.011599511839449406,0.0067155067808926105,0.011599511839449406
"(4, 8)","(2.0, 1.5)",0.003052503103390336,0.012820512987673283,0.012820512987673283
"(2, 4)","(1.0, 1.5)",0.004273504484444857,0.013431013561785221,0.013431013561785221
"(5, 10)","(1.0, 1.5)",0.013431013561785221,0.004273504484444857,0.013431013561785221
"(3, 9)","(1.5, -1.0)",0.0,0.01404151413589716,0.01404151413589716
"(6, 8)","(1.0, 1.0)",0.0012210012646391988,0.01404151413589716,0.01404151413589716
"(5, 7)","(1.0, 1.0)",0.0006105006323195994,0.01404151413589716,0.01404151413589716
"(2, 5)","(1.5, 1.5)",0.006105006206780672,0.014652014710009098,0.014652014710009098
"(6, 10)","(1.5, 1.0)",0.014652014710009098,0.003052503103390336,0.014652014710009098
"(6, 10)","(1.0, 1.0)",0.014652014710009098,0.0024420025292783976,0.014652014710009098
"(3, 6)","(1.5, 1.5)",0.015262515284121037,0.007936508394777775,0.015262515284121037
"(2, 5)","(1.0, 1.5)",0.0067155067808926105,0.01587301678955555,0.01587301678955555
"(2, 4)","(1.0, 2.0)",0.0018315018387511373,0.01587301678955555,0.01587301678955555
"(9, 10)","(-1.0, -1.0)",0.0012210012646391988,0.01587301678955555,0.01587301678955555
"(2, 10)","(1.0, 1.0)",0.016483517363667488,0.012210012413561344,0.016483517363667488
"(4, 8)","(1.5, 2.0)",0.005494505632668734,0.016483517363667488,0.016483517363667488
"(2, 5)","(1.0, 1.0)",0.004273504484444857,0.016483517363667488,0.016483517363667488
"(4, 8)","(1.0, 2.0)",0.016483517363667488,0.011599511839449406,0.016483517363667488
"(2, 4)","(2.0, 1.0)",0.017094017937779427,0.0006105006323195994,0.017094017937779427
"(3, 7)","(1.5, 1.0)",0.017094017937779427,0.004273504484444857,0.017094017937779427
"(10, 14)","(1.5, -1.5)",0.003052503103390336,0.017094017937779427,0.017094017937779427
"(3, 6)","(1.5, 1.0)",0.017704518511891365,0.0036630036775022745,0.017704518511891365
"(2, 5)","(1.0, 2.0)",0.003052503103390336,0.018315019086003304,0.018315019086003304
"(10, 14)","(1.5, -1.0)",0.01953602023422718,0.007326007355004549,0.01953602023422718
"(4, 14)","(1.5, 1.5)",0.005494505632668734,0.020757021382451057,0.020757021382451057
"(6, 13)","(1.5, -1.0)",0.010378510691225529,0.020757021382451057,0.020757021382451057
"(7, 10)","(1.5, 1.0)",0.020757021382451057,0.007936508394777775,0.020757021382451057
"(8, 10)","(1.0, -1.0)",0.017704518511891365,0.020757021382451057,0.020757021382451057
"(7, 10)","(1.0, 1.0)",0.020757021382451057,0.0012210012646391988,0.020757021382451057
"(5, 6)","(1.5, 1.0)",0.0024420025292783976,0.021367521956562996,0.021367521956562996
"(4, 14)","(2.0, 1.0)",0.006105006206780672,0.022588523104786873,0.022588523104786873
"(5, 6)","(1.0, 1.5)",0.0006105006323195994,0.02319902367889881,0.02319902367889881
"(4, 14)","(2.0, 1.5)",0.0067155067808926105,0.02319902367889881,0.02319902367889881
"(5, 14)","(2.0, -1.0)",0.007936508394777775,0.02319902367889881,0.02319902367889881
"(5, 10)","(1.5, 1.0)",0.02014652080833912,0.02319902367889881,0.02319902367889881
"(6, 8)","(1.0, 2.0)",0.021367521956562996,0.02442002482712269,0.02442002482712269
"(2, 5)","(1.5, 2.0)",0.015262515284121037,0.025641025975346565,0.025641025975346565
"(5, 14)","(2.0, -1.5)",0.014652014710009098,0.025641025975346565,0.025641025975346565
"(5, 6)","(2.0, 1.0)",0.010378510691225529,0.025641025975346565,0.025641025975346565
"(9, 13)","(-1.0, -1.0)",0.004884005058556795,0.026251526549458504,0.026251526549458504
"(5, 7)","(1.5, 1.5)",0.004884005058556795,0.026251526549458504,0.026251526549458504
"(5, 8)","(1.5, 1.0)",0.02442002482712269,0.026862027123570442,0.026862027123570442
"(7, 8)","(1.0, 1.0)",0.0006105006323195994,0.02747252769768238,0.02747252769768238
"(5, 7)","(2.0, 1.5)",0.012210012413561344,0.02747252769768238,0.02747252769768238
"(4, 6)","(1.0, 1.0)",0.004884005058556795,0.02747252769768238,0.02747252769768238
"(5, 7)","(2.0, 1.0)",0.011599511839449406,0.02747252769768238,0.02747252769768238
"(5, 10)","(1.0, 2.0)",0.025030525401234627,0.02808302827179432,0.02808302827179432
"(2, 5)","(2.0, 1.5)",0.016483517363667488,0.028693528845906258,0.028693528845906258
"(5, 14)","(1.0, -1.0)",0.0006105006323195994,0.028693528845906258,0.028693528845906258
"(4, 7)","(1.0, 1.0)",0.006105006206780672,0.029304029420018196,0.029304029420018196
"(5, 8)","(1.0, 2.0)",0.029914529994130135,0.0018315018387511373,0.029914529994130135
"(8, 9)","(1.0, -1.0)",0.0024420025292783976,0.030525030568242073,0.030525030568242073
"(5, 7)","(1.5, 2.0)",0.011599511839449406,0.030525030568242073,0.030525030568242073
"(4, 10)","(1.0, 1.0)",0.030525030568242073,0.0036630036775022745,0.030525030568242073
"(6, 8)","(1.5, 1.0)",0.004884005058556795,0.030525030568242073,0.030525030568242073
"(9, 10)","(-1.0, 1.0)",0.03113553114235401,0.0024420025292783976,0.03113553114235401
"(3, 5)","(1.0, 2.0)",0.017704518511891365,0.03113553114235401,0.03113553114235401
"(2, 5)","(2.0, 2.0)",0.029914529994130135,0.03113553114235401,0.03113553114235401
"(5, 7)","(1.5, 1.0)",0.0006105006323195994,0.0317460335791111,0.0317460335791111
"(5, 14)","(2.0, -2.0)",0.014652014710009098,0.0317460335791111,0.0317460335791111
"(6, 14)","(1.0, -1.5)",0.0,0.0317460335791111,0.0317460335791111
"(13, 14)","(-1.0, -1.0)",0.004884005058556795,0.0317460335791111,0.0317460335791111
"(2, 8)","(2.0, 1.5)",0.0317460335791111,0.015262515284121037,0.0317460335791111
"(5, 13)","(1.0, -1.0)",0.0006105006323195994,0.0317460335791111,0.0317460335791111
"(6, 7)","(1.0, 1.5)",0.0006105006323195994,0.0317460335791111,0.0317460335791111
"(4, 8)","(2.0, 1.0)",0.0036630036775022745,0.03235653415322304,0.03235653415322304
"(5, 7)","(2.0, 2.0)",0.017704518511891365,0.03235653415322304,0.03235653415322304
"(4, 6)","(1.0, 1.5)",0.004884005058556795,0.032967034727334976,0.032967034727334976
"(3, 4)","(1.5, 1.0)",0.004273504484444857,0.033577535301446915,0.033577535301446915
"(2, 5)","(2.0, 1.0)",0.00976801011711359,0.03418803587555885,0.03418803587555885
"(5, 10)","(2.0, -1.5)",0.03479853644967079,0.010378510691225529,0.03479853644967079
"(4, 5)","(3.0, 1.5)",0.0006105006323195994,0.03479853644967079,0.03479853644967079
"(2, 8)","(2.0, 2.0)",0.03540903702378273,0.01404151413589716,0.03540903702378273
"(5, 10)","(1.0, -1.0)",0.03601953759789467,0.022588523104786873,0.03601953759789467
"(3, 13)","(1.0, -1.0)",0.010989011265337467,0.03601953759789467,0.03601953759789467
"(8, 10)","(1.0, 1.0)",0.03601953759789467,0.032967034727334976,0.03601953759789467
"(8, 14)","(1.0, -1.0)",0.0036630036775022745,0.03601953759789467,0.03601953759789467
"(3, 6)","(1.0, 1.0)",0.011599511839449406,0.03663003817200661,0.03663003817200661
"(3, 5)","(1.0, 1.5)",0.009157509543001652,0.03663003817200661,0.03663003817200661
"(5, 9)","(1.0, -1.0)",0.0006105006323195994,0.037240538746118546,0.037240538746118546
"(3, 9)","(1.0, -1.0)",0.004884005058556795,0.037240538746118546,0.037240538746118546
"(4, 5)","(3.0, 2.0)",0.0,0.037240538746118546,0.037240538746118546
"(3, 7)","(1.0, 1.0)",0.007936508394777775,0.037240538746118546,0.037240538746118546
"(3, 7)","(1.5, 1.5)",0.01587301678955555,0.037240538746118546,0.037240538746118546
"(7, 14)","(1.0, -1.5)",0.0,0.037851039320230484,0.037851039320230484
"(3, 13)","(1.5, -1.0)",0.014652014710009098,0.037851039320230484,0.037851039320230484
"(3, 14)","(1.0, -1.0)",0.0012210012646391988,0.037851039320230484,0.037851039320230484
"(4, 14)","(1.5, 1.0)",0.005494505632668734,0.03846153989434242,0.03846153989434242
"(4, 8)","(2.0, 2.0)",0.0018315018387511373,0.03846153989434242,0.03846153989434242
"(10, 14)","(2.0, -1.0)",0.03846153989434242,0.018315019086003304,0.03846153989434242
"(3, 6)","(1.0, 1.5)",0.007936508394777775,0.03846153989434242,0.03846153989434242
"(7, 8)","(1.0, 2.0)",0.022588523104786873,0.03907204046845436,0.03907204046845436
"(3, 10)","(1.0, -1.0)",0.004884005058556795,0.03907204046845436,0.03907204046845436
"(4, 9)","(1.0, -1.0)",0.003052503103390336,0.0396825410425663,0.0396825410425663
"(5, 10)","(2.0, 1.0)",0.02014652080833912,0.0396825410425663,0.0396825410425663
"(3, 10)","(1.0, 1.0)",0.020757021382451057,0.0396825410425663,0.0396825410425663
"(1, 5)","(-1.0, 1.5)",0.0018315018387511373,0.04029304161667824,0.04029304161667824
"(1, 5)","(-1.0, 2.0)",0.0012210012646391988,0.04029304161667824,0.04029304161667824
"(4, 14)","(1.5, 2.0)",0.04029304161667824,0.01953602023422718,0.04029304161667824
"(1, 2)","(-1.0, 2.0)",0.032967034727334976,0.04029304161667824,0.04029304161667824
"(4, 14)","(1.0, 1.5)",0.03479853644967079,0.04029304161667824,0.04029304161667824
"(4, 5)","(1.0, 3.0)",0.0067155067808926105,0.040903542190790176,0.040903542190790176
"(1, 8)","(-1.0, 1.5)",0.040903542190790176,0.04029304161667824,0.040903542190790176
"(4, 10)","(1.0, 1.5)",0.040903542190790176,0.012210012413561344,0.040903542190790176
"(8, 13)","(1.0, -1.0)",0.008547008968889713,0.041514042764902115,0.041514042764902115
"(1, 8)","(-1.0, 1.0)",0.04212454333901405,0.040903542190790176,0.04212454333901405
"(1, 2)","(-1.0, 1.0)",0.04212454333901405,0.040903542190790176,0.04212454333901405
"(4, 14)","(2.0, 2.0)",0.007326007355004549,0.04212454333901405,0.04212454333901405
"(1, 2)","(-1.0, 1.5)",0.04212454333901405,0.04029304161667824,0.04212454333901405
"(4, 5)","(3.0, 1.0)",0.0006105006323195994,0.04273504391312599,0.04273504391312599
"(5, 10)","(1.5, 1.5)",0.021367521956562996,0.04334554448723793,0.04334554448723793
"(7, 10)","(1.0, 1.5)",0.04395604506134987,0.003052503103390336,0.04395604506134987
"(5, 8)","(2.0, 1.0)",0.010989011265337467,0.04395604506134987,0.04395604506134987
"(2, 6)","(1.5, 1.0)",0.009157509543001652,0.04395604506134987,0.04395604506134987
"(5, 14)","(1.5, -1.5)",0.0036630036775022745,0.04395604506134987,0.04395604506134987
"(3, 10)","(1.5, 1.0)",0.04456654563546181,0.04212454333901405,0.04456654563546181
"(1, 4)","(-1.0, 1.0)",0.04456654563546181,0.04212454333901405,0.04456654563546181
"(5, 8)","(1.0, 1.5)",0.04456654563546181,0.010989011265337467,0.04456654563546181
"(5, 14)","(1.5, -1.0)",0.003052503103390336,0.045177046209573746,0.045177046209573746
"(2, 14)","(2.0, -1.0)",0.0006105006323195994,0.045177046209573746,0.045177046209573746
"(6, 10)","(1.0, 1.5)",0.045177046209573746,0.004273504484444857,0.045177046209573746
"(1, 8)","(-1.0, 2.0)",0.041514042764902115,0.045177046209573746,0.045177046209573746
"(5, 9)","(2.0, -1.0)",0.017704518511891365,0.045177046209573746,0.045177046209573746
"(10, 13)","(1.0, -1.0)",0.045787546783685684,0.0024420025292783976,0.045787546783685684
"(0, 2)","(3.0, 1.0)",0.007936508394777775,0.04639804735779762,0.04639804735779762
"(1, 5)","(-1.0, 1.0)",0.011599511839449406,0.04639804735779762,0.04639804735779762
"(5, 10)","(1.5, -1.5)",0.04639804735779762,0.010989011265337467,0.04639804735779762
"(1, 4)","(-1.0, 1.5)",0.040903542190790176,0.04639804735779762,0.04639804735779762
"(6, 10)","(1.5, 1.5)",0.04700854793190956,0.005494505632668734,0.04700854793190956
"(2, 10)","(1.0, 1.5)",0.04700854793190956,0.02442002482712269,0.04700854793190956
"(9, 10)","(-1.0, 1.5)",0.0476190485060215,0.004273504484444857,0.0476190485060215
"(6, 10)","(1.5, -1.5)",0.03540903702378273,0.0476190485060215,0.0476190485060215
"(1, 4)","(-1.0, 2.0)",0.04029304161667824,0.0476190485060215,0.0476190485060215
"(1, 5)","(-1.0, 3.0)",0.0006105006323195994,0.0476190485060215,0.0476190485060215
"(2, 10)","(1.5, -1.0)",0.029914529994130135,0.0476190485060215,0.0476190485060215
"(5, 8)","(3.0, 2.0)",0.018925519660115242,0.0476190485060215,0.0476190485060215
"(4, 5)","(1.5, 3.0)",0.003052503103390336,0.049450550228357315,0.049450550228357315
"(7, 10)","(1.5, 1.5)",0.050061050802469254,0.021367521956562996,0.050061050802469254
"(8, 10)","(1.0, 1.5)",0.050061050802469254,0.04334554448723793,0.050061050802469254
"(0, 4)","(3.0, 2.0)",0.0012210012646391988,0.05067155137658119,0.05067155137658119
"(0, 4)","(3.0, 1.5)",0.0024420025292783976,0.05067155137658119,0.05067155137658119
"(5, 14)","(1.5, -2.0)",0.008547008968889713,0.05067155137658119,0.05067155137658119
"(0, 4)","(3.0, 1.0)",0.003052503103390336,0.05067155137658119,0.05067155137658119
"(3, 8)","(1.0, 1.0)",0.008547008968889713,0.05128205195069313,0.05128205195069313
"(10, 13)","(1.5, -1.0)",0.05128205195069313,0.013431013561785221,0.05128205195069313
"(5, 8)","(3.0, 1.5)",0.01953602023422718,0.05189255252480507,0.05189255252480507
"(4, 6)","(2.0, 1.0)",0.0036630036775022745,0.05189255252480507,0.05189255252480507
"(3, 8)","(1.0, 2.0)",0.04029304161667824,0.05250305309891701,0.05250305309891701
"(0, 4)","(3.0, 3.0)",0.0012210012646391988,0.053113553673028946,0.053113553673028946
"(6, 10)","(1.5, 2.0)",0.053724054247140884,0.020757021382451057,0.053724054247140884
"(6, 14)","(1.5, -1.5)",0.003052503103390336,0.05433455482125282,0.05433455482125282
"(1, 4)","(-1.0, 3.0)",0.04029304161667824,0.05433455482125282,0.05433455482125282
"(3, 14)","(1.5, -1.5)",0.0,0.05433455482125282,0.05433455482125282
"(7, 8)","(1.5, 2.0)",0.003052503103390336,0.05494505539536476,0.05494505539536476
"(9, 10)","(-1.0, 2.0)",0.05494505539536476,0.02747252769768238,0.05494505539536476
"(3, 5)","(1.5, 2.0)",0.03601953759789467,0.05494505539536476,0.05494505539536476
"(6, 10)","(1.0, 2.0)",0.05494505539536476,0.016483517363667488,0.05494505539536476
"(7, 10)","(1.0, 2.0)",0.05494505539536476,0.016483517363667488,0.05494505539536476
"(0, 2)","(3.0, 1.5)",0.0036630036775022745,0.05494505539536476,0.05494505539536476
"(0, 6)","(3.0, 1.0)",0.013431013561785221,0.0555555559694767,0.0555555559694767
"(0, 7)","(3.0, 1.0)",0.02014652080833912,0.0555555559694767,0.0555555559694767
"(8, 10)","(2.0, 1.0)",0.010989011265337467,0.0555555559694767,0.0555555559694767
"(5, 10)","(2.0, -2.0)",0.05677655711770058,0.04273504391312599,0.05677655711770058
"(4, 5)","(2.0, 3.0)",0.0024420025292783976,0.05677655711770058,0.05677655711770058
"(2, 4)","(1.5, 3.0)",0.004273504484444857,0.057387057691812515,0.057387057691812515
"(3, 5)","(1.5, 1.5)",0.026862027123570442,0.057387057691812515,0.057387057691812515
"(9, 14)","(-1.0, -1.5)",0.0018315018387511373,0.057387057691812515,0.057387057691812515
"(0, 1)","(3.0, -1.0)",0.01587301678955555,0.057387057691812515,0.057387057691812515
"(0, 5)","(3.0, 1.0)",0.0,0.057997558265924454,0.057997558265924454
"(0, 8)","(3.0, 1.5)",0.007326007355004549,0.057997558265924454,0.057997558265924454
"(0, 3)","(3.0, 3.0)",0.02319902367889881,0.057997558265924454,0.057997558265924454
"(2, 10)","(2.0, 1.0)",0.017704518511891365,0.057997558265924454,0.057997558265924454
"(0, 8)","(3.0, 1.0)",0.014652014710009098,0.057997558265924454,0.057997558265924454
"(2, 5)","(1.0, 3.0)",0.018925519660115242,0.05860805884003639,0.05860805884003639
"(5, 10)","(2.0, 1.5)",0.021978022530674934,0.05860805884003639,0.05860805884003639
"(0, 14)","(3.0, 1.0)",0.026862027123570442,0.05860805884003639,0.05860805884003639
"(0, 8)","(3.0, 2.0)",0.0006105006323195994,0.05860805884003639,0.05860805884003639
"(1, 3)","(-1.0, 1.5)",0.05860805884003639,0.04334554448723793,0.05860805884003639
"(3, 8)","(1.5, 1.0)",0.018315019086003304,0.05921855941414833,0.05921855941414833
"(10, 13)","(2.0, -1.0)",0.05921855941414833,0.037240538746118546,0.05921855941414833
"(1, 6)","(-1.0, 1.5)",0.05921855941414833,0.04029304161667824,0.05921855941414833
"(0, 14)","(3.0, -1.0)",0.032967034727334976,0.05921855941414833,0.05921855941414833
"(2, 4)","(1.0, 1.0)",0.006105006206780672,0.05921855941414833,0.05921855941414833
"(3, 10)","(1.0, 1.5)",0.05921855941414833,0.04029304161667824,0.05921855941414833
"(2, 5)","(1.5, 3.0)",0.02380952425301075,0.05921855941414833,0.05921855941414833
"(4, 7)","(2.0, 1.0)",0.0036630036775022745,0.05921855941414833,0.05921855941414833
"(5, 6)","(3.0, 1.0)",0.018925519660115242,0.05982905998826027,0.05982905998826027
"(3, 10)","(2.0, 1.0)",0.053724054247140884,0.05982905998826027,0.05982905998826027
"(0, 7)","(3.0, 1.5)",0.029914529994130135,0.05982905998826027,0.05982905998826027
"(5, 7)","(3.0, 1.0)",0.018315019086003304,0.05982905998826027,0.05982905998826027
"(2, 6)","(1.0, 1.0)",0.0006105006323195994,0.06043956056237221,0.06043956056237221
"(0, 3)","(3.0, 1.5)",0.0036630036775022745,0.06043956056237221,0.06043956056237221
"(2, 7)","(1.0, 1.0)",0.0012210012646391988,0.06043956056237221,0.06043956056237221
"(5, 6)","(2.0, 1.5)",0.009157509543001652,0.06043956056237221,0.06043956056237221
"(4, 8)","(1.5, 1.0)",0.006105006206780672,0.06043956056237221,0.06043956056237221
"(6, 10)","(2.0, 1.0)",0.02442002482712269,0.061050061136484146,0.061050061136484146
"(1, 6)","(-1.0, 1.0)",0.061050061136484146,0.04029304161667824,0.061050061136484146
"(0, 3)","(3.0, 2.0)",0.02380952425301075,0.061050061136484146,0.061050061136484146
"(3, 5)","(1.0, 3.0)",0.03663003817200661,0.061660561710596085,0.061660561710596085
"(5, 8)","(1.0, 1.0)",0.0012210012646391988,0.061660561710596085,0.061660561710596085
"(2, 8)","(1.5, 1.5)",0.06227106228470802,0.011599511839449406,0.06227106228470802
"(2, 4)","(1.0, 3.0)",0.0012210012646391988,0.06227106228470802,0.06227106228470802
"(0, 14)","(3.0, -1.5)",0.05128205195069313,0.06227106228470802,0.06227106228470802
"(5, 14)","(3.0, 1.0)",0.037851039320230484,0.06288156658411026,0.06288156658411026
"(1, 9)","(-1.0, -1.0)",0.06288156658411026,0.040903542190790176,0.06288156658411026
"(0, 3)","(3.0, 1.0)",0.04029304161667824,0.0634920671582222,0.0634920671582222
"(2, 6)","(2.0, 1.0)",0.0634920671582222,0.028693528845906258,0.0634920671582222
"(3, 4)","(1.0, 2.0)",0.004273504484444857,0.0634920671582222,0.0634920671582222
"(5, 9)","(3.0, -1.0)",0.016483517363667488,0.0634920671582222,0.0634920671582222
"(3, 4)","(1.0, 1.0)",0.0067155067808926105,0.0634920671582222,0.0634920671582222
"(2, 3)","(1.0, 1.5)",0.025030525401234627,0.06410256773233414,0.06410256773233414
"(2, 10)","(2.0, -1.5)",0.06410256773233414,0.04395604506134987,0.06410256773233414
"(0, 10)","(3.0, 1.0)",0.0024420025292783976,0.06410256773233414,0.06410256773233414
"(2, 8)","(1.5, 2.0)",0.06410256773233414,0.01404151413589716,0.06410256773233414
"(5, 10)","(3.0, -1.0)",0.020757021382451057,0.06471306830644608,0.06471306830644608
"(6, 7)","(1.5, 1.5)",0.006105006206780672,0.06532356888055801,0.06532356888055801
"(4, 13)","(1.0, -1.0)",0.004273504484444857,0.06532356888055801,0.06532356888055801
"(2, 6)","(1.0, 1.5)",0.0012210012646391988,0.06532356888055801,0.06532356888055801
"(3, 5)","(2.0, 2.0)",0.03907204046845436,0.06593406945466995,0.06593406945466995
"(3, 14)","(1.0, -1.5)",0.0,0.06593406945466995,0.06593406945466995
"(3, 6)","(2.0, 1.0)",0.017704518511891365,0.06593406945466995,0.06593406945466995
"(3, 10)","(1.5, 1.5)",0.06593406945466995,0.04395604506134987,0.06593406945466995
"(7, 9)","(1.5, -1.0)",0.0018315018387511373,0.06593406945466995,0.06593406945466995
"(5, 14)","(3.0, -1.0)",0.01587301678955555,0.06654457002878189,0.06654457002878189
"(2, 5)","(2.0, 3.0)",0.037240538746118546,0.06654457002878189,0.06654457002878189
"(2, 7)","(2.0, 1.0)",0.06654457002878189,0.029914529994130135,0.06654457002878189
"(0, 9)","(3.0, -1.0)",0.02319902367889881,0.06654457002878189,0.06654457002878189
"(4, 14)","(-1.0, -1.0)",0.06654457002878189,0.006105006206780672,0.06654457002878189
"(4, 14)","(1.0, -1.0)",0.0018315018387511373,0.06715507060289383,0.06715507060289383
"(5, 7)","(3.0, 1.5)",0.016483517363667488,0.06715507060289383,0.06715507060289383
"(5, 9)","(1.5, -1.0)",0.0006105006323195994,0.06715507060289383,0.06715507060289383
"(3, 10)","(2.0, 1.5)",0.057387057691812515,0.06776557117700577,0.06776557117700577
"(3, 7)","(1.0, 1.5)",0.009157509543001652,0.0683760717511177,0.0683760717511177
"(4, 8)","(1.0, 1.0)",0.007326007355004549,0.06898657232522964,0.06898657232522964
"(3, 10)","(1.5, 2.0)",0.06898657232522964,0.05067155137658119,0.06898657232522964
"(4, 7)","(2.0, 1.5)",0.003052503103390336,0.06959707289934158,0.06959707289934158
"(4, 10)","(2.0, 1.0)",0.021978022530674934,0.07081807404756546,0.07081807404756546
"(3, 5)","(1.5, 3.0)",0.037240538746118546,0.0714285746216774,0.0714285746216774
"(8, 10)","(1.0, 2.0)",0.05494505539536476,0.0714285746216774,0.0714285746216774
"(5, 10)","(1.5, -2.0)",0.0714285746216774,0.028693528845906258,0.0714285746216774
"(5, 10)","(3.0, -1.5)",0.030525030568242073,0.0714285746216774,0.0714285746216774
"(2, 8)","(1.0, 2.0)",0.07203907519578934,0.01404151413589716,0.07203907519578934
"(3, 5)","(2.0, 1.5)",0.037851039320230484,0.07203907519578934,0.07203907519578934
"(1, 3)","(-1.0, 2.0)",0.04029304161667824,0.07264957576990128,0.07264957576990128
"(6, 10)","(2.0, 1.5)",0.04700854793190956,0.07448107749223709,0.07448107749223709
"(0, 1)","(2.0, -1.0)",0.04212454333901405,0.07448107749223709,0.07448107749223709
"(0, 7)","(3.0, 2.0)",0.07448107749223709,0.07326007634401321,0.07448107749223709
"(0, 14)","(3.0, 1.5)",0.07448107749223709,0.061050061136484146,0.07448107749223709
"(5, 7)","(1.0, 2.0)",0.017704518511891365,0.07509157806634903,0.07509157806634903
"(3, 10)","(1.0, 2.0)",0.07509157806634903,0.0476190485060215,0.07509157806634903
"(5, 10)","(2.0, 2.0)",0.026251526549458504,0.07509157806634903,0.07509157806634903
"(0, 5)","(3.0, 1.5)",0.0,0.07570207864046097,0.07570207864046097
"(0, 13)","(3.0, -1.0)",0.030525030568242073,0.07570207864046097,0.07570207864046097
"(0, 8)","(3.0, 3.0)",0.0006105006323195994,0.07692307978868484,0.07692307978868484
"(5, 13)","(2.0, -1.0)",0.017094017937779427,0.07692307978868484,0.07692307978868484
"(2, 9)","(1.0, -1.0)",0.0006105006323195994,0.07692307978868484,0.07692307978868484
"(4, 14)","(-1.0, -1.5)",0.025641025975346565,0.07692307978868484,0.07692307978868484
"(4, 8)","(3.0, 1.5)",0.0018315018387511373,0.07753358036279678,0.07753358036279678
"(1, 3)","(-1.0, 1.0)",0.07753358036279678,0.04822954908013344,0.07753358036279678
"(2, 8)","(1.0, 1.5)",0.07753358036279678,0.0683760717511177,0.07753358036279678
"(2, 3)","(2.0, 1.0)",0.07753358036279678,0.05433455482125282,0.07753358036279678
"(5, 8)","(3.0, 1.0)",0.017094017937779427,0.07814408093690872,0.07814408093690872
"(4, 14)","(1.0, 1.0)",0.004884005058556795,0.07814408093690872,0.07814408093690872
"(7, 14)","(1.5, -1.0)",0.0012210012646391988,0.07875458151102066,0.07875458151102066
"(2, 3)","(2.0, 1.5)",0.02747252769768238,0.0793650820851326,0.0793650820851326
"(5, 14)","(3.0, -1.5)",0.013431013561785221,0.07997558265924454,0.07997558265924454
"(6, 14)","(1.5, 1.0)",0.08119658380746841,0.06776557117700577,0.08119658380746841
"(6, 7)","(2.0, 1.0)",0.006105006206780672,0.08180708438158035,0.08180708438158035
"(5, 10)","(3.0, 1.0)",0.009157509543001652,0.08180708438158035,0.08180708438158035
"(2, 4)","(2.0, 3.0)",0.004884005058556795,0.08241758495569229,0.08241758495569229
"(0, 10)","(3.0, 1.5)",0.004273504484444857,0.08302808552980423,0.08302808552980423
"(9, 10)","(-1.0, -1.5)",0.06410256773233414,0.08363858610391617,0.08363858610391617
"(3, 6)","(1.5, 2.0)",0.008547008968889713,0.0842490866780281,0.0842490866780281
"(0, 5)","(3.0, 2.0)",0.0,0.08485958725214005,0.08485958725214005
"(5, 7)","(1.5, -1.0)",0.008547008968889713,0.08485958725214005,0.08485958725214005
"(10, 13)","(1.0, -1.5)",0.0476190485060215,0.08547008782625198,0.08547008782625198
"(5, 8)","(1.5, 3.0)",0.007326007355004549,0.08547008782625198,0.08547008782625198
"(5, 6)","(3.0, 1.5)",0.01587301678955555,0.08608058840036392,0.08608058840036392
"(0, 14)","(3.0, -2.0)",0.08669108897447586,0.08058608323335648,0.08669108897447586
"(1, 7)","(-1.0, 1.0)",0.0873015895485878,0.04029304161667824,0.0873015895485878
"(1, 10)","(-1.0, 1.0)",0.0873015895485878,0.040903542190790176,0.0873015895485878
"(5, 6)","(1.5, 1.5)",0.003052503103390336,0.08852259069681168,0.08852259069681168
"(2, 7)","(1.5, 1.0)",0.017094017937779427,0.08852259069681168,0.08852259069681168
"(0, 4)","(1.5, 2.0)",0.020757021382451057,0.08974359184503555,0.08974359184503555
"(0, 4)","(1.0, 2.0)",0.06654457002878189,0.08974359184503555,0.08974359184503555
"(5, 13)","(3.0, -1.0)",0.015262515284121037,0.08974359184503555,0.08974359184503555
"(3, 4)","(1.0, 3.0)",0.006105006206780672,0.09035409241914749,0.09035409241914749
"(5, 10)","(3.0, 1.5)",0.009157509543001652,0.09035409241914749,0.09035409241914749
"(5, 14)","(1.0, -1.5)",0.0006105006323195994,0.09035409241914749,0.09035409241914749
"(4, 8)","(3.0, 1.0)",0.003052503103390336,0.09096459299325943,0.09096459299325943
"(5, 7)","(2.0, -1.0)",0.006105006206780672,0.09157509356737137,0.09157509356737137
"(3, 7)","(2.0, 1.0)",0.017704518511891365,0.09157509356737137,0.09157509356737137
"(4, 6)","(1.5, 1.0)",0.0036630036775022745,0.09157509356737137,0.09157509356737137
"(5, 14)","(3.0, 1.5)",0.09157509356737137,0.0683760717511177,0.09157509356737137
"(3, 10)","(2.0, -1.0)",0.009157509543001652,0.09279609471559525,0.09279609471559525
"(1, 7)","(-1.0, -1.0)",0.0634920671582222,0.09279609471559525,0.09279609471559525
"(3, 5)","(2.0, 3.0)",0.037851039320230484,0.09340659528970718,0.09340659528970718
"(4, 14)","(3.0, 1.0)",0.004884005058556795,0.09340659528970718,0.09340659528970718
"(3, 6)","(1.0, 2.0)",0.0067155067808926105,0.09401709586381912,0.09401709586381912
"(5, 7)","(3.0, 2.0)",0.007326007355004549,0.09401709586381912,0.09401709586381912
"(5, 10)","(3.0, -2.0)",0.06288156658411026,0.09462759643793106,0.09462759643793106
"(2, 3)","(2.0, 2.0)",0.0683760717511177,0.09462759643793106,0.09462759643793106
"(6, 13)","(1.0, -1.5)",0.0067155067808926105,0.09462759643793106,0.09462759643793106
"(3, 8)","(1.5, 2.0)",0.0396825410425663,0.095238097012043,0.095238097012043
"(4, 14)","(2.0, -1.0)",0.0018315018387511373,0.09645909816026688,0.09645909816026688
"(0, 4)","(2.0, 1.5)",0.020757021382451057,0.09645909816026688,0.09645909816026688
"(2, 3)","(1.0, 1.0)",0.007936508394777775,0.09706959873437881,0.09706959873437881
"(8, 10)","(2.0, 1.5)",0.04273504391312599,0.09768009930849075,0.09768009930849075
"(8, 14)","(2.0, -1.0)",0.003052503103390336,0.09829059988260269,0.09829059988260269
"(13, 14)","(-1.0, -1.5)",0.005494505632668734,0.09829059988260269,0.09829059988260269
"(4, 14)","(3.0, 1.5)",0.0067155067808926105,0.09890110045671463,0.09890110045671463
"(0, 8)","(2.0, 2.0)",0.06776557117700577,0.10012210160493851,0.10012210160493851
"(5, 10)","(3.0, 2.0)",0.00976801011711359,0.10073260217905045,0.10073260217905045
"(0, 4)","(2.0, 2.0)",0.022588523104786873,0.10073260217905045,0.10073260217905045
"(4, 6)","(3.0, 1.0)",0.0024420025292783976,0.10134310275316238,0.10134310275316238
"(2, 14)","(2.0, -1.5)",0.0006105006323195994,0.10134310275316238,0.10134310275316238
"(0, 4)","(1.0, 3.0)",0.025641025975346565,0.10195360332727432,0.10195360332727432
"(7, 13)","(1.5, -1.0)",0.006105006206780672,0.1031746044754982,0.1031746044754982
"(5, 13)","(1.5, -1.0)",0.003052503103390336,0.10378510504961014,0.10378510504961014
"(0, 14)","(3.0, 2.0)",0.10561660677194595,0.07203907519578934,0.10561660677194595
"(2, 10)","(2.0, 1.5)",0.06227106228470802,0.10622710734605789,0.10622710734605789
"(1, 2)","(-1.5, 1.5)",0.041514042764902115,0.10744810849428177,0.10744810849428177
"(0, 9)","(-1.0, -1.0)",0.10744810849428177,0.09706959873437881,0.10744810849428177
"(3, 10)","(2.0, 2.0)",0.06654457002878189,0.10744810849428177,0.10744810849428177
"(1, 14)","(-1.0, -1.0)",0.10866910964250565,0.040903542190790176,0.10866910964250565
"(1, 5)","(-1.5, 2.0)",0.0018315018387511373,0.10866910964250565,0.10866910964250565
"(5, 7)","(1.0, 1.5)",0.003052503103390336,0.10866910964250565,0.10866910964250565
"(0, 4)","(2.0, 1.0)",0.033577535301446915,0.10927961021661758,0.10927961021661758
"(4, 10)","(2.0, -1.0)",0.003052503103390336,0.10927961021661758,0.10927961021661758
"(5, 8)","(1.0, 3.0)",0.030525030568242073,0.10989011079072952,0.10989011079072952
"(1, 7)","(-1.5, 1.5)",0.045177046209573746,0.11050061136484146,0.11050061136484146
"(3, 13)","(1.0, -1.5)",0.012210012413561344,0.11050061136484146,0.11050061136484146
"(1, 8)","(-1.5, 1.5)",0.04212454333901405,0.11050061136484146,0.11050061136484146
"(0, 6)","(3.0, 1.5)",0.016483517363667488,0.11050061136484146,0.11050061136484146
"(0, 4)","(1.5, 1.5)",0.03418803587555885,0.1111111119389534,0.1111111119389534
"(1, 10)","(-1.5, 1.0)",0.04395604506134987,0.1111111119389534,0.1111111119389534
"(4, 10)","(3.0, 1.0)",0.02014652080833912,0.1111111119389534,0.1111111119389534
"(1, 7)","(-1.5, 1.0)",0.04395604506134987,0.1111111119389534,0.1111111119389534
"(3, 6)","(2.0, 1.5)",0.017704518511891365,0.1111111119389534,0.1111111119389534
"(1, 6)","(-1.5, 1.0)",0.04334554448723793,0.1111111119389534,0.1111111119389534
"(1, 8)","(-1.5, 1.0)",0.04273504391312599,0.1111111119389534,0.1111111119389534
"(4, 7)","(3.0, 1.0)",0.0024420025292783976,0.11172161251306534,0.11172161251306534
"(7, 10)","(1.0, -1.5)",0.11172161251306534,0.041514042764902115,0.11172161251306534
"(3, 9)","(2.0, -1.0)",0.0024420025292783976,0.11172161251306534,0.11172161251306534
"(1, 14)","(-1.5, -1.0)",0.06593406945466995,0.11233211308717728,0.11233211308717728
"(1, 13)","(-1.0, 1.0)",0.08119658380746841,0.11233211308717728,0.11233211308717728
"(4, 7)","(1.5, 1.5)",0.004884005058556795,0.11294261366128922,0.11294261366128922
"(1, 3)","(-1.5, 1.5)",0.04212454333901405,0.11294261366128922,0.11294261366128922
"(0, 10)","(3.0, 2.0)",0.009157509543001652,0.11355311423540115,0.11355311423540115
"(4, 5)","(3.0, 3.0)",0.0006105006323195994,0.11355311423540115,0.11355311423540115
"(10, 13)","(1.0, 1.0)",0.005494505632668734,0.11416361480951309,0.11416361480951309
"(4, 14)","(3.0, 2.0)",0.007936508394777775,0.11416361480951309,0.11416361480951309
"(3, 14)","(2.0, -1.0)",0.0018315018387511373,0.11477411538362503,0.11477411538362503
"(1, 6)","(-1.5, 1.5)",0.04029304161667824,0.11538461595773697,0.11538461595773697
"(1, 2)","(-1.5, 1.0)",0.04212454333901405,0.11599511653184891,0.11599511653184891
"(1, 5)","(-1.5, 1.5)",0.004273504484444857,0.11599511653184891,0.11599511653184891
"(2, 8)","(2.0, 1.0)",0.03418803587555885,0.11599511653184891,0.11599511653184891
"(6, 10)","(2.0, -1.0)",0.008547008968889713,0.11660561710596085,0.11660561710596085
"(1, 3)","(-1.5, 1.0)",0.05982905998826027,0.11660561710596085,0.11660561710596085
"(5, 8)","(2.0, 3.0)",0.0067155067808926105,0.11721611768007278,0.11721611768007278
"(3, 13)","(2.0, -1.0)",0.021367521956562996,0.11721611768007278,0.11721611768007278
"(1, 10)","(-1.5, 1.5)",0.049450550228357315,0.11721611768007278,0.11721611768007278
"(10, 14)","(1.0, 1.0)",0.11782661825418472,0.008547008968889713,0.11782661825418472
"(1, 2)","(-1.5, 2.0)",0.04212454333901405,0.11843711882829666,0.11843711882829666
"(0, 4)","(1.0, 1.5)",0.11843711882829666,0.11843711882829666,0.11843711882829666
"(3, 5)","(2.0, 1.0)",0.032967034727334976,0.11843711882829666,0.11843711882829666
"(1, 10)","(-1.5, -1.0)",0.09768009930849075,0.1190476194024086,0.1190476194024086
"(2, 3)","(1.5, 1.0)",0.1190476194024086,0.10195360332727432,0.1190476194024086
"(4, 10)","(1.0, 2.0)",0.050061050802469254,0.1190476194024086,0.1190476194024086
"(1, 10)","(-1.0, 1.5)",0.11965811997652054,0.04273504391312599,0.11965811997652054
"(7, 14)","(1.0, 1.0)",0.11965811997652054,0.06471306830644608,0.11965811997652054
"(6, 10)","(1.0, -1.5)",0.12026862055063248,0.02319902367889881,0.12026862055063248
"(6, 14)","(2.0, -1.0)",0.012820512987673283,0.12087912112474442,0.12087912112474442
"(1, 8)","(-1.5, 2.0)",0.04212454333901405,0.12087912112474442,0.12087912112474442
"(2, 7)","(1.5, 1.5)",0.0006105006323195994,0.12087912112474442,0.12087912112474442
"(3, 8)","(2.0, 1.5)",0.01953602023422718,0.12087912112474442,0.12087912112474442
"(1, 14)","(-1.5, -1.5)",0.09279609471559525,0.12148962169885635,0.12148962169885635
"(3, 8)","(2.0, 1.0)",0.021367521956562996,0.12148962169885635,0.12148962169885635
"(7, 13)","(1.0, -1.5)",0.006105006206780672,0.12148962169885635,0.12148962169885635
"(5, 14)","(2.0, 1.0)",0.12210012227296829,0.020757021382451057,0.12210012227296829
"(10, 13)","(1.5, -1.5)",0.05494505539536476,0.12271062284708023,0.12271062284708023
"(1, 10)","(-1.5, 2.0)",0.07081807404756546,0.12271062284708023,0.12271062284708023
"(9, 14)","(-1.0, 1.0)",0.12271062284708023,0.06776557117700577,0.12271062284708023
"(1, 4)","(-1.5, 1.0)",0.045177046209573746,0.12271062284708023,0.12271062284708023
"(2, 14)","(1.0, -1.0)",0.0036630036775022745,0.12393162399530411,0.12393162399530411
"(3, 13)","(1.5, -1.5)",0.00976801011711359,0.12454212456941605,0.12454212456941605
"(2, 9)","(2.0, -1.0)",0.07814408093690872,0.12576313316822052,0.12576313316822052
"(1, 5)","(-1.5, 3.0)",0.0006105006323195994,0.1269841343164444,0.1269841343164444
"(1, 4)","(-1.5, 1.5)",0.041514042764902115,0.1269841343164444,0.1269841343164444
"(6, 14)","(1.0, 1.0)",0.12759463489055634,0.032967034727334976,0.12759463489055634
"(1, 5)","(-1.5, 1.0)",0.03540903702378273,0.12759463489055634,0.12759463489055634
"(2, 3)","(1.5, 2.0)",0.017704518511891365,0.12820513546466827,0.12820513546466827
"(1, 4)","(-1.5, 3.0)",0.04029304161667824,0.1288156360387802,0.1288156360387802
"(6, 8)","(2.0, 1.0)",0.017094017937779427,0.1288156360387802,0.1288156360387802
"(3, 4)","(2.0, 1.0)",0.010989011265337467,0.1288156360387802,0.1288156360387802
"(2, 6)","(2.0, 1.5)",0.07875458151102066,0.12942613661289215,0.12942613661289215
"(2, 5)","(3.0, 2.0)",0.05616605654358864,0.12942613661289215,0.12942613661289215
"(4, 14)","(1.0, 2.0)",0.1300366371870041,0.021978022530674934,0.1300366371870041
"(0, 6)","(-1.0, 1.0)",0.12332112342119217,0.13064713776111603,0.13064713776111603
"(1, 4)","(-1.5, 2.0)",0.040903542190790176,0.13125763833522797,0.13125763833522797
"(4, 7)","(1.5, 2.0)",0.010378510691225529,0.13125763833522797,0.13125763833522797
"(0, 7)","(-1.0, 1.0)",0.12332112342119217,0.1318681389093399,0.1318681389093399
"(1, 7)","(-1.5, 2.0)",0.04273504391312599,0.1318681389093399,0.1318681389093399
"(0, 6)","(-1.0, 1.5)",0.11233211308717728,0.13308914005756378,0.13308914005756378
"(1, 13)","(-1.5, -1.0)",0.045177046209573746,0.13369964063167572,0.13369964063167572
"(6, 13)","(1.0, 1.0)",0.004273504484444857,0.1349206417798996,0.1349206417798996
"(0, 11)","(3.0, -1.0)",0.1349206417798996,0.07020757347345352,0.1349206417798996
"(4, 14)","(2.0, 3.0)",0.13614164292812347,0.13247863948345184,0.13614164292812347
"(2, 5)","(3.0, 1.5)",0.05494505539536476,0.13736264407634735,0.13736264407634735
"(7, 8)","(2.0, 2.0)",0.0006105006323195994,0.1379731446504593,0.1379731446504593
"(4, 10)","(2.0, 1.5)",0.0317460335791111,0.1379731446504593,0.1379731446504593
"(0, 3)","(-1.0, 1.5)",0.045177046209573746,0.13858364522457123,0.13858364522457123
"(2, 13)","(2.0, -1.0)",0.1398046463727951,0.08302808552980423,0.1398046463727951
"(1, 9)","(-1.5, -1.0)",0.045177046209573746,0.14041514694690704,0.14041514694690704
"(0, 10)","(-1.0, -1.0)",0.13614164292812347,0.14102564752101898,0.14102564752101898
"(10, 14)","(2.0, -1.5)",0.029914529994130135,0.14224664866924286,0.14224664866924286
"(5, 14)","(3.0, -2.0)",0.008547008968889713,0.14346764981746674,0.14346764981746674
"(6, 10)","(2.0, 2.0)",0.053113553673028946,0.14346764981746674,0.14346764981746674
"(10, 14)","(-1.0, -1.5)",0.06410256773233414,0.14407815039157867,0.14407815039157867
"(2, 4)","(3.0, 1.0)",0.007326007355004549,0.1446886509656906,0.1446886509656906
"(4, 7)","(2.0, 2.0)",0.008547008968889713,0.1446886509656906,0.1446886509656906
"(3, 14)","(1.5, 1.0)",0.1446886509656906,0.040903542190790176,0.1446886509656906
"(5, 14)","(3.0, 2.0)",0.14529915153980255,0.0763125792145729,0.14529915153980255
"(6, 13)","(1.5, -1.5)",0.015262515284121037,0.1477411538362503,0.1477411538362503
"(0, 14)","(-1.0, -1.0)",0.10622710734605789,0.1477411538362503,0.1477411538362503
"(2, 10)","(1.5, 1.0)",0.1477411538362503,0.08608058840036392,0.1477411538362503
"(3, 13)","(1.0, 1.0)",0.014652014710009098,0.1477411538362503,0.1477411538362503
"(0, 10)","(-1.0, 1.0)",0.1031746044754982,0.14835165441036224,0.14835165441036224
"(5, 7)","(3.0, -1.0)",0.015262515284121037,0.14896215498447418,0.14896215498447418
"(1, 7)","(-1.0, 2.0)",0.14896215498447418,0.0396825410425663,0.14896215498447418
"(5, 6)","(1.0, 2.0)",0.0024420025292783976,0.14957265555858612,0.14957265555858612
"(13, 14)","(-1.0, 1.0)",0.15018315613269806,0.08791209012269974,0.15018315613269806
"(5, 14)","(1.0, -2.0)",0.0018315018387511373,0.15201465785503387,0.15201465785503387
"(2, 14)","(1.5, -1.0)",0.0006105006323195994,0.15201465785503387,0.15201465785503387
"(2, 5)","(3.0, 1.0)",0.0317460335791111,0.15323565900325775,0.15323565900325775
"(1, 5)","(-2.0, 2.0)",0.0012210012646391988,0.1538461595773697,0.1538461595773697
"(1, 5)","(-2.0, 1.5)",0.009157509543001652,0.1538461595773697,0.1538461595773697
"(1, 13)","(-1.0, -1.0)",0.1538461595773697,0.0396825410425663,0.1538461595773697
"(1, 14)","(-1.5, -2.0)",0.11721611768007278,0.15506716072559357,0.15506716072559357
"(0, 10)","(-1.0, 1.5)",0.1031746044754982,0.15506716072559357,0.15506716072559357
"(1, 5)","(-2.0, 1.0)",0.05433455482125282,0.1556776612997055,0.1556776612997055
"(5, 7)","(1.0, -1.0)",0.032967034727334976,0.15628816187381744,0.15628816187381744
"(3, 13)","(1.5, 1.0)",0.013431013561785221,0.15689866244792938,0.15689866244792938
"(4, 10)","(1.0, -1.0)",0.0067155067808926105,0.15750916302204132,0.15750916302204132
"(5, 7)","(-1.0, 1.0)",0.15811966359615326,0.15750916302204132,0.15811966359615326
"(8, 14)","(2.0, -1.5)",0.0018315018387511373,0.15934066474437714,0.15934066474437714
"(5, 6)","(-1.0, 1.0)",0.15995116531848907,0.14896215498447418,0.15995116531848907
"(1, 2)","(-2.0, 1.5)",0.040903542190790176,0.15995116531848907,0.15995116531848907
"(0, 5)","(1.5, 1.5)",0.1617826670408249,0.1556776612997055,0.1617826670408249
"(0, 5)","(-1.0, 3.0)",0.08180708438158035,0.16239316761493683,0.16239316761493683
"(0, 13)","(-1.0, -1.0)",0.11477411538362503,0.16239316761493683,0.16239316761493683
"(8, 13)","(2.0, -1.0)",0.025641025975346565,0.16239316761493683,0.16239316761493683
"(1, 3)","(-1.5, 2.0)",0.04334554448723793,0.16239316761493683,0.16239316761493683
"(0, 5)","(-1.0, 1.0)",0.11721611768007278,0.16239316761493683,0.16239316761493683
"(0, 5)","(2.0, 1.5)",0.07570207864046097,0.16239316761493683,0.16239316761493683
"(2, 7)","(2.0, 1.5)",0.16300366818904877,0.0555555559694767,0.16300366818904877
"(2, 5)","(3.0, 3.0)",0.0763125792145729,0.16300366818904877,0.16300366818904877
"(0, 5)","(-1.0, 2.0)",0.08241758495569229,0.16300366818904877,0.16300366818904877
"(1, 8)","(-2.0, 1.0)",0.04395604506134987,0.16300366818904877,0.16300366818904877
"(1, 14)","(-1.0, -1.5)",0.1636141687631607,0.04212454333901405,0.1636141687631607
"(1, 2)","(-2.0, 1.0)",0.04334554448723793,0.16483516991138458,0.16483516991138458
"(1, 10)","(-2.0, 1.0)",0.04395604506134987,0.16483516991138458,0.16483516991138458
"(1, 2)","(-2.0, 2.0)",0.041514042764902115,0.16605617105960846,0.16605617105960846
"(1, 4)","(-2.0, 1.0)",0.050061050802469254,0.1666666716337204,0.1666666716337204
"(0, 4)","(2.0, 3.0)",0.020757021382451057,0.1666666716337204,0.1666666716337204
"(1, 6)","(-2.0, 1.0)",0.05433455482125282,0.1684981733560562,0.1684981733560562
"(2, 4)","(3.0, 1.5)",0.005494505632668734,0.16910867393016815,0.16910867393016815
"(1, 7)","(-2.0, 1.0)",0.05677655711770058,0.16910867393016815,0.16910867393016815
"(1, 8)","(-2.0, 1.5)",0.04273504391312599,0.1697191745042801,0.1697191745042801
"(3, 4)","(1.5, 2.0)",0.0036630036775022745,0.17032967507839203,0.17032967507839203
"(1, 3)","(-2.0, 1.0)",0.08302808552980423,0.17094017565250397,0.17094017565250397
"(1, 10)","(-1.0, -1.0)",0.1715506762266159,0.04029304161667824,0.1715506762266159
"(0, 1)","(3.0, -1.5)",0.017704518511891365,0.1715506762266159,0.1715506762266159
"(4, 10)","(3.0, 1.5)",0.028693528845906258,0.17216117680072784,0.17216117680072784
"(1, 4)","(-2.0, 1.5)",0.04639804735779762,0.17216117680072784,0.17216117680072784
"(2, 3)","(1.5, 3.0)",0.09035409241914749,0.17338217794895172,0.17338217794895172
"(2, 14)","(1.5, -1.5)",0.0006105006323195994,0.17338217794895172,0.17338217794895172
"(5, 8)","(-1.0, 1.0)",0.17399267852306366,0.17399267852306366,0.17399267852306366
"(0, 1)","(1.5, -1.0)",0.17399267852306366,0.095238097012043,0.17399267852306366
"(0, 10)","(-1.0, 2.0)",0.11782661825418472,0.17582418024539948,0.17582418024539948
"(2, 13)","(1.0, -1.0)",0.0036630036775022745,0.1764346808195114,0.1764346808195114
"(0, 10)","(3.0, -1.0)",0.1764346808195114,0.07387057691812515,0.1764346808195114
"(3, 5)","(1.0, -1.0)",0.10744810849428177,0.17704518139362335,0.17704518139362335
"(1, 4)","(-2.0, 2.0)",0.04273504391312599,0.17704518139362335,0.17704518139362335
"(13, 14)","(-1.5, -1.0)",0.01404151413589716,0.17704518139362335,0.17704518139362335
"(3, 14)","(1.0, 1.0)",0.1776556819677353,0.0683760717511177,0.1776556819677353
"(2, 3)","(1.5, 1.5)",0.018315019086003304,0.17826618254184723,0.17826618254184723
"(1, 14)","(-2.0, 1.0)",0.17887668311595917,0.1697191745042801,0.17887668311595917
"(0, 3)","(-1.0, 1.0)",0.09157509356737137,0.17887668311595917,0.17887668311595917
"(4, 14)","(2.0, -1.5)",0.0012210012646391988,0.1794871836900711,0.1794871836900711
"(0, 3)","(-1.0, 2.0)",0.01404151413589716,0.18009768426418304,0.18009768426418304
"(5, 10)","(1.0, -1.5)",0.05433455482125282,0.18131868541240692,0.18131868541240692
"(6, 13)","(2.0, -1.0)",0.01587301678955555,0.18131868541240692,0.18131868541240692
"(4, 7)","(1.5, 1.0)",0.004273504484444857,0.18192918598651886,0.18192918598651886
"(0, 1)","(-1.0, -1.0)",0.13369964063167572,0.1825396865606308,0.1825396865606308
"(0, 5)","(1.0, 3.0)",0.16300366818904877,0.1825396865606308,0.1825396865606308
"(1, 10)","(-2.0, 1.5)",0.04456654563546181,0.18315018713474274,0.18315018713474274
"(0, 11)","(3.0, -1.5)",0.17338217794895172,0.18315018713474274,0.18315018713474274
"(5, 14)","(1.5, 1.0)",0.18315018713474274,0.017704518511891365,0.18315018713474274
"(1, 10)","(-1.5, -1.5)",0.18376068770885468,0.13858364522457123,0.18376068770885468
"(4, 8)","(3.0, 2.0)",0.0012210012646391988,0.18376068770885468,0.18376068770885468
"(0, 5)","(2.0, 2.0)",0.05250305309891701,0.18498168885707855,0.18498168885707855
"(4, 14)","(3.0, -1.0)",0.0018315018387511373,0.1855921894311905,0.1855921894311905
"(7, 13)","(1.0, 1.0)",0.005494505632668734,0.1855921894311905,0.1855921894311905
"(5, 10)","(1.5, 2.0)",0.025030525401234627,0.18620269000530243,0.18620269000530243
"(1, 7)","(-2.0, 1.5)",0.04700854793190956,0.18620269000530243,0.18620269000530243
"(8, 14)","(1.0, -1.5)",0.005494505632668734,0.18681319057941437,0.18681319057941437
"(6, 9)","(2.0, -1.0)",0.012820512987673283,0.18864469230175018,0.18864469230175018
"(5, 14)","(2.0, 1.5)",0.18864469230175018,0.01953602023422718,0.18864469230175018
"(0, 5)","(1.5, 2.0)",0.18925519287586212,0.14346764981746674,0.18925519287586212
"(0, 5)","(2.0, 1.0)",0.095238097012043,0.19108669459819794,0.19108669459819794
"(5, 13)","(3.0, 1.0)",0.020757021382451057,0.19169719517230988,0.19169719517230988
"(3, 4)","(1.0, 1.5)",0.004273504484444857,0.19169719517230988,0.19169719517230988
"(3, 8)","(2.0, 2.0)",0.02014652080833912,0.1935286968946457,0.1935286968946457
"(0, 8)","(-1.0, 1.0)",0.11294261366128922,0.19413919746875763,0.19413919746875763
"(1, 14)","(-2.0, -1.0)",0.09401709586381912,0.1984127014875412,0.1984127014875412
"(2, 13)","(1.5, -1.0)",0.013431013561785221,0.1984127014875412,0.1984127014875412
"(1, 10)","(-2.0, -1.0)",0.19413919746875763,0.19902320206165314,0.19902320206165314
"(0, 4)","(1.5, 3.0)",0.02747252769768238,0.20024420320987701,0.20024420320987701
"(2, 14)","(2.0, -2.0)",0.0006105006323195994,0.20024420320987701,0.20024420320987701
"(4, 7)","(3.0, 1.5)",0.003052503103390336,0.2014652043581009,0.2014652043581009
"(5, 7)","(2.0, 3.0)",0.021978022530674934,0.2014652043581009,0.2014652043581009
"(0, 14)","(-1.0, -1.5)",0.07509157806634903,0.20390720665454865,0.20390720665454865
"(5, 7)","(1.5, 3.0)",0.04334554448723793,0.20757021009922028,0.20757021009922028
"(1, 3)","(-2.0, 1.5)",0.05250305309891701,0.20818071067333221,0.20818071067333221
"(2, 8)","(1.5, 1.0)",0.0714285746216774,0.20818071067333221,0.20818071067333221
"(1, 8)","(-2.0, 2.0)",0.04212454333901405,0.21001221239566803,0.21001221239566803
"(0, 1)","(-1.0, -1.5)",0.1349206417798996,0.21062271296977997,0.21062271296977997
"(1, 7)","(-1.0, 1.5)",0.2112332135438919,0.04029304161667824,0.2112332135438919
"(5, 13)","(2.0, 1.0)",0.006105006206780672,0.2112332135438919,0.2112332135438919
"(9, 13)","(-1.0, -1.5)",0.01404151413589716,0.2112332135438919,0.2112332135438919
"(4, 10)","(1.5, 1.0)",0.025641025975346565,0.21184371411800385,0.21184371411800385
"(2, 7)","(1.5, 2.0)",0.0067155067808926105,0.21367521584033966,0.21367521584033966
"(0, 14)","(-1.0, 1.0)",0.19719170033931732,0.21489621698856354,0.21489621698856354
"(10, 14)","(-1.0, 1.0)",0.012820512987673283,0.21489621698856354,0.21489621698856354
"(1, 5)","(-2.0, 3.0)",0.0006105006323195994,0.22100122272968292,0.22100122272968292
"(1, 7)","(-1.0, 3.0)",0.05921855941414833,0.22100122272968292,0.22100122272968292
"(1, 2)","(-1.5, 3.0)",0.03663003817200661,0.22100122272968292,0.22100122272968292
"(2, 3)","(3.0, 2.0)",0.16239316761493683,0.22161172330379486,0.22161172330379486
"(2, 4)","(3.0, 2.0)",0.0067155067808926105,0.22283272445201874,0.22283272445201874
"(1, 6)","(-1.0, 2.0)",0.05860805884003639,0.22283272445201874,0.22283272445201874
"(0, 5)","(-1.0, 1.5)",0.08302808552980423,0.22283272445201874,0.22283272445201874
"(0, 1)","(2.0, -1.5)",0.10622710734605789,0.22344322502613068,0.22344322502613068
"(3, 8)","(3.0, 1.0)",0.07570207864046097,0.22344322502613068,0.22344322502613068
"(4, 5)","(1.0, -1.0)",0.22405372560024261,0.20207570493221283,0.22405372560024261
"(0, 4)","(-1.0, 1.0)",0.10989011079072952,0.22466422617435455,0.22466422617435455
"(2, 10)","(3.0, -1.0)",0.045787546783685684,0.22588522732257843,0.22588522732257843
"(7, 8)","(1.5, 1.0)",0.003052503103390336,0.22649572789669037,0.22649572789669037
"(0, 14)","(3.0, 3.0)",0.22771672904491425,0.10500610619783401,0.22771672904491425
"(1, 6)","(-2.0, 1.5)",0.04273504391312599,0.22832722961902618,0.22832722961902618
"(0, 1)","(-1.5, -1.0)",0.1111111119389534,0.230158731341362,0.230158731341362
"(3, 5)","(1.5, -1.0)",0.08791209012269974,0.23076923191547394,0.23076923191547394
"(1, 13)","(-2.0, -1.0)",0.0634920671582222,0.23076923191547394,0.23076923191547394
"(8, 14)","(1.0, 1.0)",0.17887668311595917,0.23137973248958588,0.23137973248958588
"(3, 7)","(2.0, 2.0)",0.025030525401234627,0.23260073363780975,0.23260073363780975
"(3, 4)","(1.5, 1.5)",0.0036630036775022745,0.2332112342119217,0.2332112342119217
"(1, 10)","(-2.0, 2.0)",0.049450550228357315,0.2332112342119217,0.2332112342119217
"(2, 3)","(1.0, 3.0)",0.05677655711770058,0.2332112342119217,0.2332112342119217
"(3, 7)","(2.0, 1.5)",0.018925519660115242,0.2350427359342575,0.2350427359342575
"(1, 14)","(-1.5, 1.0)",0.2350427359342575,0.11050061136484146,0.2350427359342575
"(1, 5)","(1.0, 1.5)",0.09829059988260269,0.23626373708248138,0.23626373708248138
"(1, 5)","(1.0, 2.0)",0.11050061136484146,0.23626373708248138,0.23626373708248138
"(4, 13)","(2.0, -1.0)",0.0018315018387511373,0.23626373708248138,0.23626373708248138
"(5, 14)","(2.0, 2.0)",0.23687423765659332,0.021367521956562996,0.23687423765659332
"(4, 6)","(1.0, 2.0)",0.015262515284121037,0.23748473823070526,0.23748473823070526
"(0, 10)","(-1.5, 1.0)",0.08302808552980423,0.2380952388048172,0.2380952388048172
"(2, 8)","(1.0, 1.0)",0.017704518511891365,0.23870573937892914,0.23870573937892914
"(8, 9)","(2.0, -1.0)",0.02747252769768238,0.23992674052715302,0.23992674052715302
"(2, 14)","(1.5, -2.0)",0.0024420025292783976,0.24053724110126495,0.24053724110126495
"(3, 4)","(1.5, 3.0)",0.003052503103390336,0.2411477416753769,0.2411477416753769
"(5, 13)","(1.0, -1.5)",0.0012210012646391988,0.24236874282360077,0.24236874282360077
"(0, 4)","(1.5, 1.0)",0.07448107749223709,0.24236874282360077,0.24236874282360077
"(1, 10)","(-1.0, 2.0)",0.24236874282360077,0.050061050802469254,0.24236874282360077
"(5, 14)","(-1.0, -1.0)",0.14102564752101898,0.24420024454593658,0.24420024454593658
"(10, 13)","(1.5, 1.0)",0.037240538746118546,0.24420024454593658,0.24420024454593658
"(5, 7)","(1.0, 3.0)",0.06471306830644608,0.2460317462682724,0.2460317462682724
"(1, 9)","(-2.0, -1.0)",0.06410256773233414,0.24664224684238434,0.24664224684238434
"(6, 13)","(1.5, 1.0)",0.0018315018387511373,0.24786324799060822,0.24786324799060822
"(3, 8)","(3.0, 1.5)",0.06654457002878189,0.24969474971294403,0.24969474971294403
"(3, 14)","(2.0, -1.5)",0.003052503103390336,0.2509157657623291,0.2509157657623291
"(5, 13)","(-1.0, -1.0)",0.21184371411800385,0.25152626633644104,0.25152626633644104
"(2, 5)","(-1.0, 2.0)",0.004884005058556795,0.2527472674846649,0.2527472674846649
"(3, 7)","(3.0, 1.0)",0.03663003817200661,0.25335776805877686,0.25335776805877686
"(5, 13)","(1.5, 1.0)",0.0018315018387511373,0.25457876920700073,0.25457876920700073
"(5, 6)","(-1.0, 1.5)",0.16239316761493683,0.25518926978111267,0.25518926978111267
"(5, 9)","(-1.0, -1.0)",0.15079365670681,0.2557997703552246,0.2557997703552246
"(3, 7)","(3.0, 1.5)",0.04456654563546181,0.2570207715034485,0.2570207715034485
"(5, 7)","(2.0, -1.5)",0.00976801011711359,0.2570207715034485,0.2570207715034485
"(1, 14)","(-1.0, -2.0)",0.2576312720775604,0.05433455482125282,0.2576312720775604
"(5, 10)","(-1.0, 1.0)",0.2576312720775604,0.160561665892601,0.2576312720775604
"(0, 5)","(1.0, 2.0)",0.25824177265167236,0.12026862055063248,0.25824177265167236
"(1, 7)","(-1.5, -1.0)",0.08791209012269974,0.25824177265167236,0.25824177265167236
"(0, 2)","(3.0, 2.0)",0.01404151413589716,0.2588522732257843,0.2588522732257843
"(3, 5)","(3.0, 1.0)",0.0396825410425663,0.2588522732257843,0.2588522732257843
"(1, 14)","(-2.0, -1.5)",0.11538461595773697,0.2606837749481201,0.2606837749481201
"(3, 5)","(3.0, 1.5)",0.04456654563546181,0.2606837749481201,0.2606837749481201
"(4, 10)","(1.5, -1.0)",0.003052503103390336,0.261904776096344,0.261904776096344
"(6, 8)","(1.5, 2.0)",0.0012210012646391988,0.26251527667045593,0.26251527667045593
"(2, 3)","(2.0, 3.0)",0.10866910964250565,0.26251527667045593,0.26251527667045593
"(3, 13)","(2.0, 1.0)",0.012820512987673283,0.26312577724456787,0.26312577724456787
"(4, 7)","(1.0, 2.0)",0.010989011265337467,0.26312577724456787,0.26312577724456787
"(4, 10)","(3.0, -1.0)",0.003052503103390336,0.2649572789669037,0.2649572789669037
"(0, 5)","(1.0, 1.5)",0.2649572789669037,0.18131868541240692,0.2649572789669037
"(2, 3)","(1.0, 2.0)",0.015262515284121037,0.2655677795410156,0.2655677795410156
"(0, 6)","(-1.5, 1.0)",0.09584859758615494,0.26617828011512756,0.26617828011512756
"(0, 3)","(-1.5, 1.0)",0.06715507060289383,0.26739928126335144,0.26739928126335144
"(0, 5)","(3.0, 3.0)",0.0,0.2680097818374634,0.2680097818374634
"(5, 14)","(1.5, 1.5)",0.2686202824115753,0.01404151413589716,0.2686202824115753
"(0, 7)","(3.0, 3.0)",0.14652015268802643,0.26923078298568726,0.26923078298568726
"(2, 5)","(1.0, -1.0)",0.16300366818904877,0.27045178413391113,0.27045178413391113
"(5, 7)","(3.0, 3.0)",0.00976801011711359,0.27045178413391113,0.27045178413391113
"(3, 7)","(3.0, 2.0)",0.053113553673028946,0.27106228470802307,0.27106228470802307
"(3, 5)","(3.0, 2.0)",0.05433455482125282,0.271672785282135,0.271672785282135
"(0, 1)","(-1.0, -2.0)",0.07509157806634903,0.2735042870044708,0.2735042870044708
"(2, 5)","(-1.0, 1.5)",0.0024420025292783976,0.27411478757858276,0.27411478757858276
"(6, 14)","(1.0, -2.0)",0.0012210012646391988,0.2765567898750305,0.2765567898750305
"(5, 13)","(3.0, -1.5)",0.007936508394777775,0.2765567898750305,0.2765567898750305
"(1, 13)","(-1.5, -1.5)",0.07387057691812515,0.27899879217147827,0.27899879217147827
"(3, 13)","(3.0, 1.5)",0.06959707289934158,0.2796092927455902,0.2796092927455902
"(0, 4)","(1.0, 1.0)",0.15934066474437714,0.28021979331970215,0.28021979331970215
"(3, 13)","(3.0, 1.0)",0.06532356888055801,0.2808302938938141,0.2808302938938141
"(0, 7)","(-1.0, 1.5)",0.11660561710596085,0.28205129504203796,0.28205129504203796
"(1, 4)","(-2.0, 3.0)",0.0396825410425663,0.2838827967643738,0.2838827967643738
"(5, 10)","(-1.0, 1.5)",0.28510379791259766,0.21245421469211578,0.28510379791259766
"(1, 7)","(-2.0, 2.0)",0.04822954908013344,0.2857142984867096,0.2857142984867096
"(8, 10)","(1.5, -1.0)",0.12942613661289215,0.28632479906082153,0.28632479906082153
"(0, 10)","(-1.5, 1.5)",0.08302808552980423,0.28693529963493347,0.28693529963493347
"(3, 6)","(3.0, 1.0)",0.04029304161667824,0.28693529963493347,0.28693529963493347
"(5, 13)","(2.0, -1.5)",0.025030525401234627,0.28693529963493347,0.28693529963493347
"(0, 2)","(-1.0, 2.0)",0.24053724110126495,0.28815630078315735,0.28815630078315735
"(3, 6)","(2.0, 2.0)",0.01404151413589716,0.2893773019313812,0.2893773019313812
"(3, 13)","(2.0, 1.5)",0.016483517363667488,0.2924298048019409,0.2924298048019409
"(2, 13)","(2.0, 1.0)",0.004273504484444857,0.29426130652427673,0.29426130652427673
"(4, 14)","(1.5, 3.0)",0.29487180709838867,0.10744810849428177,0.29487180709838867
"(6, 14)","(2.0, 1.0)",0.0714285746216774,0.2985348105430603,0.2985348105430603
"(3, 13)","(3.0, 2.0)",0.07448107749223709,0.2985348105430603,0.2985348105430603
"(9, 13)","(-1.0, 1.0)",0.0036630036775022745,0.2985348105430603,0.2985348105430603
"(3, 9)","(1.5, -1.5)",0.0006105006323195994,0.29914531111717224,0.29914531111717224
"(8, 13)","(1.5, 1.0)",0.018315019086003304,0.2997558116912842,0.2997558116912842
"(3, 4)","(3.0, 1.0)",0.050061050802469254,0.2997558116912842,0.2997558116912842
"(4, 5)","(-1.0, 3.0)",0.2997558116912842,0.07326007634401321,0.2997558116912842
"(3, 5)","(3.0, 3.0)",0.04884004965424538,0.3003663122653961,0.3003663122653961
"(5, 7)","(-1.0, 1.5)",0.1855921894311905,0.3034188151359558,0.3034188151359558
"(0, 7)","(-1.5, 1.0)",0.095238097012043,0.3046398162841797,0.3046398162841797
"(3, 10)","(3.0, 1.0)",0.05128205195069313,0.3052503168582916,0.3052503168582916
"(3, 10)","(3.0, -1.0)",0.029304029420018196,0.3064713180065155,0.3064713180065155
"(1, 5)","(1.5, 2.0)",0.13858364522457123,0.3076923191547394,0.3076923191547394
"(8, 14)","(1.5, 1.0)",0.3083028197288513,0.08363858610391617,0.3083028197288513
"(3, 8)","(3.0, 2.0)",0.06410256773233414,0.30891332030296326,0.30891332030296326
"(5, 14)","(1.0, 1.0)",0.30891332030296326,0.016483517363667488,0.30891332030296326
"(5, 14)","(-1.0, -1.5)",0.13919414579868317,0.3095238208770752,0.3095238208770752
"(1, 3)","(1.0, 3.0)",0.10927961021661758,0.3107448220252991,0.3107448220252991
"(1, 10)","(-1.0, -1.5)",0.3125763237476349,0.04212454333901405,0.3125763237476349
"(0, 3)","(-1.5, 1.5)",0.04029304161667824,0.3125763237476349,0.3125763237476349
"(1, 13)","(-1.5, 1.0)",0.053113553673028946,0.3125763237476349,0.3125763237476349
"(0, 9)","(3.0, -1.5)",0.029914529994130135,0.31379732489585876,0.31379732489585876
"(3, 7)","(3.0, 3.0)",0.04884004965424538,0.3162393271923065,0.3162393271923065
"(0, 5)","(1.0, 1.0)",0.21794871985912323,0.31684982776641846,0.31684982776641846
"(2, 8)","(3.0, 1.5)",0.11721611768007278,0.31684982776641846,0.31684982776641846
"(0, 2)","(2.0, 1.0)",0.15445666015148163,0.3186813294887543,0.3186813294887543
"(6, 7)","(2.0, 1.5)",0.012210012413561344,0.3186813294887543,0.3186813294887543
"(2, 14)","(2.0, 1.0)",0.3192918300628662,0.030525030568242073,0.3192918300628662
"(2, 14)","(3.0, 1.0)",0.2924298048019409,0.3192918300628662,0.3192918300628662
"(3, 9)","(1.0, -1.5)",0.007936508394777775,0.3205128312110901,0.3205128312110901
"(1, 2)","(-1.0, 3.0)",0.32173383235931396,0.16544567048549652,0.32173383235931396
"(2, 6)","(3.0, 1.0)",0.020757021382451057,0.32295483350753784,0.32295483350753784
"(13, 14)","(1.0, -1.0)",0.003052503103390336,0.3235653340816498,0.3235653340816498
"(7, 8)","(2.0, 1.5)",0.004273504484444857,0.3235653340816498,0.3235653340816498
"(1, 10)","(-1.5, -2.0)",0.3241758346557617,0.24725274741649628,0.3241758346557617
"(1, 3)","(-2.0, 2.0)",0.04212454333901405,0.3241758346557617,0.3241758346557617
"(0, 1)","(3.0, -2.0)",0.02014652080833912,0.3241758346557617,0.3241758346557617
"(9, 10)","(-1.5, 1.0)",0.0396825410425663,0.3266178369522095,0.3266178369522095
"(3, 13)","(2.0, 2.0)",0.026862027123570442,0.32783883810043335,0.32783883810043335
"(2, 7)","(2.0, 2.0)",0.32783883810043335,0.19658119976520538,0.32783883810043335
"(10, 13)","(-1.5, -1.0)",0.08363858610391617,0.3284493386745453,0.3284493386745453
"(3, 5)","(2.0, -1.0)",0.07326007634401321,0.3284493386745453,0.3284493386745453
"(0, 6)","(-1.5, 1.5)",0.08119658380746841,0.3351648449897766,0.3351648449897766
"(0, 6)","(-1.0, 2.0)",0.10683760792016983,0.3351648449897766,0.3351648449897766
"(3, 6)","(3.0, 1.5)",0.03907204046845436,0.33577534556388855,0.33577534556388855
"(3, 14)","(3.0, 1.0)",0.07509157806634903,0.33577534556388855,0.33577534556388855
"(6, 14)","(2.0, -1.5)",0.013431013561785221,0.3369963467121124,0.3369963467121124
"(0, 10)","(3.0, 3.0)",0.03846153989434242,0.3369963467121124,0.3369963467121124
"(3, 10)","(3.0, -1.5)",0.007326007355004549,0.3369963467121124,0.3369963467121124
"(6, 9)","(1.0, -1.5)",0.0006105006323195994,0.33760684728622437,0.33760684728622437
"(4, 14)","(1.5, -1.0)",0.0018315018387511373,0.3382173478603363,0.3382173478603363
"(5, 13)","(2.0, 1.5)",0.0067155067808926105,0.33882784843444824,0.33882784843444824
"(2, 10)","(1.5, -1.5)",0.3400488495826721,0.07264957576990128,0.3400488495826721
"(7, 9)","(1.0, -1.5)",0.0012210012646391988,0.34065935015678406,0.34065935015678406
"(3, 9)","(3.0, -1.0)",0.02442002482712269,0.34188035130500793,0.34188035130500793
"(5, 14)","(3.0, 3.0)",0.34188035130500793,0.10195360332727432,0.34188035130500793
"(1, 5)","(1.0, 3.0)",0.11050061136484146,0.34371185302734375,0.34371185302734375
"(8, 13)","(1.0, -1.5)",0.021978022530674934,0.34371185302734375,0.34371185302734375
"(4, 10)","(2.0, -1.5)",0.004273504484444857,0.3443223536014557,0.3443223536014557
"(2, 10)","(2.0, -2.0)",0.34554335474967957,0.14163614809513092,0.34554335474967957
"(7, 10)","(1.5, -1.0)",0.003052503103390336,0.3473748564720154,0.3473748564720154
"(1, 10)","(-2.0, -1.5)",0.3479853570461273,0.32600733637809753,0.3479853570461273
"(0, 11)","(3.0, 1.0)",0.012210012413561344,0.3479853570461273,0.3479853570461273
"(7, 8)","(1.5, 1.5)",0.0006105006323195994,0.34859585762023926,0.34859585762023926
"(0, 9)","(3.0, -2.0)",0.05067155137658119,0.34981685876846313,0.34981685876846313
"(4, 5)","(-1.0, 2.0)",0.3504273593425751,0.007936508394777775,0.3504273593425751
"(1, 5)","(1.5, 1.5)",0.1459096521139145,0.351037859916687,0.351037859916687
"(6, 14)","(1.0, 1.5)",0.24847374856472015,0.351037859916687,0.351037859916687
"(4, 9)","(-1.0, -1.0)",0.351037859916687,0.0036630036775022745,0.351037859916687
"(0, 2)","(-1.0, 1.0)",0.12454212456941605,0.3522588610649109,0.3522588610649109
"(2, 3)","(3.0, 1.0)",0.09279609471559525,0.35347986221313477,0.35347986221313477
"(5, 13)","(3.0, 1.5)",0.02319902367889881,0.3540903627872467,0.3540903627872467
"(3, 13)","(3.0, -1.0)",0.045787546783685684,0.3540903627872467,0.3540903627872467
"(4, 14)","(1.5, -1.5)",0.0006105006323195994,0.35470086336135864,0.35470086336135864
"(9, 10)","(-1.5, 1.5)",0.04456654563546181,0.3553113639354706,0.3553113639354706
"(5, 7)","(1.5, -1.5)",0.00976801011711359,0.35775336623191833,0.35775336623191833
"(0, 9)","(-1.5, -1.0)",0.05067155137658119,0.3583638668060303,0.3583638668060303
"(4, 10)","(1.5, 1.5)",0.03479853644967079,0.35958486795425415,0.35958486795425415
"(6, 9)","(1.5, -1.5)",0.010378510691225529,0.3601953685283661,0.3601953685283661
"(0, 1)","(-1.5, -1.5)",0.12637363374233246,0.360805869102478,0.360805869102478
"(0, 5)","(1.5, 1.0)",0.17277167737483978,0.36263737082481384,0.36263737082481384
"(1, 3)","(1.0, 2.0)",0.08669108897447586,0.3638583719730377,0.3638583719730377
"(3, 7)","(2.0, 3.0)",0.0555555559694767,0.3663003742694855,0.3663003742694855
"(2, 7)","(3.0, 1.0)",0.018925519660115242,0.36752137541770935,0.36752137541770935
"(4, 9)","(-1.0, -1.5)",0.3186813294887543,0.3681318759918213,0.3681318759918213
"(4, 14)","(2.0, -2.0)",0.0012210012646391988,0.36935287714004517,0.36935287714004517
"(5, 6)","(3.0, 2.0)",0.010989011265337467,0.36935287714004517,0.36935287714004517
"(8, 14)","(2.0, -2.0)",0.010989011265337467,0.36935287714004517,0.36935287714004517
"(3, 9)","(2.0, -1.5)",0.0,0.371184378862381,0.371184378862381
"(9, 13)","(-1.5, -1.0)",0.013431013561785221,0.37362638115882874,0.37362638115882874
"(0, 13)","(3.0, -1.5)",0.03540903702378273,0.3742368817329407,0.3742368817329407
"(0, 8)","(2.0, 1.5)",0.08974359184503555,0.3760683834552765,0.3760683834552765
"(1, 2)","(-2.0, 3.0)",0.04822954908013344,0.3766788840293884,0.3766788840293884
"(3, 4)","(2.0, -1.0)",0.3766788840293884,0.11172161251306534,0.3766788840293884
"(9, 14)","(-1.5, -1.0)",0.005494505632668734,0.3766788840293884,0.3766788840293884
"(3, 13)","(2.0, -1.5)",0.02442002482712269,0.3766788840293884,0.3766788840293884
"(3, 4)","(3.0, -1.0)",0.2271062284708023,0.37728938460350037,0.37728938460350037
"(8, 13)","(1.5, 1.5)",0.004884005058556795,0.37851038575172424,0.37851038575172424
"(8, 13)","(1.0, 1.5)",0.0036630036775022745,0.37851038575172424,0.37851038575172424
"(4, 10)","(2.0, 2.0)",0.04456654563546181,0.3791208863258362,0.3791208863258362
"(1, 13)","(-1.0, 1.5)",0.05250305309891701,0.3827838897705078,0.3827838897705078
"(4, 5)","(-1.5, 3.0)",0.3827838897705078,0.0873015895485878,0.3827838897705078
"(1, 3)","(1.5, 3.0)",0.12637363374233246,0.38339439034461975,0.38339439034461975
"(2, 6)","(1.5, 1.5)",0.0006105006323195994,0.38339439034461975,0.38339439034461975
"(4, 6)","(2.0, 1.5)",0.0024420025292783976,0.38461539149284363,0.38461539149284363
"(5, 9)","(1.0, -1.5)",0.0006105006323195994,0.38461539149284363,0.38461539149284363
"(5, 13)","(1.5, 1.5)",0.004273504484444857,0.38461539149284363,0.38461539149284363
"(3, 10)","(1.0, -1.5)",0.38461539149284363,0.06776557117700577,0.38461539149284363
"(3, 5)","(1.5, -1.5)",0.38522589206695557,0.33760684728622437,0.38522589206695557
"(3, 14)","(3.0, -1.0)",0.03418803587555885,0.38644689321517944,0.38644689321517944
"(6, 8)","(1.0, 1.5)",0.0012210012646391988,0.38644689321517944,0.38644689321517944
"(4, 14)","(1.0, -1.5)",0.0,0.3870573937892914,0.3870573937892914
"(4, 13)","(3.0, -1.0)",0.0036630036775022745,0.3876678943634033,0.3876678943634033
"(4, 7)","(1.0, 1.5)",0.006105006206780672,0.3876678943634033,0.3876678943634033
"(5, 10)","(-1.0, 2.0)",0.38827839493751526,0.29304030537605286,0.38827839493751526
"(2, 3)","(3.0, 3.0)",0.1477411538362503,0.38949939608573914,0.38949939608573914
"(2, 13)","(2.0, 1.5)",0.0067155067808926105,0.3901098966598511,0.3901098966598511
"(2, 9)","(1.5, -1.0)",0.013431013561785221,0.390720397233963,0.390720397233963
"(5, 13)","(1.0, 1.0)",0.0036630036775022745,0.39133089780807495,0.39133089780807495
"(8, 9)","(1.0, -1.5)",0.011599511839449406,0.39255189895629883,0.39255189895629883
"(4, 14)","(1.5, -2.0)",0.0,0.39255189895629883,0.39255189895629883
"(0, 4)","(3.0, -1.0)",0.39255189895629883,0.05677655711770058,0.39255189895629883
"(4, 10)","(1.5, -1.5)",0.004884005058556795,0.39316239953041077,0.39316239953041077
"(7, 8)","(1.0, 1.5)",0.0018315018387511373,0.3956044018268585,0.3956044018268585
"(3, 13)","(3.0, -1.5)",0.04456654563546181,0.3968254029750824,0.3968254029750824
"(3, 14)","(2.0, 1.0)",0.3968254029750824,0.25641027092933655,0.3968254029750824
"(0, 13)","(3.0, 1.0)",0.003052503103390336,0.39926740527153015,0.39926740527153015
"(8, 13)","(1.0, 1.0)",0.029914529994130135,0.40048840641975403,0.40048840641975403
"(2, 10)","(1.5, 1.5)",0.40109890699386597,0.29426130652427673,0.40109890699386597
"(0, 14)","(-1.5, -1.0)",0.028693528845906258,0.40109890699386597,0.40109890699386597
"(0, 8)","(2.0, 3.0)",0.04029304161667824,0.4017094075679779,0.4017094075679779
"(2, 8)","(3.0, 2.0)",0.24481074512004852,0.4017094075679779,0.4017094075679779
"(4, 13)","(1.5, -1.0)",0.003052503103390336,0.40231990814208984,0.40231990814208984
"(2, 5)","(-1.0, 3.0)",0.009157509543001652,0.4029304087162018,0.4029304087162018
"(3, 14)","(3.0, 1.5)",0.14896215498447418,0.4029304087162018,0.4029304087162018
"(6, 9)","(2.0, -1.5)",0.015262515284121037,0.4035409092903137,0.4035409092903137
"(0, 6)","(1.0, 1.0)",0.4035409092903137,0.3473748564720154,0.4035409092903137
"(3, 4)","(1.5, -1.0)",0.40415140986442566,0.005494505632668734,0.40415140986442566
"(2, 13)","(1.5, 1.0)",0.003052503103390336,0.40415140986442566,0.40415140986442566
"(5, 14)","(1.5, 2.0)",0.40415140986442566,0.011599511839449406,0.40415140986442566
"(4, 14)","(3.0, -1.5)",0.0012210012646391988,0.40415140986442566,0.40415140986442566
"(4, 7)","(-1.0, 1.0)",0.4047619104385376,0.0018315018387511373,0.4047619104385376
"(5, 10)","(1.0, -2.0)",0.27106228470802307,0.4059829115867615,0.4059829115867615
"(3, 13)","(3.0, 3.0)",0.06532356888055801,0.4065934121608734,0.4065934121608734
"(4, 6)","(-1.0, 1.0)",0.4065934121608734,0.0012210012646391988,0.4065934121608734
"(0, 4)","(-1.0, -1.0)",0.4078144133090973,0.16544567048549652,0.4078144133090973
"(1, 5)","(1.0, 1.0)",0.08913309127092361,0.40842491388320923,0.40842491388320923
"(3, 10)","(3.0, 1.5)",0.045787546783685684,0.40842491388320923,0.40842491388320923
"(0, 8)","(1.5, 2.0)",0.11721611768007278,0.40903541445732117,0.40903541445732117
"(9, 10)","(-1.5, 2.0)",0.0555555559694767,0.40903541445732117,0.40903541445732117
"(3, 4)","(1.0, -1.0)",0.4096459150314331,0.037240538746118546,0.4096459150314331
"(5, 13)","(2.0, 2.0)",0.007326007355004549,0.410866916179657,0.410866916179657
"(4, 9)","(2.0, -1.0)",0.0024420025292783976,0.41208791732788086,0.41208791732788086
"(8, 14)","(1.5, -1.0)",0.0006105006323195994,0.41208791732788086,0.41208791732788086
"(8, 14)","(1.5, -1.5)",0.0006105006323195994,0.41208791732788086,0.41208791732788086
"(10, 14)","(-1.0, 1.5)",0.12210012227296829,0.41208791732788086,0.41208791732788086
"(5, 13)","(3.0, 2.0)",0.02442002482712269,0.4139194190502167,0.4139194190502167
"(7, 10)","(1.5, 2.0)",0.057387057691812515,0.4145299196243286,0.4145299196243286
"(9, 10)","(-1.5, -1.0)",0.0024420025292783976,0.41514042019844055,0.41514042019844055
"(8, 10)","(1.5, 1.0)",0.014652014710009098,0.41514042019844055,0.41514042019844055
"(1, 3)","(-1.0, 3.0)",0.02380952425301075,0.4157509207725525,0.4157509207725525
"(3, 8)","(1.5, 1.5)",0.037240538746118546,0.4157509207725525,0.4157509207725525
"(2, 7)","(1.0, 2.0)",0.01404151413589716,0.4157509207725525,0.4157509207725525
"(8, 13)","(1.5, -1.0)",0.010989011265337467,0.4157509207725525,0.4157509207725525
"(5, 14)","(1.0, 1.5)",0.41636142134666443,0.012210012413561344,0.41636142134666443
"(6, 7)","(1.0, 2.0)",0.008547008968889713,0.41636142134666443,0.41636142134666443
"(7, 8)","(2.0, 1.0)",0.01953602023422718,0.41697192192077637,0.41697192192077637
"(7, 10)","(2.0, 1.0)",0.03479853644967079,0.41697192192077637,0.41697192192077637
"(6, 8)","(1.5, 1.5)",0.0006105006323195994,0.4175824224948883,0.4175824224948883
"(8, 10)","(2.0, 2.0)",0.4175824224948883,0.39316239953041077,0.4175824224948883
"(2, 7)","(1.0, 1.5)",0.0036630036775022745,0.4175824224948883,0.4175824224948883
"(4, 10)","(3.0, 2.0)",0.04029304161667824,0.4175824224948883,0.4175824224948883
"(1, 13)","(-1.0, -1.5)",0.4175824224948883,0.10561660677194595,0.4175824224948883
"(8, 14)","(1.5, -2.0)",0.0018315018387511373,0.4175824224948883,0.4175824224948883
"(6, 11)","(1.0, -1.0)",0.06410256773233414,0.41819292306900024,0.41819292306900024
"(10, 14)","(1.0, -2.0)",0.0018315018387511373,0.41819292306900024,0.41819292306900024
"(7, 14)","(1.5, 1.0)",0.1031746044754982,0.4188034236431122,0.4188034236431122
"(4, 6)","(-1.0, 1.5)",0.4188034236431122,0.0036630036775022745,0.4188034236431122
"(2, 14)","(1.0, -1.5)",0.005494505632668734,0.4188034236431122,0.4188034236431122
"(4, 9)","(1.5, -1.0)",0.003052503103390336,0.4194139242172241,0.4194139242172241
"(7, 10)","(2.0, -1.0)",0.00976801011711359,0.4194139242172241,0.4194139242172241
"(4, 6)","(1.5, 1.5)",0.0036630036775022745,0.4194139242172241,0.4194139242172241
"(7, 14)","(2.0, 1.0)",0.1269841343164444,0.4194139242172241,0.4194139242172241
"(7, 14)","(1.5, 1.5)",0.261904776096344,0.4194139242172241,0.4194139242172241
"(8, 9)","(1.5, -1.0)",0.006105006206780672,0.4194139242172241,0.4194139242172241
"(7, 14)","(1.0, 1.5)",0.24542124569416046,0.42002442479133606,0.42002442479133606
"(2, 10)","(1.0, -1.0)",0.07081807404756546,0.42002442479133606,0.42002442479133606
"(2, 14)","(1.0, -2.0)",0.010378510691225529,0.42002442479133606,0.42002442479133606
"(3, 10)","(1.5, -1.5)",0.42002442479133606,0.030525030568242073,0.42002442479133606
"(6, 14)","(1.5, 1.5)",0.21306471526622772,0.42002442479133606,0.42002442479133606
"(4, 5)","(-1.0, 1.5)",0.42002442479133606,0.017704518511891365,0.42002442479133606
"(4, 10)","(-1.0, 1.0)",0.42002442479133606,0.0012210012646391988,0.42002442479133606
"(7, 14)","(2.0, 1.5)",0.2826617956161499,0.420634925365448,0.420634925365448
"(13, 14)","(-1.0, 1.5)",0.27899879217147827,0.420634925365448,0.420634925365448
"(4, 10)","(1.0, -1.5)",0.007936508394777775,0.420634925365448,0.420634925365448
"(9, 14)","(-1.0, 1.5)",0.19963370263576508,0.420634925365448,0.420634925365448
"(7, 14)","(1.5, -1.5)",0.0018315018387511373,0.420634925365448,0.420634925365448
"(4, 14)","(1.0, -2.0)",0.0,0.420634925365448,0.420634925365448
"(10, 14)","(-1.5, 1.0)",0.4065934121608734,0.42124542593955994,0.42124542593955994
"(7, 10)","(1.5, -1.5)",0.06410256773233414,0.42124542593955994,0.42124542593955994
"(8, 10)","(1.5, 1.5)",0.04456654563546181,0.42124542593955994,0.42124542593955994
"(2, 14)","(1.0, 1.0)",0.4218559265136719,0.410866916179657,0.4218559265136719
"(4, 5)","(-2.0, 3.0)",0.4218559265136719,0.160561665892601,0.4218559265136719
"(7, 14)","(1.0, -2.0)",0.0012210012646391988,0.4218559265136719,0.4218559265136719
"(5, 14)","(-1.0, 1.0)",0.4224664270877838,0.2222222238779068,0.4224664270877838
"(3, 13)","(2.0, 3.0)",0.06898657232522964,0.4224664270877838,0.4224664270877838
"(8, 10)","(2.0, -1.0)",0.42307692766189575,0.06898657232522964,0.42307692766189575
"(8, 14)","(1.0, -2.0)",0.008547008968889713,0.42307692766189575,0.42307692766189575
"(10, 14)","(1.5, -2.0)",0.0036630036775022745,0.4236874282360077,0.4236874282360077
"(0, 13)","(3.0, 1.5)",0.0024420025292783976,0.4236874282360077,0.4236874282360077
"(3, 8)","(1.0, 1.5)",0.02014652080833912,0.4236874282360077,0.4236874282360077
"(4, 10)","(1.0, -2.0)",0.045177046209573746,0.42490842938423157,0.42490842938423157
"(7, 10)","(2.0, 1.5)",0.053724054247140884,0.42490842938423157,0.42490842938423157
"(8, 10)","(1.5, 2.0)",0.06227106228470802,0.4267399311065674,0.4267399311065674
"(2, 13)","(2.0, -1.5)",0.23443223536014557,0.4267399311065674,0.4267399311065674
"(2, 10)","(2.0, 2.0)",0.4273504316806793,0.3095238208770752,0.4273504316806793
"(3, 14)","(3.0, -1.5)",0.03601953759789467,0.4273504316806793,0.4273504316806793
"(1, 14)","(-2.0, 1.5)",0.4285714328289032,0.1697191745042801,0.4285714328289032
"(0, 1)","(3.0, 1.5)",0.3528693616390228,0.4285714328289032,0.4285714328289032
"(4, 6)","(-1.0, 2.0)",0.42918193340301514,0.12454212456941605,0.42918193340301514
"(0, 13)","(3.0, -2.0)",0.02808302827179432,0.4297924339771271,0.4297924339771271
"(3, 14)","(1.5, 1.5)",0.42429792881011963,0.4297924339771271,0.4297924339771271
"(4, 13)","(-1.0, -1.0)",0.4297924339771271,0.02442002482712269,0.4297924339771271
"(7, 14)","(2.0, -1.0)",0.011599511839449406,0.430402934551239,0.430402934551239
"(4, 10)","(1.5, -2.0)",0.005494505632668734,0.430402934551239,0.430402934551239
"(2, 10)","(1.0, 2.0)",0.053724054247140884,0.430402934551239,0.430402934551239
"(4, 7)","(-1.0, 1.5)",0.43284493684768677,0.06471306830644608,0.43284493684768677
"(9, 10)","(-2.0, 1.0)",0.04029304161667824,0.4334554374217987,0.4334554374217987
"(4, 10)","(1.5, 2.0)",0.04639804735779762,0.4365079402923584,0.4365079402923584
"(4, 13)","(-1.0, -1.5)",0.4365079402923584,0.14957265555858612,0.4365079402923584
"(0, 1)","(3.0, 1.0)",0.11355311423540115,0.43711844086647034,0.43711844086647034
"(1, 14)","(-2.0, -2.0)",0.12942613661289215,0.4377289414405823,0.4377289414405823
"(10, 14)","(2.0, -2.0)",0.022588523104786873,0.4377289414405823,0.4377289414405823
"(7, 9)","(2.0, -1.0)",0.011599511839449406,0.4383394420146942,0.4383394420146942
"(2, 14)","(1.5, 1.0)",0.4383394420146942,0.01404151413589716,0.4383394420146942
"(0, 13)","(-1.0, -1.5)",0.11477411538362503,0.43894994258880615,0.43894994258880615
"(6, 7)","(1.5, 2.0)",0.014652014710009098,0.43894994258880615,0.43894994258880615
"(5, 13)","(-1.0, -1.5)",0.2747252881526947,0.4395604431629181,0.4395604431629181
"(3, 14)","(1.5, -2.0)",0.0012210012646391988,0.44078144431114197,0.44078144431114197
"(0, 4)","(-1.5, -1.0)",0.19780220091342926,0.4413919448852539,0.4413919448852539
"(4, 6)","(3.0, 1.5)",0.0036630036775022745,0.44200244545936584,0.44200244545936584
"(4, 5)","(-1.0, 1.0)",0.44200244545936584,0.026251526549458504,0.44200244545936584
"(7, 14)","(1.5, -2.0)",0.004884005058556795,0.44200244545936584,0.44200244545936584
"(8, 14)","(2.0, 1.0)",0.4432234466075897,0.017704518511891365,0.4432234466075897
"(5, 13)","(1.5, 2.0)",0.007326007355004549,0.4432234466075897,0.4432234466075897
"(7, 10)","(2.0, -1.5)",0.057997558265924454,0.44383394718170166,0.44383394718170166
"(1, 10)","(-1.0, -2.0)",0.44505494832992554,0.07997558265924454,0.44505494832992554
"(10, 14)","(-1.0, -2.0)",0.4456654489040375,0.43711844086647034,0.4456654489040375
"(7, 14)","(2.0, -1.5)",0.015262515284121037,0.4462759494781494,0.4462759494781494
"(4, 14)","(-1.5, -1.5)",0.42002442479133606,0.44810745120048523,0.44810745120048523
"(7, 10)","(2.0, 2.0)",0.0634920671582222,0.44810745120048523,0.44810745120048523
"(8, 10)","(1.5, -1.5)",0.44871795177459717,0.40231990814208984,0.44871795177459717
"(5, 6)","(-1.0, 2.0)",0.15750916302204132,0.4493284523487091,0.4493284523487091
"(4, 14)","(3.0, 3.0)",0.045787546783685684,0.4493284523487091,0.4493284523487091
"(3, 7)","(1.0, 2.0)",0.01404151413589716,0.44993895292282104,0.44993895292282104
"(4, 10)","(-1.0, 1.5)",0.44993895292282104,0.003052503103390336,0.44993895292282104
"(8, 10)","(2.0, -1.5)",0.44993895292282104,0.3003663122653961,0.44993895292282104
"(4, 8)","(-1.0, 1.0)",0.44993895292282104,0.02808302827179432,0.44993895292282104
"(6, 9)","(1.0, -2.0)",0.007936508394777775,0.450549453496933,0.450549453496933
"(8, 12)","(2.0, 1.0)",0.43406593799591064,0.450549453496933,0.450549453496933
"(2, 10)","(1.0, -1.5)",0.450549453496933,0.4218559265136719,0.450549453496933
"(8, 10)","(1.0, -1.5)",0.4511599540710449,0.4218559265136719,0.4511599540710449
"(2, 7)","(1.5, -1.0)",0.03540903702378273,0.4511599540710449,0.4511599540710449
"(3, 7)","(1.5, 2.0)",0.018925519660115242,0.45177045464515686,0.45177045464515686
"(5, 9)","(-1.0, -1.5)",0.1636141687631607,0.45177045464515686,0.45177045464515686
"(7, 13)","(2.0, -1.0)",0.02319902367889881,0.4523809552192688,0.4523809552192688
"(4, 7)","(-1.0, 2.0)",0.45299145579338074,0.4377289414405823,0.45299145579338074
"(6, 7)","(1.0, -1.0)",0.014652014710009098,0.45299145579338074,0.45299145579338074
"(3, 14)","(1.0, 1.5)",0.2905983030796051,0.4536019563674927,0.4536019563674927
"(2, 7)","(1.0, -1.0)",0.06654457002878189,0.4536019563674927,0.4536019563674927
"(2, 13)","(1.5, -1.5)",0.014652014710009098,0.4542124569416046,0.4542124569416046
"(5, 13)","(1.5, -1.5)",0.005494505632668734,0.4542124569416046,0.4542124569416046
"(4, 10)","(-1.0, 2.0)",0.45482295751571655,0.009157509543001652,0.45482295751571655
"(1, 4)","(-2.0, -1.0)",0.4554334580898285,0.20879121124744415,0.4554334580898285
"(4, 14)","(-1.0, -2.0)",0.07509157806634903,0.45604395866394043,0.45604395866394043
"(6, 14)","(1.5, -2.0)",0.006105006206780672,0.45604395866394043,0.45604395866394043
"(3, 13)","(3.0, -2.0)",0.04273504391312599,0.45604395866394043,0.45604395866394043
"(3, 5)","(1.0, -1.5)",0.45665445923805237,0.31807082891464233,0.45665445923805237
"(4, 10)","(3.0, -1.5)",0.005494505632668734,0.45665445923805237,0.45665445923805237
"(2, 10)","(3.0, 1.0)",0.07264957576990128,0.4572649598121643,0.4572649598121643
"(3, 14)","(1.0, -2.0)",0.0012210012646391988,0.4572649598121643,0.4572649598121643
"(2, 10)","(1.5, 2.0)",0.45787546038627625,0.4255189299583435,0.45787546038627625
"(7, 10)","(-1.0, -1.0)",0.4218559265136719,0.45787546038627625,0.45787546038627625
"(7, 8)","(-1.0, 1.5)",0.09890110045671463,0.4584859609603882,0.4584859609603882
"(3, 10)","(1.5, -2.0)",0.43284493684768677,0.4584859609603882,0.4584859609603882
"(1, 13)","(-1.0, -2.0)",0.4584859609603882,0.44871795177459717,0.4584859609603882
"(10, 14)","(-1.5, 1.5)",0.4590964615345001,0.42124542593955994,0.4590964615345001
"(4, 10)","(2.0, -2.0)",0.005494505632668734,0.4590964615345001,0.4590964615345001
"(4, 9)","(3.0, -1.0)",0.003052503103390336,0.45970696210861206,0.45970696210861206
"(7, 14)","(-1.0, -1.0)",0.007936508394777775,0.460317462682724,0.460317462682724
"(9, 14)","(-1.0, -2.0)",0.003052503103390336,0.460317462682724,0.460317462682724
"(0, 11)","(3.0, -2.0)",0.21489621698856354,0.46275946497917175,0.46275946497917175
"(6, 7)","(1.5, -1.0)",0.005494505632668734,0.46275946497917175,0.46275946497917175
"(1, 2)","(-1.0, -1.0)",0.40231990814208984,0.46275946497917175,0.46275946497917175
"(10, 14)","(-1.5, -1.0)",0.46275946497917175,0.2032967060804367,0.46275946497917175
"(4, 7)","(3.0, 2.0)",0.007936508394777775,0.4652014672756195,0.4652014672756195
"(7, 14)","(-1.0, 1.0)",0.41636142134666443,0.4652014672756195,0.4652014672756195
"(4, 7)","(-1.0, -1.0)",0.4554334580898285,0.4652014672756195,0.4652014672756195
"(6, 8)","(1.0, 3.0)",0.18315018713474274,0.4652014672756195,0.4652014672756195
"(4, 8)","(1.0, 3.0)",0.05067155137658119,0.46581196784973145,0.46581196784973145
"(4, 14)","(-1.5, -1.0)",0.46581196784973145,0.07570207864046097,0.46581196784973145
"(1, 3)","(1.5, 2.0)",0.1318681389093399,0.46581196784973145,0.46581196784973145
"(2, 13)","(1.0, -1.5)",0.014652014710009098,0.46581196784973145,0.46581196784973145
"(2, 6)","(1.0, 2.0)",0.00976801011711359,0.4664224684238434,0.4664224684238434
"(4, 14)","(3.0, -2.0)",0.0012210012646391988,0.4664224684238434,0.4664224684238434
"(2, 13)","(1.5, 1.5)",0.0024420025292783976,0.4664224684238434,0.4664224684238434
"(4, 8)","(1.5, 3.0)",0.0067155067808926105,0.4664224684238434,0.4664224684238434
"(4, 8)","(2.0, 3.0)",0.003052503103390336,0.4664224684238434,0.4664224684238434
"(13, 14)","(-1.0, -2.0)",0.009157509543001652,0.4664224684238434,0.4664224684238434
"(8, 14)","(3.0, 1.0)",0.4493284523487091,0.4664224684238434,0.4664224684238434
"(5, 13)","(1.0, 1.5)",0.007326007355004549,0.4664224684238434,0.4664224684238434
"(1, 10)","(-1.5, 3.0)",0.17277167737483978,0.4670329689979553,0.4670329689979553
"(7, 8)","(1.0, 3.0)",0.18070818483829498,0.4670329689979553,0.4670329689979553
"(4, 10)","(3.0, -2.0)",0.007326007355004549,0.4670329689979553,0.4670329689979553
"(2, 8)","(1.0, 3.0)",0.06898657232522964,0.46764346957206726,0.46764346957206726
"(7, 8)","(-1.0, 1.0)",0.06776557117700577,0.46764346957206726,0.46764346957206726
"(7, 10)","(-1.0, 1.0)",0.029304029420018196,0.4682539701461792,0.4682539701461792
"(1, 14)","(-1.5, 1.5)",0.4682539701461792,0.11416361480951309,0.4682539701461792
"(5, 10)","(1.0, 3.0)",0.46886447072029114,0.46581196784973145,0.46886447072029114
"(4, 7)","(1.0, -1.0)",0.00976801011711359,0.46886447072029114,0.46886447072029114
"(5, 11)","(2.0, -1.0)",0.02319902367889881,0.46886447072029114,0.46886447072029114
"(3, 4)","(2.0, 2.0)",0.004884005058556795,0.46886447072029114,0.46886447072029114
"(0, 4)","(-1.0, -1.5)",0.46886447072029114,0.23260073363780975,0.46886447072029114
"(2, 8)","(1.5, 3.0)",0.06715507060289383,0.4694749712944031,0.4694749712944031
"(1, 5)","(2.0, 1.5)",0.15445666015148163,0.4694749712944031,0.4694749712944031
"(7, 14)","(2.0, -2.0)",0.020757021382451057,0.470085471868515,0.470085471868515
"(0, 9)","(3.0, 1.0)",0.006105006206780672,0.470085471868515,0.470085471868515
"(4, 13)","(1.0, -1.5)",0.016483517363667488,0.47069597244262695,0.47069597244262695
"(4, 14)","(-1.5, -2.0)",0.40842491388320923,0.47069597244262695,0.47069597244262695
"(10, 14)","(-1.5, -1.5)",0.47069597244262695,0.43406593799591064,0.47069597244262695
"(8, 10)","(3.0, 1.0)",0.025030525401234627,0.47069597244262695,0.47069597244262695
"(7, 10)","(1.5, 3.0)",0.160561665892601,0.4713064730167389,0.4713064730167389
"(7, 10)","(1.0, 3.0)",0.470085471868515,0.47191697359085083,0.47191697359085083
"(8, 13)","(1.5, -1.5)",0.014652014710009098,0.47191697359085083,0.47191697359085083
"(2, 4)","(2.0, -1.0)",0.47252747416496277,0.010989011265337467,0.47252747416496277
"(2, 6)","(1.5, 2.0)",0.0012210012646391988,0.47252747416496277,0.47252747416496277
"(8, 14)","(1.5, 1.5)",0.47252747416496277,0.029304029420018196,0.47252747416496277
"(5, 11)","(1.5, -1.0)",0.012210012413561344,0.47252747416496277,0.47252747416496277
"(2, 4)","(3.0, -1.0)",0.4731379747390747,0.34859585762023926,0.4731379747390747
"(6, 8)","(2.0, 1.5)",0.006105006206780672,0.4743589758872986,0.4743589758872986
"(4, 6)","(1.5, 2.0)",0.01404151413589716,0.4743589758872986,0.4743589758872986
"(3, 8)","(1.0, 3.0)",0.3302808403968811,0.4743589758872986,0.4743589758872986
"(4, 13)","(1.5, -1.5)",0.015262515284121037,0.4743589758872986,0.4743589758872986
"(13, 14)","(-1.5, 1.0)",0.1684981733560562,0.4749694764614105,0.4749694764614105
"(7, 9)","(-1.0, -1.0)",0.02442002482712269,0.4749694764614105,0.4749694764614105
"(2, 13)","(1.0, 1.0)",0.025641025975346565,0.47557997703552246,0.47557997703552246
"(0, 7)","(3.0, -1.0)",0.0018315018387511373,0.47557997703552246,0.47557997703552246
"(8, 10)","(3.0, 1.5)",0.3663003742694855,0.47557997703552246,0.47557997703552246
"(1, 5)","(2.0, 2.0)",0.14163614809513092,0.47557997703552246,0.47557997703552246
"(10, 14)","(-2.0, 1.0)",0.4761904776096344,0.42429792881011963,0.4761904776096344
"(4, 5)","(-1.5, 2.0)",0.4761904776096344,0.010989011265337467,0.4761904776096344
"(0, 11)","(2.0, -1.0)",0.25518926978111267,0.4761904776096344,0.4761904776096344
"(0, 5)","(-1.0, -1.0)",0.47680097818374634,0.33577534556388855,0.47680097818374634
"(7, 10)","(1.0, -2.0)",0.4774114787578583,0.42429792881011963,0.4774114787578583
"(4, 10)","(-1.5, 1.0)",0.4774114787578583,0.0036630036775022745,0.4774114787578583
"(2, 14)","(1.0, 1.5)",0.4774114787578583,0.15201465785503387,0.4774114787578583
"(13, 14)","(-1.5, 1.5)",0.3290598392486572,0.4780219793319702,0.4780219793319702
"(3, 5)","(2.0, -1.5)",0.33577534556388855,0.4780219793319702,0.4780219793319702
"(2, 10)","(1.5, -2.0)",0.4780219793319702,0.321123331785202,0.4780219793319702
"(8, 10)","(2.0, -2.0)",0.4780219793319702,0.4316239356994629,0.4780219793319702
"(9, 10)","(-1.0, -2.0)",0.4224664270877838,0.4780219793319702,0.4780219793319702
"(8, 10)","(1.0, -2.0)",0.4780219793319702,0.42307692766189575,0.4780219793319702
"(3, 4)","(2.0, 1.5)",0.0067155067808926105,0.4780219793319702,0.4780219793319702
"(2, 7)","(1.5, 3.0)",0.04822954908013344,0.4780219793319702,0.4780219793319702
"(8, 14)","(1.0, 1.5)",0.47863247990608215,0.420634925365448,0.47863247990608215
"(6, 14)","(2.0, 1.5)",0.19291819632053375,0.47863247990608215,0.47863247990608215
"(6, 10)","(1.0, -2.0)",0.47863247990608215,0.42429792881011963,0.47863247990608215
"(8, 10)","(1.5, -2.0)",0.4792429804801941,0.42429792881011963,0.4792429804801941
"(7, 13)","(1.5, -1.5)",0.021367521956562996,0.47985348105430603,0.47985348105430603
"(4, 10)","(-1.5, 1.5)",0.47985348105430603,0.010989011265337467,0.47985348105430603
"(6, 10)","(1.5, -2.0)",0.48046398162841797,0.45177045464515686,0.48046398162841797
"(4, 13)","(2.0, -1.5)",0.012820512987673283,0.48046398162841797,0.48046398162841797
"(2, 7)","(2.0, -1.0)",0.03479853644967079,0.4810744822025299,0.4810744822025299
"(0, 7)","(1.0, 1.5)",0.44200244545936584,0.48168498277664185,0.48168498277664185
"(5, 13)","(3.0, -2.0)",0.01404151413589716,0.4829059839248657,0.4829059839248657
"(2, 8)","(2.0, 3.0)",0.07264957576990128,0.4829059839248657,0.4829059839248657
"(4, 13)","(1.0, 1.0)",0.007326007355004549,0.4829059839248657,0.4829059839248657
"(10, 14)","(-1.5, -2.0)",0.4829059839248657,0.46398046612739563,0.4829059839248657
"(0, 9)","(3.0, 1.5)",0.00976801011711359,0.48351648449897766,0.48351648449897766
"(6, 10)","(1.5, 3.0)",0.09340659528970718,0.48351648449897766,0.48351648449897766
"(0, 8)","(1.5, 1.5)",0.16605617105960846,0.48351648449897766,0.48351648449897766
"(9, 10)","(-1.0, 3.0)",0.48351648449897766,0.48168498277664185,0.48351648449897766
"(7, 10)","(1.5, -2.0)",0.48351648449897766,0.43406593799591064,0.48351648449897766
"(6, 14)","(2.0, 2.0)",0.4114774167537689,0.4841269850730896,0.4841269850730896
"(2, 14)","(1.5, 1.5)",0.4841269850730896,0.013431013561785221,0.4841269850730896
"(2, 10)","(1.0, -2.0)",0.48473748564720154,0.4255189299583435,0.48473748564720154
"(7, 8)","(3.0, 1.5)",0.037240538746118546,0.48473748564720154,0.48473748564720154
"(7, 13)","(1.5, 1.0)",0.003052503103390336,0.48473748564720154,0.48473748564720154
"(5, 13)","(1.0, 2.0)",0.00976801011711359,0.48473748564720154,0.48473748564720154
"(10, 14)","(3.0, -1.0)",0.05433455482125282,0.48473748564720154,0.48473748564720154
"(10, 13)","(-2.0, -1.0)",0.48473748564720154,0.4743589758872986,0.48473748564720154
"(7, 14)","(-1.0, 1.5)",0.4413919448852539,0.48473748564720154,0.48473748564720154
"(0, 13)","(3.0, 2.0)",0.0018315018387511373,0.4853479862213135,0.4853479862213135
"(4, 13)","(1.5, 1.0)",0.005494505632668734,0.4853479862213135,0.4853479862213135
"(0, 9)","(3.0, 3.0)",0.37545788288116455,0.4859584867954254,0.4859584867954254
"(0, 9)","(2.0, -1.0)",0.1300366371870041,0.4859584867954254,0.4859584867954254
"(0, 2)","(2.0, 1.5)",0.13553114235401154,0.48656898736953735,0.48656898736953735
"(0, 8)","(1.0, 3.0)",0.3479853570461273,0.48656898736953735,0.48656898736953735
"(0, 13)","(-1.5, -1.0)",0.09157509356737137,0.4871794879436493,0.4871794879436493
"(3, 14)","(2.0, 1.5)",0.4871794879436493,0.48656898736953735,0.4871794879436493
"(10, 14)","(-2.0, 1.5)",0.4871794879436493,0.42490842938423157,0.4871794879436493
"(2, 8)","(3.0, 1.0)",0.02319902367889881,0.4871794879436493,0.4871794879436493
"(2, 7)","(1.0, 3.0)",0.05494505539536476,0.48778998851776123,0.48778998851776123
"(6, 7)","(1.0, 3.0)",0.05189255252480507,0.48778998851776123,0.48778998851776123
"(0, 3)","(2.0, 1.0)",0.18009768426418304,0.48778998851776123,0.48778998851776123
"(7, 10)","(-1.0, 1.5)",0.04212454333901405,0.48840048909187317,0.48840048909187317
"(0, 14)","(2.0, -2.0)",0.15750916302204132,0.48840048909187317,0.48840048909187317
"(7, 8)","(-1.0, 2.0)",0.11233211308717728,0.48840048909187317,0.48840048909187317
"(0, 14)","(2.0, -1.5)",0.15201465785503387,0.4890109896659851,0.4890109896659851
"(0, 7)","(1.0, 2.0)",0.44078144431114197,0.4890109896659851,0.4890109896659851
"(4, 6)","(2.0, 2.0)",0.012210012413561344,0.4890109896659851,0.4890109896659851
"(6, 10)","(1.0, 3.0)",0.48962149024009705,0.47069597244262695,0.48962149024009705
"(3, 7)","(1.0, -1.0)",0.028693528845906258,0.48962149024009705,0.48962149024009705
"(10, 14)","(-1.5, 2.0)",0.48962149024009705,0.4157509207725525,0.48962149024009705
"(4, 6)","(-1.5, 2.0)",0.490231990814209,0.32600733637809753,0.490231990814209
"(10, 14)","(-2.0, -1.0)",0.4908424913883209,0.4444444477558136,0.4908424913883209
"(8, 13)","(1.0, 2.0)",0.004884005058556795,0.4908424913883209,0.4908424913883209
"(13, 14)","(1.0, 1.0)",0.4267399311065674,0.4908424913883209,0.4908424913883209
"(4, 7)","(1.0, 3.0)",0.026862027123570442,0.49145299196243286,0.49145299196243286
"(10, 13)","(-1.0, -1.5)",0.008547008968889713,0.49145299196243286,0.49145299196243286
"(1, 14)","(-1.0, 1.0)",0.4920634925365448,0.041514042764902115,0.4920634925365448
"(2, 10)","(1.0, 3.0)",0.4920634925365448,0.47069597244262695,0.4920634925365448
"(4, 7)","(1.5, -1.0)",0.005494505632668734,0.4920634925365448,0.4920634925365448
"(0, 14)","(2.0, -1.0)",0.14102564752101898,0.49267399311065674,0.49267399311065674
"(7, 14)","(3.0, 1.0)",0.17338217794895172,0.49267399311065674,0.49267399311065674
"(0, 9)","(3.0, 2.0)",0.04212454333901405,0.49267399311065674,0.49267399311065674
"(7, 14)","(-1.0, -1.5)",0.017094017937779427,0.4932844936847687,0.4932844936847687
"(4, 14)","(1.0, 3.0)",0.4932844936847687,0.07997558265924454,0.4932844936847687
"(1, 5)","(1.5, 1.0)",0.13858364522457123,0.4938949942588806,0.4938949942588806
"(4, 9)","(-1.5, -1.0)",0.4938949942588806,0.06043956056237221,0.4938949942588806
"(0, 2)","(1.5, 1.0)",0.41819292306900024,0.49450549483299255,0.49450549483299255
"(13, 14)","(1.0, 1.5)",0.46764346957206726,0.4951159954071045,0.4951159954071045
"(7, 10)","(2.0, 3.0)",0.14529915153980255,0.4951159954071045,0.4951159954071045
"(0, 7)","(2.0, 1.0)",0.17216117680072784,0.4951159954071045,0.4951159954071045
"(4, 13)","(2.0, 1.0)",0.004884005058556795,0.4951159954071045,0.4951159954071045
"(0, 6)","(2.0, 1.0)",0.16239316761493683,0.49572649598121643,0.49572649598121643
"(5, 10)","(1.5, 3.0)",0.44383394718170166,0.49572649598121643,0.49572649598121643
"(4, 7)","(2.0, -1.0)",0.0036630036775022745,0.49633699655532837,0.49633699655532837
"(1, 10)","(-1.0, 3.0)",0.49633699655532837,0.13614164292812347,0.49633699655532837
"(7, 13)","(-1.0, -1.0)",0.022588523104786873,0.49633699655532837,0.49633699655532837
"(7, 14)","(-1.0, 2.0)",0.46398046612739563,0.49633699655532837,0.49633699655532837
"(0, 6)","(1.0, 1.5)",0.29609280824661255,0.4969474971294403,0.4969474971294403
"(10, 14)","(-2.0, 2.0)",0.49755799770355225,0.42918193340301514,0.49755799770355225
"(0, 8)","(1.5, 3.0)",0.08852259069681168,0.49755799770355225,0.49755799770355225
"(5, 11)","(1.0, -1.0)",0.01587301678955555,0.4981684982776642,0.4981684982776642
"(0, 2)","(-1.0, 1.5)",0.12515263259410858,0.4987789988517761,0.4987789988517761
"(3, 9)","(1.5, -2.0)",0.0012210012646391988,0.49938949942588806,0.49938949942588806
"(0, 6)","(1.5, 1.0)",0.2460317462682724,0.5,0.5
"(0, 7)","(1.5, 1.5)",0.28021979331970215,0.5,0.5
"(0, 7)","(1.5, 1.0)",0.26129427552223206,0.5,0.5
"(0, 7)","(1.0, 1.0)",0.5,0.49572649598121643,0.5
"(7, 10)","(-1.0, -1.5)",0.44383394718170166,0.5,0.5
"(0, 14)","(1.5, -1.0)",0.18009768426418304,0.5,0.5
"(0, 14)","(2.0, 2.0)",0.4584859609603882,0.5,0.5
"(0, 14)","(1.5, -1.5)",0.17887668311595917,0.5006105303764343,0.5006105303764343
"(0, 13)","(1.5, -1.0)",0.24725274741649628,0.5006105303764343,0.5006105303764343
"(0, 14)","(1.5, -2.0)",0.2490842491388321,0.5012210011482239,0.5012210011482239
"(7, 8)","(3.0, 1.0)",0.05921855941414833,0.5012210011482239,0.5012210011482239
"(0, 3)","(1.5, 1.0)",0.2576312720775604,0.5012210011482239,0.5012210011482239
"(2, 10)","(3.0, -1.5)",0.10805860906839371,0.5012210011482239,0.5012210011482239
"(7, 14)","(3.0, 1.5)",0.30586081743240356,0.5012210011482239,0.5012210011482239
"(4, 7)","(1.5, 3.0)",0.022588523104786873,0.5018315315246582,0.5018315315246582
"(0, 7)","(2.0, 1.5)",0.23199023306369781,0.5018315315246582,0.5018315315246582
"(1, 14)","(-2.0, 2.0)",0.5018315315246582,0.18315018713474274,0.5018315315246582
"(5, 14)","(-1.5, -1.0)",0.5030525326728821,0.33882784843444824,0.5030525326728821
"(5, 6)","(2.0, 2.0)",0.015262515284121037,0.5030525326728821,0.5030525326728821
"(0, 14)","(2.0, 1.0)",0.23992674052715302,0.5030525326728821,0.5030525326728821
"(0, 14)","(2.0, 1.5)",0.26739928126335144,0.5030525326728821,0.5030525326728821
"(4, 10)","(2.0, 3.0)",0.049450550228357315,0.5036630034446716,0.5036630034446716
"(4, 10)","(1.5, 3.0)",0.05128205195069313,0.5036630034446716,0.5036630034446716
"(4, 10)","(1.0, 3.0)",0.05921855941414833,0.5036630034446716,0.5036630034446716
"(0, 10)","(1.5, 1.0)",0.26739928126335144,0.5036630034446716,0.5036630034446716
"(10, 11)","(1.0, -1.0)",0.07203907519578934,0.504273533821106,0.504273533821106
"(7, 10)","(2.0, -2.0)",0.5048840045928955,0.4713064730167389,0.5048840045928955
"(5, 10)","(2.0, 3.0)",0.21245421469211578,0.5054945349693298,0.5054945349693298
"(0, 8)","(1.5, 1.0)",0.21794871985912323,0.5054945349693298,0.5054945349693298
"(6, 9)","(1.5, -2.0)",0.015262515284121037,0.5054945349693298,0.5054945349693298
"(0, 3)","(2.0, 1.5)",0.1874236911535263,0.5054945349693298,0.5054945349693298
"(4, 7)","(3.0, -1.0)",0.0018315018387511373,0.5054945349693298,0.5054945349693298
"(8, 13)","(2.0, 1.0)",0.009157509543001652,0.5054945349693298,0.5054945349693298
"(2, 6)","(2.0, 2.0)",0.0024420025292783976,0.5054945349693298,0.5054945349693298
"(7, 10)","(-1.0, 2.0)",0.11843711882829666,0.5054945349693298,0.5054945349693298
"(0, 6)","(1.5, 1.5)",0.24175824224948883,0.5061050057411194,0.5061050057411194
"(5, 13)","(2.0, 3.0)",0.010378510691225529,0.5061050057411194,0.5061050057411194
"(0, 13)","(2.0, -1.0)",0.2014652043581009,0.5061050057411194,0.5061050057411194
"(0, 9)","(-1.0, -1.5)",0.09340659528970718,0.5061050057411194,0.5061050057411194
"(8, 12)","(2.0, 2.0)",0.37362638115882874,0.5061050057411194,0.5061050057411194
"(4, 7)","(1.0, -1.5)",0.011599511839449406,0.5061050057411194,0.5061050057411194
"(8, 14)","(2.0, 1.5)",0.5067155361175537,0.02014652080833912,0.5067155361175537
"(0, 10)","(3.0, -1.5)",0.5073260068893433,0.11416361480951309,0.5073260068893433
"(5, 6)","(1.5, 2.0)",0.007936508394777775,0.5079365372657776,0.5079365372657776
"(4, 10)","(3.0, 3.0)",0.04639804735779762,0.5079365372657776,0.5079365372657776
"(7, 10)","(3.0, 1.0)",0.0683760717511177,0.5085470080375671,0.5085470080375671
"(4, 7)","(1.5, -1.5)",0.007326007355004549,0.5085470080375671,0.5085470080375671
"(5, 6)","(-1.5, 1.5)",0.5091575384140015,0.331501841545105,0.5091575384140015
"(3, 10)","(2.0, -1.5)",0.1843711882829666,0.5091575384140015,0.5091575384140015
"(5, 13)","(3.0, 3.0)",0.025641025975346565,0.509768009185791,0.509768009185791
"(0, 5)","(-1.0, -1.5)",0.509768009185791,0.47680097818374634,0.509768009185791
"(7, 8)","(-1.5, 1.5)",0.09706959873437881,0.509768009185791,0.509768009185791
"(0, 8)","(-1.0, 2.0)",0.12515263259410858,0.509768009185791,0.509768009185791
"(3, 7)","(1.0, 3.0)",0.05494505539536476,0.509768009185791,0.509768009185791
"(4, 7)","(2.0, -1.5)",0.004273504484444857,0.5103785395622253,0.5103785395622253
"(6, 7)","(1.0, -1.5)",0.03479853644967079,0.5103785395622253,0.5103785395622253
"(7, 10)","(-1.5, 1.0)",0.025641025975346565,0.5103785395622253,0.5103785395622253
"(4, 8)","(-1.0, 1.5)",0.5109890103340149,0.3840048909187317,0.5109890103340149
"(7, 9)","(1.0, -2.0)",0.007936508394777775,0.5109890103340149,0.5109890103340149
"(7, 14)","(3.0, 2.0)",0.46886447072029114,0.5109890103340149,0.5109890103340149
"(10, 14)","(-2.0, -1.5)",0.5109890103340149,0.4694749712944031,0.5109890103340149
"(1, 8)","(-1.0, 3.0)",0.03418803587555885,0.5115995407104492,0.5115995407104492
"(7, 14)","(-1.5, 1.0)",0.4236874282360077,0.5115995407104492,0.5115995407104492
"(10, 14)","(3.0, -1.5)",0.04456654563546181,0.5115995407104492,0.5115995407104492
"(7, 8)","(-1.5, 1.0)",0.08241758495569229,0.5122100114822388,0.5122100114822388
"(5, 7)","(-1.5, 1.0)",0.5122100114822388,0.30708181858062744,0.5122100114822388
"(5, 6)","(-1.5, 1.0)",0.5122100114822388,0.28327229619026184,0.5122100114822388
"(2, 7)","(1.0, -1.5)",0.06715507060289383,0.5128205418586731,0.5128205418586731
"(4, 8)","(1.5, -1.0)",0.05433455482125282,0.5134310126304626,0.5134310126304626
"(4, 8)","(1.0, -1.0)",0.05677655711770058,0.5134310126304626,0.5134310126304626
"(2, 7)","(2.0, 3.0)",0.09645909816026688,0.5134310126304626,0.5134310126304626
"(1, 14)","(-1.0, 1.5)",0.514041543006897,0.04273504391312599,0.514041543006897
"(0, 14)","(1.0, -1.5)",0.1477411538362503,0.514041543006897,0.514041543006897
"(9, 14)","(-1.0, 2.0)",0.5146520137786865,0.4224664270877838,0.5146520137786865
"(7, 14)","(-1.5, 1.5)",0.4395604431629181,0.5146520137786865,0.5146520137786865
"(4, 8)","(2.0, -1.0)",0.05128205195069313,0.5146520137786865,0.5146520137786865
"(8, 12)","(2.0, 1.5)",0.5146520137786865,0.4273504316806793,0.5146520137786865
"(0, 6)","(2.0, 1.5)",0.16117216646671295,0.5152625441551208,0.5152625441551208
"(2, 3)","(3.0, 1.5)",0.3162393271923065,0.5152625441551208,0.5152625441551208
"(0, 14)","(1.0, -2.0)",0.13369964063167572,0.5152625441551208,0.5152625441551208
"(0, 10)","(2.0, 1.0)",0.12332112342119217,0.5152625441551208,0.5152625441551208
"(8, 14)","(-1.0, 1.0)",0.15995116531848907,0.5152625441551208,0.5152625441551208
"(0, 7)","(2.0, 2.0)",0.2490842491388321,0.5152625441551208,0.5152625441551208
"(2, 13)","(3.0, 1.0)",0.18376068770885468,0.5158730149269104,0.5158730149269104
"(0, 14)","(1.0, -1.0)",0.20085470378398895,0.5158730149269104,0.5158730149269104
"(7, 10)","(-1.5, 1.5)",0.05860805884003639,0.5164835453033447,0.5164835453033447
"(7, 10)","(-1.0, 3.0)",0.4853479862213135,0.5164835453033447,0.5164835453033447
"(0, 8)","(2.0, 1.0)",0.14407815039157867,0.5177045464515686,0.5177045464515686
"(7, 14)","(-1.5, 2.0)",0.46092796325683594,0.5177045464515686,0.5177045464515686
"(4, 7)","(3.0, -1.5)",0.003052503103390336,0.5177045464515686,0.5177045464515686
"(7, 8)","(-1.5, 2.0)",0.12026862055063248,0.5183150172233582,0.5183150172233582
"(4, 11)","(1.0, -1.0)",0.037240538746118546,0.5183150172233582,0.5183150172233582
"(2, 7)","(1.5, -1.5)",0.037240538746118546,0.5189255475997925,0.5189255475997925
"(4, 10)","(-1.5, 2.0)",0.5189255475997925,0.10622710734605789,0.5189255475997925
"(3, 7)","(1.5, -1.0)",0.02014652080833912,0.519536018371582,0.519536018371582
"(5, 8)","(1.5, -1.0)",0.03540903702378273,0.519536018371582,0.519536018371582
"(8, 14)","(-1.0, 1.5)",0.28327229619026184,0.519536018371582,0.519536018371582
"(3, 14)","(3.0, 2.0)",0.28510379791259766,0.519536018371582,0.519536018371582
"(4, 7)","(2.0, 3.0)",0.01953602023422718,0.5201465487480164,0.5201465487480164
"(8, 10)","(-1.0, 1.0)",0.06959707289934158,0.5207570195198059,0.5207570195198059
"(7, 10)","(-1.5, 2.0)",0.4682539701461792,0.5207570195198059,0.5207570195198059
"(1, 7)","(-1.0, -1.5)",0.07448107749223709,0.5207570195198059,0.5207570195198059
"(1, 3)","(2.0, 3.0)",0.13553114235401154,0.5207570195198059,0.5207570195198059
"(2, 14)","(2.0, 1.5)",0.5213675498962402,0.030525030568242073,0.5213675498962402
"(0, 13)","(1.0, -1.0)",0.3888888955116272,0.5213675498962402,0.5213675498962402
"(4, 11)","(1.5, -1.0)",0.0317460335791111,0.5219780206680298,0.5219780206680298
"(0, 3)","(1.5, 1.5)",0.2680097818374634,0.5219780206680298,0.5219780206680298
"(2, 4)","(1.0, -1.0)",0.5225885510444641,0.06471306830644608,0.5225885510444641
"(2, 8)","(1.5, -1.0)",0.04639804735779762,0.5225885510444641,0.5225885510444641
"(3, 7)","(1.0, -1.5)",0.05616605654358864,0.5231990218162537,0.5231990218162537
"(11, 14)","(-1.0, 1.0)",0.321123331785202,0.5231990218162537,0.5231990218162537
"(2, 13)","(2.0, 2.0)",0.020757021382451057,0.523809552192688,0.523809552192688
"(8, 14)","(3.0, 1.5)",0.523809552192688,0.4682539701461792,0.523809552192688
"(10, 14)","(-1.0, 2.0)",0.523809552192688,0.34065935015678406,0.523809552192688
"(5, 9)","(-1.5, -1.0)",0.523809552192688,0.4059829115867615,0.523809552192688
"(8, 13)","(2.0, -1.5)",0.025641025975346565,0.5244200229644775,0.5244200229644775
"(8, 12)","(1.5, 1.5)",0.5067155361175537,0.5250305533409119,0.5250305533409119
"(1, 14)","(-1.5, 2.0)",0.5250305533409119,0.11599511653184891,0.5250305533409119
"(0, 10)","(1.5, 1.5)",0.27411478757858276,0.5256410241127014,0.5256410241127014
"(5, 10)","(3.0, 3.0)",0.025030525401234627,0.5262515544891357,0.5262515544891357
"(3, 6)","(3.0, 2.0)",0.037851039320230484,0.5262515544891357,0.5262515544891357
"(4, 5)","(-2.0, 2.0)",0.5262515544891357,0.02808302827179432,0.5262515544891357
"(5, 10)","(-1.5, 1.0)",0.5280830264091492,0.3003663122653961,0.5280830264091492
"(6, 14)","(1.5, 2.0)",0.5280830264091492,0.420634925365448,0.5280830264091492
"(0, 10)","(2.0, 1.5)",0.12026862055063248,0.5286935567855835,0.5286935567855835
"(7, 10)","(3.0, 1.5)",0.08974359184503555,0.5286935567855835,0.5286935567855835
"(3, 4)","(3.0, 1.5)",0.03235653415322304,0.5299145579338074,0.5299145579338074
"(3, 7)","(2.0, -1.0)",0.0067155067808926105,0.5299145579338074,0.5299145579338074
"(0, 10)","(1.5, 2.0)",0.28815630078315735,0.5299145579338074,0.5299145579338074
"(0, 11)","(3.0, 1.5)",0.015262515284121037,0.5305250287055969,0.5305250287055969
"(8, 13)","(1.5, 2.0)",0.0067155067808926105,0.5305250287055969,0.5305250287055969
"(5, 7)","(1.0, -1.5)",0.012210012413561344,0.5311355590820312,0.5311355590820312
"(7, 10)","(3.0, -1.0)",0.0842490866780281,0.5311355590820312,0.5311355590820312
"(5, 6)","(-1.5, 2.0)",0.3742368817329407,0.5311355590820312,0.5311355590820312
"(3, 10)","(1.0, -2.0)",0.5317460298538208,0.46092796325683594,0.5317460298538208
"(0, 10)","(2.0, 2.0)",0.12332112342119217,0.5317460298538208,0.5317460298538208
"(2, 3)","(1.0, -1.0)",0.48962149024009705,0.5323565602302551,0.5323565602302551
"(5, 10)","(-1.5, 2.0)",0.5329670310020447,0.41697192192077637,0.5329670310020447
"(0, 8)","(1.0, 2.0)",0.533577561378479,0.2826617956161499,0.533577561378479
"(0, 2)","(2.0, 2.0)",0.33882784843444824,0.533577561378479,0.533577561378479
"(4, 8)","(3.0, 3.0)",0.0012210012646391988,0.5341880321502686,0.5341880321502686
"(2, 3)","(1.5, -1.0)",0.49572649598121643,0.5341880321502686,0.5341880321502686
"(3, 11)","(1.0, -1.0)",0.09706959873437881,0.5347985625267029,0.5347985625267029
"(5, 8)","(-1.5, 1.0)",0.5360195636749268,0.42124542593955994,0.5360195636749268
"(5, 10)","(-1.5, 1.5)",0.5360195636749268,0.32173383235931396,0.5360195636749268
"(3, 14)","(2.0, -2.0)",0.005494505632668734,0.5360195636749268,0.5360195636749268
"(0, 10)","(2.0, -1.0)",0.5372405648231506,0.44871795177459717,0.5372405648231506
"(0, 7)","(1.5, 2.0)",0.5378510355949402,0.504273533821106,0.5378510355949402
"(8, 10)","(1.0, 3.0)",0.5378510355949402,0.470085471868515,0.5378510355949402
"(3, 9)","(1.0, -2.0)",0.010989011265337467,0.5390720367431641,0.5390720367431641
"(7, 14)","(-1.0, -2.0)",0.0921855941414833,0.5396825671195984,0.5396825671195984
"(10, 13)","(3.0, -1.0)",0.5396825671195984,0.5170940160751343,0.5396825671195984
"(8, 14)","(2.0, 2.0)",0.5396825671195984,0.029914529994130135,0.5396825671195984
"(2, 5)","(-1.0, 1.0)",0.020757021382451057,0.5402930378913879,0.5402930378913879
"(3, 8)","(-1.0, 1.0)",0.4890109896659851,0.5402930378913879,0.5402930378913879
"(8, 11)","(2.0, -1.0)",0.11233211308717728,0.5402930378913879,0.5402930378913879
"(0, 10)","(2.0, 3.0)",0.13431014120578766,0.5409035682678223,0.5409035682678223
"(0, 4)","(3.0, -1.5)",0.5415140390396118,0.06288156658411026,0.5415140390396118
"(3, 7)","(1.5, 3.0)",0.04700854793190956,0.5415140390396118,0.5415140390396118
"(0, 8)","(2.0, -1.0)",0.4426129460334778,0.5415140390396118,0.5415140390396118
"(8, 14)","(3.0, 2.0)",0.5427350401878357,0.4713064730167389,0.5427350401878357
"(5, 13)","(2.0, -2.0)",0.02319902367889881,0.5427350401878357,0.5427350401878357
"(3, 4)","(-1.0, 1.5)",0.06898657232522964,0.5427350401878357,0.5427350401878357
"(7, 8)","(1.5, 3.0)",0.13553114235401154,0.5427350401878357,0.5427350401878357
"(4, 11)","(2.0, -1.0)",0.030525030568242073,0.54334557056427,0.54334557056427
"(3, 9)","(3.0, -1.5)",0.029304029420018196,0.54334557056427,0.54334557056427
"(0, 4)","(-1.0, 2.0)",0.06410256773233414,0.54334557056427,0.54334557056427
"(0, 8)","(-1.0, 1.5)",0.1269841343164444,0.54334557056427,0.54334557056427
"(4, 6)","(-1.5, 1.5)",0.5439560413360596,0.05128205195069313,0.5439560413360596
"(10, 14)","(-2.0, -2.0)",0.5439560413360596,0.5018315315246582,0.5439560413360596
"(3, 4)","(-1.0, 2.0)",0.07692307978868484,0.5439560413360596,0.5439560413360596
"(5, 8)","(2.0, -1.0)",0.020757021382451057,0.5445665717124939,0.5445665717124939
"(0, 7)","(2.0, -1.0)",0.040903542190790176,0.5445665717124939,0.5445665717124939
"(8, 10)","(-1.0, 1.5)",0.07814408093690872,0.5445665717124939,0.5445665717124939
"(2, 14)","(3.0, 1.5)",0.5451770424842834,0.3522588610649109,0.5451770424842834
"(8, 10)","(3.0, 2.0)",0.5207570195198059,0.5451770424842834,0.5451770424842834
"(2, 7)","(3.0, 1.5)",0.02747252769768238,0.5451770424842834,0.5451770424842834
"(2, 10)","(3.0, 1.5)",0.13736264407634735,0.5457875728607178,0.5457875728607178
"(5, 13)","(-1.5, -1.0)",0.5457875728607178,0.37057387828826904,0.5457875728607178
"(0, 7)","(-1.0, 2.0)",0.11172161251306534,0.5457875728607178,0.5457875728607178
"(7, 13)","(2.0, -1.5)",0.03418803587555885,0.5463980436325073,0.5463980436325073
"(5, 13)","(-1.0, 1.0)",0.24481074512004852,0.5470085740089417,0.5470085740089417
"(0, 14)","(-1.0, 1.5)",0.24725274741649628,0.5470085740089417,0.5470085740089417
"(8, 10)","(3.0, -1.0)",0.4255189299583435,0.5470085740089417,0.5470085740089417
"(3, 8)","(1.0, -1.0)",0.0476190485060215,0.5470085740089417,0.5470085740089417
"(3, 10)","(-1.0, 1.0)",0.3449328541755676,0.5470085740089417,0.5470085740089417
"(3, 4)","(-1.0, 1.0)",0.08791209012269974,0.5476190447807312,0.5476190447807312
"(7, 8)","(1.0, -1.0)",0.06532356888055801,0.5482295751571655,0.5482295751571655
"(3, 8)","(-1.0, 1.5)",0.5128205418586731,0.5482295751571655,0.5482295751571655
"(8, 10)","(2.0, 3.0)",0.5488400459289551,0.5018315315246582,0.5488400459289551
"(8, 10)","(1.5, 3.0)",0.5488400459289551,0.5030525326728821,0.5488400459289551
"(0, 4)","(2.0, -1.0)",0.5488400459289551,0.3858363926410675,0.5488400459289551
"(3, 4)","(2.0, 3.0)",0.0036630036775022745,0.5494505763053894,0.5494505763053894
"(6, 8)","(1.0, -1.0)",0.06593406945466995,0.5494505763053894,0.5494505763053894
"(4, 5)","(1.5, -1.0)",0.11538461595773697,0.5494505763053894,0.5494505763053894
"(2, 5)","(1.5, -1.0)",0.1764346808195114,0.5494505763053894,0.5494505763053894
"(3, 10)","(1.5, 3.0)",0.550061047077179,0.5183150172233582,0.550061047077179
"(3, 6)","(-1.0, 1.0)",0.4157509207725525,0.550061047077179,0.550061047077179
"(0, 3)","(1.0, 1.0)",0.550061047077179,0.5152625441551208,0.550061047077179
"(10, 14)","(1.5, 1.0)",0.550061047077179,0.022588523104786873,0.550061047077179
"(10, 13)","(2.0, -1.5)",0.06593406945466995,0.5506715774536133,0.5506715774536133
"(0, 9)","(1.5, -1.0)",0.17338217794895172,0.5512820482254028,0.5512820482254028
"(8, 14)","(1.5, 2.0)",0.5518925786018372,0.020757021382451057,0.5518925786018372
"(2, 14)","(3.0, -1.0)",0.013431013561785221,0.5518925786018372,0.5518925786018372
"(1, 5)","(1.5, 3.0)",0.13247863948345184,0.5518925786018372,0.5518925786018372
"(0, 13)","(3.0, 3.0)",0.0012210012646391988,0.5518925786018372,0.5518925786018372
"(0, 14)","(-1.0, 2.0)",0.3321123421192169,0.5525030493736267,0.5525030493736267
"(2, 10)","(1.5, 3.0)",0.5525030493736267,0.46886447072029114,0.5525030493736267
"(2, 13)","(1.5, 2.0)",0.00976801011711359,0.5525030493736267,0.5525030493736267
"(4, 6)","(-1.5, 1.0)",0.5543345808982849,0.03113553114235401,0.5543345808982849
"(4, 5)","(-1.5, 1.5)",0.5543345808982849,0.021367521956562996,0.5543345808982849
"(13, 14)","(1.0, 2.0)",0.5549450516700745,0.5250305533409119,0.5549450516700745
"(6, 13)","(2.0, -1.5)",0.02380952425301075,0.5549450516700745,0.5549450516700745
"(2, 10)","(3.0, 2.0)",0.15628816187381744,0.5549450516700745,0.5549450516700745
"(5, 8)","(-1.0, 1.5)",0.15079365670681,0.5549450516700745,0.5549450516700745
"(4, 7)","(-1.5, 1.0)",0.5555555820465088,0.033577535301446915,0.5555555820465088
"(2, 7)","(2.0, -1.5)",0.03601953759789467,0.5561660528182983,0.5561660528182983
"(2, 11)","(1.5, -1.0)",0.23076923191547394,0.5561660528182983,0.5561660528182983
"(0, 10)","(-1.0, -1.5)",0.20268620550632477,0.5567765831947327,0.5567765831947327
"(5, 8)","(1.0, -1.0)",0.06227106228470802,0.5567765831947327,0.5567765831947327
"(5, 7)","(3.0, -1.5)",0.018925519660115242,0.5573870539665222,0.5573870539665222
"(0, 10)","(1.5, 3.0)",0.5091575384140015,0.5573870539665222,0.5573870539665222
"(7, 14)","(1.0, 2.0)",0.5573870539665222,0.38827839493751526,0.5573870539665222
"(10, 14)","(3.0, -2.0)",0.0396825410425663,0.5579975843429565,0.5579975843429565
"(7, 11)","(1.0, -1.0)",0.06410256773233414,0.5586080551147461,0.5586080551147461
"(2, 11)","(2.0, -1.0)",0.23870573937892914,0.5586080551147461,0.5586080551147461
"(7, 14)","(-1.5, -1.0)",0.03418803587555885,0.5592185854911804,0.5592185854911804
"(0, 5)","(1.5, 3.0)",0.160561665892601,0.5592185854911804,0.5592185854911804
"(0, 5)","(2.0, 3.0)",0.037240538746118546,0.5592185854911804,0.5592185854911804
"(0, 9)","(1.0, -1.0)",0.291819304227829,0.5592185854911804,0.5592185854911804
"(2, 14)","(1.5, 2.0)",0.55982905626297,0.01404151413589716,0.55982905626297
"(5, 10)","(-1.0, -1.0)",0.55982905626297,0.2686202824115753,0.55982905626297
"(7, 10)","(-1.0, -2.0)",0.46886447072029114,0.55982905626297,0.55982905626297
"(5, 14)","(1.0, 2.0)",0.55982905626297,0.00976801011711359,0.55982905626297
"(6, 14)","(1.0, 2.0)",0.5604395866394043,0.3266178369522095,0.5604395866394043
"(10, 13)","(-1.0, 1.0)",0.18986569344997406,0.5604395866394043,0.5604395866394043
"(10, 14)","(2.0, 1.0)",0.5610500574111938,0.27228328585624695,0.5610500574111938
"(7, 13)","(2.0, 1.0)",0.004273504484444857,0.5610500574111938,0.5610500574111938
"(3, 10)","(-1.0, 1.5)",0.4871794879436493,0.5610500574111938,0.5610500574111938
"(3, 7)","(-1.0, 1.0)",0.40415140986442566,0.5622710585594177,0.5622710585594177
"(2, 6)","(3.0, 1.5)",0.02319902367889881,0.5622710585594177,0.5622710585594177
"(0, 8)","(3.0, -1.0)",0.17521367967128754,0.5622710585594177,0.5622710585594177
"(3, 7)","(1.5, -1.5)",0.010989011265337467,0.562881588935852,0.562881588935852
"(2, 8)","(2.0, -1.0)",0.14835165441036224,0.562881588935852,0.562881588935852
"(2, 14)","(1.0, 2.0)",0.5634920597076416,0.0683760717511177,0.5634920597076416
"(0, 14)","(-1.0, -2.0)",0.04822954908013344,0.5634920597076416,0.5634920597076416
"(0, 2)","(1.5, 2.0)",0.5634920597076416,0.5213675498962402,0.5634920597076416
"(8, 14)","(-1.0, 2.0)",0.4065934121608734,0.5641025900840759,0.5641025900840759
"(5, 13)","(1.5, 3.0)",0.01587301678955555,0.5641025900840759,0.5641025900840759
"(0, 1)","(1.0, -1.0)",0.5647130608558655,0.15079365670681,0.5647130608558655
"(1, 5)","(2.0, 1.0)",0.1715506762266159,0.5647130608558655,0.5647130608558655
"(3, 14)","(-1.0, 1.0)",0.5647130608558655,0.5512820482254028,0.5647130608558655
"(7, 10)","(-1.5, -1.0)",0.4224664270877838,0.5653235912322998,0.5653235912322998
"(2, 14)","(2.0, 2.0)",0.5653235912322998,0.028693528845906258,0.5653235912322998
"(4, 7)","(-1.0, -1.5)",0.44017094373703003,0.5659340620040894,0.5659340620040894
"(2, 10)","(2.0, 3.0)",0.5659340620040894,0.49267399311065674,0.5659340620040894
"(1, 3)","(-1.0, -1.0)",0.48351648449897766,0.5665445923805237,0.5665445923805237
"(2, 4)","(1.5, -1.0)",0.5665445923805237,0.041514042764902115,0.5665445923805237
"(8, 14)","(1.0, 2.0)",0.5665445923805237,0.37545788288116455,0.5665445923805237
"(3, 14)","(1.0, 2.0)",0.5665445923805237,0.3888888955116272,0.5665445923805237
"(7, 8)","(3.0, 2.0)",0.02380952425301075,0.5671550631523132,0.5671550631523132
"(8, 14)","(3.0, -1.0)",0.02747252769768238,0.5677655935287476,0.5677655935287476
"(8, 11)","(1.5, -1.0)",0.08913309127092361,0.5683760643005371,0.5683760643005371
"(4, 7)","(-1.5, 1.5)",0.5689865946769714,0.4188034236431122,0.5689865946769714
"(7, 14)","(3.0, -1.0)",0.033577535301446915,0.5689865946769714,0.5689865946769714
"(6, 8)","(2.0, 2.0)",0.0006105006323195994,0.5689865946769714,0.5689865946769714
"(0, 8)","(1.0, 1.5)",0.5689865946769714,0.490231990814209,0.5689865946769714
"(10, 14)","(1.0, 1.5)",0.5689865946769714,0.42002442479133606,0.5689865946769714
"(0, 2)","(1.0, 1.5)",0.5689865946769714,0.46886447072029114,0.5689865946769714
"(0, 10)","(-1.0, -2.0)",0.470085471868515,0.569597065448761,0.569597065448761
"(3, 14)","(3.0, -2.0)",0.037851039320230484,0.569597065448761,0.569597065448761
"(0, 4)","(-1.0, 3.0)",0.05433455482125282,0.569597065448761,0.569597065448761
"(2, 11)","(1.0, -1.0)",0.07875458151102066,0.5702075958251953,0.5702075958251953
"(13, 14)","(-1.5, -1.5)",0.018315019086003304,0.5702075958251953,0.5702075958251953
"(8, 11)","(1.0, -1.0)",0.07570207864046097,0.5708180665969849,0.5708180665969849
"(0, 2)","(1.0, 1.0)",0.5708180665969849,0.5274725556373596,0.5708180665969849
"(3, 13)","(1.5, 2.0)",0.012820512987673283,0.5714285969734192,0.5714285969734192
"(0, 4)","(-1.0, 1.5)",0.06715507060289383,0.5714285969734192,0.5714285969734192
"(1, 13)","(1.0, 2.0)",0.095238097012043,0.5714285969734192,0.5714285969734192
"(0, 1)","(1.0, -1.5)",0.5714285969734192,0.21001221239566803,0.5714285969734192
"(2, 4)","(2.0, -1.5)",0.5720390677452087,0.025030525401234627,0.5720390677452087
"(3, 14)","(1.5, 2.0)",0.5726495981216431,0.43223443627357483,0.5726495981216431
"(4, 13)","(-1.5, -1.0)",0.5732600688934326,0.1031746044754982,0.5732600688934326
"(0, 2)","(-1.0, 3.0)",0.12820513546466827,0.5732600688934326,0.5732600688934326
"(6, 7)","(1.5, -1.5)",0.010378510691225529,0.5738705992698669,0.5738705992698669
"(0, 11)","(2.0, -1.5)",0.44505494832992554,0.5738705992698669,0.5738705992698669
"(2, 8)","(1.0, -1.0)",0.07326007634401321,0.5738705992698669,0.5738705992698669
"(5, 14)","(2.0, 3.0)",0.5744810700416565,0.03663003817200661,0.5744810700416565
"(3, 14)","(2.0, 2.0)",0.5744810700416565,0.4981684982776642,0.5744810700416565
"(9, 14)","(-1.5, -1.5)",0.0067155067808926105,0.5744810700416565,0.5744810700416565
"(10, 14)","(-1.5, 3.0)",0.5744810700416565,0.4584859609603882,0.5744810700416565
"(4, 8)","(3.0, -1.0)",0.04884004965424538,0.5744810700416565,0.5744810700416565
"(1, 11)","(-1.0, -1.0)",0.44200244545936584,0.5744810700416565,0.5744810700416565
"(10, 14)","(1.5, 1.5)",0.5757020711898804,0.4224664270877838,0.5757020711898804
"(3, 10)","(1.0, 3.0)",0.5757020711898804,0.5030525326728821,0.5757020711898804
"(0, 2)","(1.5, 1.5)",0.5763126015663147,0.5036630034446716,0.5763126015663147
"(4, 11)","(3.0, -1.0)",0.029304029420018196,0.5763126015663147,0.5763126015663147
"(4, 5)","(2.0, -1.0)",0.11172161251306534,0.5769230723381042,0.5769230723381042
"(4, 7)","(1.5, -2.0)",0.012820512987673283,0.5769230723381042,0.5769230723381042
"(0, 8)","(1.0, 1.0)",0.5769230723381042,0.4932844936847687,0.5769230723381042
"(10, 11)","(1.5, -1.0)",0.11294261366128922,0.5769230723381042,0.5769230723381042
"(4, 13)","(-1.5, -1.5)",0.5647130608558655,0.5775336027145386,0.5775336027145386
"(8, 9)","(3.0, -1.0)",0.19902320206165314,0.5775336027145386,0.5775336027145386
"(8, 10)","(-1.0, 2.0)",0.09706959873437881,0.5781440734863281,0.5781440734863281
"(7, 14)","(1.5, 2.0)",0.5781440734863281,0.3956044018268585,0.5781440734863281
"(2, 9)","(3.0, -1.0)",0.011599511839449406,0.5781440734863281,0.5781440734863281
"(7, 10)","(3.0, 2.0)",0.13308914005756378,0.579365074634552,0.579365074634552
"(4, 7)","(-1.5, 2.0)",0.579365074634552,0.45604395866394043,0.579365074634552
"(3, 4)","(2.0, -1.5)",0.5799756050109863,0.1764346808195114,0.5799756050109863
"(13, 14)","(-1.0, 2.0)",0.5805860757827759,0.4236874282360077,0.5805860757827759
"(4, 7)","(1.0, -2.0)",0.015262515284121037,0.5805860757827759,0.5805860757827759
"(7, 14)","(-1.5, -1.5)",0.0714285746216774,0.5811966061592102,0.5811966061592102
"(1, 8)","(1.0, 1.0)",0.1190476194024086,0.5811966061592102,0.5811966061592102
"(10, 14)","(-2.0, 3.0)",0.5811966061592102,0.48351648449897766,0.5811966061592102
"(0, 10)","(1.5, -1.0)",0.5811966061592102,0.5085470080375671,0.5811966061592102
"(4, 6)","(3.0, 2.0)",0.012820512987673283,0.5818070769309998,0.5818070769309998
"(10, 11)","(2.0, -1.0)",0.15140415728092194,0.5818070769309998,0.5818070769309998
"(7, 8)","(-2.0, 1.0)",0.08913309127092361,0.5818070769309998,0.5818070769309998
"(13, 14)","(1.0, -1.5)",0.0018315018387511373,0.5818070769309998,0.5818070769309998
"(2, 5)","(2.0, -1.0)",0.3663003742694855,0.5818070769309998,0.5818070769309998
"(4, 7)","(-1.0, 3.0)",0.48351648449897766,0.5830280780792236,0.5830280780792236
"(3, 5)","(-1.0, 2.0)",0.13064713776111603,0.5830280780792236,0.5830280780792236
"(3, 10)","(2.0, -2.0)",0.4017094075679779,0.583638608455658,0.583638608455658
"(10, 13)","(-1.5, -1.5)",0.04395604506134987,0.5842490792274475,0.5842490792274475
"(0, 6)","(3.0, 2.0)",0.013431013561785221,0.5842490792274475,0.5842490792274475
"(2, 13)","(3.0, -1.0)",0.05128205195069313,0.5848596096038818,0.5848596096038818
"(10, 14)","(-1.0, 3.0)",0.5848596096038818,0.4175824224948883,0.5848596096038818
"(1, 8)","(-1.0, -1.0)",0.21489621698856354,0.5848596096038818,0.5848596096038818
"(7, 9)","(-1.5, -1.0)",0.03907204046845436,0.5848596096038818,0.5848596096038818
"(2, 14)","(3.0, -1.5)",0.012210012413561344,0.5854700803756714,0.5854700803756714
"(8, 11)","(2.0, 1.5)",0.31684982776641846,0.5854700803756714,0.5854700803756714
"(4, 8)","(-1.0, 3.0)",0.5622710585594177,0.5860806107521057,0.5860806107521057
"(5, 8)","(3.0, 3.0)",0.012210012413561344,0.5860806107521057,0.5860806107521057
"(7, 14)","(-1.5, 3.0)",0.5860806107521057,0.5586080551147461,0.5860806107521057
"(0, 10)","(3.0, -2.0)",0.5866910815238953,0.47374847531318665,0.5866910815238953
"(2, 7)","(1.5, -2.0)",0.037240538746118546,0.5873016119003296,0.5873016119003296
"(4, 13)","(3.0, -1.5)",0.012820512987673283,0.5873016119003296,0.5873016119003296
"(3, 13)","(1.5, 1.5)",0.00976801011711359,0.5879120826721191,0.5879120826721191
"(0, 5)","(-1.5, 2.0)",0.07264957576990128,0.5879120826721191,0.5879120826721191
"(0, 2)","(1.0, 2.0)",0.5879120826721191,0.5256410241127014,0.5879120826721191
"(2, 7)","(3.0, 2.0)",0.053113553673028946,0.5879120826721191,0.5879120826721191
"(5, 9)","(3.0, -1.5)",0.011599511839449406,0.5885226130485535,0.5885226130485535
"(1, 14)","(-1.0, 2.0)",0.5885226130485535,0.0476190485060215,0.5885226130485535
"(7, 8)","(-2.0, 1.5)",0.10439560562372208,0.589133083820343,0.589133083820343
"(0, 3)","(2.0, 3.0)",0.15934066474437714,0.589133083820343,0.589133083820343
"(6, 7)","(1.0, -2.0)",0.10012210160493851,0.589133083820343,0.589133083820343
"(10, 14)","(1.0, 2.0)",0.589133083820343,0.38949939608573914,0.589133083820343
"(6, 7)","(1.5, 3.0)",0.057997558265924454,0.5897436141967773,0.5897436141967773
"(13, 14)","(-1.5, -2.0)",0.02319902367889881,0.5897436141967773,0.5897436141967773
"(0, 10)","(1.0, 1.0)",0.5897436141967773,0.48778998851776123,0.5897436141967773
"(0, 3)","(1.0, 2.0)",0.5903540849685669,0.5494505763053894,0.5903540849685669
"(7, 14)","(-2.0, 1.0)",0.42429792881011963,0.5903540849685669,0.5903540849685669
"(2, 4)","(3.0, -1.5)",0.5372405648231506,0.5915750861167908,0.5915750861167908
"(2, 14)","(3.0, 2.0)",0.5915750861167908,0.5006105303764343,0.5915750861167908
"(0, 14)","(1.5, 1.0)",0.5915750861167908,0.49938949942588806,0.5915750861167908
"(1, 13)","(1.0, 1.5)",0.09340659528970718,0.5921856164932251,0.5921856164932251
"(8, 10)","(3.0, -1.5)",0.44993895292282104,0.5921856164932251,0.5921856164932251
"(1, 14)","(-2.0, 3.0)",0.5927960872650146,0.4157509207725525,0.5927960872650146
"(4, 7)","(2.0, -2.0)",0.008547008968889713,0.5927960872650146,0.5927960872650146
"(7, 14)","(-1.0, 3.0)",0.5927960872650146,0.5091575384140015,0.5927960872650146
"(2, 3)","(2.0, -1.0)",0.4932844936847687,0.5927960872650146,0.5927960872650146
"(0, 11)","(1.0, -1.0)",0.593406617641449,0.5757020711898804,0.593406617641449
"(6, 7)","(2.0, 2.0)",0.02014652080833912,0.5940170884132385,0.5940170884132385
"(6, 8)","(1.5, 3.0)",0.07387057691812515,0.5940170884132385,0.5940170884132385
"(3, 5)","(-1.0, 1.5)",0.07570207864046097,0.5946276187896729,0.5946276187896729
"(7, 13)","(-1.5, -1.0)",0.050061050802469254,0.5946276187896729,0.5946276187896729
"(0, 5)","(-1.5, 1.5)",0.07875458151102066,0.5952380895614624,0.5952380895614624
"(0, 3)","(1.0, 1.5)",0.5952380895614624,0.5115995407104492,0.5952380895614624
"(3, 10)","(3.0, -2.0)",0.008547008968889713,0.5958486199378967,0.5958486199378967
"(8, 13)","(1.0, 3.0)",0.02014652080833912,0.5958486199378967,0.5958486199378967
"(7, 14)","(2.0, 2.0)",0.5958486199378967,0.4218559265136719,0.5958486199378967
"(0, 10)","(1.5, -1.5)",0.5970696210861206,0.5451770424842834,0.5970696210861206
"(7, 10)","(-2.0, 1.0)",0.05921855941414833,0.5970696210861206,0.5970696210861206
"(2, 13)","(1.5, -2.0)",0.020757021382451057,0.5970696210861206,0.5970696210861206
"(2, 4)","(3.0, 3.0)",0.11294261366128922,0.5976800918579102,0.5976800918579102
"(5, 9)","(-1.5, -1.5)",0.5329670310020447,0.5976800918579102,0.5976800918579102
"(1, 5)","(-1.0, -1.0)",0.5982906222343445,0.19291819632053375,0.5982906222343445
"(8, 10)","(3.0, 3.0)",0.550061047077179,0.5982906222343445,0.5982906222343445
"(6, 10)","(2.0, -1.5)",0.011599511839449406,0.5982906222343445,0.5982906222343445
"(7, 9)","(3.0, -1.0)",0.033577535301446915,0.598901093006134,0.598901093006134
"(7, 10)","(-1.5, -1.5)",0.4432234466075897,0.598901093006134,0.598901093006134
"(0, 14)","(1.5, 1.5)",0.598901093006134,0.49938949942588806,0.598901093006134
"(2, 14)","(3.0, -2.0)",0.010989011265337467,0.5995116233825684,0.5995116233825684
"(9, 14)","(-1.0, 3.0)",0.5995116233825684,0.42918193340301514,0.5995116233825684
"(4, 5)","(-1.0, -1.0)",0.6001220941543579,0.25335776805877686,0.6001220941543579
"(3, 5)","(1.5, -2.0)",0.6001220941543579,0.5824176073074341,0.6001220941543579
"(7, 14)","(-2.0, 1.5)",0.4426129460334778,0.6001220941543579,0.6001220941543579
"(7, 10)","(3.0, -1.5)",0.10500610619783401,0.6007326245307922,0.6007326245307922
"(3, 4)","(3.0, -1.5)",0.2954823076725006,0.6013430953025818,0.6013430953025818
"(10, 14)","(3.0, 1.0)",0.6019536256790161,0.4932844936847687,0.6019536256790161
"(0, 7)","(1.5, -1.0)",0.1398046463727951,0.6019536256790161,0.6019536256790161
"(4, 5)","(-2.0, 1.5)",0.6019536256790161,0.04273504391312599,0.6019536256790161
"(2, 7)","(1.0, -2.0)",0.050061050802469254,0.6019536256790161,0.6019536256790161
"(0, 1)","(1.5, -1.5)",0.60317462682724,0.22588522732257843,0.60317462682724
"(10, 13)","(-1.5, 1.0)",0.4554334580898285,0.6037850975990295,0.6037850975990295
"(2, 8)","(-1.0, 1.5)",0.049450550228357315,0.6037850975990295,0.6037850975990295
"(2, 6)","(-1.0, 1.0)",0.07020757347345352,0.6043956279754639,0.6043956279754639
"(11, 14)","(-1.0, 1.5)",0.6056166291236877,0.5396825671195984,0.6056166291236877
"(10, 14)","(2.0, 1.5)",0.6056166291236877,0.44383394718170166,0.6056166291236877
"(2, 14)","(-1.0, 1.0)",0.14713065326213837,0.6056166291236877,0.6056166291236877
"(0, 10)","(1.0, -1.0)",0.6056166291236877,0.5958486199378967,0.6056166291236877
"(0, 10)","(2.0, -1.5)",0.6056166291236877,0.45177045464515686,0.6056166291236877
"(7, 14)","(3.0, -1.5)",0.03540903702378273,0.6062270998954773,0.6062270998954773
"(0, 8)","(-1.5, 1.5)",0.10500610619783401,0.6062270998954773,0.6062270998954773
"(1, 5)","(-1.5, -1.0)",0.6068376302719116,0.3650793731212616,0.6068376302719116
"(0, 14)","(1.5, 2.0)",0.6074481010437012,0.4987789988517761,0.6074481010437012
"(0, 1)","(1.0, -2.0)",0.6080586314201355,0.27716729044914246,0.6080586314201355
"(0, 2)","(-1.5, 1.5)",0.11782661825418472,0.6080586314201355,0.6080586314201355
"(0, 5)","(-1.5, 1.0)",0.10195360332727432,0.6080586314201355,0.6080586314201355
"(9, 13)","(-1.5, -1.5)",0.02319902367889881,0.6080586314201355,0.6080586314201355
"(2, 14)","(-1.0, 1.5)",0.23076923191547394,0.608669102191925,0.608669102191925
"(7, 13)","(3.0, -1.0)",0.07753358036279678,0.6092796325683594,0.6092796325683594
"(5, 7)","(2.0, -2.0)",0.00976801011711359,0.6092796325683594,0.6092796325683594
"(4, 9)","(-1.5, -1.5)",0.4493284523487091,0.6092796325683594,0.6092796325683594
"(2, 13)","(3.0, 1.5)",0.3131868243217468,0.6098901033401489,0.6098901033401489
"(1, 5)","(2.0, 3.0)",0.12942613661289215,0.6098901033401489,0.6098901033401489
"(0, 8)","(-1.5, 2.0)",0.11416361480951309,0.6098901033401489,0.6098901033401489
"(5, 13)","(1.0, 3.0)",0.025641025975346565,0.6098901033401489,0.6098901033401489
"(0, 11)","(1.5, -1.0)",0.6098901033401489,0.5543345808982849,0.6098901033401489
"(5, 8)","(3.0, -1.0)",0.0012210012646391988,0.6105006337165833,0.6105006337165833
"(0, 7)","(-1.5, 1.5)",0.08974359184503555,0.6105006337165833,0.6105006337165833
"(13, 14)","(1.0, -2.0)",0.003052503103390336,0.6105006337165833,0.6105006337165833
"(3, 14)","(-1.0, 1.5)",0.6117216348648071,0.5555555820465088,0.6117216348648071
"(10, 14)","(3.0, 1.5)",0.6117216348648071,0.5030525326728821,0.6117216348648071
"(7, 8)","(-1.0, 3.0)",0.15995116531848907,0.6117216348648071,0.6117216348648071
"(2, 10)","(-1.0, 1.0)",0.05128205195069313,0.6123321056365967,0.6123321056365967
"(0, 2)","(1.0, 3.0)",0.5909646153450012,0.6123321056365967,0.6123321056365967
"(10, 13)","(2.0, 1.0)",0.0634920671582222,0.6123321056365967,0.6123321056365967
"(2, 4)","(-1.0, 1.0)",0.05921855941414833,0.6123321056365967,0.6123321056365967
"(0, 13)","(-1.0, 1.0)",0.12393162399530411,0.612942636013031,0.612942636013031
"(1, 14)","(-1.5, 3.0)",0.612942636013031,0.13431014120578766,0.612942636013031
"(0, 2)","(-1.5, 1.0)",0.08852259069681168,0.612942636013031,0.612942636013031
"(0, 2)","(-1.5, 2.0)",0.12148962169885635,0.6135531067848206,0.6135531067848206
"(5, 11)","(3.0, -1.0)",0.010989011265337467,0.6135531067848206,0.6135531067848206
"(0, 10)","(-1.5, -1.0)",0.11660561710596085,0.6147741079330444,0.6147741079330444
"(0, 14)","(2.0, 3.0)",0.6147741079330444,0.4969474971294403,0.6147741079330444
"(2, 8)","(-1.0, 1.0)",0.0714285746216774,0.6153846383094788,0.6153846383094788
"(0, 1)","(2.0, -2.0)",0.6153846383094788,0.550061047077179,0.6153846383094788
"(7, 8)","(1.5, -1.0)",0.08791209012269974,0.6166056394577026,0.6166056394577026
"(2, 4)","(-1.0, 1.5)",0.05433455482125282,0.6166056394577026,0.6166056394577026
"(1, 8)","(1.0, 1.5)",0.10378510504961014,0.6166056394577026,0.6166056394577026
"(2, 4)","(3.0, -2.0)",0.5885226130485535,0.6172161102294922,0.6172161102294922
"(7, 13)","(1.0, -2.0)",0.01587301678955555,0.6172161102294922,0.6172161102294922
"(8, 13)","(1.5, -2.0)",0.02808302827179432,0.6172161102294922,0.6172161102294922
"(2, 7)","(3.0, -1.0)",0.08302808552980423,0.6172161102294922,0.6172161102294922
"(3, 5)","(-1.0, 3.0)",0.3003663122653961,0.6178266406059265,0.6178266406059265
"(0, 10)","(1.0, -1.5)",0.6178266406059265,0.6037850975990295,0.6178266406059265
"(8, 14)","(2.0, 3.0)",0.6184371113777161,0.26923078298568726,0.6184371113777161
"(0, 14)","(-1.5, 1.0)",0.11294261366128922,0.6184371113777161,0.6184371113777161
"(10, 14)","(1.5, 2.0)",0.6190476417541504,0.4194139242172241,0.6190476417541504
"(1, 4)","(1.0, 1.5)",0.06593406945466995,0.6190476417541504,0.6190476417541504
"(2, 7)","(-1.0, 1.0)",0.06776557117700577,0.6190476417541504,0.6190476417541504
"(2, 13)","(1.0, -2.0)",0.029304029420018196,0.6196581125259399,0.6196581125259399
"(5, 11)","(2.0, 1.0)",0.007326007355004549,0.6196581125259399,0.6196581125259399
"(13, 14)","(-1.5, 2.0)",0.6202686429023743,0.48656898736953735,0.6202686429023743
"(3, 14)","(1.5, 3.0)",0.6221001148223877,0.47985348105430603,0.6221001148223877
"(4, 13)","(1.0, -2.0)",0.03113553114235401,0.6221001148223877,0.6221001148223877
"(1, 7)","(-1.0, -2.0)",0.10744810849428177,0.6221001148223877,0.6221001148223877
"(3, 14)","(1.0, 3.0)",0.6221001148223877,0.3162393271923065,0.6221001148223877
"(13, 14)","(1.0, 3.0)",0.622710645198822,0.6202686429023743,0.622710645198822
"(8, 13)","(1.0, -2.0)",0.02747252769768238,0.6233211159706116,0.6233211159706116
"(0, 14)","(-1.5, 1.5)",0.12576313316822052,0.6239316463470459,0.6239316463470459
"(1, 8)","(1.0, 2.0)",0.10378510504961014,0.6251526474952698,0.6251526474952698
"(0, 5)","(-1.5, 3.0)",0.08119658380746841,0.6257631182670593,0.6257631182670593
"(2, 10)","(3.0, 3.0)",0.6043956279754639,0.6257631182670593,0.6257631182670593
"(4, 7)","(-1.5, 3.0)",0.5750916004180908,0.6269841194152832,0.6269841194152832
"(3, 4)","(-1.0, 3.0)",0.13553114235401154,0.6282051205635071,0.6282051205635071
"(10, 14)","(2.0, 2.0)",0.6282051205635071,0.4474969506263733,0.6282051205635071
"(8, 13)","(1.5, 3.0)",0.053724054247140884,0.6288156509399414,0.6288156509399414
"(2, 10)","(-1.0, 1.5)",0.053724054247140884,0.6288156509399414,0.6288156509399414
"(0, 14)","(-1.5, 2.0)",0.18131868541240692,0.6288156509399414,0.6288156509399414
"(3, 8)","(-1.0, 2.0)",0.5103785395622253,0.629426121711731,0.629426121711731
"(5, 13)","(1.5, -2.0)",0.015262515284121037,0.629426121711731,0.629426121711731
"(3, 13)","(1.0, 1.5)",0.03235653415322304,0.6300366520881653,0.6300366520881653
"(6, 14)","(2.0, -2.0)",0.016483517363667488,0.6300366520881653,0.6300366520881653
"(8, 10)","(-1.0, 3.0)",0.15934066474437714,0.6300366520881653,0.6300366520881653
"(8, 12)","(1.5, 2.0)",0.5134310126304626,0.6300366520881653,0.6300366520881653
"(2, 13)","(1.0, 1.5)",0.0067155067808926105,0.6306471228599548,0.6306471228599548
"(3, 14)","(-1.0, 2.0)",0.6306471228599548,0.5683760643005371,0.6306471228599548
"(3, 13)","(1.0, -2.0)",0.025030525401234627,0.6312576532363892,0.6312576532363892
"(0, 7)","(1.0, -1.0)",0.3424908518791199,0.6318681240081787,0.6318681240081787
"(2, 14)","(-1.0, 2.0)",0.3601953685283661,0.6318681240081787,0.6318681240081787
"(2, 8)","(1.5, -1.5)",0.0842490866780281,0.6318681240081787,0.6318681240081787
"(2, 14)","(2.0, 3.0)",0.6318681240081787,0.12454212456941605,0.6318681240081787
"(6, 13)","(1.0, -2.0)",0.016483517363667488,0.632478654384613,0.632478654384613
"(0, 14)","(1.5, 3.0)",0.632478654384613,0.5012210011482239,0.632478654384613
"(0, 1)","(1.5, -2.0)",0.6336996555328369,0.4334554374217987,0.6336996555328369
"(0, 8)","(-1.5, 1.0)",0.09035409241914749,0.6336996555328369,0.6336996555328369
"(0, 5)","(-1.5, -1.0)",0.1459096521139145,0.6343101263046265,0.6343101263046265
"(0, 10)","(1.0, -2.0)",0.6349206566810608,0.6111111044883728,0.6349206566810608
"(2, 10)","(3.0, -2.0)",0.31990233063697815,0.6349206566810608,0.6349206566810608
"(7, 10)","(-1.5, 3.0)",0.4841269850730896,0.6355311274528503,0.6355311274528503
"(7, 10)","(-2.0, 1.5)",0.34065935015678406,0.6361416578292847,0.6361416578292847
"(3, 5)","(-1.0, 1.0)",0.06410256773233414,0.6361416578292847,0.6361416578292847
"(0, 11)","(1.5, -1.5)",0.6361416578292847,0.5915750861167908,0.6361416578292847
"(8, 14)","(1.5, 3.0)",0.6361416578292847,0.11721611768007278,0.6361416578292847
"(0, 2)","(-2.0, 1.5)",0.06654457002878189,0.6379731297492981,0.6379731297492981
"(5, 14)","(1.5, 3.0)",0.6379731297492981,0.014652014710009098,0.6379731297492981
"(3, 7)","(1.0, -2.0)",0.2014652043581009,0.6385836601257324,0.6385836601257324
"(7, 13)","(1.0, 1.5)",0.026862027123570442,0.639194130897522,0.639194130897522
"(5, 7)","(1.5, -2.0)",0.00976801011711359,0.6398046612739563,0.6398046612739563
"(4, 13)","(3.0, 1.0)",0.005494505632668734,0.6398046612739563,0.6398046612739563
"(1, 4)","(1.0, 1.0)",0.08608058840036392,0.6404151320457458,0.6404151320457458
"(2, 14)","(1.5, 3.0)",0.6404151320457458,0.08547008782625198,0.6404151320457458
"(2, 7)","(2.0, -2.0)",0.037851039320230484,0.6410256624221802,0.6410256624221802
"(2, 13)","(2.0, -2.0)",0.1935286968946457,0.6410256624221802,0.6410256624221802
"(1, 14)","(-1.0, 3.0)",0.6410256624221802,0.05433455482125282,0.6410256624221802
"(2, 8)","(-1.0, 2.0)",0.05128205195069313,0.6416361331939697,0.6416361331939697
"(1, 4)","(1.0, 2.0)",0.050061050802469254,0.642246663570404,0.642246663570404
"(5, 10)","(-2.0, 1.0)",0.642246663570404,0.4352869391441345,0.642246663570404
"(8, 14)","(3.0, 3.0)",0.642246663570404,0.5494505763053894,0.642246663570404
"(3, 10)","(2.0, 3.0)",0.4987789988517761,0.642246663570404,0.642246663570404
"(2, 7)","(-1.0, 1.5)",0.10073260217905045,0.642246663570404,0.642246663570404
"(3, 14)","(2.0, 3.0)",0.6428571343421936,0.5164835453033447,0.6428571343421936
"(0, 10)","(1.0, 1.5)",0.6434676647186279,0.5152625441551208,0.6434676647186279
"(2, 5)","(1.5, -1.5)",0.5726495981216431,0.6434676647186279,0.6434676647186279
"(9, 10)","(-2.0, 1.5)",0.04456654563546181,0.6434676647186279,0.6434676647186279
"(0, 2)","(1.5, 3.0)",0.5830280780792236,0.6440781354904175,0.6440781354904175
"(0, 14)","(-1.5, 3.0)",0.47069597244262695,0.6440781354904175,0.6440781354904175
"(5, 9)","(2.0, -1.5)",0.0012210012646391988,0.6440781354904175,0.6440781354904175
"(5, 8)","(-1.0, 2.0)",0.16422466933727264,0.6446886658668518,0.6446886658668518
"(7, 13)","(1.5, 1.5)",0.015262515284121037,0.6446886658668518,0.6446886658668518
"(2, 4)","(-1.0, 2.0)",0.053113553673028946,0.6459096670150757,0.6459096670150757
"(0, 4)","(-1.5, 1.0)",0.10500610619783401,0.6465201377868652,0.6465201377868652
"(4, 5)","(-1.5, 1.0)",0.6465201377868652,0.07264957576990128,0.6465201377868652
"(7, 11)","(1.5, -1.0)",0.07264957576990128,0.6465201377868652,0.6465201377868652
"(11, 14)","(-1.0, 2.0)",0.6465201377868652,0.5659340620040894,0.6465201377868652
"(1, 2)","(1.0, 1.5)",0.10989011079072952,0.6471306681632996,0.6471306681632996
"(2, 10)","(-1.0, 2.0)",0.0555555559694767,0.648962140083313,0.648962140083313
"(0, 10)","(-1.5, 2.0)",0.09096459299325943,0.6495726704597473,0.6495726704597473
"(1, 2)","(1.0, 1.0)",0.09768009930849075,0.6495726704597473,0.6495726704597473
"(0, 4)","(-1.5, 3.0)",0.040903542190790176,0.6495726704597473,0.6495726704597473
"(0, 4)","(-1.5, 1.5)",0.09462759643793106,0.6501831412315369,0.6501831412315369
"(0, 2)","(-2.0, 1.0)",0.02319902367889881,0.6501831412315369,0.6501831412315369
"(3, 10)","(-1.0, 2.0)",0.4951159954071045,0.6501831412315369,0.6501831412315369
"(1, 6)","(1.0, 1.0)",0.11843711882829666,0.6507936716079712,0.6507936716079712
"(2, 10)","(-1.0, -1.0)",0.16300366818904877,0.6507936716079712,0.6507936716079712
"(7, 13)","(2.0, 1.5)",0.007326007355004549,0.6514041423797607,0.6514041423797607
"(8, 10)","(-1.0, -1.0)",0.09035409241914749,0.6514041423797607,0.6514041423797607
"(5, 14)","(1.0, 3.0)",0.6514041423797607,0.015262515284121037,0.6514041423797607
"(10, 14)","(3.0, 2.0)",0.6514041423797607,0.5036630034446716,0.6514041423797607
"(1, 13)","(1.0, 3.0)",0.09768009930849075,0.6520146727561951,0.6520146727561951
"(8, 13)","(2.0, 1.5)",0.0067155067808926105,0.6520146727561951,0.6520146727561951
"(0, 10)","(-1.0, 3.0)",0.18009768426418304,0.6526251435279846,0.6526251435279846
"(2, 14)","(-1.0, -1.0)",0.10805860906839371,0.653235673904419,0.653235673904419
"(0, 7)","(1.0, -1.5)",0.32967033982276917,0.6538461446762085,0.6538461446762085
"(4, 13)","(1.0, 1.5)",0.010378510691225529,0.6544566750526428,0.6544566750526428
"(7, 13)","(1.5, -2.0)",0.02808302827179432,0.6544566750526428,0.6544566750526428
"(0, 4)","(-1.5, 2.0)",0.07753358036279678,0.6550671458244324,0.6550671458244324
"(0, 14)","(1.0, 1.0)",0.6550671458244324,0.5280830264091492,0.6550671458244324
"(1, 14)","(1.0, 1.5)",0.6068376302719116,0.6556776762008667,0.6556776762008667
"(1, 7)","(1.0, 1.0)",0.1367521435022354,0.6556776762008667,0.6556776762008667
"(0, 7)","(-1.0, -1.0)",0.11416361480951309,0.6556776762008667,0.6556776762008667
"(0, 6)","(1.0, 2.0)",0.2142857164144516,0.6556776762008667,0.6556776762008667
"(1, 14)","(1.0, 1.0)",0.504273533821106,0.6556776762008667,0.6556776762008667
"(2, 4)","(-1.0, -1.0)",0.44505494832992554,0.6556776762008667,0.6556776762008667
"(8, 14)","(-1.0, -1.0)",0.04884004965424538,0.6562881469726562,0.6562881469726562
"(13, 14)","(-2.0, 1.0)",0.2142857164144516,0.6562881469726562,0.6562881469726562
"(2, 9)","(-1.0, -1.0)",0.09768009930849075,0.6568986773490906,0.6568986773490906
"(2, 14)","(1.0, 3.0)",0.6575091481208801,0.12332112342119217,0.6575091481208801
"(11, 14)","(-1.0, -1.0)",0.04029304161667824,0.6575091481208801,0.6575091481208801
"(4, 13)","(1.5, -2.0)",0.028693528845906258,0.6575091481208801,0.6575091481208801
"(1, 13)","(-1.5, 1.5)",0.057997558265924454,0.6575091481208801,0.6575091481208801
"(0, 14)","(1.0, 1.5)",0.6581196784973145,0.5256410241127014,0.6581196784973145
"(5, 14)","(-1.5, -1.5)",0.5006105303764343,0.6581196784973145,0.6581196784973145
"(0, 2)","(1.0, -1.0)",0.5586080551147461,0.658730149269104,0.658730149269104
"(2, 6)","(-1.0, 1.5)",0.07387057691812515,0.6593406796455383,0.6593406796455383
"(0, 14)","(-1.5, -1.5)",0.026862027123570442,0.6599511504173279,0.6599511504173279
"(0, 11)","(1.0, -1.5)",0.6385836601257324,0.6605616807937622,0.6605616807937622
"(7, 13)","(-1.0, -1.5)",0.021978022530674934,0.6605616807937622,0.6605616807937622
"(2, 3)","(-1.0, 1.0)",0.057387057691812515,0.6605616807937622,0.6605616807937622
"(0, 10)","(-2.0, 1.0)",0.016483517363667488,0.6611721515655518,0.6611721515655518
"(0, 11)","(2.0, 1.0)",0.03418803587555885,0.6611721515655518,0.6611721515655518
"(6, 14)","(1.0, 3.0)",0.6611721515655518,0.20695970952510834,0.6611721515655518
"(3, 13)","(1.5, 3.0)",0.03113553114235401,0.6617826819419861,0.6617826819419861
"(2, 13)","(3.0, 2.0)",0.321123331785202,0.6617826819419861,0.6617826819419861
"(10, 11)","(-1.0, -1.0)",0.06043956056237221,0.66300368309021,0.66300368309021
"(1, 2)","(1.0, 2.0)",0.11599511653184891,0.6636141538619995,0.6636141538619995
"(0, 7)","(2.0, -1.5)",0.02442002482712269,0.6636141538619995,0.6636141538619995
"(1, 13)","(1.0, 1.0)",0.09157509356737137,0.6642246842384338,0.6642246842384338
"(2, 5)","(-1.5, 1.5)",0.015262515284121037,0.6642246842384338,0.6642246842384338
"(8, 14)","(3.0, -1.5)",0.05494505539536476,0.6642246842384338,0.6642246842384338
"(2, 7)","(-1.0, 2.0)",0.11355311423540115,0.6648351550102234,0.6648351550102234
"(2, 4)","(-1.0, 3.0)",0.04822954908013344,0.6648351550102234,0.6648351550102234
"(7, 14)","(1.0, 3.0)",0.6648351550102234,0.35470086336135864,0.6648351550102234
"(5, 9)","(1.5, -1.5)",0.0006105006323195994,0.6654456853866577,0.6654456853866577
"(0, 10)","(-1.5, -1.5)",0.13858364522457123,0.6654456853866577,0.6654456853866577
"(8, 14)","(1.0, 3.0)",0.6666666865348816,0.38034188747406006,0.6666666865348816
"(3, 13)","(1.5, -2.0)",0.02014652080833912,0.6666666865348816,0.6666666865348816
"(0, 3)","(-2.0, 1.0)",0.017704518511891365,0.6666666865348816,0.6666666865348816
"(2, 6)","(-1.5, 1.0)",0.10989011079072952,0.6666666865348816,0.6666666865348816
"(3, 7)","(-1.0, 1.5)",0.3632478713989258,0.6666666865348816,0.6666666865348816
"(2, 5)","(-1.5, 2.0)",0.007936508394777775,0.6666666865348816,0.6666666865348816
"(6, 14)","(1.5, 3.0)",0.6672771573066711,0.4285714328289032,0.6672771573066711
"(1, 3)","(1.0, 1.0)",0.15689866244792938,0.6672771573066711,0.6672771573066711
"(1, 13)","(-2.0, 1.0)",0.07448107749223709,0.6672771573066711,0.6672771573066711
"(10, 13)","(-2.0, -1.5)",0.4981684982776642,0.6672771573066711,0.6672771573066711
"(6, 14)","(2.0, 3.0)",0.6678876876831055,0.6245421171188354,0.6678876876831055
"(1, 14)","(1.0, 2.0)",0.668498158454895,0.6599511504173279,0.668498158454895
"(4, 7)","(3.0, 3.0)",0.018315019086003304,0.668498158454895,0.668498158454895
"(7, 8)","(2.0, 3.0)",0.03907204046845436,0.668498158454895,0.668498158454895
"(0, 8)","(-2.0, 1.0)",0.02014652080833912,0.6691086888313293,0.6691086888313293
"(1, 8)","(-1.5, 3.0)",0.0476190485060215,0.6691086888313293,0.6691086888313293
"(5, 11)","(1.5, 1.0)",0.007936508394777775,0.6691086888313293,0.6691086888313293
"(5, 10)","(-1.0, -1.5)",0.6697191596031189,0.5183150172233582,0.6697191596031189
"(5, 7)","(-1.0, 2.0)",0.25641027092933655,0.6703296899795532,0.6703296899795532
"(2, 9)","(1.5, -1.5)",0.0006105006323195994,0.6709401607513428,0.6709401607513428
"(1, 10)","(-2.0, 3.0)",0.10927961021661758,0.6709401607513428,0.6709401607513428
"(0, 8)","(1.5, -1.0)",0.6709401607513428,0.6416361331939697,0.6709401607513428
"(0, 6)","(-2.0, 1.0)",0.029304029420018196,0.6715506911277771,0.6715506911277771
"(1, 7)","(-2.0, -1.0)",0.1269841343164444,0.6715506911277771,0.6715506911277771
"(0, 1)","(3.0, 2.0)",0.6721611618995667,0.4780219793319702,0.6721611618995667
"(1, 10)","(1.0, 1.0)",0.11660561710596085,0.6721611618995667,0.6721611618995667
"(10, 14)","(1.0, 3.0)",0.6721611618995667,0.3272283375263214,0.6721611618995667
"(2, 10)","(-1.0, -1.5)",0.5750916004180908,0.672771692276001,0.672771692276001
"(13, 14)","(-1.0, 3.0)",0.6733821630477905,0.43711844086647034,0.6733821630477905
"(0, 14)","(-2.0, 1.0)",0.11355311423540115,0.6739926934242249,0.6739926934242249
"(2, 7)","(-1.5, 1.0)",0.1111111119389534,0.6739926934242249,0.6739926934242249
"(1, 7)","(-1.5, 3.0)",0.08791209012269974,0.6746031641960144,0.6746031641960144
"(6, 13)","(1.0, 1.5)",0.015262515284121037,0.6746031641960144,0.6746031641960144
"(0, 8)","(-2.0, 1.5)",0.03540903702378273,0.6746031641960144,0.6746031641960144
"(2, 14)","(-1.5, 1.0)",0.13308914005756378,0.6758241653442383,0.6758241653442383
"(3, 11)","(1.5, -1.0)",0.06043956056237221,0.6764346957206726,0.6764346957206726
"(2, 4)","(-1.5, 1.0)",0.05860805884003639,0.6770451664924622,0.6770451664924622
"(2, 14)","(-1.0, -1.5)",0.10927961021661758,0.6770451664924622,0.6770451664924622
"(0, 10)","(2.0, -2.0)",0.6776556968688965,0.4694749712944031,0.6776556968688965
"(0, 10)","(1.5, -2.0)",0.6776556968688965,0.5866910815238953,0.6776556968688965
"(5, 13)","(1.0, -2.0)",0.006105006206780672,0.6776556968688965,0.6776556968688965
"(0, 1)","(-2.0, -1.0)",0.057997558265924454,0.678266167640686,0.678266167640686
"(13, 14)","(-1.5, 3.0)",0.6794871687889099,0.6123321056365967,0.6794871687889099
"(1, 11)","(-1.5, -1.0)",0.028693528845906258,0.6794871687889099,0.6794871687889099
"(0, 5)","(-2.0, 2.0)",0.012210012413561344,0.6794871687889099,0.6794871687889099
"(0, 5)","(-2.0, 1.5)",0.028693528845906258,0.6800976991653442,0.6800976991653442
"(0, 4)","(-1.0, -2.0)",0.6813187003135681,0.6251526474952698,0.6813187003135681
"(4, 5)","(3.0, -1.0)",0.10378510504961014,0.6813187003135681,0.6813187003135681
"(0, 14)","(-2.0, 1.5)",0.13614164292812347,0.6819291710853577,0.6819291710853577
"(7, 8)","(-2.0, 2.0)",0.12332112342119217,0.6819291710853577,0.6819291710853577
"(0, 14)","(1.0, 2.0)",0.6819291710853577,0.519536018371582,0.6819291710853577
"(10, 13)","(1.0, -2.0)",0.050061050802469254,0.6819291710853577,0.6819291710853577
"(0, 3)","(3.0, -2.0)",0.4731379747390747,0.682539701461792,0.682539701461792
"(10, 14)","(1.5, 3.0)",0.682539701461792,0.4383394420146942,0.682539701461792
"(0, 7)","(-1.5, 2.0)",0.06471306830644608,0.6831501722335815,0.6831501722335815
"(4, 13)","(-1.0, 1.0)",0.6831501722335815,0.27228328585624695,0.6831501722335815
"(0, 7)","(1.5, -1.5)",0.1269841343164444,0.6837607026100159,0.6837607026100159
"(13, 14)","(1.5, 1.0)",0.2649572789669037,0.6843711733818054,0.6843711733818054
"(13, 14)","(-2.0, 1.5)",0.38827839493751526,0.6849817037582397,0.6849817037582397
"(7, 14)","(1.5, 3.0)",0.6855921745300293,0.42307692766189575,0.6855921745300293
"(1, 10)","(1.0, -1.0)",0.46092796325683594,0.6855921745300293,0.6855921745300293
"(0, 7)","(-2.0, 1.0)",0.029914529994130135,0.6855921745300293,0.6855921745300293
"(3, 5)","(3.0, -1.0)",0.09706959873437881,0.6868131756782532,0.6868131756782532
"(1, 3)","(1.0, 1.5)",0.07814408093690872,0.6868131756782532,0.6868131756782532
"(4, 13)","(1.5, 1.5)",0.006105006206780672,0.6874237060546875,0.6874237060546875
"(0, 10)","(-2.0, 1.5)",0.017704518511891365,0.688034176826477,0.688034176826477
"(4, 9)","(1.0, -1.5)",0.004273504484444857,0.6886447072029114,0.6886447072029114
"(4, 8)","(-1.0, 2.0)",0.6886447072029114,0.10927961021661758,0.6886447072029114
"(0, 10)","(1.0, 2.0)",0.6886447072029114,0.5372405648231506,0.6886447072029114
"(2, 8)","(-1.5, 1.0)",0.10989011079072952,0.6892551779747009,0.6892551779747009
"(3, 8)","(1.5, 3.0)",0.04700854793190956,0.6892551779747009,0.6892551779747009
"(0, 14)","(-1.0, 3.0)",0.6898657083511353,0.6135531067848206,0.6898657083511353
"(0, 2)","(-2.0, 2.0)",0.12210012227296829,0.6904761791229248,0.6904761791229248
"(0, 4)","(-1.5, -1.5)",0.22344322502613068,0.692307710647583,0.692307710647583
"(2, 13)","(2.0, 3.0)",0.10378510504961014,0.6929181814193726,0.6929181814193726
"(1, 4)","(-1.5, -1.0)",0.6929181814193726,0.12759463489055634,0.6929181814193726
"(2, 13)","(-1.0, -1.0)",0.11294261366128922,0.6935287117958069,0.6935287117958069
"(1, 7)","(1.0, 1.5)",0.12820513546466827,0.6935287117958069,0.6935287117958069
"(8, 14)","(-1.0, 3.0)",0.6941391825675964,0.6208791136741638,0.6941391825675964
"(2, 3)","(-1.0, 1.5)",0.049450550228357315,0.6947497129440308,0.6947497129440308
"(5, 8)","(-1.5, 1.5)",0.5677655935287476,0.6947497129440308,0.6947497129440308
"(4, 13)","(-1.0, -2.0)",0.4493284523487091,0.6947497129440308,0.6947497129440308
"(1, 10)","(1.0, 1.5)",0.24969474971294403,0.6947497129440308,0.6947497129440308
"(1, 5)","(-2.0, -1.0)",0.6660561561584473,0.6947497129440308,0.6947497129440308
"(2, 5)","(1.0, -1.5)",0.5323565602302551,0.6947497129440308,0.6947497129440308
"(8, 13)","(3.0, -1.0)",0.17399267852306366,0.6947497129440308,0.6947497129440308
"(10, 13)","(-2.0, 1.0)",0.47985348105430603,0.6959707140922546,0.6959707140922546
"(10, 14)","(2.0, 3.0)",0.6959707140922546,0.4890109896659851,0.6959707140922546
"(2, 10)","(-1.5, 1.0)",0.053724054247140884,0.6959707140922546,0.6959707140922546
"(13, 14)","(-2.0, -1.0)",0.022588523104786873,0.6959707140922546,0.6959707140922546
"(1, 3)","(-1.5, 3.0)",0.03113553114235401,0.6959707140922546,0.6959707140922546
"(0, 5)","(-2.0, 1.0)",0.037240538746118546,0.6965811848640442,0.6965811848640442
"(6, 13)","(1.5, -2.0)",0.02442002482712269,0.6965811848640442,0.6965811848640442
"(9, 13)","(-2.0, -1.0)",0.0317460335791111,0.6978021860122681,0.6978021860122681
"(4, 13)","(2.0, -2.0)",0.02442002482712269,0.6978021860122681,0.6978021860122681
"(1, 7)","(-1.5, -1.5)",0.11538461595773697,0.6984127163887024,0.6984127163887024
"(7, 14)","(-2.0, 2.0)",0.4670329689979553,0.6984127163887024,0.6984127163887024
"(0, 14)","(-2.0, 2.0)",0.1538461595773697,0.6984127163887024,0.6984127163887024
"(1, 10)","(-2.0, -2.0)",0.44993895292282104,0.6990231871604919,0.6990231871604919
"(0, 12)","(3.0, -2.0)",0.13614164292812347,0.6990231871604919,0.6990231871604919
"(0, 2)","(-1.0, -1.0)",0.09829059988260269,0.6990231871604919,0.6990231871604919
"(2, 8)","(1.0, -1.5)",0.09157509356737137,0.6996337175369263,0.6996337175369263
"(7, 14)","(2.0, 3.0)",0.7002441883087158,0.42796093225479126,0.7002441883087158
"(5, 14)","(-1.0, 1.5)",0.7008547186851501,0.5830280780792236,0.7008547186851501
"(10, 13)","(1.0, 1.5)",0.009157509543001652,0.7014651894569397,0.7014651894569397
"(1, 2)","(-1.5, -1.0)",0.35164836049079895,0.7014651894569397,0.7014651894569397
"(2, 11)","(1.5, 1.0)",0.020757021382451057,0.702075719833374,0.702075719833374
"(7, 13)","(2.0, -2.0)",0.05494505539536476,0.7026861906051636,0.7026861906051636
"(11, 14)","(-1.0, 3.0)",0.7026861906051636,0.6275946497917175,0.7026861906051636
"(0, 3)","(1.5, 2.0)",0.32967033982276917,0.7032967209815979,0.7032967209815979
"(3, 13)","(2.0, -2.0)",0.03846153989434242,0.7032967209815979,0.7032967209815979
"(7, 14)","(3.0, -2.0)",0.037240538746118546,0.7032967209815979,0.7032967209815979
"(8, 11)","(2.0, 2.0)",0.24725274741649628,0.7039071917533875,0.7039071917533875
"(0, 3)","(2.0, 2.0)",0.15811966359615326,0.7039071917533875,0.7039071917533875
"(7, 13)","(3.0, 1.0)",0.03113553114235401,0.7039071917533875,0.7039071917533875
"(4, 11)","(-1.0, -1.0)",0.5286935567855835,0.7045177221298218,0.7045177221298218
"(0, 3)","(1.0, -1.0)",0.7045177221298218,0.6855921745300293,0.7045177221298218
"(7, 13)","(-1.0, 1.0)",0.012820512987673283,0.7045177221298218,0.7045177221298218
"(7, 13)","(2.0, 2.0)",0.08180708438158035,0.7051281929016113,0.7051281929016113
"(13, 14)","(-2.0, 2.0)",0.6373626589775085,0.7057387232780457,0.7057387232780457
"(4, 5)","(1.0, -1.5)",0.4065934121608734,0.7057387232780457,0.7057387232780457
"(2, 4)","(-1.5, 1.5)",0.05494505539536476,0.7057387232780457,0.7057387232780457
"(3, 10)","(3.0, 2.0)",0.05250305309891701,0.7063491940498352,0.7063491940498352
"(13, 14)","(1.5, 1.5)",0.46398046612739563,0.7063491940498352,0.7063491940498352
"(1, 6)","(-1.5, 2.0)",0.04029304161667824,0.7069597244262695,0.7069597244262695
"(1, 4)","(1.0, 3.0)",0.03540903702378273,0.7069597244262695,0.7069597244262695
"(2, 11)","(1.0, 1.0)",0.23565323650836945,0.7075701951980591,0.7075701951980591
"(2, 13)","(3.0, -1.5)",0.08241758495569229,0.7081807255744934,0.7081807255744934
"(0, 4)","(-2.0, 1.0)",0.04639804735779762,0.7081807255744934,0.7081807255744934
"(0, 12)","(3.0, -1.5)",0.10561660677194595,0.7081807255744934,0.7081807255744934
"(6, 13)","(2.0, 1.0)",0.0006105006323195994,0.7081807255744934,0.7081807255744934
"(8, 11)","(1.0, 1.0)",0.14041514694690704,0.7081807255744934,0.7081807255744934
"(2, 14)","(-1.0, 3.0)",0.6538461446762085,0.708791196346283,0.708791196346283
"(2, 3)","(-1.5, 1.0)",0.11172161251306534,0.708791196346283,0.708791196346283
"(0, 4)","(-2.0, 1.5)",0.04395604506134987,0.708791196346283,0.708791196346283
"(3, 7)","(2.0, -1.5)",0.013431013561785221,0.708791196346283,0.708791196346283
"(5, 7)","(-1.5, 1.5)",0.5219780206680298,0.7094017267227173,0.7094017267227173
"(0, 4)","(-2.0, 2.0)",0.04334554448723793,0.7100121974945068,0.7100121974945068
"(1, 10)","(1.0, 2.0)",0.5360195636749268,0.7100121974945068,0.7100121974945068
"(13, 14)","(-2.0, -1.5)",0.026862027123570442,0.7100121974945068,0.7100121974945068
"(2, 9)","(1.0, -1.5)",0.0018315018387511373,0.7100121974945068,0.7100121974945068
"(5, 7)","(3.0, -2.0)",0.021367521956562996,0.7106227278709412,0.7106227278709412
"(4, 13)","(2.0, 1.5)",0.005494505632668734,0.711843729019165,0.711843729019165
"(1, 8)","(1.5, 1.5)",0.15018315613269806,0.7124541997909546,0.7124541997909546
"(8, 10)","(3.0, -2.0)",0.4761904776096344,0.7124541997909546,0.7124541997909546
"(10, 13)","(-1.0, -2.0)",0.02319902367889881,0.7130647301673889,0.7130647301673889
"(8, 9)","(1.5, -1.5)",0.004884005058556795,0.7130647301673889,0.7130647301673889
"(13, 14)","(1.5, -1.0)",0.003052503103390336,0.7136752009391785,0.7136752009391785
"(5, 9)","(-1.0, -2.0)",0.17704518139362335,0.7136752009391785,0.7136752009391785
"(10, 13)","(1.5, -2.0)",0.0634920671582222,0.7148962020874023,0.7148962020874023
"(0, 2)","(-1.5, 3.0)",0.12332112342119217,0.7155067324638367,0.7155067324638367
"(7, 14)","(-1.5, -2.0)",0.10927961021661758,0.7155067324638367,0.7155067324638367
"(5, 14)","(-1.0, -2.0)",0.1794871836900711,0.7161172032356262,0.7161172032356262
"(2, 8)","(-1.5, 1.5)",0.09157509356737137,0.7161172032356262,0.7161172032356262
"(8, 11)","(1.5, 1.0)",0.40109890699386597,0.7161172032356262,0.7161172032356262
"(2, 11)","(1.5, -1.5)",0.30280831456184387,0.7167277336120605,0.7167277336120605
"(0, 4)","(-2.0, 3.0)",0.04273504391312599,0.7167277336120605,0.7167277336120605
"(0, 7)","(-1.5, -1.0)",0.12271062284708023,0.7173382043838501,0.7173382043838501
"(6, 13)","(1.5, 1.5)",0.0036630036775022745,0.7179487347602844,0.7179487347602844
"(0, 8)","(1.0, -1.0)",0.5409035682678223,0.718559205532074,0.718559205532074
"(4, 13)","(-1.0, 1.5)",0.504273533821106,0.718559205532074,0.718559205532074
"(0, 7)","(-1.0, -1.5)",0.11172161251306534,0.718559205532074,0.718559205532074
"(3, 4)","(3.0, 2.0)",0.014652014710009098,0.7191697359085083,0.7191697359085083
"(3, 4)","(1.0, -1.5)",0.7191697359085083,0.06715507060289383,0.7191697359085083
"(13, 14)","(1.5, -1.5)",0.003052503103390336,0.7191697359085083,0.7191697359085083
"(7, 13)","(1.5, 2.0)",0.057997558265924454,0.7197802066802979,0.7197802066802979
"(4, 5)","(1.5, -1.5)",0.3919413983821869,0.7197802066802979,0.7197802066802979
"(1, 2)","(1.5, 1.5)",0.1459096521139145,0.7197802066802979,0.7197802066802979
"(4, 9)","(-1.0, -2.0)",0.17521367967128754,0.7197802066802979,0.7197802066802979
"(7, 13)","(3.0, -1.5)",0.1111111119389534,0.7203907370567322,0.7203907370567322
"(9, 13)","(-1.0, -2.0)",0.02380952425301075,0.7203907370567322,0.7203907370567322
"(5, 7)","(1.0, -2.0)",0.009157509543001652,0.7203907370567322,0.7203907370567322
"(2, 7)","(3.0, -1.5)",0.08791209012269974,0.7210012078285217,0.7210012078285217
"(0, 8)","(-1.0, 3.0)",0.12210012227296829,0.7222222089767456,0.7222222089767456
"(7, 9)","(1.5, -1.5)",0.007326007355004549,0.7228327393531799,0.7228327393531799
"(10, 13)","(-1.0, 1.5)",0.4126984179019928,0.7228327393531799,0.7228327393531799
"(2, 6)","(3.0, 2.0)",0.0396825410425663,0.7228327393531799,0.7228327393531799
"(0, 13)","(1.5, -1.5)",0.23992674052715302,0.7228327393531799,0.7228327393531799
"(0, 1)","(3.0, 3.0)",0.7240537405014038,0.6239316463470459,0.7240537405014038
"(2, 14)","(-1.5, 1.5)",0.20085470378398895,0.7240537405014038,0.7240537405014038
"(7, 14)","(3.0, 3.0)",0.7240537405014038,0.6495726704597473,0.7240537405014038
"(2, 5)","(-1.5, 1.0)",0.06654457002878189,0.7246642112731934,0.7246642112731934
"(9, 13)","(-1.0, 1.5)",0.006105006206780672,0.7264957427978516,0.7264957427978516
"(2, 9)","(2.0, -1.5)",0.13614164292812347,0.728327214717865,0.728327214717865
"(6, 8)","(1.5, -1.0)",0.07692307978868484,0.728327214717865,0.728327214717865
"(13, 14)","(1.5, 2.0)",0.5525030493736267,0.7301587462425232,0.7301587462425232
"(0, 13)","(1.0, 1.0)",0.5830280780792236,0.7313797473907471,0.7313797473907471
"(2, 14)","(3.0, 3.0)",0.7319902181625366,0.5720390677452087,0.7319902181625366
"(6, 11)","(1.0, 1.0)",0.01404151413589716,0.7319902181625366,0.7319902181625366
"(2, 4)","(2.0, -2.0)",0.7319902181625366,0.13736264407634735,0.7319902181625366
"(0, 4)","(3.0, -2.0)",0.7319902181625366,0.09706959873437881,0.7319902181625366
"(10, 13)","(1.5, 1.5)",0.04212454333901405,0.7319902181625366,0.7319902181625366
"(0, 11)","(1.5, 1.0)",0.10256410390138626,0.7332112193107605,0.7332112193107605
"(0, 10)","(1.0, 3.0)",0.7344322204589844,0.5634920597076416,0.7344322204589844
"(0, 4)","(2.0, -1.5)",0.7350427508354187,0.4017094075679779,0.7350427508354187
"(0, 13)","(1.0, -1.5)",0.3919413983821869,0.7350427508354187,0.7350427508354187
"(9, 14)","(-1.5, 1.0)",0.09706959873437881,0.7356532216072083,0.7356532216072083
"(0, 3)","(-1.0, 3.0)",0.006105006206780672,0.7356532216072083,0.7356532216072083
"(8, 13)","(2.0, 2.0)",0.015262515284121037,0.7356532216072083,0.7356532216072083
"(1, 2)","(1.5, 1.0)",0.14102564752101898,0.7362637519836426,0.7362637519836426
"(2, 11)","(1.0, -1.5)",0.1684981733560562,0.7362637519836426,0.7362637519836426
"(9, 14)","(-2.0, -1.0)",0.016483517363667488,0.7368742227554321,0.7368742227554321
"(0, 12)","(3.0, -1.0)",0.05677655711770058,0.7368742227554321,0.7368742227554321
"(0, 3)","(3.0, -1.5)",0.3766788840293884,0.7374847531318665,0.7374847531318665
"(11, 14)","(1.0, 1.0)",0.18315018713474274,0.7374847531318665,0.7374847531318665
"(4, 11)","(1.5, 1.0)",0.014652014710009098,0.738095223903656,0.738095223903656
"(3, 7)","(3.0, -1.0)",0.03907204046845436,0.738095223903656,0.738095223903656
"(4, 8)","(-1.0, -1.0)",0.49450549483299255,0.7387057542800903,0.7387057542800903
"(0, 1)","(-1.5, -2.0)",0.06898657232522964,0.7387057542800903,0.7387057542800903
"(0, 2)","(2.0, 3.0)",0.5219780206680298,0.7387057542800903,0.7387057542800903
"(2, 13)","(1.5, 3.0)",0.05189255252480507,0.7399267554283142,0.7399267554283142
"(7, 10)","(3.0, -2.0)",0.39316239953041077,0.7405372262001038,0.7405372262001038
"(3, 14)","(-1.0, -1.0)",0.341269850730896,0.7405372262001038,0.7405372262001038
"(0, 3)","(1.5, -1.0)",0.6996337175369263,0.7417582273483276,0.7417582273483276
"(10, 13)","(-1.5, 1.5)",0.45299145579338074,0.742368757724762,0.742368757724762
"(2, 4)","(-1.0, -1.5)",0.6214896440505981,0.742368757724762,0.742368757724762
"(6, 11)","(1.5, -1.0)",0.06227106228470802,0.7429792284965515,0.7429792284965515
"(2, 7)","(3.0, 3.0)",0.24786324799060822,0.7429792284965515,0.7429792284965515
"(4, 14)","(-2.0, -2.0)",0.7435897588729858,0.49633699655532837,0.7435897588729858
"(10, 11)","(1.0, 1.0)",0.025641025975346565,0.7442002296447754,0.7442002296447754
"(9, 14)","(-1.5, 1.5)",0.190476194024086,0.7442002296447754,0.7442002296447754
"(0, 7)","(3.0, -1.5)",0.0018315018387511373,0.7442002296447754,0.7442002296447754
"(4, 9)","(1.5, -1.5)",0.004273504484444857,0.7442002296447754,0.7442002296447754
"(0, 14)","(-1.5, -2.0)",0.02747252769768238,0.7448107600212097,0.7448107600212097
"(6, 10)","(2.0, -2.0)",0.48840048909187317,0.7448107600212097,0.7448107600212097
"(4, 11)","(2.0, 1.0)",0.012820512987673283,0.7454212307929993,0.7454212307929993
"(3, 8)","(1.5, -1.0)",0.053113553673028946,0.7454212307929993,0.7454212307929993
"(0, 4)","(1.5, -1.0)",0.7454212307929993,0.509768009185791,0.7454212307929993
"(10, 14)","(3.0, 3.0)",0.7460317611694336,0.509768009185791,0.7460317611694336
"(0, 10)","(-1.5, 3.0)",0.09829059988260269,0.7466422319412231,0.7466422319412231
"(7, 9)","(2.0, -1.5)",0.014652014710009098,0.7466422319412231,0.7466422319412231
"(7, 8)","(2.0, -1.0)",0.15689866244792938,0.7466422319412231,0.7466422319412231
"(4, 14)","(-1.0, 1.0)",0.7472527623176575,0.06715507060289383,0.7472527623176575
"(1, 2)","(-1.0, -1.5)",0.5079365372657776,0.7472527623176575,0.7472527623176575
"(4, 11)","(1.0, 1.0)",0.01404151413589716,0.7472527623176575,0.7472527623176575
"(8, 14)","(3.0, -2.0)",0.07509157806634903,0.7472527623176575,0.7472527623176575
"(0, 10)","(-2.0, 2.0)",0.03601953759789467,0.747863233089447,0.747863233089447
"(8, 11)","(1.0, -1.5)",0.14652015268802643,0.747863233089447,0.747863233089447
"(4, 5)","(2.0, -1.5)",0.3748473823070526,0.747863233089447,0.747863233089447
"(11, 14)","(1.0, 1.5)",0.4297924339771271,0.7484737634658813,0.7484737634658813
"(2, 9)","(1.5, -2.0)",0.0012210012646391988,0.7490842342376709,0.7490842342376709
"(10, 13)","(2.0, 1.5)",0.24420024454593658,0.7490842342376709,0.7490842342376709
"(2, 5)","(3.0, -1.0)",0.5231990218162537,0.7490842342376709,0.7490842342376709
"(8, 13)","(2.0, -2.0)",0.02747252769768238,0.7496947646141052,0.7496947646141052
"(9, 14)","(-1.5, -2.0)",0.015262515284121037,0.7503052353858948,0.7503052353858948
"(7, 9)","(1.5, -2.0)",0.014652014710009098,0.7509157657623291,0.7509157657623291
"(8, 9)","(-1.0, -1.0)",0.04884004965424538,0.7509157657623291,0.7509157657623291
"(0, 2)","(1.5, -1.0)",0.331501841545105,0.7509157657623291,0.7509157657623291
"(0, 3)","(3.0, -1.0)",0.14957265555858612,0.7509157657623291,0.7509157657623291
"(4, 8)","(1.5, -1.5)",0.0634920671582222,0.7515262365341187,0.7515262365341187
"(4, 8)","(2.0, -1.5)",0.06043956056237221,0.7515262365341187,0.7515262365341187
"(3, 13)","(1.0, 2.0)",0.07814408093690872,0.7515262365341187,0.7515262365341187
"(4, 9)","(-2.0, -1.5)",0.7338217496871948,0.7515262365341187,0.7515262365341187
"(8, 14)","(-1.0, -1.5)",0.05067155137658119,0.752136766910553,0.752136766910553
"(3, 4)","(3.0, -2.0)",0.4017094075679779,0.752136766910553,0.752136766910553
"(3, 10)","(-1.0, -1.0)",0.5439560413360596,0.752136766910553,0.752136766910553
"(9, 14)","(-1.5, 2.0)",0.44993895292282104,0.7527472376823425,0.7527472376823425
"(9, 14)","(-2.0, -1.5)",0.02014652080833912,0.7533577680587769,0.7533577680587769
"(6, 8)","(1.0, -1.5)",0.08608058840036392,0.7533577680587769,0.7533577680587769
"(8, 14)","(-1.5, 1.0)",0.19291819632053375,0.7533577680587769,0.7533577680587769
"(8, 10)","(-1.5, 1.5)",0.11050061136484146,0.7533577680587769,0.7533577680587769
"(8, 9)","(1.5, -2.0)",0.0067155067808926105,0.7533577680587769,0.7533577680587769
"(9, 14)","(-2.0, 1.0)",0.09340659528970718,0.7539682388305664,0.7539682388305664
"(8, 10)","(-1.5, 1.0)",0.08852259069681168,0.7539682388305664,0.7539682388305664
"(11, 14)","(-1.0, -1.5)",0.037851039320230484,0.7545787692070007,0.7545787692070007
"(4, 9)","(1.0, -2.0)",0.028693528845906258,0.7545787692070007,0.7545787692070007
"(8, 14)","(-1.5, 1.5)",0.271672785282135,0.7545787692070007,0.7545787692070007
"(1, 8)","(-1.5, -1.0)",0.14896215498447418,0.7545787692070007,0.7545787692070007
"(2, 9)","(1.0, -2.0)",0.008547008968889713,0.7551892399787903,0.7551892399787903
"(8, 9)","(2.0, -1.5)",0.021367521956562996,0.7551892399787903,0.7551892399787903
"(2, 13)","(3.0, 3.0)",0.32967033982276917,0.7557997703552246,0.7557997703552246
"(0, 1)","(1.0, 1.0)",0.5860806107521057,0.7557997703552246,0.7557997703552246
"(1, 4)","(1.5, 1.0)",0.1031746044754982,0.7564102411270142,0.7564102411270142
"(2, 10)","(-1.5, 1.5)",0.05433455482125282,0.7564102411270142,0.7564102411270142
"(1, 13)","(-1.0, 2.0)",0.05128205195069313,0.7564102411270142,0.7564102411270142
"(4, 7)","(3.0, -2.0)",0.006105006206780672,0.7564102411270142,0.7564102411270142
"(1, 13)","(-2.0, -1.5)",0.08180708438158035,0.7564102411270142,0.7564102411270142
"(8, 12)","(1.5, 1.0)",0.42918193340301514,0.7570207715034485,0.7570207715034485
"(7, 9)","(2.0, -2.0)",0.01953602023422718,0.7570207715034485,0.7570207715034485
"(4, 6)","(-2.0, 2.0)",0.757631242275238,0.7301587462425232,0.757631242275238
"(0, 6)","(1.5, 2.0)",0.22344322502613068,0.757631242275238,0.757631242275238
"(2, 9)","(2.0, -2.0)",0.022588523104786873,0.7582417726516724,0.7582417726516724
"(6, 9)","(2.0, -2.0)",0.021978022530674934,0.7582417726516724,0.7582417726516724
"(2, 13)","(1.0, 2.0)",0.0067155067808926105,0.7588522434234619,0.7588522434234619
"(9, 11)","(-1.0, -1.0)",0.05067155137658119,0.7594627737998962,0.7594627737998962
"(4, 8)","(1.0, -1.5)",0.07387057691812515,0.7594627737998962,0.7594627737998962
"(9, 14)","(-2.0, 1.5)",0.1984127014875412,0.7600732445716858,0.7600732445716858
"(4, 13)","(-1.5, -2.0)",0.5457875728607178,0.7600732445716858,0.7600732445716858
"(7, 8)","(1.0, -1.5)",0.08363858610391617,0.7600732445716858,0.7600732445716858
"(5, 11)","(2.0, -1.5)",0.05250305309891701,0.7600732445716858,0.7600732445716858
"(8, 13)","(-1.0, -1.0)",0.07875458151102066,0.7600732445716858,0.7600732445716858
"(4, 9)","(-1.5, -2.0)",0.4035409092903137,0.7606837749481201,0.7606837749481201
"(7, 10)","(-2.0, 2.0)",0.46886447072029114,0.7612942457199097,0.7612942457199097
"(4, 9)","(2.0, -1.5)",0.004884005058556795,0.7612942457199097,0.7612942457199097
"(7, 13)","(1.0, 2.0)",0.037240538746118546,0.7612942457199097,0.7612942457199097
"(6, 7)","(2.0, -1.0)",0.004884005058556795,0.761904776096344,0.761904776096344
"(4, 14)","(-2.0, -1.5)",0.7625152468681335,0.470085471868515,0.7625152468681335
"(3, 14)","(-1.0, 3.0)",0.6971917152404785,0.7637362480163574,0.7637362480163574
"(10, 13)","(2.0, -2.0)",0.0873015895485878,0.7643467783927917,0.7643467783927917
"(4, 7)","(-1.5, -1.5)",0.7643467783927917,0.6355311274528503,0.7643467783927917
"(9, 14)","(-2.0, -2.0)",0.025641025975346565,0.7643467783927917,0.7643467783927917
"(2, 4)","(-1.5, 2.0)",0.05250305309891701,0.7643467783927917,0.7643467783927917
"(3, 6)","(-1.0, 1.5)",0.36752137541770935,0.7655677795410156,0.7655677795410156
"(0, 5)","(-2.0, 3.0)",0.02808302827179432,0.7661782503128052,0.7661782503128052
"(0, 7)","(-1.0, 3.0)",0.10195360332727432,0.767399251461029,0.767399251461029
"(6, 7)","(2.0, 3.0)",0.06471306830644608,0.767399251461029,0.767399251461029
"(4, 8)","(-1.5, 1.0)",0.767399251461029,0.10683760792016983,0.767399251461029
"(8, 11)","(1.5, -1.5)",0.15201465785503387,0.7680097818374634,0.7680097818374634
"(7, 8)","(-1.5, 3.0)",0.25152626633644104,0.7680097818374634,0.7680097818374634
"(13, 14)","(-2.0, -2.0)",0.03663003817200661,0.7680097818374634,0.7680097818374634
"(8, 10)","(-1.0, -1.5)",0.12026862055063248,0.7686202526092529,0.7686202526092529
"(6, 13)","(1.0, 2.0)",0.014652014710009098,0.7686202526092529,0.7686202526092529
"(9, 10)","(-1.5, -1.5)",0.02442002482712269,0.7698412537574768,0.7698412537574768
"(10, 13)","(-1.5, -2.0)",0.05067155137658119,0.7704517841339111,0.7704517841339111
"(1, 14)","(1.0, -1.0)",0.05677655711770058,0.7710622549057007,0.7710622549057007
"(8, 14)","(-1.5, 2.0)",0.39621490240097046,0.7710622549057007,0.7710622549057007
"(7, 11)","(1.0, 1.0)",0.00976801011711359,0.771672785282135,0.771672785282135
"(6, 13)","(2.0, -2.0)",0.033577535301446915,0.771672785282135,0.771672785282135
"(3, 9)","(-1.0, -1.0)",0.45482295751571655,0.7722832560539246,0.7722832560539246
"(7, 8)","(-1.0, -1.0)",0.04273504391312599,0.7722832560539246,0.7722832560539246
"(1, 8)","(1.5, 1.0)",0.14652015268802643,0.7722832560539246,0.7722832560539246
"(9, 10)","(-2.0, -1.0)",0.009157509543001652,0.7722832560539246,0.7722832560539246
"(5, 9)","(1.0, -2.0)",0.003052503103390336,0.7735042572021484,0.7735042572021484
"(13, 14)","(1.5, -2.0)",0.03846153989434242,0.7735042572021484,0.7735042572021484
"(9, 10)","(-1.5, -2.0)",0.4255189299583435,0.7741147875785828,0.7741147875785828
"(10, 11)","(1.5, 1.0)",0.04700854793190956,0.7741147875785828,0.7741147875785828
"(8, 11)","(2.0, 1.0)",0.4273504316806793,0.7741147875785828,0.7741147875785828
"(8, 10)","(-1.5, 2.0)",0.15140415728092194,0.7741147875785828,0.7741147875785828
"(7, 9)","(3.0, -1.5)",0.03418803587555885,0.7741147875785828,0.7741147875785828
"(12, 13)","(1.0, 1.0)",0.2686202824115753,0.7747252583503723,0.7747252583503723
"(2, 8)","(-1.5, 2.0)",0.05250305309891701,0.7747252583503723,0.7747252583503723
"(0, 8)","(-2.0, 2.0)",0.0793650820851326,0.7753357887268066,0.7753357887268066
"(2, 11)","(2.0, 1.0)",0.00976801011711359,0.7753357887268066,0.7753357887268066
"(9, 14)","(-1.5, 3.0)",0.5805860757827759,0.7759462594985962,0.7759462594985962
"(8, 12)","(1.0, 1.0)",0.1111111119389534,0.7765567898750305,0.7765567898750305
"(4, 6)","(-2.0, 1.5)",0.7765567898750305,0.46092796325683594,0.7765567898750305
"(5, 8)","(2.0, -1.5)",0.032967034727334976,0.7771672606468201,0.7771672606468201
"(11, 14)","(1.0, 2.0)",0.4377289414405823,0.7771672606468201,0.7771672606468201
"(3, 11)","(1.0, 1.0)",0.028693528845906258,0.7777777910232544,0.7777777910232544
"(7, 10)","(-1.5, -2.0)",0.4743589758872986,0.7777777910232544,0.7777777910232544
"(0, 7)","(1.0, 3.0)",0.5164835453033447,0.778388261795044,0.778388261795044
"(3, 7)","(-1.0, 2.0)",0.3559218645095825,0.778388261795044,0.778388261795044
"(5, 11)","(1.5, -1.5)",0.037240538746118546,0.778388261795044,0.778388261795044
"(4, 9)","(-2.0, -1.0)",0.7789987921714783,0.46459096670150757,0.7789987921714783
"(7, 12)","(1.5, 1.0)",0.010989011265337467,0.7789987921714783,0.7789987921714783
"(6, 12)","(1.0, 1.0)",0.014652014710009098,0.7789987921714783,0.7789987921714783
"(5, 9)","(2.0, -2.0)",0.004884005058556795,0.7789987921714783,0.7789987921714783
"(1, 2)","(1.0, 3.0)",0.16483516991138458,0.7789987921714783,0.7789987921714783
"(9, 14)","(-2.0, 2.0)",0.4383394420146942,0.7796092629432678,0.7796092629432678
"(1, 13)","(1.5, 2.0)",0.13553114235401154,0.7796092629432678,0.7796092629432678
"(0, 11)","(3.0, 2.0)",0.018315019086003304,0.7796092629432678,0.7796092629432678
"(1, 6)","(1.0, 1.5)",0.09768009930849075,0.7796092629432678,0.7796092629432678
"(1, 9)","(1.0, -1.0)",0.07387057691812515,0.7802197933197021,0.7802197933197021
"(2, 5)","(-1.5, 3.0)",0.0067155067808926105,0.7808302640914917,0.7808302640914917
"(1, 13)","(1.5, 1.5)",0.13553114235401154,0.7808302640914917,0.7808302640914917
"(8, 11)","(1.5, 1.5)",0.4444444477558136,0.7808302640914917,0.7808302640914917
"(9, 13)","(-1.5, 1.0)",0.0024420025292783976,0.7808302640914917,0.7808302640914917
"(5, 9)","(1.5, -2.0)",0.0006105006323195994,0.7808302640914917,0.7808302640914917
"(1, 3)","(2.0, 2.0)",0.13919414579868317,0.7808302640914917,0.7808302640914917
"(4, 12)","(-1.0, 1.0)",0.22588522732257843,0.781440794467926,0.781440794467926
"(4, 8)","(3.0, -1.5)",0.057387057691812515,0.7820512652397156,0.7820512652397156
"(4, 5)","(3.0, -1.5)",0.22405372560024261,0.7820512652397156,0.7820512652397156
"(5, 9)","(1.0, 1.0)",0.061660561710596085,0.7832722663879395,0.7832722663879395
"(4, 8)","(-1.5, -1.0)",0.5958486199378967,0.7832722663879395,0.7832722663879395
"(0, 7)","(-2.0, 1.5)",0.021367521956562996,0.7832722663879395,0.7832722663879395
"(2, 9)","(1.5, 1.0)",0.02747252769768238,0.7832722663879395,0.7832722663879395
"(9, 10)","(-2.0, -1.5)",0.029914529994130135,0.7838827967643738,0.7838827967643738
"(10, 13)","(-2.0, -2.0)",0.514041543006897,0.7838827967643738,0.7838827967643738
"(10, 13)","(3.0, 1.0)",0.5421245694160461,0.7838827967643738,0.7838827967643738
"(6, 8)","(3.0, 1.5)",0.02319902367889881,0.7838827967643738,0.7838827967643738
"(8, 9)","(1.0, -2.0)",0.026251526549458504,0.7838827967643738,0.7838827967643738
"(7, 14)","(-2.0, -1.0)",0.05677655711770058,0.7838827967643738,0.7838827967643738
"(0, 8)","(2.0, -1.5)",0.5512820482254028,0.7844932675361633,0.7844932675361633
"(2, 14)","(-1.5, 2.0)",0.32967033982276917,0.7844932675361633,0.7844932675361633
"(1, 4)","(1.0, -1.0)",0.7704517841339111,0.7844932675361633,0.7844932675361633
"(2, 12)","(1.0, 1.0)",0.22954823076725006,0.7844932675361633,0.7844932675361633
"(7, 12)","(1.0, 1.0)",0.014652014710009098,0.7844932675361633,0.7844932675361633
"(0, 9)","(2.0, 3.0)",0.5824176073074341,0.7851037979125977,0.7851037979125977
"(2, 12)","(1.5, 1.0)",0.037851039320230484,0.7857142686843872,0.7857142686843872
"(3, 14)","(-1.0, -1.5)",0.34371185302734375,0.7857142686843872,0.7857142686843872
"(7, 12)","(2.0, 1.0)",0.010989011265337467,0.7863247990608215,0.7863247990608215
"(5, 6)","(-2.0, 1.5)",0.7863247990608215,0.6593406796455383,0.7863247990608215
"(10, 13)","(3.0, -1.5)",0.5641025900840759,0.7863247990608215,0.7863247990608215
"(7, 13)","(3.0, 1.5)",0.03235653415322304,0.7863247990608215,0.7863247990608215
"(4, 9)","(1.5, -2.0)",0.029304029420018196,0.7869352698326111,0.7869352698326111
"(3, 9)","(3.0, -2.0)",0.028693528845906258,0.7869352698326111,0.7869352698326111
"(3, 9)","(2.0, -2.0)",0.0018315018387511373,0.7869352698326111,0.7869352698326111
"(3, 7)","(1.5, -2.0)",0.010989011265337467,0.7869352698326111,0.7869352698326111
"(3, 14)","(3.0, 3.0)",0.5567765831947327,0.7875458002090454,0.7875458002090454
"(0, 11)","(2.0, -2.0)",0.6361416578292847,0.7875458002090454,0.7875458002090454
"(0, 8)","(3.0, -1.5)",0.22771672904491425,0.7875458002090454,0.7875458002090454
"(3, 9)","(3.0, 3.0)",0.13369964063167572,0.7875458002090454,0.7875458002090454
"(8, 9)","(2.0, -2.0)",0.020757021382451057,0.7875458002090454,0.7875458002090454
"(1, 10)","(1.0, -1.5)",0.5152625441551208,0.788156270980835,0.788156270980835
"(10, 12)","(-1.0, 1.0)",0.43406593799591064,0.788156270980835,0.788156270980835
"(4, 11)","(3.0, 1.0)",0.011599511839449406,0.788156270980835,0.788156270980835
"(8, 9)","(3.0, -1.5)",0.09584859758615494,0.7887668013572693,0.7887668013572693
"(1, 9)","(-1.0, -1.5)",0.0714285746216774,0.7887668013572693,0.7887668013572693
"(12, 14)","(1.0, -1.0)",0.012820512987673283,0.7887668013572693,0.7887668013572693
"(11, 14)","(1.0, -2.0)",0.10378510504961014,0.7893772721290588,0.7893772721290588
"(11, 14)","(1.0, -1.0)",0.025030525401234627,0.7893772721290588,0.7893772721290588
"(3, 11)","(1.0, 1.5)",0.3632478713989258,0.7893772721290588,0.7893772721290588
"(11, 13)","(1.0, -1.0)",0.006105006206780672,0.7893772721290588,0.7893772721290588
"(0, 4)","(-1.5, -2.0)",0.38522589206695557,0.7893772721290588,0.7893772721290588
"(6, 13)","(2.0, 1.5)",0.0024420025292783976,0.7893772721290588,0.7893772721290588
"(3, 9)","(3.0, 1.0)",0.08058608323335648,0.7893772721290588,0.7893772721290588
"(4, 11)","(-1.0, 1.0)",0.23199023306369781,0.7893772721290588,0.7893772721290588
"(11, 14)","(1.0, -1.5)",0.08119658380746841,0.7893772721290588,0.7893772721290588
"(4, 11)","(-1.5, 1.0)",0.7551892399787903,0.7893772721290588,0.7893772721290588
"(7, 11)","(1.5, 1.0)",0.008547008968889713,0.7899878025054932,0.7899878025054932
"(6, 11)","(1.5, 1.0)",0.007326007355004549,0.7899878025054932,0.7899878025054932
"(6, 11)","(2.0, 1.0)",0.008547008968889713,0.7899878025054932,0.7899878025054932
"(6, 12)","(1.5, 1.0)",0.01404151413589716,0.7899878025054932,0.7899878025054932
"(6, 9)","(1.0, 1.0)",0.08608058840036392,0.7899878025054932,0.7899878025054932
"(10, 12)","(1.0, 1.0)",0.02808302827179432,0.7899878025054932,0.7899878025054932
"(7, 11)","(2.0, 1.0)",0.0067155067808926105,0.7899878025054932,0.7899878025054932
"(4, 8)","(-1.5, 3.0)",0.7905982732772827,0.7081807255744934,0.7905982732772827
"(8, 11)","(3.0, 1.0)",0.36935287714004517,0.7905982732772827,0.7905982732772827
"(4, 14)","(-2.0, -1.0)",0.7905982732772827,0.45299145579338074,0.7905982732772827
"(7, 13)","(3.0, -2.0)",0.15811966359615326,0.7905982732772827,0.7905982732772827
"(4, 12)","(1.5, 1.0)",0.017704518511891365,0.7905982732772827,0.7905982732772827
"(3, 11)","(1.5, 1.0)",0.037240538746118546,0.791208803653717,0.791208803653717
"(4, 12)","(1.0, 1.0)",0.018925519660115242,0.791208803653717,0.791208803653717
"(6, 8)","(2.0, 3.0)",0.022588523104786873,0.791208803653717,0.791208803653717
"(7, 11)","(3.0, 1.0)",0.01587301678955555,0.791208803653717,0.791208803653717
"(7, 9)","(1.0, 1.0)",0.14957265555858612,0.791208803653717,0.791208803653717
"(4, 11)","(-1.5, 1.5)",0.6947497129440308,0.7918192744255066,0.7918192744255066
"(4, 9)","(3.0, -1.5)",0.004884005058556795,0.7918192744255066,0.7918192744255066
"(4, 11)","(1.5, 1.5)",0.28998780250549316,0.7918192744255066,0.7918192744255066
"(4, 11)","(2.0, -1.5)",0.0067155067808926105,0.7918192744255066,0.7918192744255066
"(3, 11)","(1.5, 1.5)",0.24786324799060822,0.7918192744255066,0.7918192744255066
"(4, 12)","(2.0, 1.0)",0.014652014710009098,0.7918192744255066,0.7918192744255066
"(11, 14)","(1.5, -1.5)",0.2967033088207245,0.7918192744255066,0.7918192744255066
"(11, 14)","(1.5, -2.0)",0.24664224684238434,0.7918192744255066,0.7918192744255066
"(1, 11)","(-1.0, 1.0)",0.23443223536014557,0.7918192744255066,0.7918192744255066
"(2, 9)","(2.0, 1.0)",0.09035409241914749,0.7918192744255066,0.7918192744255066
"(9, 13)","(1.0, 1.0)",0.09951160103082657,0.7924298048019409,0.7924298048019409
"(4, 11)","(3.0, 1.5)",0.28021979331970215,0.7924298048019409,0.7924298048019409
"(4, 12)","(3.0, 1.0)",0.015262515284121037,0.7924298048019409,0.7924298048019409
"(4, 11)","(2.0, 1.5)",0.28205129504203796,0.7924298048019409,0.7924298048019409
"(7, 11)","(1.5, 1.5)",0.15689866244792938,0.7924298048019409,0.7924298048019409
"(7, 11)","(2.0, 1.5)",0.08119658380746841,0.7924298048019409,0.7924298048019409
"(7, 9)","(1.5, 1.0)",0.09035409241914749,0.7924298048019409,0.7924298048019409
"(4, 12)","(1.5, 1.5)",0.4126984179019928,0.7924298048019409,0.7924298048019409
"(2, 11)","(1.5, 1.5)",0.10683760792016983,0.7924298048019409,0.7924298048019409
"(4, 11)","(1.0, 1.5)",0.30708181858062744,0.7930402755737305,0.7930402755737305
"(4, 9)","(-2.0, -2.0)",0.7484737634658813,0.7930402755737305,0.7930402755737305
"(7, 11)","(3.0, 1.5)",0.014652014710009098,0.7930402755737305,0.7930402755737305
"(6, 11)","(1.0, -1.5)",0.10927961021661758,0.7930402755737305,0.7930402755737305
"(4, 12)","(3.0, 1.5)",0.3687423765659332,0.7930402755737305,0.7930402755737305
"(6, 10)","(3.0, -1.0)",0.02380952425301075,0.7930402755737305,0.7930402755737305
"(11, 14)","(1.5, 1.5)",0.4462759494781494,0.7930402755737305,0.7930402755737305
"(9, 13)","(-1.5, -2.0)",0.04029304161667824,0.7930402755737305,0.7930402755737305
"(12, 14)","(1.0, -2.0)",0.09401709586381912,0.7930402755737305,0.7930402755737305
"(4, 11)","(-1.0, 1.5)",0.4908424913883209,0.7930402755737305,0.7930402755737305
"(4, 12)","(1.0, 1.5)",0.4194139242172241,0.7930402755737305,0.7930402755737305
"(4, 12)","(2.0, 1.5)",0.3821733891963959,0.7930402755737305,0.7930402755737305
"(11, 14)","(1.5, 2.0)",0.44810745120048523,0.7930402755737305,0.7930402755737305
"(11, 14)","(1.5, 1.0)",0.4395604431629181,0.7930402755737305,0.7930402755737305
"(11, 14)","(1.5, -1.0)",0.3351648449897766,0.7930402755737305,0.7930402755737305
"(0, 8)","(3.0, -2.0)",0.28693529963493347,0.7930402755737305,0.7930402755737305
"(11, 14)","(1.0, 3.0)",0.5396825671195984,0.7930402755737305,0.7930402755737305
"(11, 14)","(1.5, 3.0)",0.5219780206680298,0.7930402755737305,0.7930402755737305
"(12, 14)","(1.0, -1.5)",0.04273504391312599,0.7930402755737305,0.7930402755737305
"(8, 12)","(3.0, 1.0)",0.45604395866394043,0.7936508059501648,0.7936508059501648
"(8, 9)","(2.0, 1.0)",0.05921855941414833,0.7936508059501648,0.7936508059501648
"(6, 11)","(1.5, 1.5)",0.14346764981746674,0.7936508059501648,0.7936508059501648
"(8, 11)","(3.0, 1.5)",0.06776557117700577,0.7936508059501648,0.7936508059501648
"(6, 8)","(3.0, 2.0)",0.013431013561785221,0.7936508059501648,0.7936508059501648
"(12, 13)","(1.0, -1.0)",0.012820512987673283,0.7936508059501648,0.7936508059501648
"(9, 13)","(-2.0, -1.5)",0.04029304161667824,0.7936508059501648,0.7936508059501648
"(4, 6)","(1.5, 3.0)",0.02319902367889881,0.7936508059501648,0.7936508059501648
"(12, 14)","(1.5, -2.0)",0.27228328585624695,0.7936508059501648,0.7936508059501648
"(4, 6)","(1.0, 3.0)",0.026862027123570442,0.7936508059501648,0.7936508059501648
"(10, 11)","(1.0, 1.5)",0.43406593799591064,0.7936508059501648,0.7936508059501648
"(8, 12)","(3.0, 1.5)",0.14407815039157867,0.7936508059501648,0.7936508059501648
"(10, 11)","(-1.5, -1.0)",0.4932844936847687,0.7936508059501648,0.7936508059501648
"(11, 13)","(1.0, -1.5)",0.005494505632668734,0.7936508059501648,0.7936508059501648
"(6, 11)","(1.0, 1.5)",0.29609280824661255,0.7936508059501648,0.7936508059501648
"(5, 9)","(3.0, 3.0)",0.23870573937892914,0.7936508059501648,0.7936508059501648
"(10, 11)","(2.0, 1.0)",0.0555555559694767,0.7936508059501648,0.7936508059501648
"(6, 8)","(-1.0, 2.0)",0.11355311423540115,0.7936508059501648,0.7936508059501648
"(4, 12)","(-1.5, 1.5)",0.7930402755737305,0.7942612767219543,0.7942612767219543
"(7, 11)","(1.0, 1.5)",0.29120880365371704,0.7942612767219543,0.7942612767219543
"(10, 11)","(1.5, 1.5)",0.39621490240097046,0.7942612767219543,0.7942612767219543
"(10, 11)","(2.0, 1.5)",0.4316239356994629,0.7942612767219543,0.7942612767219543
"(4, 12)","(-1.0, 1.5)",0.6098901033401489,0.7942612767219543,0.7942612767219543
"(6, 13)","(3.0, 1.0)",0.010378510691225529,0.7942612767219543,0.7942612767219543
"(3, 12)","(1.0, 1.5)",0.4285714328289032,0.7942612767219543,0.7942612767219543
"(12, 14)","(1.5, -1.0)",0.29304030537605286,0.7942612767219543,0.7942612767219543
"(4, 6)","(-2.0, 3.0)",0.6092796325683594,0.7942612767219543,0.7942612767219543
"(1, 8)","(-1.0, -1.5)",0.2173382192850113,0.7942612767219543,0.7942612767219543
"(12, 14)","(1.5, -1.5)",0.27899879217147827,0.7942612767219543,0.7942612767219543
"(3, 12)","(1.0, 2.0)",0.5781440734863281,0.7948718070983887,0.7948718070983887
"(5, 9)","(1.5, 1.0)",0.045177046209573746,0.7948718070983887,0.7948718070983887
"(3, 12)","(1.5, 1.5)",0.38522589206695557,0.7948718070983887,0.7948718070983887
"(12, 14)","(1.5, 1.0)",0.5109890103340149,0.7948718070983887,0.7948718070983887
"(10, 11)","(1.0, -1.5)",0.15323565900325775,0.7948718070983887,0.7948718070983887
"(1, 4)","(1.5, 1.5)",0.08302808552980423,0.7948718070983887,0.7948718070983887
"(7, 12)","(1.5, 1.5)",0.11172161251306534,0.7948718070983887,0.7948718070983887
"(12, 14)","(1.5, 1.5)",0.5128205418586731,0.7948718070983887,0.7948718070983887
"(4, 12)","(-1.0, -1.0)",0.5567765831947327,0.7948718070983887,0.7948718070983887
"(8, 11)","(1.0, 1.5)",0.4377289414405823,0.7948718070983887,0.7948718070983887
"(4, 6)","(3.0, 3.0)",0.021367521956562996,0.7954822778701782,0.7954822778701782
"(3, 11)","(1.5, 2.0)",0.4346764385700226,0.7954822778701782,0.7954822778701782
"(0, 11)","(1.5, -2.0)",0.6929181814193726,0.7954822778701782,0.7954822778701782
"(4, 12)","(3.0, 2.0)",0.5622710585594177,0.7954822778701782,0.7954822778701782
"(6, 12)","(1.0, 1.5)",0.3669108748435974,0.7954822778701782,0.7954822778701782
"(7, 9)","(3.0, -2.0)",0.037240538746118546,0.7954822778701782,0.7954822778701782
"(1, 6)","(1.5, 1.0)",0.13919414579868317,0.7954822778701782,0.7954822778701782
"(6, 12)","(1.5, 1.5)",0.12515263259410858,0.7954822778701782,0.7954822778701782
"(0, 3)","(2.0, -1.0)",0.583638608455658,0.7954822778701782,0.7954822778701782
"(7, 12)","(1.0, 1.5)",0.33089134097099304,0.7954822778701782,0.7954822778701782
"(7, 12)","(2.0, 1.5)",0.03113553114235401,0.7954822778701782,0.7954822778701782
"(4, 6)","(2.0, 3.0)",0.021367521956562996,0.7954822778701782,0.7954822778701782
"(6, 11)","(2.0, 1.5)",0.057387057691812515,0.7954822778701782,0.7954822778701782
"(12, 14)","(1.0, 2.0)",0.4444444477558136,0.7954822778701782,0.7954822778701782
"(0, 14)","(-2.0, -1.0)",0.020757021382451057,0.7960928082466125,0.7960928082466125
"(6, 8)","(3.0, 1.0)",0.02747252769768238,0.7960928082466125,0.7960928082466125
"(8, 12)","(1.0, 1.5)",0.4743589758872986,0.7960928082466125,0.7960928082466125
"(10, 11)","(-1.0, 1.0)",0.42796093225479126,0.7960928082466125,0.7960928082466125
"(12, 14)","(1.0, 1.5)",0.43589743971824646,0.7960928082466125,0.7960928082466125
"(12, 14)","(1.5, 2.0)",0.5146520137786865,0.7960928082466125,0.7960928082466125
"(7, 10)","(-2.0, -1.0)",0.4346764385700226,0.7960928082466125,0.7960928082466125
"(10, 12)","(1.0, 1.5)",0.48656898736953735,0.7960928082466125,0.7960928082466125
"(4, 12)","(2.0, 2.0)",0.5579975843429565,0.7967032790184021,0.7967032790184021
"(8, 12)","(3.0, 2.0)",0.06288156658411026,0.7967032790184021,0.7967032790184021
"(1, 14)","(1.0, -1.5)",0.04822954908013344,0.7967032790184021,0.7967032790184021
"(4, 6)","(-1.5, 3.0)",0.5036630034446716,0.7967032790184021,0.7967032790184021
"(12, 14)","(1.5, 3.0)",0.5329670310020447,0.7967032790184021,0.7967032790184021
"(2, 9)","(1.0, 1.0)",0.08363858610391617,0.7967032790184021,0.7967032790184021
"(12, 14)","(2.0, -2.0)",0.4920634925365448,0.7967032790184021,0.7967032790184021
"(1, 7)","(1.0, 2.0)",0.1428571492433548,0.7967032790184021,0.7967032790184021
"(11, 14)","(-1.5, 1.0)",0.5866910815238953,0.7967032790184021,0.7967032790184021
"(4, 11)","(1.5, -1.5)",0.010989011265337467,0.7967032790184021,0.7967032790184021
"(10, 12)","(2.0, 1.5)",0.5494505763053894,0.7973138093948364,0.7973138093948364
"(6, 12)","(2.0, 1.5)",0.0634920671582222,0.7973138093948364,0.7973138093948364
"(10, 12)","(1.5, 1.5)",0.5146520137786865,0.7973138093948364,0.7973138093948364
"(7, 9)","(2.0, 1.0)",0.07814408093690872,0.7973138093948364,0.7973138093948364
"(5, 14)","(-1.5, -2.0)",0.49755799770355225,0.7973138093948364,0.7973138093948364
"(9, 12)","(-1.0, 1.0)",0.015262515284121037,0.7973138093948364,0.7973138093948364
"(4, 6)","(3.0, -1.0)",0.0036630036775022745,0.7973138093948364,0.7973138093948364
"(12, 14)","(1.0, 3.0)",0.5482295751571655,0.7973138093948364,0.7973138093948364
"(3, 12)","(1.5, 2.0)",0.5592185854911804,0.7973138093948364,0.7973138093948364
"(6, 8)","(3.0, 3.0)",0.0006105006323195994,0.7973138093948364,0.7973138093948364
"(0, 6)","(2.0, 2.0)",0.12148962169885635,0.797924280166626,0.797924280166626
"(12, 14)","(1.0, 1.0)",0.2271062284708023,0.797924280166626,0.797924280166626
"(1, 2)","(1.5, 2.0)",0.16239316761493683,0.797924280166626,0.797924280166626
"(2, 12)","(1.0, 1.5)",0.4780219793319702,0.797924280166626,0.797924280166626
"(12, 13)","(1.5, -1.0)",0.28632479906082153,0.797924280166626,0.797924280166626
"(0, 10)","(-2.0, -1.0)",0.10866910964250565,0.7985348105430603,0.7985348105430603
"(2, 8)","(2.0, -1.5)",0.07387057691812515,0.7985348105430603,0.7985348105430603
"(9, 10)","(-2.0, 2.0)",0.05494505539536476,0.7985348105430603,0.7985348105430603
"(3, 9)","(3.0, 2.0)",0.11721611768007278,0.7985348105430603,0.7985348105430603
"(12, 13)","(1.0, 1.5)",0.21062271296977997,0.7985348105430603,0.7985348105430603
"(4, 6)","(2.0, -1.0)",0.010989011265337467,0.7991452813148499,0.7991452813148499
"(0, 11)","(1.0, 1.0)",0.32295483350753784,0.7991452813148499,0.7991452813148499
"(1, 14)","(1.5, 1.0)",0.2735042870044708,0.7991452813148499,0.7991452813148499
"(4, 12)","(-1.5, 2.0)",0.7820512652397156,0.7997558116912842,0.7997558116912842
"(6, 8)","(-1.0, 3.0)",0.21184371411800385,0.7997558116912842,0.7997558116912842
"(9, 13)","(-2.0, 1.0)",0.0024420025292783976,0.7997558116912842,0.7997558116912842
"(3, 12)","(1.5, 1.0)",0.01953602023422718,0.7997558116912842,0.7997558116912842
"(9, 11)","(1.0, 1.0)",0.10744810849428177,0.7997558116912842,0.7997558116912842
"(6, 12)","(2.0, 1.0)",0.009157509543001652,0.8003662824630737,0.8003662824630737
"(11, 14)","(-1.5, 1.5)",0.6434676647186279,0.8003662824630737,0.8003662824630737
"(3, 10)","(3.0, 3.0)",0.13431014120578766,0.8003662824630737,0.8003662824630737
"(9, 14)","(1.0, -1.0)",0.006105006206780672,0.8003662824630737,0.8003662824630737
"(0, 2)","(2.0, -1.0)",0.22466422617435455,0.8003662824630737,0.8003662824630737
"(3, 12)","(1.0, 1.0)",0.01587301678955555,0.8009768128395081,0.8009768128395081
"(4, 12)","(1.5, 2.0)",0.5659340620040894,0.8009768128395081,0.8009768128395081
"(4, 6)","(-1.0, 3.0)",0.4456654489040375,0.8009768128395081,0.8009768128395081
"(9, 10)","(1.0, -1.5)",0.4493284523487091,0.8015872836112976,0.8015872836112976
"(12, 14)","(2.0, -1.5)",0.5006105303764343,0.8015872836112976,0.8015872836112976
"(0, 11)","(-1.0, -1.0)",0.09706959873437881,0.8015872836112976,0.8015872836112976
"(4, 12)","(-1.5, 1.0)",0.8015872836112976,0.7924298048019409,0.8015872836112976
"(4, 13)","(1.0, 2.0)",0.014652014710009098,0.8015872836112976,0.8015872836112976
"(6, 14)","(3.0, -2.0)",0.02747252769768238,0.8015872836112976,0.8015872836112976
"(7, 12)","(3.0, 1.0)",0.025030525401234627,0.8015872836112976,0.8015872836112976
"(5, 11)","(1.0, 1.0)",0.02808302827179432,0.8015872836112976,0.8015872836112976
"(12, 13)","(1.0, -1.5)",0.011599511839449406,0.8021978139877319,0.8021978139877319
"(4, 9)","(2.0, -2.0)",0.02747252769768238,0.8021978139877319,0.8021978139877319
"(9, 10)","(1.0, -1.0)",0.38827839493751526,0.8021978139877319,0.8021978139877319
"(8, 13)","(3.0, -1.5)",0.12210012227296829,0.8021978139877319,0.8021978139877319
"(5, 10)","(-1.0, -2.0)",0.7515262365341187,0.8021978139877319,0.8021978139877319
"(9, 10)","(1.0, -2.0)",0.5720390677452087,0.8028082847595215,0.8028082847595215
"(7, 12)","(2.0, 2.0)",0.5268620252609253,0.8028082847595215,0.8028082847595215
"(3, 13)","(-1.0, -1.0)",0.4920634925365448,0.8034188151359558,0.8034188151359558
"(3, 8)","(3.0, 3.0)",0.06410256773233414,0.8034188151359558,0.8034188151359558
"(10, 12)","(2.0, 1.0)",0.057997558265924454,0.8034188151359558,0.8034188151359558
"(10, 12)","(1.5, 1.0)",0.04822954908013344,0.8034188151359558,0.8034188151359558
"(7, 12)","(3.0, 1.5)",0.02014652080833912,0.8040292859077454,0.8040292859077454
"(12, 13)","(-1.0, 1.0)",0.05860805884003639,0.8040292859077454,0.8040292859077454
"(11, 13)","(1.5, -1.0)",0.27899879217147827,0.8040292859077454,0.8040292859077454
"(11, 12)","(1.0, 1.0)",0.7307692170143127,0.8040292859077454,0.8040292859077454
"(8, 9)","(1.0, 1.0)",0.15140415728092194,0.8046398162841797,0.8046398162841797
"(2, 12)","(1.5, 1.5)",0.2588522732257843,0.8046398162841797,0.8046398162841797
"(3, 12)","(2.0, -1.0)",0.05067155137658119,0.8046398162841797,0.8046398162841797
"(3, 11)","(1.0, 2.0)",0.5024420022964478,0.8046398162841797,0.8046398162841797
"(2, 11)","(1.0, 1.5)",0.3766788840293884,0.8046398162841797,0.8046398162841797
"(13, 14)","(1.5, 3.0)",0.6074481010437012,0.8046398162841797,0.8046398162841797
"(6, 12)","(1.0, -1.0)",0.0555555559694767,0.8046398162841797,0.8046398162841797
"(9, 12)","(-1.0, -1.0)",0.045177046209573746,0.8046398162841797,0.8046398162841797
"(11, 13)","(-1.0, 1.0)",0.05921855941414833,0.8046398162841797,0.8046398162841797
"(6, 14)","(3.0, -1.5)",0.025641025975346565,0.8046398162841797,0.8046398162841797
"(1, 3)","(1.5, 1.5)",0.1190476194024086,0.8052502870559692,0.8052502870559692
"(6, 9)","(3.0, -1.0)",0.02442002482712269,0.8052502870559692,0.8052502870559692
"(2, 9)","(1.5, 3.0)",0.3443223536014557,0.8052502870559692,0.8052502870559692
"(10, 12)","(-1.5, 1.0)",0.47069597244262695,0.8052502870559692,0.8052502870559692
"(7, 12)","(1.5, -1.0)",0.06471306830644608,0.8052502870559692,0.8052502870559692
"(3, 9)","(2.0, 1.0)",0.06654457002878189,0.8052502870559692,0.8052502870559692
"(3, 9)","(1.0, 1.0)",0.2606837749481201,0.8052502870559692,0.8052502870559692
"(6, 9)","(1.5, 1.0)",0.022588523104786873,0.8058608174324036,0.8058608174324036
"(7, 12)","(1.0, -1.0)",0.05433455482125282,0.8058608174324036,0.8058608174324036
"(7, 12)","(1.5, 2.0)",0.5396825671195984,0.8058608174324036,0.8058608174324036
"(12, 14)","(2.0, 3.0)",0.6007326245307922,0.8058608174324036,0.8058608174324036
"(5, 11)","(2.0, 1.5)",0.00976801011711359,0.8058608174324036,0.8058608174324036
"(4, 5)","(1.0, -2.0)",0.5488400459289551,0.8058608174324036,0.8058608174324036
"(8, 12)","(1.0, -1.0)",0.07326007634401321,0.8058608174324036,0.8058608174324036
"(6, 7)","(3.0, 1.5)",0.02319902367889881,0.8058608174324036,0.8058608174324036
"(8, 11)","(1.5, 2.0)",0.3235653340816498,0.8064712882041931,0.8064712882041931
"(6, 11)","(3.0, 1.0)",0.017094017937779427,0.8064712882041931,0.8064712882041931
"(4, 12)","(1.0, 2.0)",0.5824176073074341,0.8064712882041931,0.8064712882041931
"(6, 14)","(3.0, -1.0)",0.025030525401234627,0.8064712882041931,0.8064712882041931
"(10, 13)","(1.0, 2.0)",0.013431013561785221,0.8064712882041931,0.8064712882041931
"(0, 12)","(3.0, 2.0)",0.029304029420018196,0.8064712882041931,0.8064712882041931
"(7, 13)","(3.0, 2.0)",0.07814408093690872,0.8064712882041931,0.8064712882041931
"(4, 12)","(-1.0, 2.0)",0.7649572491645813,0.8070818185806274,0.8070818185806274
"(11, 13)","(1.0, 1.0)",0.2142857164144516,0.8070818185806274,0.8070818185806274
"(2, 12)","(1.5, 2.0)",0.6184371113777161,0.8070818185806274,0.8070818185806274
"(4, 6)","(1.5, -1.0)",0.017704518511891365,0.807692289352417,0.807692289352417
"(9, 11)","(-1.0, 1.0)",0.011599511839449406,0.807692289352417,0.807692289352417
"(4, 7)","(-2.0, 3.0)",0.807692289352417,0.7649572491645813,0.807692289352417
"(12, 14)","(2.0, -1.0)",0.5177045464515686,0.807692289352417,0.807692289352417
"(4, 7)","(-1.5, -1.0)",0.807692289352417,0.5231990218162537,0.807692289352417
"(4, 9)","(1.0, 1.0)",0.03113553114235401,0.807692289352417,0.807692289352417
"(10, 13)","(-2.0, 1.5)",0.4859584867954254,0.807692289352417,0.807692289352417
"(10, 11)","(-1.5, 1.0)",0.45177045464515686,0.807692289352417,0.807692289352417
"(9, 14)","(1.0, -1.5)",0.007936508394777775,0.807692289352417,0.807692289352417
"(6, 14)","(3.0, 3.0)",0.6617826819419861,0.807692289352417,0.807692289352417
"(5, 9)","(2.0, 1.0)",0.03663003817200661,0.807692289352417,0.807692289352417
"(1, 10)","(1.5, 1.0)",0.15506716072559357,0.807692289352417,0.807692289352417
"(9, 13)","(-1.5, 1.5)",0.0036630036775022745,0.8083028197288513,0.8083028197288513
"(1, 8)","(1.5, 2.0)",0.13919414579868317,0.8083028197288513,0.8083028197288513
"(9, 11)","(-1.5, 1.0)",0.009157509543001652,0.8083028197288513,0.8083028197288513
"(2, 10)","(-1.0, 3.0)",0.06043956056237221,0.8083028197288513,0.8083028197288513
"(10, 11)","(-2.0, 1.0)",0.48351648449897766,0.8083028197288513,0.8083028197288513
"(6, 12)","(1.5, 2.0)",0.5494505763053894,0.8083028197288513,0.8083028197288513
"(1, 4)","(-1.0, -1.0)",0.8083028197288513,0.041514042764902115,0.8083028197288513
"(10, 12)","(1.5, 2.0)",0.5830280780792236,0.8083028197288513,0.8083028197288513
"(2, 12)","(1.0, -1.0)",0.0763125792145729,0.8089132905006409,0.8089132905006409
"(10, 11)","(3.0, -1.0)",0.5952380895614624,0.8089132905006409,0.8089132905006409
"(6, 14)","(-1.0, -2.0)",0.03601953759789467,0.8089132905006409,0.8089132905006409
"(5, 8)","(1.5, -1.5)",0.04334554448723793,0.8089132905006409,0.8089132905006409
"(2, 7)","(-1.5, 1.5)",0.11355311423540115,0.8089132905006409,0.8089132905006409
"(8, 11)","(3.0, 2.0)",0.05250305309891701,0.8095238208770752,0.8095238208770752
"(4, 9)","(3.0, -2.0)",0.025641025975346565,0.8095238208770752,0.8095238208770752
"(6, 12)","(1.0, 2.0)",0.5506715774536133,0.8095238208770752,0.8095238208770752
"(2, 11)","(2.0, 1.5)",0.08119658380746841,0.8095238208770752,0.8095238208770752
"(4, 11)","(3.0, 2.0)",0.46092796325683594,0.8095238208770752,0.8095238208770752
"(5, 12)","(1.5, 1.0)",0.010989011265337467,0.8095238208770752,0.8095238208770752
"(5, 11)","(1.5, 1.5)",0.025030525401234627,0.8101342916488647,0.8101342916488647
"(9, 14)","(1.0, -2.0)",0.021978022530674934,0.8101342916488647,0.8101342916488647
"(7, 12)","(1.0, 2.0)",0.54334557056427,0.8101342916488647,0.8101342916488647
"(2, 11)","(1.5, 2.0)",0.5,0.8101342916488647,0.8101342916488647
"(12, 14)","(2.0, 1.5)",0.5860806107521057,0.8101342916488647,0.8101342916488647
"(11, 14)","(2.0, -2.0)",0.4285714328289032,0.8101342916488647,0.8101342916488647
"(5, 12)","(2.0, 1.0)",0.005494505632668734,0.8101342916488647,0.8101342916488647
"(11, 12)","(-1.0, 1.5)",0.029304029420018196,0.8101342916488647,0.8101342916488647
"(9, 13)","(1.0, 1.5)",0.09951160103082657,0.8101342916488647,0.8101342916488647
"(1, 11)","(-1.0, -1.5)",0.45177045464515686,0.8101342916488647,0.8101342916488647
"(12, 14)","(2.0, 1.0)",0.5549450516700745,0.8101342916488647,0.8101342916488647
"(5, 6)","(1.5, 3.0)",0.017704518511891365,0.8101342916488647,0.8101342916488647
"(5, 7)","(-1.5, 2.0)",0.54334557056427,0.8107448220252991,0.8107448220252991
"(12, 14)","(2.0, 2.0)",0.5873016119003296,0.8107448220252991,0.8107448220252991
"(11, 14)","(2.0, -1.5)",0.47680097818374634,0.8107448220252991,0.8107448220252991
"(6, 7)","(3.0, 1.0)",0.017704518511891365,0.8107448220252991,0.8107448220252991
"(11, 14)","(2.0, -1.0)",0.5006105303764343,0.8107448220252991,0.8107448220252991
"(8, 9)","(1.5, 1.0)",0.04822954908013344,0.8107448220252991,0.8107448220252991
"(9, 14)","(-2.0, 3.0)",0.5683760643005371,0.8107448220252991,0.8107448220252991
"(6, 11)","(1.5, 2.0)",0.5006105303764343,0.8107448220252991,0.8107448220252991
"(2, 6)","(1.0, 3.0)",0.025641025975346565,0.8107448220252991,0.8107448220252991
"(7, 11)","(2.0, 2.0)",0.42002442479133606,0.8107448220252991,0.8107448220252991
"(10, 12)","(1.0, -1.0)",0.061660561710596085,0.8107448220252991,0.8107448220252991
"(7, 11)","(1.5, 2.0)",0.49450549483299255,0.8107448220252991,0.8107448220252991
"(10, 12)","(1.0, 2.0)",0.5885226130485535,0.8107448220252991,0.8107448220252991
"(3, 9)","(3.0, 1.5)",0.09768009930849075,0.8107448220252991,0.8107448220252991
"(10, 11)","(-1.0, 1.5)",0.4713064730167389,0.8107448220252991,0.8107448220252991
"(6, 14)","(3.0, 2.0)",0.34554335474967957,0.8107448220252991,0.8107448220252991
"(13, 14)","(2.0, 1.0)",0.1666666716337204,0.8107448220252991,0.8107448220252991
"(6, 7)","(3.0, 2.0)",0.033577535301446915,0.8113552927970886,0.8113552927970886
"(6, 11)","(1.0, 2.0)",0.5286935567855835,0.8113552927970886,0.8113552927970886
"(9, 10)","(-2.0, -2.0)",0.4365079402923584,0.8113552927970886,0.8113552927970886
"(6, 11)","(2.0, 2.0)",0.4267399311065674,0.8113552927970886,0.8113552927970886
"(6, 12)","(3.0, 1.0)",0.017094017937779427,0.8113552927970886,0.8113552927970886
"(8, 12)","(1.0, 2.0)",0.6495726704597473,0.8113552927970886,0.8113552927970886
"(11, 14)","(2.0, 3.0)",0.562881588935852,0.8113552927970886,0.8113552927970886
"(10, 13)","(3.0, 1.5)",0.54334557056427,0.8113552927970886,0.8113552927970886
"(11, 14)","(2.0, 1.0)",0.5231990218162537,0.8113552927970886,0.8113552927970886
"(11, 14)","(2.0, 1.5)",0.5329670310020447,0.8113552927970886,0.8113552927970886
"(7, 11)","(1.0, 2.0)",0.5244200229644775,0.8113552927970886,0.8113552927970886
"(11, 14)","(2.0, 2.0)",0.5506715774536133,0.8113552927970886,0.8113552927970886
"(1, 7)","(1.5, 1.0)",0.13431014120578766,0.8113552927970886,0.8113552927970886
"(11, 12)","(1.5, 1.0)",0.460317462682724,0.811965823173523,0.811965823173523
"(11, 12)","(1.0, 1.5)",0.490231990814209,0.811965823173523,0.811965823173523
"(9, 11)","(-2.0, 1.0)",0.010989011265337467,0.811965823173523,0.811965823173523
"(3, 8)","(1.0, -1.5)",0.05921855941414833,0.811965823173523,0.811965823173523
"(11, 12)","(-1.0, 1.0)",0.04029304161667824,0.811965823173523,0.811965823173523
"(9, 12)","(-1.5, 1.0)",0.014652014710009098,0.811965823173523,0.811965823173523
"(7, 12)","(2.0, -1.0)",0.07997558265924454,0.811965823173523,0.811965823173523
"(12, 14)","(-1.0, -1.0)",0.03907204046845436,0.811965823173523,0.811965823173523
"(2, 4)","(1.5, -1.5)",0.811965823173523,0.09157509356737137,0.811965823173523
"(13, 14)","(2.0, -1.0)",0.005494505632668734,0.811965823173523,0.811965823173523
"(10, 11)","(-2.0, -1.0)",0.5470085740089417,0.811965823173523,0.811965823173523
"(11, 13)","(1.5, -1.5)",0.23260073363780975,0.811965823173523,0.811965823173523
"(6, 14)","(3.0, 1.5)",0.1764346808195114,0.811965823173523,0.811965823173523
"(8, 13)","(3.0, 1.0)",0.032967034727334976,0.8125762939453125,0.8125762939453125
"(6, 12)","(1.5, -1.0)",0.053724054247140884,0.8125762939453125,0.8125762939453125
"(8, 11)","(1.0, 2.0)",0.32478633522987366,0.8125762939453125,0.8125762939453125
"(6, 10)","(3.0, -1.5)",0.026251526549458504,0.8125762939453125,0.8125762939453125
"(6, 12)","(2.0, 2.0)",0.5366300344467163,0.8125762939453125,0.8125762939453125
"(6, 14)","(3.0, 1.0)",0.0714285746216774,0.8125762939453125,0.8125762939453125
"(4, 11)","(1.0, -1.5)",0.021978022530674934,0.8125762939453125,0.8125762939453125
"(10, 11)","(1.0, 2.0)",0.5451770424842834,0.8125762939453125,0.8125762939453125
"(2, 11)","(1.0, 2.0)",0.5146520137786865,0.8125762939453125,0.8125762939453125
"(9, 12)","(1.0, 1.0)",0.12576313316822052,0.8125762939453125,0.8125762939453125
"(10, 11)","(1.5, 2.0)",0.5482295751571655,0.8125762939453125,0.8125762939453125
"(5, 6)","(2.0, 3.0)",0.018315019086003304,0.8125762939453125,0.8125762939453125
"(5, 11)","(1.0, 1.5)",0.045177046209573746,0.8131868243217468,0.8131868243217468
"(8, 12)","(1.5, -1.0)",0.09768009930849075,0.8131868243217468,0.8131868243217468
"(10, 11)","(-1.5, 1.5)",0.5183150172233582,0.8131868243217468,0.8131868243217468
"(2, 12)","(1.0, 2.0)",0.589133083820343,0.8131868243217468,0.8131868243217468
"(10, 12)","(-1.0, 1.5)",0.5494505763053894,0.8131868243217468,0.8131868243217468
"(0, 12)","(3.0, 1.5)",0.016483517363667488,0.8131868243217468,0.8131868243217468
"(9, 11)","(-1.0, 1.5)",0.3083028197288513,0.8131868243217468,0.8131868243217468
"(11, 13)","(2.0, -1.0)",0.5329670310020447,0.8131868243217468,0.8131868243217468
"(9, 11)","(-1.5, 1.5)",0.2857142984867096,0.8131868243217468,0.8131868243217468
"(5, 12)","(1.0, 1.0)",0.037851039320230484,0.8137972950935364,0.8137972950935364
"(9, 11)","(1.0, 1.5)",0.3345543444156647,0.8137972950935364,0.8137972950935364
"(0, 10)","(-1.5, -2.0)",0.21001221239566803,0.8137972950935364,0.8137972950935364
"(3, 12)","(3.0, -1.0)",0.03418803587555885,0.8137972950935364,0.8137972950935364
"(6, 8)","(-1.0, 1.5)",0.08363858610391617,0.8137972950935364,0.8137972950935364
"(13, 14)","(-2.0, 3.0)",0.6831501722335815,0.8137972950935364,0.8137972950935364
"(4, 7)","(-2.0, 2.0)",0.8144078254699707,0.4780219793319702,0.8144078254699707
"(2, 12)","(1.5, -1.0)",0.33760684728622437,0.8144078254699707,0.8144078254699707
"(10, 12)","(-2.0, 1.0)",0.5219780206680298,0.8144078254699707,0.8144078254699707
"(9, 12)","(-1.0, 1.5)",0.3559218645095825,0.8144078254699707,0.8144078254699707
"(13, 14)","(2.0, -1.5)",0.016483517363667488,0.8144078254699707,0.8144078254699707
"(13, 14)","(2.0, -2.0)",0.04884004965424538,0.8144078254699707,0.8144078254699707
"(9, 14)","(1.0, 1.0)",0.5250305533409119,0.8144078254699707,0.8144078254699707
"(11, 13)","(1.5, 1.0)",0.39621490240097046,0.8144078254699707,0.8144078254699707
"(9, 12)","(-1.5, 1.5)",0.3107448220252991,0.8144078254699707,0.8144078254699707
"(4, 6)","(1.0, -1.0)",0.03235653415322304,0.8144078254699707,0.8144078254699707
"(9, 13)","(-2.0, -2.0)",0.04212454333901405,0.8144078254699707,0.8144078254699707
"(12, 13)","(2.0, -1.0)",0.5506715774536133,0.8144078254699707,0.8144078254699707
"(12, 13)","(1.5, 1.0)",0.4749694764614105,0.8144078254699707,0.8144078254699707
"(9, 12)","(-2.0, 1.0)",0.017704518511891365,0.8150182962417603,0.8150182962417603
"(6, 13)","(1.5, 2.0)",0.014652014710009098,0.8150182962417603,0.8150182962417603
"(4, 11)","(-1.0, 2.0)",0.6214896440505981,0.8150182962417603,0.8150182962417603
"(4, 13)","(-1.0, 2.0)",0.42429792881011963,0.8150182962417603,0.8150182962417603
"(11, 13)","(1.0, -2.0)",0.012820512987673283,0.8150182962417603,0.8150182962417603
"(8, 12)","(2.0, -1.0)",0.11050061136484146,0.8150182962417603,0.8150182962417603
"(4, 11)","(1.0, 2.0)",0.5061050057411194,0.8150182962417603,0.8150182962417603
"(4, 11)","(2.0, 2.0)",0.4713064730167389,0.8150182962417603,0.8150182962417603
"(8, 9)","(3.0, -2.0)",0.09401709586381912,0.8150182962417603,0.8150182962417603
"(4, 11)","(-1.5, 2.0)",0.7094017267227173,0.8150182962417603,0.8150182962417603
"(2, 6)","(1.5, 3.0)",0.01953602023422718,0.8150182962417603,0.8150182962417603
"(10, 12)","(-1.5, 1.5)",0.562881588935852,0.8150182962417603,0.8150182962417603
"(4, 11)","(-2.0, 2.0)",0.7948718070983887,0.8150182962417603,0.8150182962417603
"(5, 14)","(-1.0, 2.0)",0.8150182962417603,0.6184371113777161,0.8150182962417603
"(6, 9)","(3.0, -1.5)",0.02808302827179432,0.8156288266181946,0.8156288266181946
"(4, 13)","(3.0, -2.0)",0.020757021382451057,0.8156288266181946,0.8156288266181946
"(3, 6)","(1.5, 3.0)",0.017704518511891365,0.8156288266181946,0.8156288266181946
"(3, 4)","(1.5, -1.5)",0.8156288266181946,0.057387057691812515,0.8156288266181946
"(12, 13)","(1.5, -1.5)",0.17277167737483978,0.8156288266181946,0.8156288266181946
"(4, 11)","(1.5, 2.0)",0.49633699655532837,0.8156288266181946,0.8156288266181946
"(9, 12)","(1.0, 1.5)",0.3998779058456421,0.8156288266181946,0.8156288266181946
"(0, 13)","(2.0, -1.5)",0.19474969804286957,0.8162392973899841,0.8162392973899841
"(11, 13)","(-1.0, 1.5)",0.09951160103082657,0.8162392973899841,0.8162392973899841
"(7, 13)","(-1.0, 1.5)",0.011599511839449406,0.8162392973899841,0.8162392973899841
"(1, 14)","(1.5, 1.5)",0.4426129460334778,0.8168498277664185,0.8168498277664185
"(9, 14)","(1.0, 1.5)",0.5537240505218506,0.8168498277664185,0.8168498277664185
"(4, 11)","(3.0, -1.5)",0.004884005058556795,0.8168498277664185,0.8168498277664185
"(2, 12)","(2.0, 1.0)",0.010989011265337467,0.8168498277664185,0.8168498277664185
"(4, 13)","(1.5, 2.0)",0.011599511839449406,0.8168498277664185,0.8168498277664185
"(3, 9)","(2.0, 3.0)",0.18681319057941437,0.8168498277664185,0.8168498277664185
"(6, 11)","(3.0, 1.5)",0.02014652080833912,0.8168498277664185,0.8168498277664185
"(3, 12)","(2.0, 1.0)",0.030525030568242073,0.8168498277664185,0.8168498277664185
"(3, 7)","(3.0, -1.5)",0.041514042764902115,0.8168498277664185,0.8168498277664185
"(6, 13)","(3.0, -1.0)",0.028693528845906258,0.817460298538208,0.817460298538208
"(9, 12)","(-2.0, 1.5)",0.3583638668060303,0.817460298538208,0.817460298538208
"(6, 10)","(3.0, 1.0)",0.029304029420018196,0.817460298538208,0.817460298538208
"(1, 13)","(-1.5, -2.0)",0.18864469230175018,0.817460298538208,0.817460298538208
"(10, 11)","(1.5, -1.5)",0.16544567048549652,0.817460298538208,0.817460298538208
"(6, 9)","(2.0, 1.0)",0.01404151413589716,0.817460298538208,0.817460298538208
"(4, 13)","(-1.5, 2.0)",0.658730149269104,0.817460298538208,0.817460298538208
"(2, 7)","(-1.0, -1.0)",0.0793650820851326,0.817460298538208,0.817460298538208
"(11, 14)","(-1.0, -2.0)",0.037240538746118546,0.817460298538208,0.817460298538208
"(10, 12)","(-1.0, 2.0)",0.7503052353858948,0.817460298538208,0.817460298538208
"(0, 11)","(2.0, 1.5)",0.04700854793190956,0.817460298538208,0.817460298538208
"(9, 14)","(1.0, 2.0)",0.6062270998954773,0.817460298538208,0.817460298538208
"(2, 5)","(3.0, -1.5)",0.6904761791229248,0.8180708289146423,0.8180708289146423
"(1, 2)","(-2.0, -1.0)",0.4334554374217987,0.8180708289146423,0.8180708289146423
"(8, 9)","(3.0, 3.0)",0.30586081743240356,0.8180708289146423,0.8180708289146423
"(9, 12)","(-1.0, 2.0)",0.550061047077179,0.8180708289146423,0.8180708289146423
"(12, 13)","(2.0, -1.5)",0.5549450516700745,0.8186812996864319,0.8186812996864319
"(13, 14)","(2.0, 1.5)",0.40903541445732117,0.8186812996864319,0.8186812996864319
"(10, 11)","(-2.0, 1.5)",0.5750916004180908,0.8186812996864319,0.8186812996864319
"(12, 13)","(-1.0, -1.0)",0.06898657232522964,0.8186812996864319,0.8186812996864319
"(10, 13)","(1.5, 2.0)",0.040903542190790176,0.8186812996864319,0.8186812996864319
"(0, 9)","(2.0, -1.5)",0.13247863948345184,0.8186812996864319,0.8186812996864319
"(9, 11)","(-2.0, 1.5)",0.2637362778186798,0.8186812996864319,0.8186812996864319
"(3, 6)","(1.0, 3.0)",0.018315019086003304,0.8192918300628662,0.8192918300628662
"(12, 13)","(-1.0, 1.5)",0.0763125792145729,0.8192918300628662,0.8192918300628662
"(6, 7)","(1.5, -2.0)",0.02747252769768238,0.8192918300628662,0.8192918300628662
"(9, 10)","(1.0, 1.0)",0.4035409092903137,0.8199023008346558,0.8199023008346558
"(6, 14)","(-1.0, -1.5)",0.012210012413561344,0.8199023008346558,0.8199023008346558
"(11, 14)","(-1.5, 2.0)",0.6660561561584473,0.8199023008346558,0.8199023008346558
"(9, 13)","(-2.0, 1.5)",0.0036630036775022745,0.8199023008346558,0.8199023008346558
"(4, 13)","(2.0, 2.0)",0.007936508394777775,0.8199023008346558,0.8199023008346558
"(11, 12)","(1.0, 2.0)",0.5256410241127014,0.8199023008346558,0.8199023008346558
"(11, 12)","(1.5, 1.5)",0.5103785395622253,0.8199023008346558,0.8199023008346558
"(4, 11)","(-2.0, 1.5)",0.8199023008346558,0.7918192744255066,0.8199023008346558
"(10, 13)","(2.0, 2.0)",0.10744810849428177,0.8199023008346558,0.8199023008346558
"(0, 1)","(-2.0, -1.5)",0.11050061136484146,0.8199023008346558,0.8199023008346558
"(10, 12)","(-2.0, 1.5)",0.6282051205635071,0.8205128312110901,0.8205128312110901
"(3, 8)","(2.0, 3.0)",0.025030525401234627,0.8205128312110901,0.8205128312110901
"(10, 12)","(-1.5, 2.0)",0.7301587462425232,0.8205128312110901,0.8205128312110901
"(3, 12)","(3.0, 1.0)",0.025030525401234627,0.8205128312110901,0.8205128312110901
"(4, 6)","(-1.0, -1.0)",0.5799756050109863,0.8211233019828796,0.8211233019828796
"(11, 12)","(1.5, -1.0)",0.022588523104786873,0.8211233019828796,0.8211233019828796
"(4, 13)","(3.0, 1.5)",0.004884005058556795,0.8211233019828796,0.8211233019828796
"(6, 11)","(2.0, -1.0)",0.06043956056237221,0.8211233019828796,0.8211233019828796
"(2, 11)","(2.0, 2.0)",0.5476190447807312,0.821733832359314,0.821733832359314
"(8, 9)","(3.0, 2.0)",0.26312577724456787,0.821733832359314,0.821733832359314
"(7, 8)","(3.0, 3.0)",0.007326007355004549,0.821733832359314,0.821733832359314
"(6, 10)","(3.0, 1.5)",0.04639804735779762,0.821733832359314,0.821733832359314
"(9, 13)","(1.0, -1.0)",0.03235653415322304,0.821733832359314,0.821733832359314
"(13, 14)","(2.0, 2.0)",0.5415140390396118,0.821733832359314,0.821733832359314
"(6, 13)","(3.0, -1.5)",0.037851039320230484,0.8223443031311035,0.8223443031311035
"(4, 13)","(-2.0, -1.5)",0.8223443031311035,0.6233211159706116,0.8223443031311035
"(13, 14)","(2.0, 3.0)",0.6056166291236877,0.8223443031311035,0.8223443031311035
"(10, 11)","(-1.0, 2.0)",0.5775336027145386,0.8223443031311035,0.8223443031311035
"(3, 10)","(-1.0, -1.5)",0.5952380895614624,0.8223443031311035,0.8223443031311035
"(4, 7)","(-1.0, -2.0)",0.41208791732788086,0.8229548335075378,0.8229548335075378
"(4, 9)","(-1.0, 1.0)",0.8229548335075378,0.771672785282135,0.8229548335075378
"(5, 14)","(-2.0, -1.0)",0.7820512652397156,0.8229548335075378,0.8229548335075378
"(8, 9)","(3.0, 1.5)",0.1428571492433548,0.8229548335075378,0.8229548335075378
"(9, 12)","(-1.5, 2.0)",0.5543345808982849,0.8229548335075378,0.8229548335075378
"(4, 12)","(1.0, -1.0)",0.02808302827179432,0.8229548335075378,0.8229548335075378
"(1, 13)","(1.5, 1.0)",0.13553114235401154,0.8229548335075378,0.8229548335075378
"(9, 14)","(1.0, 3.0)",0.8186812996864319,0.8235653042793274,0.8235653042793274
"(1, 14)","(1.5, 2.0)",0.6361416578292847,0.8235653042793274,0.8235653042793274
"(6, 11)","(-1.0, 1.0)",0.1428571492433548,0.8235653042793274,0.8235653042793274
"(0, 1)","(-1.0, 1.0)",0.1398046463727951,0.8235653042793274,0.8235653042793274
"(4, 9)","(1.5, 1.0)",0.018925519660115242,0.8235653042793274,0.8235653042793274
"(11, 13)","(2.0, -1.5)",0.5201465487480164,0.8235653042793274,0.8235653042793274
"(1, 10)","(1.5, 1.5)",0.15934066474437714,0.8235653042793274,0.8235653042793274
"(6, 12)","(3.0, 1.5)",0.025030525401234627,0.8235653042793274,0.8235653042793274
"(2, 9)","(1.5, 2.0)",0.2954823076725006,0.8235653042793274,0.8235653042793274
"(5, 6)","(1.0, 3.0)",0.017704518511891365,0.8241758346557617,0.8241758346557617
"(6, 9)","(-1.0, -1.0)",0.10989011079072952,0.8241758346557617,0.8241758346557617
"(8, 13)","(3.0, 1.5)",0.07387057691812515,0.8241758346557617,0.8241758346557617
"(11, 13)","(-1.0, -1.0)",0.07387057691812515,0.8241758346557617,0.8241758346557617
"(6, 9)","(3.0, -2.0)",0.03846153989434242,0.8241758346557617,0.8241758346557617
"(6, 13)","(2.0, 2.0)",0.0036630036775022745,0.8241758346557617,0.8241758346557617
"(10, 11)","(2.0, 2.0)",0.5525030493736267,0.8241758346557617,0.8241758346557617
"(5, 9)","(3.0, -2.0)",0.006105006206780672,0.8241758346557617,0.8241758346557617
"(3, 4)","(3.0, 3.0)",0.009157509543001652,0.8241758346557617,0.8241758346557617
"(8, 11)","(2.0, -1.5)",0.19230769574642181,0.8247863054275513,0.8247863054275513
"(2, 6)","(2.0, 3.0)",0.009157509543001652,0.8247863054275513,0.8247863054275513
"(6, 10)","(3.0, -2.0)",0.40231990814208984,0.8247863054275513,0.8247863054275513
"(4, 9)","(2.0, 1.0)",0.016483517363667488,0.8247863054275513,0.8247863054275513
"(8, 9)","(3.0, 1.0)",0.12393162399530411,0.8247863054275513,0.8247863054275513
"(8, 11)","(3.0, -1.0)",0.21367521584033966,0.8247863054275513,0.8247863054275513
"(3, 11)","(3.0, -1.5)",0.07203907519578934,0.8253968358039856,0.8253968358039856
"(0, 6)","(3.0, 3.0)",0.018925519660115242,0.8253968358039856,0.8253968358039856
"(12, 14)","(-1.0, -1.5)",0.03663003817200661,0.8253968358039856,0.8253968358039856
"(6, 14)","(-1.0, -1.0)",0.00976801011711359,0.8253968358039856,0.8253968358039856
"(4, 5)","(-2.0, 1.0)",0.8253968358039856,0.1684981733560562,0.8253968358039856
"(11, 12)","(1.0, -1.0)",0.037851039320230484,0.8253968358039856,0.8253968358039856
"(9, 13)","(-1.0, 2.0)",0.037240538746118546,0.8253968358039856,0.8253968358039856
"(7, 11)","(2.0, -1.0)",0.08913309127092361,0.8253968358039856,0.8253968358039856
"(0, 3)","(-1.5, 2.0)",0.028693528845906258,0.8253968358039856,0.8253968358039856
"(7, 11)","(3.0, 2.0)",0.2655677795410156,0.8253968358039856,0.8253968358039856
"(2, 9)","(1.0, 3.0)",0.3461538553237915,0.8260073065757751,0.8260073065757751
"(4, 5)","(1.5, -2.0)",0.5262515544891357,0.8260073065757751,0.8260073065757751
"(10, 13)","(-1.0, 2.0)",0.4017094075679779,0.8260073065757751,0.8260073065757751
"(6, 10)","(-1.0, -1.0)",0.22039072215557098,0.8260073065757751,0.8260073065757751
"(8, 11)","(3.0, -1.5)",0.38339439034461975,0.8266178369522095,0.8266178369522095
"(7, 11)","(1.0, -1.5)",0.11172161251306534,0.8266178369522095,0.8266178369522095
"(3, 11)","(3.0, -1.0)",0.04334554448723793,0.8266178369522095,0.8266178369522095
"(3, 9)","(2.0, 2.0)",0.12576313316822052,0.8266178369522095,0.8266178369522095
"(6, 13)","(3.0, 1.5)",0.005494505632668734,0.8266178369522095,0.8266178369522095
"(8, 9)","(2.0, 3.0)",0.2967033088207245,0.8266178369522095,0.8266178369522095
"(8, 13)","(3.0, -2.0)",0.11294261366128922,0.8266178369522095,0.8266178369522095
"(10, 12)","(2.0, 2.0)",0.5873016119003296,0.8266178369522095,0.8266178369522095
"(3, 11)","(3.0, -2.0)",0.1477411538362503,0.827228307723999,0.827228307723999
"(0, 9)","(2.0, -2.0)",0.10561660677194595,0.827228307723999,0.827228307723999
"(5, 12)","(1.0, -1.0)",0.010989011265337467,0.827228307723999,0.827228307723999
"(3, 6)","(1.0, -1.0)",0.15506716072559357,0.827228307723999,0.827228307723999
"(0, 8)","(-1.0, -1.0)",0.0842490866780281,0.827228307723999,0.827228307723999
"(12, 13)","(1.0, -2.0)",0.017094017937779427,0.827228307723999,0.827228307723999
"(6, 8)","(-1.5, 2.0)",0.16605617105960846,0.8278388381004333,0.8278388381004333
"(3, 11)","(1.0, -1.5)",0.1526251584291458,0.8278388381004333,0.8278388381004333
"(4, 9)","(3.0, 1.0)",0.010378510691225529,0.8278388381004333,0.8278388381004333
"(3, 9)","(1.5, 3.0)",0.21978022158145905,0.8278388381004333,0.8278388381004333
"(8, 9)","(1.5, 3.0)",0.3186813294887543,0.8278388381004333,0.8278388381004333
"(7, 10)","(3.0, 3.0)",0.160561665892601,0.8278388381004333,0.8278388381004333
"(6, 7)","(-1.0, 2.0)",0.03846153989434242,0.8278388381004333,0.8278388381004333
"(6, 12)","(3.0, 2.0)",0.32478633522987366,0.8278388381004333,0.8278388381004333
"(6, 14)","(-1.0, 3.0)",0.6318681240081787,0.8284493088722229,0.8284493088722229
"(11, 12)","(-1.0, 2.0)",0.13919414579868317,0.8284493088722229,0.8284493088722229
"(6, 11)","(3.0, -1.0)",0.057997558265924454,0.8284493088722229,0.8284493088722229
"(7, 13)","(2.0, 3.0)",0.13369964063167572,0.8284493088722229,0.8284493088722229
"(12, 14)","(-1.0, -2.0)",0.03663003817200661,0.8284493088722229,0.8284493088722229
"(3, 11)","(2.0, 1.0)",0.010378510691225529,0.8284493088722229,0.8284493088722229
"(10, 13)","(3.0, 2.0)",0.5445665717124939,0.8284493088722229,0.8284493088722229
"(5, 12)","(3.0, 1.0)",0.021367521956562996,0.8284493088722229,0.8284493088722229
"(3, 11)","(3.0, 1.0)",0.021367521956562996,0.8284493088722229,0.8284493088722229
"(4, 9)","(3.0, 3.0)",0.5604395866394043,0.8284493088722229,0.8284493088722229
"(7, 11)","(-1.0, -1.0)",0.09829059988260269,0.8290598392486572,0.8290598392486572
"(2, 9)","(1.5, 1.5)",0.10378510504961014,0.8290598392486572,0.8290598392486572
"(6, 7)","(-1.0, 1.5)",0.08180708438158035,0.8290598392486572,0.8290598392486572
"(9, 11)","(-1.0, 2.0)",0.5286935567855835,0.8290598392486572,0.8290598392486572
"(10, 12)","(-2.0, -1.0)",0.5409035682678223,0.8290598392486572,0.8290598392486572
"(8, 9)","(2.0, 2.0)",0.281440794467926,0.8290598392486572,0.8290598392486572
"(6, 10)","(-1.0, -1.5)",0.48351648449897766,0.8290598392486572,0.8290598392486572
"(3, 12)","(3.0, -2.0)",0.16239316761493683,0.8290598392486572,0.8290598392486572
"(11, 13)","(1.5, -2.0)",0.10500610619783401,0.8290598392486572,0.8290598392486572
"(10, 11)","(-1.5, 2.0)",0.5927960872650146,0.8290598392486572,0.8290598392486572
"(5, 7)","(-2.0, 1.0)",0.8296703100204468,0.6141636371612549,0.8296703100204468
"(11, 12)","(2.0, 1.0)",0.4890109896659851,0.8296703100204468,0.8296703100204468
"(8, 11)","(2.0, -2.0)",0.41514042019844055,0.8296703100204468,0.8296703100204468
"(3, 12)","(3.0, -1.5)",0.06776557117700577,0.8296703100204468,0.8296703100204468
"(7, 13)","(1.5, 3.0)",0.0873015895485878,0.8296703100204468,0.8296703100204468
"(3, 9)","(2.0, 1.5)",0.10561660677194595,0.8296703100204468,0.8296703100204468
"(7, 9)","(2.0, 3.0)",0.8211233019828796,0.8296703100204468,0.8296703100204468
"(7, 11)","(-1.0, 1.0)",0.4536019563674927,0.8296703100204468,0.8296703100204468
"(5, 11)","(1.0, 2.0)",0.14652015268802643,0.8302808403968811,0.8302808403968811
"(6, 14)","(-1.0, 2.0)",0.5641025900840759,0.8302808403968811,0.8302808403968811
"(7, 9)","(1.5, 3.0)",0.7808302640914917,0.8302808403968811,0.8302808403968811
"(9, 14)","(3.0, -2.0)",0.13858364522457123,0.8302808403968811,0.8302808403968811
"(2, 11)","(2.0, -1.5)",0.4780219793319702,0.8302808403968811,0.8302808403968811
"(9, 11)","(-2.0, -1.0)",0.045177046209573746,0.8308913111686707,0.8308913111686707
"(10, 11)","(2.0, -1.5)",0.34981685876846313,0.8308913111686707,0.8308913111686707
"(7, 11)","(1.5, -2.0)",0.2222222238779068,0.8308913111686707,0.8308913111686707
"(2, 11)","(1.0, -2.0)",0.31990233063697815,0.8308913111686707,0.8308913111686707
"(7, 11)","(2.0, -2.0)",0.23076923191547394,0.8308913111686707,0.8308913111686707
"(7, 11)","(2.0, -1.5)",0.1794871836900711,0.8308913111686707,0.8308913111686707
"(10, 11)","(1.0, -2.0)",0.1776556819677353,0.8308913111686707,0.8308913111686707
"(7, 11)","(1.0, -2.0)",0.22283272445201874,0.8308913111686707,0.8308913111686707
"(3, 11)","(1.0, -2.0)",0.33882784843444824,0.8308913111686707,0.8308913111686707
"(9, 11)","(3.0, -1.0)",0.8235653042793274,0.8308913111686707,0.8308913111686707
"(9, 11)","(2.0, -1.0)",0.6605616807937622,0.8308913111686707,0.8308913111686707
"(9, 10)","(-2.0, 3.0)",0.18131868541240692,0.8308913111686707,0.8308913111686707
"(9, 11)","(2.0, -1.5)",0.8058608174324036,0.8308913111686707,0.8308913111686707
"(9, 11)","(3.0, 1.5)",0.6172161102294922,0.8308913111686707,0.8308913111686707
"(9, 10)","(1.5, -1.5)",0.7655677795410156,0.8308913111686707,0.8308913111686707
"(9, 10)","(1.5, -2.0)",0.8162392973899841,0.8308913111686707,0.8308913111686707
"(11, 14)","(-2.0, 1.0)",0.6483516693115234,0.8308913111686707,0.8308913111686707
"(11, 14)","(-2.0, -2.0)",0.06959707289934158,0.8308913111686707,0.8308913111686707
"(11, 14)","(-2.0, -1.5)",0.09035409241914749,0.8308913111686707,0.8308913111686707
"(11, 14)","(-2.0, -1.0)",0.11782661825418472,0.8308913111686707,0.8308913111686707
"(6, 11)","(1.0, -2.0)",0.2252747267484665,0.8308913111686707,0.8308913111686707
"(6, 11)","(2.0, -2.0)",0.20024420320987701,0.8308913111686707,0.8308913111686707
"(11, 13)","(1.0, 1.5)",0.13553114235401154,0.8308913111686707,0.8308913111686707
"(9, 11)","(3.0, 1.0)",0.3791208863258362,0.8308913111686707,0.8308913111686707
"(4, 9)","(2.0, 3.0)",0.49572649598121643,0.8308913111686707,0.8308913111686707
"(4, 9)","(3.0, 1.5)",0.021367521956562996,0.8308913111686707,0.8308913111686707
"(4, 9)","(1.5, 1.5)",0.033577535301446915,0.8308913111686707,0.8308913111686707
"(4, 9)","(1.5, 2.0)",0.06288156658411026,0.8308913111686707,0.8308913111686707
"(4, 9)","(1.5, 3.0)",0.3949939012527466,0.8308913111686707,0.8308913111686707
"(4, 9)","(1.0, 1.5)",0.061660561710596085,0.8308913111686707,0.8308913111686707
"(4, 9)","(2.0, 1.5)",0.028693528845906258,0.8308913111686707,0.8308913111686707
"(4, 9)","(2.0, 2.0)",0.04884004965424538,0.8308913111686707,0.8308913111686707
"(11, 14)","(-1.5, -2.0)",0.04639804735779762,0.8308913111686707,0.8308913111686707
"(11, 13)","(-1.5, -1.0)",0.17094017565250397,0.8308913111686707,0.8308913111686707
"(8, 12)","(3.0, -1.5)",0.4792429804801941,0.8308913111686707,0.8308913111686707
"(4, 9)","(1.0, 3.0)",0.3620268702507019,0.8308913111686707,0.8308913111686707
"(4, 9)","(1.0, 2.0)",0.25946277379989624,0.8308913111686707,0.8308913111686707
"(7, 11)","(1.5, -1.5)",0.1288156360387802,0.8308913111686707,0.8308913111686707
"(7, 11)","(3.0, -1.0)",0.1855921894311905,0.8308913111686707,0.8308913111686707
"(7, 11)","(3.0, -1.5)",0.23199023306369781,0.8308913111686707,0.8308913111686707
"(7, 11)","(3.0, -2.0)",0.2765567898750305,0.8308913111686707,0.8308913111686707
"(8, 12)","(3.0, -1.0)",0.25946277379989624,0.8308913111686707,0.8308913111686707
"(9, 11)","(-2.0, -2.0)",0.15689866244792938,0.8308913111686707,0.8308913111686707
"(6, 11)","(1.5, -2.0)",0.2094017118215561,0.8308913111686707,0.8308913111686707
"(3, 11)","(3.0, 1.5)",0.012820512987673283,0.8308913111686707,0.8308913111686707
"(9, 14)","(1.5, -2.0)",0.014652014710009098,0.8308913111686707,0.8308913111686707
"(9, 11)","(1.5, -2.0)",0.7802197933197021,0.8308913111686707,0.8308913111686707
"(9, 10)","(3.0, -1.0)",0.8199023008346558,0.8308913111686707,0.8308913111686707
"(4, 9)","(-1.0, 1.5)",0.8192918300628662,0.8308913111686707,0.8308913111686707
"(4, 9)","(3.0, 2.0)",0.04212454333901405,0.8308913111686707,0.8308913111686707
"(10, 11)","(3.0, -1.5)",0.6251526474952698,0.8308913111686707,0.8308913111686707
"(10, 11)","(3.0, -2.0)",0.6550671458244324,0.8308913111686707,0.8308913111686707
"(9, 10)","(2.0, -1.0)",0.6984127163887024,0.8308913111686707,0.8308913111686707
"(9, 10)","(2.0, -1.5)",0.8021978139877319,0.8308913111686707,0.8308913111686707
"(3, 9)","(1.5, 2.0)",0.15995116531848907,0.8308913111686707,0.8308913111686707
"(3, 9)","(1.0, 3.0)",0.7661782503128052,0.8308913111686707,0.8308913111686707
"(8, 12)","(2.0, -2.0)",0.5067155361175537,0.8308913111686707,0.8308913111686707
"(8, 12)","(2.0, -1.5)",0.22344322502613068,0.8308913111686707,0.8308913111686707
"(9, 10)","(2.0, -2.0)",0.8235653042793274,0.8308913111686707,0.8308913111686707
"(9, 10)","(1.5, -1.0)",0.4694749712944031,0.8308913111686707,0.8308913111686707
"(6, 11)","(1.5, -1.5)",0.09706959873437881,0.8308913111686707,0.8308913111686707
"(6, 11)","(2.0, -1.5)",0.10012210160493851,0.8308913111686707,0.8308913111686707
"(11, 13)","(-2.0, -1.0)",0.28327229619026184,0.8308913111686707,0.8308913111686707
"(4, 12)","(2.0, -2.0)",0.004884005058556795,0.8308913111686707,0.8308913111686707
"(8, 11)","(1.0, -2.0)",0.3144078254699707,0.8308913111686707,0.8308913111686707
"(4, 12)","(3.0, -1.0)",0.02014652080833912,0.8308913111686707,0.8308913111686707
"(4, 12)","(2.0, -1.0)",0.01953602023422718,0.8308913111686707,0.8308913111686707
"(4, 12)","(3.0, -1.5)",0.009157509543001652,0.8308913111686707,0.8308913111686707
"(4, 12)","(2.0, -1.5)",0.007326007355004549,0.8308913111686707,0.8308913111686707
"(4, 12)","(1.5, -2.0)",0.00976801011711359,0.8308913111686707,0.8308913111686707
"(4, 12)","(1.5, -1.5)",0.00976801011711359,0.8308913111686707,0.8308913111686707
"(8, 12)","(3.0, -2.0)",0.5170940160751343,0.8308913111686707,0.8308913111686707
"(8, 11)","(1.5, -2.0)",0.3669108748435974,0.8308913111686707,0.8308913111686707
"(7, 8)","(1.5, -1.5)",0.1398046463727951,0.8308913111686707,0.8308913111686707
"(8, 9)","(1.5, 2.0)",0.2875458002090454,0.8308913111686707,0.8308913111686707
"(8, 9)","(2.0, 1.5)",0.1825396865606308,0.8308913111686707,0.8308913111686707
"(9, 11)","(1.5, 1.0)",0.29487180709838867,0.8308913111686707,0.8308913111686707
"(4, 12)","(3.0, -2.0)",0.004273504484444857,0.8308913111686707,0.8308913111686707
"(9, 11)","(-2.0, -1.5)",0.061050061136484146,0.8308913111686707,0.8308913111686707
"(9, 11)","(1.5, -1.0)",0.5775336027145386,0.8308913111686707,0.8308913111686707
"(3, 8)","(3.0, -1.0)",0.03540903702378273,0.8308913111686707,0.8308913111686707
"(3, 8)","(3.0, -1.5)",0.03418803587555885,0.8308913111686707,0.8308913111686707
"(8, 9)","(-1.0, 2.0)",0.6385836601257324,0.8308913111686707,0.8308913111686707
"(8, 9)","(-1.0, 1.5)",0.3638583719730377,0.8308913111686707,0.8308913111686707
"(8, 9)","(1.5, 1.5)",0.10866910964250565,0.8308913111686707,0.8308913111686707
"(3, 8)","(2.0, -1.0)",0.0476190485060215,0.8308913111686707,0.8308913111686707
"(9, 11)","(1.5, -1.5)",0.6178266406059265,0.8308913111686707,0.8308913111686707
"(8, 11)","(3.0, -2.0)",0.562881588935852,0.8308913111686707,0.8308913111686707
"(8, 14)","(-1.0, -2.0)",0.09951160103082657,0.8308913111686707,0.8308913111686707
"(4, 11)","(2.0, -2.0)",0.006105006206780672,0.8308913111686707,0.8308913111686707
"(4, 11)","(1.0, -2.0)",0.057387057691812515,0.8308913111686707,0.8308913111686707
"(3, 11)","(2.0, -1.5)",0.09340659528970718,0.8308913111686707,0.8308913111686707
"(3, 11)","(1.5, -1.5)",0.11477411538362503,0.8308913111686707,0.8308913111686707
"(3, 11)","(2.0, -2.0)",0.18009768426418304,0.8308913111686707,0.8308913111686707
"(3, 11)","(1.5, -2.0)",0.23443223536014557,0.8308913111686707,0.8308913111686707
"(3, 11)","(2.0, -1.0)",0.04822954908013344,0.8308913111686707,0.8308913111686707
"(2, 11)","(1.5, -2.0)",0.5873016119003296,0.8308913111686707,0.8308913111686707
"(10, 11)","(2.0, -2.0)",0.6367521286010742,0.8308913111686707,0.8308913111686707
"(1, 9)","(-1.0, 3.0)",0.7466422319412231,0.8308913111686707,0.8308913111686707
"(9, 11)","(1.0, -1.5)",0.5415140390396118,0.8308913111686707,0.8308913111686707
"(9, 11)","(1.0, -2.0)",0.6190476417541504,0.8308913111686707,0.8308913111686707
"(9, 11)","(-1.0, -1.5)",0.08913309127092361,0.8308913111686707,0.8308913111686707
"(9, 11)","(-1.5, -2.0)",0.19230769574642181,0.8308913111686707,0.8308913111686707
"(9, 11)","(-1.5, -1.5)",0.06715507060289383,0.8308913111686707,0.8308913111686707
"(9, 11)","(1.0, -1.0)",0.38827839493751526,0.8308913111686707,0.8308913111686707
"(9, 11)","(-1.5, -1.0)",0.04822954908013344,0.8308913111686707,0.8308913111686707
"(9, 11)","(2.0, 1.0)",0.29609280824661255,0.8308913111686707,0.8308913111686707
"(9, 11)","(-1.0, -2.0)",0.22039072215557098,0.8308913111686707,0.8308913111686707
"(9, 10)","(-1.5, 3.0)",0.4267399311065674,0.8308913111686707,0.8308913111686707
"(11, 14)","(-2.0, 1.5)",0.6648351550102234,0.8308913111686707,0.8308913111686707
"(11, 14)","(-1.5, -1.0)",0.06227106228470802,0.8308913111686707,0.8308913111686707
"(11, 14)","(-2.0, 2.0)",0.688034176826477,0.8308913111686707,0.8308913111686707
"(4, 11)","(3.0, -2.0)",0.005494505632668734,0.8308913111686707,0.8308913111686707
"(10, 11)","(1.5, -2.0)",0.23076923191547394,0.8308913111686707,0.8308913111686707
"(4, 11)","(1.5, -2.0)",0.011599511839449406,0.8308913111686707,0.8308913111686707
"(11, 14)","(-1.5, 3.0)",0.7368742227554321,0.8308913111686707,0.8308913111686707
"(11, 14)","(-1.5, -1.5)",0.05250305309891701,0.8308913111686707,0.8308913111686707
"(4, 11)","(-1.0, -1.5)",0.7466422319412231,0.8308913111686707,0.8308913111686707
"(11, 13)","(-2.0, 1.0)",0.27838829159736633,0.831501841545105,0.831501841545105
"(11, 13)","(-1.5, 1.0)",0.12210012227296829,0.831501841545105,0.831501841545105
"(11, 13)","(-1.0, -2.0)",0.12271062284708023,0.831501841545105,0.831501841545105
"(8, 9)","(-1.5, 2.0)",0.7393162250518799,0.831501841545105,0.831501841545105
"(10, 11)","(-1.5, -1.5)",0.5659340620040894,0.831501841545105,0.831501841545105
"(10, 11)","(-2.0, -2.0)",0.6520146727561951,0.831501841545105,0.831501841545105
"(10, 11)","(-1.5, -2.0)",0.632478654384613,0.831501841545105,0.831501841545105
"(10, 11)","(-2.0, -1.5)",0.60317462682724,0.831501841545105,0.831501841545105
"(10, 11)","(-1.0, -1.5)",0.31684982776641846,0.831501841545105,0.831501841545105
"(4, 8)","(-1.5, -1.5)",0.6062270998954773,0.831501841545105,0.831501841545105
"(8, 11)","(-1.0, -1.0)",0.15995116531848907,0.831501841545105,0.831501841545105
"(11, 12)","(-1.5, -1.5)",0.6379731297492981,0.831501841545105,0.831501841545105
"(11, 12)","(-1.5, -2.0)",0.648962140083313,0.831501841545105,0.831501841545105
"(4, 12)","(1.0, -2.0)",0.041514042764902115,0.831501841545105,0.831501841545105
"(4, 12)","(-1.5, -1.0)",0.831501841545105,0.8253968358039856,0.831501841545105
"(9, 13)","(1.0, -1.5)",0.030525030568242073,0.831501841545105,0.831501841545105
"(7, 8)","(2.0, -1.5)",0.13736264407634735,0.831501841545105,0.831501841545105
"(8, 11)","(-1.0, -1.5)",0.21550671756267548,0.831501841545105,0.831501841545105
"(8, 9)","(-1.0, 1.0)",0.12820513546466827,0.831501841545105,0.831501841545105
"(11, 12)","(-1.5, -1.0)",0.38522589206695557,0.831501841545105,0.831501841545105
"(10, 11)","(3.0, 1.0)",0.4731379747390747,0.831501841545105,0.831501841545105
"(3, 11)","(2.0, 1.5)",0.04884004965424538,0.831501841545105,0.831501841545105
"(11, 12)","(-2.0, -1.0)",0.6398046612739563,0.831501841545105,0.831501841545105
"(11, 13)","(-2.0, -2.0)",0.32295483350753784,0.831501841545105,0.831501841545105
"(3, 8)","(2.0, -1.5)",0.04639804735779762,0.831501841545105,0.831501841545105
"(3, 8)","(1.5, -1.5)",0.05677655711770058,0.831501841545105,0.831501841545105
"(11, 13)","(-2.0, -1.5)",0.3095238208770752,0.831501841545105,0.831501841545105
"(11, 13)","(-1.0, -1.5)",0.08913309127092361,0.831501841545105,0.831501841545105
"(10, 11)","(-1.0, -2.0)",0.6050060987472534,0.831501841545105,0.831501841545105
"(4, 8)","(-1.0, -1.5)",0.5061050057411194,0.831501841545105,0.831501841545105
"(7, 11)","(-1.0, -2.0)",0.3253968358039856,0.831501841545105,0.831501841545105
"(7, 8)","(3.0, -1.0)",0.13125763833522797,0.831501841545105,0.831501841545105
"(7, 11)","(-1.0, -1.5)",0.14652015268802643,0.831501841545105,0.831501841545105
"(9, 14)","(2.0, -2.0)",0.07326007634401321,0.831501841545105,0.831501841545105
"(4, 8)","(-2.0, -1.0)",0.8180708289146423,0.831501841545105,0.831501841545105
"(6, 9)","(3.0, 1.0)",0.018315019086003304,0.831501841545105,0.831501841545105
"(8, 14)","(-1.5, -1.5)",0.10012210160493851,0.831501841545105,0.831501841545105
"(8, 14)","(-1.5, -2.0)",0.10805860906839371,0.831501841545105,0.831501841545105
"(8, 14)","(-1.5, -1.0)",0.053113553673028946,0.831501841545105,0.831501841545105
"(1, 4)","(1.5, 2.0)",0.05067155137658119,0.831501841545105,0.831501841545105
"(8, 11)","(-1.5, -1.0)",0.17704518139362335,0.831501841545105,0.831501841545105
"(5, 11)","(1.5, -2.0)",0.09829059988260269,0.831501841545105,0.831501841545105
"(11, 13)","(-1.5, -1.5)",0.21001221239566803,0.831501841545105,0.831501841545105
"(11, 13)","(-1.5, -2.0)",0.20818071067333221,0.831501841545105,0.831501841545105
"(6, 8)","(1.5, -1.5)",0.09401709586381912,0.831501841545105,0.831501841545105
"(5, 6)","(-2.0, 1.0)",0.831501841545105,0.4615384638309479,0.831501841545105
"(5, 11)","(1.0, -2.0)",0.1636141687631607,0.831501841545105,0.831501841545105
"(5, 11)","(1.0, -1.5)",0.05982905998826027,0.831501841545105,0.831501841545105
"(6, 8)","(2.0, -1.0)",0.08485958725214005,0.831501841545105,0.831501841545105
"(6, 7)","(-1.0, 1.0)",0.10073260217905045,0.831501841545105,0.831501841545105
"(10, 13)","(3.0, -2.0)",0.579365074634552,0.831501841545105,0.831501841545105
"(8, 11)","(-1.0, -2.0)",0.2380952388048172,0.831501841545105,0.831501841545105
"(9, 11)","(2.0, 1.5)",0.5427350401878357,0.831501841545105,0.831501841545105
"(9, 11)","(-1.5, 2.0)",0.5250305533409119,0.8321123123168945,0.8321123123168945
"(3, 12)","(2.0, 1.5)",0.14224664866924286,0.8321123123168945,0.8321123123168945
"(6, 9)","(-1.0, -1.5)",0.06776557117700577,0.8321123123168945,0.8321123123168945
"(2, 11)","(2.0, -2.0)",0.5860806107521057,0.8321123123168945,0.8321123123168945
"(12, 14)","(-2.0, -1.5)",0.061050061136484146,0.8321123123168945,0.8321123123168945
"(1, 9)","(-1.0, 2.0)",0.569597065448761,0.8321123123168945,0.8321123123168945
"(12, 14)","(-2.0, -2.0)",0.053113553673028946,0.8321123123168945,0.8321123123168945
"(8, 12)","(1.5, -2.0)",0.37728938460350037,0.8321123123168945,0.8321123123168945
"(4, 12)","(1.0, -1.5)",0.015262515284121037,0.8321123123168945,0.8321123123168945
"(9, 14)","(3.0, -1.5)",0.1428571492433548,0.8321123123168945,0.8321123123168945
"(11, 12)","(-2.0, -1.5)",0.6544566750526428,0.8321123123168945,0.8321123123168945
"(11, 12)","(-1.0, -1.5)",0.4078144133090973,0.8321123123168945,0.8321123123168945
"(3, 11)","(3.0, 2.0)",0.08669108897447586,0.8321123123168945,0.8321123123168945
"(10, 11)","(3.0, 1.5)",0.5372405648231506,0.8321123123168945,0.8321123123168945
"(0, 12)","(3.0, 1.0)",0.013431013561785221,0.8321123123168945,0.8321123123168945
"(7, 9)","(1.0, 3.0)",0.6471306681632996,0.8321123123168945,0.8321123123168945
"(3, 9)","(1.5, 1.5)",0.07081807404756546,0.8321123123168945,0.8321123123168945
"(11, 12)","(-1.0, -2.0)",0.6361416578292847,0.8321123123168945,0.8321123123168945
"(11, 12)","(-1.5, 1.0)",0.04273504391312599,0.8321123123168945,0.8321123123168945
"(3, 11)","(2.0, 2.0)",0.30891332030296326,0.8321123123168945,0.8321123123168945
"(9, 14)","(2.0, -1.5)",0.07692307978868484,0.8321123123168945,0.8321123123168945
"(4, 8)","(-2.0, -1.5)",0.8284493088722229,0.8321123123168945,0.8321123123168945
"(11, 12)","(1.0, -1.5)",0.0396825410425663,0.8321123123168945,0.8321123123168945
"(6, 10)","(2.0, 3.0)",0.0683760717511177,0.8321123123168945,0.8321123123168945
"(9, 14)","(1.5, -1.5)",0.013431013561785221,0.8321123123168945,0.8321123123168945
"(7, 13)","(-1.5, 1.0)",0.017704518511891365,0.8321123123168945,0.8321123123168945
"(2, 12)","(1.0, -2.0)",0.40109890699386597,0.8327228426933289,0.8327228426933289
"(11, 13)","(2.0, 1.0)",0.2735042870044708,0.8327228426933289,0.8327228426933289
"(9, 13)","(1.5, 1.0)",0.11416361480951309,0.8327228426933289,0.8327228426933289
"(8, 9)","(1.0, 3.0)",0.35653236508369446,0.8327228426933289,0.8327228426933289
"(6, 14)","(-1.0, 1.5)",0.5470085740089417,0.8327228426933289,0.8327228426933289
"(8, 11)","(-1.5, -1.5)",0.21001221239566803,0.8327228426933289,0.8327228426933289
"(3, 12)","(3.0, 2.0)",0.09401709586381912,0.8327228426933289,0.8327228426933289
"(10, 12)","(1.5, -2.0)",0.5879120826721191,0.8327228426933289,0.8327228426933289
"(10, 12)","(1.0, -2.0)",0.1794871836900711,0.8327228426933289,0.8327228426933289
"(7, 9)","(3.0, 1.0)",0.13369964063167572,0.8327228426933289,0.8327228426933289
"(3, 12)","(3.0, 1.5)",0.015262515284121037,0.8327228426933289,0.8327228426933289
"(3, 12)","(1.5, -2.0)",0.21306471526622772,0.8327228426933289,0.8327228426933289
"(4, 12)","(1.5, -1.0)",0.02319902367889881,0.8327228426933289,0.8327228426933289
"(9, 14)","(3.0, -1.0)",0.19108669459819794,0.8327228426933289,0.8327228426933289
"(1, 4)","(-2.0, -1.5)",0.8327228426933289,0.30158731341362,0.8327228426933289
"(3, 8)","(3.0, -2.0)",0.026862027123570442,0.8327228426933289,0.8327228426933289
"(3, 9)","(1.5, 1.0)",0.04029304161667824,0.8327228426933289,0.8327228426933289
"(7, 11)","(-1.5, -1.0)",0.11172161251306534,0.8327228426933289,0.8327228426933289
"(9, 13)","(3.0, 1.0)",0.3394383490085602,0.8327228426933289,0.8327228426933289
"(11, 12)","(-2.0, -2.0)",0.7301587462425232,0.8327228426933289,0.8327228426933289
"(9, 13)","(1.0, 2.0)",0.10012210160493851,0.8327228426933289,0.8327228426933289
"(11, 12)","(-1.0, -1.0)",0.17399267852306366,0.8327228426933289,0.8327228426933289
"(3, 12)","(2.0, -2.0)",0.14346764981746674,0.8327228426933289,0.8327228426933289
"(8, 12)","(1.5, -1.5)",0.1666666716337204,0.8327228426933289,0.8327228426933289
"(3, 12)","(2.0, 2.0)",0.5115995407104492,0.8327228426933289,0.8327228426933289
"(9, 10)","(1.0, 3.0)",0.579365074634552,0.8327228426933289,0.8327228426933289
"(9, 14)","(2.0, 1.5)",0.6819291710853577,0.8327228426933289,0.8327228426933289
"(7, 12)","(3.0, 2.0)",0.1300366371870041,0.8327228426933289,0.8327228426933289
"(9, 14)","(1.5, 2.0)",0.6666666865348816,0.8327228426933289,0.8327228426933289
"(9, 14)","(1.5, 1.5)",0.5952380895614624,0.8327228426933289,0.8327228426933289
"(6, 12)","(1.0, -2.0)",0.2557997703552246,0.8327228426933289,0.8327228426933289
"(9, 14)","(2.0, -1.0)",0.08058608323335648,0.8327228426933289,0.8327228426933289
"(2, 9)","(1.0, 2.0)",0.160561665892601,0.8327228426933289,0.8327228426933289
"(12, 14)","(-2.0, -1.0)",0.0763125792145729,0.8327228426933289,0.8327228426933289
"(1, 9)","(-1.0, 1.0)",0.38156288862228394,0.8327228426933289,0.8327228426933289
"(12, 13)","(2.0, 1.0)",0.6648351550102234,0.8327228426933289,0.8327228426933289
"(1, 9)","(-1.0, 1.5)",0.48840048909187317,0.8327228426933289,0.8327228426933289
"(2, 9)","(1.0, 1.5)",0.12087912112474442,0.8327228426933289,0.8327228426933289
"(7, 12)","(1.5, -2.0)",0.23931623995304108,0.8327228426933289,0.8327228426933289
"(9, 10)","(3.0, 3.0)",0.7851037979125977,0.8327228426933289,0.8327228426933289
"(9, 14)","(1.5, -1.0)",0.016483517363667488,0.8327228426933289,0.8327228426933289
"(7, 11)","(-1.5, -1.5)",0.23199023306369781,0.8333333134651184,0.8333333134651184
"(3, 8)","(2.0, -2.0)",0.049450550228357315,0.8333333134651184,0.8333333134651184
"(9, 13)","(2.0, -1.5)",0.54334557056427,0.8333333134651184,0.8333333134651184
"(11, 12)","(-1.5, 1.5)",0.04029304161667824,0.8333333134651184,0.8333333134651184
"(9, 13)","(2.0, 1.0)",0.31990233063697815,0.8333333134651184,0.8333333134651184
"(9, 13)","(3.0, -1.0)",0.752136766910553,0.8333333134651184,0.8333333134651184
"(11, 12)","(-2.0, 1.0)",0.06593406945466995,0.8333333134651184,0.8333333134651184
"(7, 9)","(1.5, 1.5)",0.5189255475997925,0.8333333134651184,0.8333333134651184
"(9, 13)","(3.0, -1.5)",0.7887668013572693,0.8333333134651184,0.8333333134651184
"(9, 13)","(1.5, -1.5)",0.18131868541240692,0.8333333134651184,0.8333333134651184
"(9, 13)","(3.0, -2.0)",0.7997558116912842,0.8333333134651184,0.8333333134651184
"(7, 9)","(3.0, 1.5)",0.25946277379989624,0.8333333134651184,0.8333333134651184
"(9, 13)","(2.0, -1.0)",0.4780219793319702,0.8333333134651184,0.8333333134651184
"(1, 3)","(1.5, 1.0)",0.14346764981746674,0.8333333134651184,0.8333333134651184
"(7, 9)","(1.0, 1.5)",0.40415140986442566,0.8333333134651184,0.8333333134651184
"(9, 13)","(1.5, -1.0)",0.48351648449897766,0.8333333134651184,0.8333333134651184
"(4, 12)","(-1.0, -1.5)",0.7887668013572693,0.8333333134651184,0.8333333134651184
"(9, 12)","(-1.0, -2.0)",0.2411477416753769,0.8333333134651184,0.8333333134651184
"(10, 12)","(2.0, -2.0)",0.6239316463470459,0.8333333134651184,0.8333333134651184
"(7, 9)","(1.5, 2.0)",0.529304027557373,0.8333333134651184,0.8333333134651184
"(8, 12)","(1.0, -2.0)",0.3748473823070526,0.8333333134651184,0.8333333134651184
"(6, 12)","(1.5, -2.0)",0.21672771871089935,0.8333333134651184,0.8333333134651184
"(12, 13)","(1.5, -2.0)",0.11477411538362503,0.8333333134651184,0.8333333134651184
"(12, 14)","(-2.0, 1.0)",0.642246663570404,0.8333333134651184,0.8333333134651184
"(12, 13)","(-2.0, 1.0)",0.28021979331970215,0.8333333134651184,0.8333333134651184
"(6, 14)","(-1.0, 1.0)",0.47069597244262695,0.8333333134651184,0.8333333134651184
"(5, 11)","(3.0, 1.0)",0.021367521956562996,0.8333333134651184,0.8333333134651184
"(6, 9)","(1.0, 3.0)",0.5115995407104492,0.8333333134651184,0.8333333134651184
"(9, 10)","(1.5, 3.0)",0.5964590907096863,0.8333333134651184,0.8333333134651184
"(11, 13)","(-1.0, 2.0)",0.1556776612997055,0.8333333134651184,0.8333333134651184
"(7, 9)","(3.0, 2.0)",0.6159951090812683,0.8333333134651184,0.8333333134651184
"(9, 14)","(3.0, 1.0)",0.8101342916488647,0.8333333134651184,0.8333333134651184
"(7, 9)","(2.0, 1.5)",0.533577561378479,0.8333333134651184,0.8333333134651184
"(6, 9)","(1.0, 1.5)",0.30402931571006775,0.8333333134651184,0.8333333134651184
"(6, 9)","(1.0, 2.0)",0.28021979331970215,0.8333333134651184,0.8333333134651184
"(7, 9)","(2.0, 2.0)",0.5818070769309998,0.8333333134651184,0.8333333134651184
"(8, 9)","(-1.5, 1.5)",0.2509157657623291,0.8333333134651184,0.8333333134651184
"(7, 12)","(1.0, -2.0)",0.24664224684238434,0.8333333134651184,0.8333333134651184
"(9, 10)","(2.0, 3.0)",0.757631242275238,0.8333333134651184,0.8333333134651184
"(9, 12)","(-2.0, -2.0)",0.19780220091342926,0.8333333134651184,0.8333333134651184
"(9, 14)","(1.5, 1.0)",0.5421245694160461,0.8333333134651184,0.8333333134651184
"(11, 12)","(1.0, -2.0)",0.04884004965424538,0.8333333134651184,0.8333333134651184
"(7, 14)","(-2.0, 3.0)",0.5781440734863281,0.8333333134651184,0.8333333134651184
"(9, 14)","(2.0, 1.0)",0.5885226130485535,0.8339438438415527,0.8339438438415527
"(11, 12)","(-2.0, 1.5)",0.045787546783685684,0.8339438438415527,0.8339438438415527
"(3, 9)","(1.0, 2.0)",0.4615384638309479,0.8339438438415527,0.8339438438415527
"(9, 13)","(2.0, -2.0)",0.5378510355949402,0.8339438438415527,0.8339438438415527
"(12, 14)","(-1.5, -2.0)",0.03846153989434242,0.8339438438415527,0.8339438438415527
"(12, 14)","(-1.5, -1.5)",0.040903542190790176,0.8339438438415527,0.8339438438415527
"(12, 14)","(-2.0, 1.5)",0.6666666865348816,0.8339438438415527,0.8339438438415527
"(9, 10)","(1.0, 2.0)",0.5555555820465088,0.8339438438415527,0.8339438438415527
"(9, 10)","(1.0, 1.5)",0.5329670310020447,0.8339438438415527,0.8339438438415527
"(12, 14)","(-2.0, 2.0)",0.6868131756782532,0.8339438438415527,0.8339438438415527
"(8, 9)","(1.0, 2.0)",0.1874236911535263,0.8339438438415527,0.8339438438415527
"(12, 13)","(-2.0, -1.0)",0.3717948794364929,0.8339438438415527,0.8339438438415527
"(9, 10)","(3.0, -1.5)",0.8339438438415527,0.8308913111686707,0.8339438438415527
"(9, 11)","(1.5, 1.5)",0.47069597244262695,0.8339438438415527,0.8339438438415527
"(10, 12)","(-1.5, -1.0)",0.5048840045928955,0.8339438438415527,0.8339438438415527
"(8, 14)","(-1.5, 3.0)",0.6990231871604919,0.8339438438415527,0.8339438438415527
"(7, 9)","(1.0, 2.0)",0.3461538553237915,0.8339438438415527,0.8339438438415527
"(8, 9)","(1.0, 1.5)",0.16239316761493683,0.8339438438415527,0.8339438438415527
"(9, 12)","(-1.5, -2.0)",0.2142857164144516,0.8339438438415527,0.8339438438415527
"(3, 9)","(1.0, 1.5)",0.44017094373703003,0.8339438438415527,0.8339438438415527
"(7, 12)","(2.0, -2.0)",0.24053724110126495,0.8339438438415527,0.8339438438415527
"(12, 14)","(-1.5, 3.0)",0.742368757724762,0.8345543146133423,0.8345543146133423
"(7, 8)","(3.0, -1.5)",0.13247863948345184,0.8345543146133423,0.8345543146133423
"(3, 14)","(-1.0, -2.0)",0.35775336623191833,0.8345543146133423,0.8345543146133423
"(9, 12)","(-1.5, -1.5)",0.07570207864046097,0.8345543146133423,0.8345543146133423
"(3, 11)","(-1.0, -1.0)",0.5641025900840759,0.8345543146133423,0.8345543146133423
"(9, 10)","(3.0, 1.0)",0.3901098966598511,0.8345543146133423,0.8345543146133423
"(2, 12)","(2.0, -1.0)",0.24175824224948883,0.8345543146133423,0.8345543146133423
"(12, 14)","(-2.0, 3.0)",0.8040292859077454,0.8345543146133423,0.8345543146133423
"(9, 12)","(-2.0, -1.5)",0.0763125792145729,0.8345543146133423,0.8345543146133423
"(11, 12)","(1.5, -1.5)",0.037240538746118546,0.8345543146133423,0.8345543146133423
"(10, 12)","(-1.0, -1.0)",0.06410256773233414,0.8345543146133423,0.8345543146133423
"(5, 9)","(3.0, 1.0)",0.040903542190790176,0.8345543146133423,0.8345543146133423
"(1, 9)","(-1.0, -2.0)",0.0793650820851326,0.8345543146133423,0.8345543146133423
"(3, 12)","(2.0, -1.5)",0.08547008782625198,0.8345543146133423,0.8345543146133423
"(3, 8)","(-1.0, 3.0)",0.4859584867954254,0.8345543146133423,0.8345543146133423
"(3, 12)","(1.0, -1.0)",0.08669108897447586,0.8345543146133423,0.8345543146133423
"(4, 6)","(-1.0, -1.5)",0.5512820482254028,0.8345543146133423,0.8345543146133423
"(12, 14)","(-1.5, -1.0)",0.05067155137658119,0.8351648449897766,0.8351648449897766
"(12, 13)","(-1.0, 2.0)",0.20879121124744415,0.8351648449897766,0.8351648449897766
"(2, 6)","(1.0, -1.0)",0.06654457002878189,0.8351648449897766,0.8351648449897766
"(12, 14)","(-1.0, 1.0)",0.32600733637809753,0.8351648449897766,0.8351648449897766
"(6, 12)","(2.0, -2.0)",0.1843711882829666,0.8351648449897766,0.8351648449897766
"(10, 12)","(3.0, -2.0)",0.6349206566810608,0.8351648449897766,0.8351648449897766
"(7, 9)","(-2.0, -1.0)",0.1367521435022354,0.8351648449897766,0.8351648449897766
"(10, 12)","(-1.0, -1.5)",0.4731379747390747,0.8351648449897766,0.8351648449897766
"(10, 12)","(-1.0, -2.0)",0.5750916004180908,0.8351648449897766,0.8351648449897766
"(3, 8)","(1.5, -2.0)",0.05921855941414833,0.8351648449897766,0.8351648449897766
"(8, 10)","(-1.5, 3.0)",0.1855921894311905,0.8351648449897766,0.8351648449897766
"(11, 12)","(1.5, -2.0)",0.04029304161667824,0.8351648449897766,0.8351648449897766
"(10, 11)","(-2.0, 2.0)",0.6196581125259399,0.8351648449897766,0.8351648449897766
"(6, 9)","(1.5, 3.0)",0.6526251435279846,0.8351648449897766,0.8351648449897766
"(9, 10)","(1.5, 1.0)",0.4078144133090973,0.8351648449897766,0.8351648449897766
"(6, 11)","(3.0, -1.5)",0.08913309127092361,0.8357753157615662,0.8357753157615662
"(9, 13)","(1.5, -2.0)",0.11355311423540115,0.8357753157615662,0.8357753157615662
"(0, 14)","(1.0, 3.0)",0.8357753157615662,0.5207570195198059,0.8357753157615662
"(10, 12)","(3.0, 1.5)",0.5604395866394043,0.8357753157615662,0.8357753157615662
"(9, 12)","(-1.0, -1.5)",0.08669108897447586,0.8357753157615662,0.8357753157615662
"(12, 14)","(-1.5, 2.0)",0.6697191596031189,0.8357753157615662,0.8357753157615662
"(3, 12)","(1.0, -2.0)",0.34676435589790344,0.8357753157615662,0.8357753157615662
"(1, 11)","(-1.0, -2.0)",0.5329670310020447,0.8357753157615662,0.8357753157615662
"(9, 12)","(3.0, 2.0)",0.5476190447807312,0.8357753157615662,0.8357753157615662
"(10, 12)","(-1.5, -1.5)",0.5274725556373596,0.8357753157615662,0.8357753157615662
"(10, 12)","(-1.5, -2.0)",0.6153846383094788,0.8357753157615662,0.8357753157615662
"(9, 10)","(3.0, 2.0)",0.6935287117958069,0.8357753157615662,0.8357753157615662
"(6, 11)","(3.0, 2.0)",0.13308914005756378,0.8357753157615662,0.8357753157615662
"(9, 10)","(1.5, 2.0)",0.5738705992698669,0.8357753157615662,0.8357753157615662
"(6, 10)","(3.0, 2.0)",0.053724054247140884,0.8357753157615662,0.8357753157615662
"(3, 6)","(3.0, 3.0)",0.029304029420018196,0.8357753157615662,0.8357753157615662
"(6, 9)","(1.5, 1.5)",0.3345543444156647,0.8357753157615662,0.8357753157615662
"(9, 10)","(2.0, 1.0)",0.21184371411800385,0.8357753157615662,0.8357753157615662
"(3, 11)","(-1.0, -1.5)",0.5885226130485535,0.8357753157615662,0.8357753157615662
"(4, 8)","(3.0, -2.0)",0.0555555559694767,0.8357753157615662,0.8357753157615662
"(12, 13)","(-2.0, -1.5)",0.3980464041233063,0.8357753157615662,0.8357753157615662
"(12, 13)","(-1.5, 1.0)",0.11172161251306534,0.8357753157615662,0.8357753157615662
"(9, 10)","(3.0, 1.5)",0.47374847531318665,0.8363858461380005,0.8363858461380005
"(3, 8)","(1.0, -2.0)",0.061660561710596085,0.8363858461380005,0.8363858461380005
"(9, 11)","(1.0, 2.0)",0.3583638668060303,0.8363858461380005,0.8363858461380005
"(9, 12)","(-1.5, -1.0)",0.04273504391312599,0.8363858461380005,0.8363858461380005
"(6, 11)","(3.0, -2.0)",0.17521367967128754,0.8363858461380005,0.8363858461380005
"(4, 6)","(1.0, -1.5)",0.05677655711770058,0.8363858461380005,0.8363858461380005
"(3, 11)","(-1.0, 1.0)",0.509768009185791,0.8363858461380005,0.8363858461380005
"(10, 12)","(3.0, -1.5)",0.6208791136741638,0.8363858461380005,0.8363858461380005
"(10, 12)","(-2.0, 2.0)",0.742368757724762,0.8363858461380005,0.8363858461380005
"(2, 12)","(1.0, -1.5)",0.14529915153980255,0.8363858461380005,0.8363858461380005
"(3, 6)","(1.5, -1.0)",0.057387057691812515,0.8363858461380005,0.8363858461380005
"(9, 10)","(1.5, 1.5)",0.5311355590820312,0.8363858461380005,0.8363858461380005
"(7, 11)","(-1.0, 1.5)",0.5146520137786865,0.8363858461380005,0.8363858461380005
"(7, 11)","(-1.5, -2.0)",0.5006105303764343,0.8363858461380005,0.8363858461380005
"(7, 9)","(-1.0, 1.0)",0.05616605654358864,0.83699631690979,0.83699631690979
"(4, 6)","(1.5, -1.5)",0.061660561710596085,0.83699631690979,0.83699631690979
"(6, 9)","(1.5, 2.0)",0.4426129460334778,0.83699631690979,0.83699631690979
"(9, 12)","(3.0, 1.5)",0.35653236508369446,0.83699631690979,0.83699631690979
"(12, 14)","(-1.5, 1.5)",0.6416361331939697,0.83699631690979,0.83699631690979
"(10, 12)","(3.0, 1.0)",0.5390720367431641,0.83699631690979,0.83699631690979
"(6, 8)","(2.0, -1.5)",0.09951160103082657,0.83699631690979,0.83699631690979
"(12, 13)","(-2.0, -2.0)",0.41697192192077637,0.83699631690979,0.83699631690979
"(12, 14)","(-1.0, 3.0)",0.7075701951980591,0.83699631690979,0.83699631690979
"(9, 10)","(2.0, 2.0)",0.6092796325683594,0.83699631690979,0.83699631690979
"(10, 12)","(-2.0, -1.5)",0.5659340620040894,0.83699631690979,0.83699631690979
"(9, 10)","(2.0, 1.5)",0.5048840045928955,0.83699631690979,0.83699631690979
"(9, 11)","(-2.0, 2.0)",0.4951159954071045,0.83699631690979,0.83699631690979
"(9, 12)","(2.0, -2.0)",0.8351648449897766,0.8376068472862244,0.8376068472862244
"(7, 9)","(-1.0, 1.5)",0.09890110045671463,0.8376068472862244,0.8376068472862244
"(7, 9)","(-1.0, 2.0)",0.12026862055063248,0.8376068472862244,0.8376068472862244
"(11, 12)","(1.5, 2.0)",0.5213675498962402,0.8376068472862244,0.8376068472862244
"(9, 12)","(-2.0, -1.0)",0.0396825410425663,0.8376068472862244,0.8376068472862244
"(4, 13)","(-1.5, 1.5)",0.8376068472862244,0.761904776096344,0.8376068472862244
"(4, 6)","(2.0, -1.5)",0.016483517363667488,0.8376068472862244,0.8376068472862244
"(1, 13)","(1.0, -1.0)",0.1269841343164444,0.8376068472862244,0.8376068472862244
"(8, 12)","(-1.0, -1.0)",0.1477411538362503,0.8376068472862244,0.8376068472862244
"(9, 14)","(2.0, 2.0)",0.8376068472862244,0.8327228426933289,0.8376068472862244
"(6, 12)","(1.0, -1.5)",0.10622710734605789,0.8382173180580139,0.8382173180580139
"(7, 8)","(-2.0, 3.0)",0.4413919448852539,0.8382173180580139,0.8382173180580139
"(10, 12)","(-2.0, -2.0)",0.6404151320457458,0.8382173180580139,0.8382173180580139
"(7, 9)","(-1.0, 3.0)",0.35958486795425415,0.8382173180580139,0.8382173180580139
"(3, 12)","(1.5, -1.5)",0.12148962169885635,0.8382173180580139,0.8382173180580139
"(6, 9)","(2.0, 3.0)",0.7008547186851501,0.8382173180580139,0.8382173180580139
"(5, 6)","(3.0, 3.0)",0.005494505632668734,0.8382173180580139,0.8382173180580139
"(9, 12)","(1.5, -2.0)",0.7307692170143127,0.8382173180580139,0.8382173180580139
"(8, 11)","(-1.5, -2.0)",0.23260073363780975,0.8382173180580139,0.8382173180580139
"(11, 14)","(-2.0, 3.0)",0.8382173180580139,0.8308913111686707,0.8382173180580139
"(12, 14)","(-1.5, 1.0)",0.6239316463470459,0.8382173180580139,0.8382173180580139
"(7, 12)","(1.0, -1.5)",0.10622710734605789,0.8382173180580139,0.8382173180580139
"(7, 12)","(1.5, -1.5)",0.10195360332727432,0.8382173180580139,0.8382173180580139
"(9, 12)","(2.0, 1.5)",0.35775336623191833,0.8388278484344482,0.8388278484344482
"(9, 12)","(1.0, -2.0)",0.6239316463470459,0.8388278484344482,0.8388278484344482
"(6, 7)","(3.0, 3.0)",0.08485958725214005,0.8388278484344482,0.8388278484344482
"(6, 9)","(2.0, 1.5)",0.07326007634401321,0.8388278484344482,0.8388278484344482
"(6, 12)","(-1.0, 1.0)",0.19108669459819794,0.8388278484344482,0.8388278484344482
"(9, 12)","(3.0, 1.0)",0.3162393271923065,0.8388278484344482,0.8388278484344482
"(7, 12)","(2.0, -1.5)",0.1367521435022354,0.8388278484344482,0.8388278484344482
"(4, 12)","(-2.0, 2.0)",0.8388278484344482,0.7967032790184021,0.8388278484344482
"(5, 9)","(1.0, 3.0)",0.3937729001045227,0.8388278484344482,0.8388278484344482
"(8, 12)","(1.0, -1.5)",0.14529915153980255,0.8388278484344482,0.8388278484344482
"(5, 9)","(1.0, 2.0)",0.18009768426418304,0.8388278484344482,0.8388278484344482
"(5, 9)","(1.0, 1.5)",0.14102564752101898,0.8388278484344482,0.8388278484344482
"(4, 13)","(-2.0, -1.0)",0.8388278484344482,0.46886447072029114,0.8388278484344482
"(6, 13)","(-1.0, -1.0)",0.10561660677194595,0.8388278484344482,0.8388278484344482
"(10, 12)","(2.0, -1.5)",0.5708180665969849,0.8394383192062378,0.8394383192062378
"(9, 11)","(2.0, -2.0)",0.8394383192062378,0.8308913111686707,0.8394383192062378
"(6, 9)","(2.0, 2.0)",0.5250305533409119,0.8394383192062378,0.8394383192062378
"(7, 9)","(-1.5, 1.0)",0.06898657232522964,0.8394383192062378,0.8394383192062378
"(8, 12)","(-1.0, -1.5)",0.21611721813678741,0.8394383192062378,0.8394383192062378
"(9, 13)","(-1.5, 2.0)",0.007936508394777775,0.8394383192062378,0.8394383192062378
"(10, 12)","(1.5, -1.0)",0.08608058840036392,0.8394383192062378,0.8394383192062378
"(9, 12)","(1.5, 1.5)",0.38644689321517944,0.8394383192062378,0.8394383192062378
"(3, 9)","(-1.0, -1.5)",0.4621489644050598,0.8394383192062378,0.8394383192062378
"(10, 13)","(-1.5, 2.0)",0.4590964615345001,0.8400488495826721,0.8400488495826721
"(2, 6)","(1.5, -1.0)",0.03907204046845436,0.8400488495826721,0.8400488495826721
"(9, 13)","(3.0, 1.5)",0.3272283375263214,0.8400488495826721,0.8400488495826721
"(9, 12)","(1.0, -1.5)",0.5409035682678223,0.8400488495826721,0.8400488495826721
"(6, 11)","(-1.0, 1.5)",0.7026861906051636,0.8400488495826721,0.8400488495826721
"(6, 12)","(1.5, -1.5)",0.08974359184503555,0.8400488495826721,0.8400488495826721
"(10, 12)","(3.0, -1.0)",0.6043956279754639,0.8400488495826721,0.8400488495826721
"(0, 11)","(1.0, -2.0)",0.7094017267227173,0.8406593203544617,0.8406593203544617
"(12, 14)","(-1.0, 2.0)",0.6483516693115234,0.8406593203544617,0.8406593203544617
"(10, 12)","(1.5, -1.5)",0.16117216646671295,0.8406593203544617,0.8406593203544617
"(10, 12)","(1.0, -1.5)",0.14346764981746674,0.8406593203544617,0.8406593203544617
"(6, 10)","(-1.0, -2.0)",0.5738705992698669,0.8406593203544617,0.8406593203544617
"(7, 9)","(-1.5, 1.5)",0.09401709586381912,0.8406593203544617,0.8406593203544617
"(3, 9)","(-1.0, -2.0)",0.47374847531318665,0.8406593203544617,0.8406593203544617
"(2, 8)","(3.0, 3.0)",0.3431013524532318,0.8406593203544617,0.8406593203544617
"(7, 11)","(-2.0, -1.0)",0.21611721813678741,0.8406593203544617,0.8406593203544617
"(3, 12)","(1.0, -1.5)",0.15018315613269806,0.841269850730896,0.841269850730896
"(0, 3)","(1.0, 3.0)",0.44078144431114197,0.841269850730896,0.841269850730896
"(7, 9)","(-1.5, 3.0)",0.5213675498962402,0.841269850730896,0.841269850730896
"(9, 12)","(1.5, -1.5)",0.6123321056365967,0.841269850730896,0.841269850730896
"(7, 9)","(-1.5, 2.0)",0.18681319057941437,0.841269850730896,0.841269850730896
"(11, 12)","(2.0, 1.5)",0.5134310126304626,0.841269850730896,0.841269850730896
"(9, 12)","(2.0, -1.5)",0.8070818185806274,0.841269850730896,0.841269850730896
"(7, 9)","(-1.0, -1.5)",0.022588523104786873,0.841269850730896,0.841269850730896
"(0, 12)","(2.0, 1.0)",0.07264957576990128,0.841269850730896,0.841269850730896
"(0, 11)","(1.5, 1.5)",0.11294261366128922,0.8418803215026855,0.8418803215026855
"(2, 3)","(-1.0, 3.0)",0.017704518511891365,0.8418803215026855,0.8418803215026855
"(7, 13)","(-1.0, 2.0)",0.016483517363667488,0.8418803215026855,0.8418803215026855
"(7, 12)","(3.0, -2.0)",0.25152626633644104,0.8418803215026855,0.8418803215026855
"(6, 14)","(-1.5, -2.0)",0.028693528845906258,0.8418803215026855,0.8418803215026855
"(9, 12)","(-2.0, 2.0)",0.5470085740089417,0.8418803215026855,0.8418803215026855
"(12, 14)","(-1.0, 1.5)",0.6135531067848206,0.8418803215026855,0.8418803215026855
"(11, 12)","(-1.5, 2.0)",0.03540903702378273,0.8418803215026855,0.8418803215026855
"(6, 12)","(2.0, -1.5)",0.08974359184503555,0.8418803215026855,0.8418803215026855
"(9, 12)","(2.0, 1.0)",0.29609280824661255,0.8418803215026855,0.8418803215026855
"(9, 12)","(1.5, 1.0)",0.13247863948345184,0.8418803215026855,0.8418803215026855
"(12, 13)","(-1.5, -1.0)",0.13919414579868317,0.8418803215026855,0.8418803215026855
"(7, 12)","(3.0, -1.5)",0.22893773019313812,0.8424908518791199,0.8424908518791199
"(6, 8)","(-1.0, 1.0)",0.07570207864046097,0.8424908518791199,0.8424908518791199
"(9, 13)","(1.0, -2.0)",0.05128205195069313,0.8424908518791199,0.8424908518791199
"(8, 13)","(-1.5, -1.0)",0.1288156360387802,0.8424908518791199,0.8424908518791199
"(9, 13)","(-2.0, 2.0)",0.004273504484444857,0.8424908518791199,0.8424908518791199
"(9, 12)","(1.0, 2.0)",0.6898657083511353,0.8424908518791199,0.8424908518791199
"(8, 12)","(-1.0, -2.0)",0.24542124569416046,0.8424908518791199,0.8424908518791199
"(9, 12)","(3.0, -1.0)",0.8162392973899841,0.8424908518791199,0.8424908518791199
"(4, 5)","(2.0, -2.0)",0.4932844936847687,0.8424908518791199,0.8424908518791199
"(2, 12)","(1.5, -2.0)",0.5567765831947327,0.8431013226509094,0.8431013226509094
"(0, 4)","(-2.0, -1.0)",0.09401709586381912,0.8431013226509094,0.8431013226509094
"(3, 9)","(-1.0, 1.0)",0.6111111044883728,0.8431013226509094,0.8431013226509094
"(5, 11)","(1.5, 2.0)",0.032967034727334976,0.8431013226509094,0.8431013226509094
"(8, 9)","(-1.5, 1.0)",0.13614164292812347,0.8431013226509094,0.8431013226509094
"(5, 14)","(-1.5, 1.0)",0.8431013226509094,0.6953601837158203,0.8431013226509094
"(3, 13)","(-1.0, 1.0)",0.4615384638309479,0.8431013226509094,0.8431013226509094
"(5, 8)","(1.0, -1.5)",0.06288156658411026,0.8431013226509094,0.8431013226509094
"(3, 7)","(2.0, -2.0)",0.01587301678955555,0.8437118530273438,0.8437118530273438
"(3, 8)","(-1.5, 2.0)",0.5329670310020447,0.8437118530273438,0.8437118530273438
"(12, 13)","(-1.5, -1.5)",0.19413919746875763,0.8437118530273438,0.8437118530273438
"(7, 14)","(-2.0, -1.5)",0.08608058840036392,0.8437118530273438,0.8437118530273438
"(1, 3)","(-2.0, 3.0)",0.02808302827179432,0.8443223237991333,0.8443223237991333
"(4, 8)","(-2.0, -2.0)",0.8431013226509094,0.8443223237991333,0.8443223237991333
"(12, 13)","(-1.5, -2.0)",0.2191697210073471,0.8443223237991333,0.8443223237991333
"(3, 4)","(2.0, -2.0)",0.8443223237991333,0.55982905626297,0.8443223237991333
"(6, 12)","(3.0, -2.0)",0.13369964063167572,0.8443223237991333,0.8443223237991333
"(9, 12)","(1.0, -1.0)",0.35653236508369446,0.8443223237991333,0.8443223237991333
"(4, 8)","(2.0, -2.0)",0.061050061136484146,0.8443223237991333,0.8443223237991333
"(6, 12)","(2.0, -1.0)",0.053724054247140884,0.8443223237991333,0.8443223237991333
"(11, 12)","(2.0, -1.0)",0.26129427552223206,0.8443223237991333,0.8443223237991333
"(0, 9)","(2.0, 2.0)",0.5347985625267029,0.8443223237991333,0.8443223237991333
"(3, 6)","(2.0, 3.0)",0.02014652080833912,0.8443223237991333,0.8443223237991333
"(4, 6)","(3.0, -1.5)",0.017094017937779427,0.8449328541755676,0.8449328541755676
"(3, 10)","(-1.0, 3.0)",0.553113579750061,0.8449328541755676,0.8449328541755676
"(3, 12)","(1.5, -1.0)",0.05616605654358864,0.8449328541755676,0.8449328541755676
"(12, 13)","(-1.0, -1.5)",0.07753358036279678,0.8455433249473572,0.8455433249473572
"(9, 12)","(1.5, -1.0)",0.5811966061592102,0.8455433249473572,0.8455433249473572
"(9, 12)","(2.0, -1.0)",0.6410256624221802,0.8455433249473572,0.8455433249473572
"(1, 12)","(-1.0, -2.0)",0.4841269850730896,0.8455433249473572,0.8455433249473572
"(2, 14)","(-1.0, -2.0)",0.10989011079072952,0.8455433249473572,0.8455433249473572
"(8, 13)","(3.0, 2.0)",0.09279609471559525,0.8455433249473572,0.8455433249473572
"(6, 8)","(-1.5, 1.5)",0.11843711882829666,0.8455433249473572,0.8455433249473572
"(6, 14)","(-1.5, -1.5)",0.02747252769768238,0.8455433249473572,0.8455433249473572
"(10, 12)","(2.0, -1.0)",0.14713065326213837,0.8455433249473572,0.8455433249473572
"(7, 14)","(-2.0, -2.0)",0.12820513546466827,0.8455433249473572,0.8455433249473572
"(2, 8)","(1.5, -2.0)",0.11233211308717728,0.8455433249473572,0.8455433249473572
"(11, 13)","(-1.5, 1.5)",0.190476194024086,0.8455433249473572,0.8455433249473572
"(9, 12)","(2.0, 2.0)",0.6214896440505981,0.8455433249473572,0.8455433249473572
"(3, 9)","(-1.0, 1.5)",0.6459096670150757,0.8455433249473572,0.8455433249473572
"(1, 12)","(-1.0, -1.5)",0.44993895292282104,0.8455433249473572,0.8455433249473572
"(8, 14)","(-2.0, -2.0)",0.1111111119389534,0.8461538553237915,0.8461538553237915
"(3, 9)","(-1.0, 2.0)",0.8461538553237915,0.8455433249473572,0.8461538553237915
"(3, 11)","(-1.0, -2.0)",0.629426121711731,0.8461538553237915,0.8461538553237915
"(1, 12)","(-1.0, -1.0)",0.42796093225479126,0.8461538553237915,0.8461538553237915
"(3, 12)","(1.0, 3.0)",0.6746031641960144,0.8461538553237915,0.8461538553237915
"(3, 13)","(-1.0, -1.5)",0.5305250287055969,0.8461538553237915,0.8461538553237915
"(7, 8)","(2.0, -2.0)",0.1288156360387802,0.8461538553237915,0.8461538553237915
"(8, 13)","(-1.0, -1.5)",0.10439560562372208,0.8461538553237915,0.8461538553237915
"(10, 13)","(-2.0, 2.0)",0.49572649598121643,0.8461538553237915,0.8461538553237915
"(5, 10)","(-2.0, 1.5)",0.6050060987472534,0.8461538553237915,0.8461538553237915
"(7, 11)","(-2.0, -1.5)",0.3290598392486572,0.846764326095581,0.846764326095581
"(1, 13)","(1.5, 3.0)",0.12576313316822052,0.846764326095581,0.846764326095581
"(10, 12)","(3.0, 2.0)",0.5879120826721191,0.846764326095581,0.846764326095581
"(9, 12)","(3.0, -1.5)",0.846764326095581,0.8388278484344482,0.846764326095581
"(7, 13)","(-1.0, -2.0)",0.02014652080833912,0.846764326095581,0.846764326095581
"(8, 12)","(-1.5, -1.0)",0.18131868541240692,0.846764326095581,0.846764326095581
"(12, 13)","(1.0, 2.0)",0.16788767278194427,0.846764326095581,0.846764326095581
"(1, 7)","(1.5, 1.5)",0.1776556819677353,0.846764326095581,0.846764326095581
"(5, 9)","(1.5, 1.5)",0.12942613661289215,0.8473748564720154,0.8473748564720154
"(3, 13)","(-1.0, -2.0)",0.5476190447807312,0.8473748564720154,0.8473748564720154
"(7, 13)","(-1.5, 1.5)",0.013431013561785221,0.8473748564720154,0.8473748564720154
"(4, 7)","(-1.5, -2.0)",0.732600748538971,0.8473748564720154,0.8473748564720154
"(5, 8)","(-1.5, 2.0)",0.7875458002090454,0.8473748564720154,0.8473748564720154
"(5, 12)","(2.0, 1.5)",0.010378510691225529,0.8473748564720154,0.8473748564720154
"(6, 11)","(-1.0, -1.5)",0.5622710585594177,0.8479853272438049,0.8479853272438049
"(3, 4)","(-1.5, 2.0)",0.47680097818374634,0.8479853272438049,0.8479853272438049
"(3, 7)","(3.0, -2.0)",0.04456654563546181,0.8479853272438049,0.8479853272438049
"(3, 4)","(-1.5, 1.5)",0.41025641560554504,0.8479853272438049,0.8479853272438049
"(0, 3)","(1.5, 3.0)",0.35347986221313477,0.8479853272438049,0.8479853272438049
"(9, 14)","(3.0, 1.5)",0.8479853272438049,0.8327228426933289,0.8479853272438049
"(6, 10)","(-1.0, 1.0)",0.057387057691812515,0.8479853272438049,0.8479853272438049
"(1, 4)","(-1.0, -1.5)",0.8479853272438049,0.049450550228357315,0.8479853272438049
"(8, 12)","(-1.5, -1.5)",0.2142857164144516,0.8485958576202393,0.8485958576202393
"(7, 12)","(3.0, -1.0)",0.16422466933727264,0.8485958576202393,0.8485958576202393
"(6, 14)","(-1.5, -1.0)",0.02319902367889881,0.8485958576202393,0.8485958576202393
"(3, 9)","(-1.5, -1.0)",0.4969474971294403,0.8485958576202393,0.8485958576202393
"(1, 4)","(-1.5, -1.5)",0.8485958576202393,0.14102564752101898,0.8485958576202393
"(11, 13)","(1.5, 1.5)",0.33760684728622437,0.8485958576202393,0.8485958576202393
"(3, 11)","(-1.0, 1.5)",0.598901093006134,0.8485958576202393,0.8485958576202393
"(4, 6)","(-1.5, -1.5)",0.8485958576202393,0.8345543146133423,0.8485958576202393
"(2, 14)","(-1.5, -1.0)",0.10989011079072952,0.8485958576202393,0.8485958576202393
"(3, 4)","(-1.5, 1.0)",0.2680097818374634,0.8485958576202393,0.8485958576202393
"(6, 12)","(-1.0, 1.5)",0.7069597244262695,0.8485958576202393,0.8485958576202393
"(9, 13)","(2.0, 1.5)",0.31990233063697815,0.8492063283920288,0.8492063283920288
"(5, 12)","(1.5, -1.0)",0.012210012413561344,0.8492063283920288,0.8492063283920288
"(8, 14)","(-2.0, -1.5)",0.10805860906839371,0.8492063283920288,0.8492063283920288
"(5, 9)","(1.5, 2.0)",0.15750916302204132,0.8492063283920288,0.8492063283920288
"(12, 13)","(1.5, 1.5)",0.3968254029750824,0.8492063283920288,0.8492063283920288
"(11, 13)","(-2.0, 1.5)",0.3559218645095825,0.8492063283920288,0.8492063283920288
"(5, 12)","(2.0, -1.0)",0.025641025975346565,0.8492063283920288,0.8492063283920288
"(6, 12)","(3.0, -1.5)",0.0763125792145729,0.8492063283920288,0.8492063283920288
"(9, 11)","(3.0, 2.0)",0.7277167439460754,0.8492063283920288,0.8492063283920288
"(3, 13)","(1.0, 3.0)",0.08852259069681168,0.8498168587684631,0.8498168587684631
"(7, 12)","(-1.0, 1.0)",0.4871794879436493,0.8498168587684631,0.8498168587684631
"(4, 13)","(-2.0, -2.0)",0.8498168587684631,0.7655677795410156,0.8498168587684631
"(8, 13)","(-1.5, -1.5)",0.16300366818904877,0.8498168587684631,0.8498168587684631
"(7, 8)","(1.5, -2.0)",0.15506716072559357,0.8498168587684631,0.8498168587684631
"(8, 12)","(-1.5, -2.0)",0.23687423765659332,0.8498168587684631,0.8498168587684631
"(8, 9)","(-1.0, -1.5)",0.0476190485060215,0.8498168587684631,0.8498168587684631
"(4, 12)","(-2.0, 1.5)",0.8498168587684631,0.7936508059501648,0.8498168587684631
"(8, 13)","(-1.0, 1.0)",0.049450550228357315,0.8498168587684631,0.8498168587684631
"(8, 12)","(2.0, 3.0)",0.28998780250549316,0.8498168587684631,0.8498168587684631
"(8, 11)","(-1.0, 1.0)",0.05067155137658119,0.8498168587684631,0.8498168587684631
"(1, 3)","(-1.0, -2.0)",0.5982906222343445,0.8498168587684631,0.8498168587684631
"(1, 6)","(-1.0, 3.0)",0.08180708438158035,0.8498168587684631,0.8498168587684631
"(8, 10)","(-2.0, 1.5)",0.15689866244792938,0.8498168587684631,0.8498168587684631
"(9, 11)","(2.0, 2.0)",0.6410256624221802,0.8498168587684631,0.8498168587684631
"(8, 11)","(-2.0, -1.0)",0.18864469230175018,0.8498168587684631,0.8498168587684631
"(2, 8)","(3.0, -1.0)",0.07020757347345352,0.8504273295402527,0.8504273295402527
"(8, 14)","(-2.0, -1.0)",0.11233211308717728,0.8504273295402527,0.8504273295402527
"(3, 6)","(1.0, -1.5)",0.13431014120578766,0.8504273295402527,0.8504273295402527
"(2, 12)","(1.5, -1.5)",0.4871794879436493,0.8504273295402527,0.8504273295402527
"(3, 9)","(-1.5, -1.5)",0.490231990814209,0.8504273295402527,0.8504273295402527
"(4, 9)","(-1.0, 2.0)",0.8504273295402527,0.8308913111686707,0.8504273295402527
"(6, 7)","(-1.5, 1.5)",0.10500610619783401,0.8504273295402527,0.8504273295402527
"(7, 9)","(-1.0, -2.0)",0.021367521956562996,0.8504273295402527,0.8504273295402527
"(9, 13)","(1.5, 1.5)",0.12576313316822052,0.8504273295402527,0.8504273295402527
"(12, 13)","(-2.0, 1.5)",0.32295483350753784,0.8504273295402527,0.8504273295402527
"(9, 11)","(1.5, 2.0)",0.3840048909187317,0.8504273295402527,0.8504273295402527
"(8, 10)","(-2.0, 2.0)",0.17399267852306366,0.8504273295402527,0.8504273295402527
"(5, 6)","(3.0, -1.0)",0.037240538746118546,0.851037859916687,0.851037859916687
"(8, 9)","(-2.0, 2.0)",0.8485958576202393,0.851037859916687,0.851037859916687
"(4, 6)","(-1.5, -1.0)",0.851037859916687,0.8113552927970886,0.851037859916687
"(2, 13)","(1.0, 3.0)",0.021367521956562996,0.851037859916687,0.851037859916687
"(6, 8)","(1.5, -2.0)",0.13369964063167572,0.851037859916687,0.851037859916687
"(8, 9)","(-1.0, -2.0)",0.04700854793190956,0.851037859916687,0.851037859916687
"(5, 12)","(1.0, 1.5)",0.06043956056237221,0.851037859916687,0.851037859916687
"(10, 11)","(3.0, 2.0)",0.5592185854911804,0.851037859916687,0.851037859916687
"(3, 9)","(-1.5, -2.0)",0.48962149024009705,0.851037859916687,0.851037859916687
"(7, 11)","(-1.5, 1.0)",0.49755799770355225,0.851037859916687,0.851037859916687
"(9, 12)","(1.5, 2.0)",0.6715506911277771,0.851037859916687,0.851037859916687
"(3, 11)","(1.0, 3.0)",0.3638583719730377,0.851037859916687,0.851037859916687
"(3, 8)","(-1.5, 3.0)",0.5262515544891357,0.851037859916687,0.851037859916687
"(7, 13)","(-1.5, -1.5)",0.061660561710596085,0.851037859916687,0.851037859916687
"(9, 11)","(3.0, -1.5)",0.8516483306884766,0.8308913111686707,0.8516483306884766
"(6, 9)","(3.0, 3.0)",0.6007326245307922,0.8516483306884766,0.8516483306884766
"(11, 12)","(-2.0, 2.0)",0.04212454333901405,0.8516483306884766,0.8516483306884766
"(12, 13)","(-1.5, 1.5)",0.16544567048549652,0.8516483306884766,0.8516483306884766
"(8, 10)","(-1.5, -1.0)",0.11233211308717728,0.8516483306884766,0.8516483306884766
"(3, 8)","(-1.5, 1.5)",0.5189255475997925,0.8516483306884766,0.8516483306884766
"(6, 11)","(-1.0, -1.0)",0.4139194190502167,0.8516483306884766,0.8516483306884766
"(0, 9)","(2.0, 1.5)",0.4908424913883209,0.8516483306884766,0.8516483306884766
"(7, 13)","(-2.0, -1.0)",0.14529915153980255,0.8516483306884766,0.8516483306884766
"(2, 10)","(-1.5, -1.0)",0.21001221239566803,0.8516483306884766,0.8516483306884766
"(2, 10)","(-1.5, 2.0)",0.05616605654358864,0.8516483306884766,0.8516483306884766
"(1, 12)","(-1.0, 1.0)",0.4316239356994629,0.8516483306884766,0.8516483306884766
"(6, 14)","(-1.5, 1.5)",0.5525030493736267,0.8516483306884766,0.8516483306884766
"(6, 8)","(-1.5, 3.0)",0.23260073363780975,0.8516483306884766,0.8516483306884766
"(3, 6)","(2.0, -1.0)",0.06715507060289383,0.8516483306884766,0.8516483306884766
"(1, 3)","(-1.0, -1.5)",0.5299145579338074,0.8516483306884766,0.8516483306884766
"(12, 13)","(-1.0, -2.0)",0.10256410390138626,0.8522588610649109,0.8522588610649109
"(7, 8)","(1.0, -2.0)",0.12393162399530411,0.8522588610649109,0.8522588610649109
"(6, 8)","(1.0, -2.0)",0.1318681389093399,0.8522588610649109,0.8522588610649109
"(0, 7)","(1.5, 3.0)",0.6019536256790161,0.8522588610649109,0.8522588610649109
"(8, 13)","(-1.0, -2.0)",0.14041514694690704,0.8522588610649109,0.8522588610649109
"(11, 12)","(2.0, -1.5)",0.02319902367889881,0.8522588610649109,0.8522588610649109
"(5, 6)","(1.5, -1.0)",0.011599511839449406,0.8522588610649109,0.8522588610649109
"(5, 10)","(-1.5, -1.0)",0.8522588610649109,0.40048840641975403,0.8522588610649109
"(8, 13)","(-1.5, 1.0)",0.0763125792145729,0.8522588610649109,0.8522588610649109
"(6, 7)","(-1.5, 1.0)",0.09340659528970718,0.8522588610649109,0.8522588610649109
"(8, 10)","(-2.0, 1.0)",0.13858364522457123,0.8522588610649109,0.8522588610649109
"(8, 10)","(-1.0, -2.0)",0.5671550631523132,0.8522588610649109,0.8522588610649109
"(1, 11)","(-1.0, 1.5)",0.4511599540710449,0.8522588610649109,0.8522588610649109
"(4, 8)","(-1.5, -2.0)",0.6153846383094788,0.8522588610649109,0.8522588610649109
"(8, 9)","(-1.5, -1.5)",0.053113553673028946,0.8522588610649109,0.8522588610649109
"(8, 9)","(-1.5, -1.0)",0.05250305309891701,0.8522588610649109,0.8522588610649109
"(8, 11)","(-1.5, 1.0)",0.053113553673028946,0.8528693318367004,0.8528693318367004
"(8, 14)","(-2.0, 1.5)",0.2606837749481201,0.8528693318367004,0.8528693318367004
"(8, 14)","(-2.0, 2.0)",0.3663003742694855,0.8528693318367004,0.8528693318367004
"(6, 7)","(-1.5, 2.0)",0.1746031790971756,0.8528693318367004,0.8528693318367004
"(2, 9)","(2.0, 1.5)",0.28205129504203796,0.8528693318367004,0.8528693318367004
"(5, 9)","(2.0, 1.5)",0.061050061136484146,0.8528693318367004,0.8528693318367004
"(0, 7)","(3.0, -2.0)",0.0018315018387511373,0.8528693318367004,0.8528693318367004
"(8, 14)","(-2.0, 1.0)",0.22588522732257843,0.8528693318367004,0.8528693318367004
"(4, 8)","(1.5, -2.0)",0.06654457002878189,0.8528693318367004,0.8528693318367004
"(8, 13)","(-2.0, -1.0)",0.1746031790971756,0.8528693318367004,0.8528693318367004
"(4, 8)","(-1.0, -2.0)",0.514041543006897,0.8534798622131348,0.8534798622131348
"(8, 9)","(-2.0, 1.5)",0.27838829159736633,0.8534798622131348,0.8534798622131348
"(2, 8)","(1.0, -2.0)",0.13858364522457123,0.8534798622131348,0.8534798622131348
"(8, 9)","(-1.0, 3.0)",0.8534798622131348,0.8308913111686707,0.8534798622131348
"(2, 9)","(2.0, 3.0)",0.35958486795425415,0.8534798622131348,0.8534798622131348
"(5, 7)","(-2.0, 1.5)",0.817460298538208,0.8534798622131348,0.8534798622131348
"(7, 9)","(-1.5, -2.0)",0.025030525401234627,0.8534798622131348,0.8534798622131348
"(6, 13)","(3.0, -2.0)",0.03235653415322304,0.8534798622131348,0.8534798622131348
"(8, 9)","(-2.0, 1.0)",0.14957265555858612,0.8534798622131348,0.8534798622131348
"(8, 11)","(-2.0, -1.5)",0.22161172330379486,0.8534798622131348,0.8534798622131348
"(7, 9)","(-2.0, 1.5)",0.11599511653184891,0.8534798622131348,0.8534798622131348
"(5, 6)","(2.0, -1.0)",0.020757021382451057,0.8534798622131348,0.8534798622131348
"(0, 13)","(2.0, 1.0)",0.12637363374233246,0.8540903329849243,0.8540903329849243
"(3, 11)","(-1.5, -1.0)",0.6050060987472534,0.8540903329849243,0.8540903329849243
"(11, 12)","(2.0, -2.0)",0.04029304161667824,0.8540903329849243,0.8540903329849243
"(1, 3)","(2.0, 1.5)",0.1459096521139145,0.8540903329849243,0.8540903329849243
"(3, 6)","(3.0, -1.0)",0.08791209012269974,0.8540903329849243,0.8540903329849243
"(4, 6)","(-2.0, 1.0)",0.8540903329849243,0.3034188151359558,0.8540903329849243
"(6, 9)","(3.0, 2.0)",0.13247863948345184,0.8540903329849243,0.8540903329849243
"(0, 7)","(2.0, 3.0)",0.2887668013572693,0.8540903329849243,0.8540903329849243
"(5, 7)","(-1.0, -1.0)",0.1843711882829666,0.8540903329849243,0.8540903329849243
"(6, 14)","(-1.5, 1.0)",0.49450549483299255,0.8540903329849243,0.8540903329849243
"(3, 4)","(-1.5, 3.0)",0.47863247990608215,0.8540903329849243,0.8540903329849243
"(7, 9)","(-1.5, -1.5)",0.029304029420018196,0.8540903329849243,0.8540903329849243
"(4, 8)","(1.0, -2.0)",0.07997558265924454,0.8540903329849243,0.8540903329849243
"(11, 12)","(2.0, 2.0)",0.5463980436325073,0.8547008633613586,0.8547008633613586
"(6, 9)","(3.0, 1.5)",0.03846153989434242,0.8547008633613586,0.8547008633613586
"(8, 9)","(-1.5, -2.0)",0.05067155137658119,0.8547008633613586,0.8547008633613586
"(7, 9)","(-2.0, 1.0)",0.08669108897447586,0.8547008633613586,0.8547008633613586
"(5, 9)","(1.5, 3.0)",0.3687423765659332,0.8547008633613586,0.8547008633613586
"(3, 12)","(3.0, 3.0)",0.3473748564720154,0.8553113341331482,0.8553113341331482
"(6, 11)","(-1.0, -2.0)",0.5964590907096863,0.8553113341331482,0.8553113341331482
"(6, 13)","(-1.0, 1.0)",0.041514042764902115,0.8553113341331482,0.8553113341331482
"(0, 9)","(2.0, 1.0)",0.19780220091342926,0.8553113341331482,0.8553113341331482
"(3, 7)","(-1.0, 3.0)",0.4175824224948883,0.8553113341331482,0.8553113341331482
"(7, 8)","(3.0, -2.0)",0.13858364522457123,0.8553113341331482,0.8553113341331482
"(6, 11)","(-1.5, 1.0)",0.23137973248958588,0.8553113341331482,0.8553113341331482
"(4, 8)","(-1.5, 2.0)",0.8559218645095825,0.3473748564720154,0.8559218645095825
"(8, 11)","(-1.0, 1.5)",0.1269841343164444,0.8559218645095825,0.8559218645095825
"(8, 13)","(-2.0, -1.5)",0.1794871836900711,0.8559218645095825,0.8559218645095825
"(6, 14)","(-1.5, 2.0)",0.5732600688934326,0.8559218645095825,0.8559218645095825
"(8, 10)","(-1.5, -1.5)",0.16727717220783234,0.8559218645095825,0.8559218645095825
"(3, 10)","(-1.0, -2.0)",0.66300368309021,0.8559218645095825,0.8559218645095825
"(2, 9)","(2.0, 2.0)",0.3131868243217468,0.8559218645095825,0.8559218645095825
"(7, 9)","(-2.0, 2.0)",0.3253968358039856,0.8559218645095825,0.8559218645095825
"(8, 12)","(1.5, 3.0)",0.42124542593955994,0.8565323352813721,0.8565323352813721
"(1, 3)","(3.0, 3.0)",0.1269841343164444,0.8565323352813721,0.8565323352813721
"(8, 11)","(2.0, 3.0)",0.13919414579868317,0.8565323352813721,0.8565323352813721
"(5, 6)","(1.0, -1.0)",0.018315019086003304,0.8565323352813721,0.8565323352813721
"(6, 12)","(-1.0, 2.0)",0.6636141538619995,0.8565323352813721,0.8565323352813721
"(0, 8)","(1.0, -1.5)",0.5476190447807312,0.8565323352813721,0.8565323352813721
"(6, 10)","(3.0, 3.0)",0.06043956056237221,0.8565323352813721,0.8565323352813721
"(4, 13)","(3.0, 2.0)",0.007326007355004549,0.8565323352813721,0.8565323352813721
"(1, 8)","(2.0, 1.5)",0.1697191745042801,0.8565323352813721,0.8565323352813721
"(7, 11)","(-1.5, 1.5)",0.5366300344467163,0.8571428656578064,0.8571428656578064
"(7, 9)","(3.0, 3.0)",0.8571428656578064,0.8302808403968811,0.8571428656578064
"(6, 12)","(3.0, -1.0)",0.05128205195069313,0.8571428656578064,0.8571428656578064
"(6, 9)","(-1.0, 3.0)",0.5927960872650146,0.8571428656578064,0.8571428656578064
"(3, 12)","(2.0, 3.0)",0.35653236508369446,0.8571428656578064,0.8571428656578064
"(3, 14)","(-1.5, -2.0)",0.47680097818374634,0.8571428656578064,0.8571428656578064
"(6, 13)","(-1.0, -1.5)",0.07509157806634903,0.8571428656578064,0.8571428656578064
"(8, 12)","(-1.0, 1.0)",0.05250305309891701,0.8571428656578064,0.8571428656578064
"(7, 12)","(-1.0, -2.0)",0.4951159954071045,0.8571428656578064,0.8571428656578064
"(3, 11)","(-1.5, 1.0)",0.5256410241127014,0.8571428656578064,0.8571428656578064
"(6, 9)","(-1.0, -2.0)",0.05921855941414833,0.857753336429596,0.857753336429596
"(8, 14)","(-2.0, 3.0)",0.7063491940498352,0.857753336429596,0.857753336429596
"(0, 12)","(2.0, 1.5)",0.10256410390138626,0.857753336429596,0.857753336429596
"(6, 7)","(2.0, -1.5)",0.005494505632668734,0.857753336429596,0.857753336429596
"(1, 8)","(-2.0, 3.0)",0.04700854793190956,0.857753336429596,0.857753336429596
"(5, 9)","(2.0, 2.0)",0.06715507060289383,0.8583638668060303,0.8583638668060303
"(7, 13)","(-1.5, -2.0)",0.06471306830644608,0.8583638668060303,0.8583638668060303
"(12, 14)","(3.0, -1.0)",0.48656898736953735,0.8583638668060303,0.8583638668060303
"(2, 6)","(-1.5, 1.5)",0.10927961021661758,0.8583638668060303,0.8583638668060303
"(12, 14)","(3.0, -1.5)",0.4334554374217987,0.8583638668060303,0.8583638668060303
"(3, 14)","(-1.5, -1.5)",0.4749694764614105,0.8583638668060303,0.8583638668060303
"(5, 9)","(3.0, 2.0)",0.14407815039157867,0.8583638668060303,0.8583638668060303
"(2, 12)","(2.0, 1.5)",0.1379731446504593,0.8583638668060303,0.8583638668060303
"(9, 13)","(3.0, 2.0)",0.3235653340816498,0.8589743375778198,0.8589743375778198
"(3, 12)","(1.5, 3.0)",0.43406593799591064,0.8589743375778198,0.8589743375778198
"(6, 9)","(-1.5, -1.0)",0.12576313316822052,0.8589743375778198,0.8589743375778198
"(6, 14)","(-1.5, 3.0)",0.6715506911277771,0.8595848679542542,0.8595848679542542
"(12, 13)","(2.0, -2.0)",0.5525030493736267,0.8595848679542542,0.8595848679542542
"(7, 12)","(-1.0, 1.5)",0.5372405648231506,0.8595848679542542,0.8595848679542542
"(3, 14)","(-1.5, -1.0)",0.4890109896659851,0.8595848679542542,0.8595848679542542
"(7, 9)","(-2.0, 3.0)",0.7203907370567322,0.8595848679542542,0.8595848679542542
"(7, 12)","(1.5, 3.0)",0.7698412537574768,0.8595848679542542,0.8595848679542542
"(6, 12)","(1.5, 3.0)",0.7802197933197021,0.8595848679542542,0.8595848679542542
"(5, 11)","(3.0, 1.5)",0.007936508394777775,0.8595848679542542,0.8595848679542542
"(2, 6)","(1.5, -1.5)",0.0714285746216774,0.8601953387260437,0.8601953387260437
"(3, 11)","(-1.5, -1.5)",0.6239316463470459,0.8601953387260437,0.8601953387260437
"(6, 12)","(1.0, 3.0)",0.6947497129440308,0.8601953387260437,0.8601953387260437
"(12, 14)","(3.0, -2.0)",0.3699633777141571,0.8601953387260437,0.8601953387260437
"(7, 12)","(1.0, 3.0)",0.702075719833374,0.8601953387260437,0.8601953387260437
"(2, 6)","(1.0, -1.5)",0.08363858610391617,0.8601953387260437,0.8601953387260437
"(3, 9)","(-1.5, 1.0)",0.6306471228599548,0.8601953387260437,0.8601953387260437
"(0, 6)","(3.0, -1.0)",0.004884005058556795,0.8601953387260437,0.8601953387260437
"(5, 12)","(3.0, 1.5)",0.007936508394777775,0.8601953387260437,0.8601953387260437
"(1, 9)","(1.0, -1.5)",0.025030525401234627,0.8601953387260437,0.8601953387260437
"(8, 10)","(-2.0, -1.0)",0.15140415728092194,0.8601953387260437,0.8601953387260437
"(3, 13)","(-1.0, 1.5)",0.4853479862213135,0.8601953387260437,0.8601953387260437
"(4, 11)","(-2.0, 1.0)",0.860805869102478,0.791208803653717,0.860805869102478
"(0, 9)","(1.5, 1.0)",0.5561660528182983,0.860805869102478,0.860805869102478
"(8, 13)","(-1.5, -2.0)",0.17338217794895172,0.860805869102478,0.860805869102478
"(7, 12)","(-1.0, -1.5)",0.22649572789669037,0.8614163398742676,0.8614163398742676
"(3, 7)","(-1.5, 1.5)",0.5720390677452087,0.8614163398742676,0.8614163398742676
"(11, 13)","(2.0, -2.0)",0.5054945349693298,0.8614163398742676,0.8614163398742676
"(11, 13)","(-1.5, 2.0)",0.390720397233963,0.8614163398742676,0.8614163398742676
"(2, 12)","(1.0, 3.0)",0.5073260068893433,0.8614163398742676,0.8614163398742676
"(3, 9)","(-1.5, 1.5)",0.8388278484344482,0.8614163398742676,0.8614163398742676
"(5, 11)","(2.0, -2.0)",0.09584859758615494,0.8614163398742676,0.8614163398742676
"(5, 12)","(3.0, -1.0)",0.006105006206780672,0.8614163398742676,0.8614163398742676
"(4, 7)","(-2.0, 1.5)",0.8614163398742676,0.44688645005226135,0.8614163398742676
"(1, 12)","(-1.0, 1.5)",0.5463980436325073,0.8620268702507019,0.8620268702507019
"(6, 10)","(-1.5, -1.0)",0.13431014120578766,0.8620268702507019,0.8620268702507019
"(0, 1)","(1.5, 1.0)",0.7142857313156128,0.8620268702507019,0.8620268702507019
"(3, 6)","(-1.5, 1.0)",0.5268620252609253,0.8620268702507019,0.8620268702507019
"(2, 3)","(1.0, -1.5)",0.5470085740089417,0.8620268702507019,0.8620268702507019
"(3, 7)","(-1.5, 2.0)",0.5897436141967773,0.8620268702507019,0.8620268702507019
"(3, 7)","(-1.5, 1.0)",0.5280830264091492,0.8620268702507019,0.8620268702507019
"(4, 11)","(-1.5, -1.0)",0.8620268702507019,0.7710622549057007,0.8620268702507019
"(5, 7)","(-1.0, 3.0)",0.31684982776641846,0.8620268702507019,0.8620268702507019
"(1, 8)","(2.0, 1.0)",0.17216117680072784,0.8620268702507019,0.8620268702507019
"(8, 10)","(-2.0, 3.0)",0.20268620550632477,0.8620268702507019,0.8620268702507019
"(3, 8)","(-1.5, 1.0)",0.5409035682678223,0.8620268702507019,0.8620268702507019
"(7, 13)","(1.0, 3.0)",0.037240538746118546,0.8620268702507019,0.8620268702507019
"(3, 9)","(-1.5, 2.0)",0.8565323352813721,0.8620268702507019,0.8620268702507019
"(5, 12)","(1.5, 1.5)",0.03418803587555885,0.8620268702507019,0.8620268702507019
"(5, 9)","(2.0, 3.0)",0.33577534556388855,0.8620268702507019,0.8620268702507019
"(0, 9)","(1.5, 3.0)",0.6599511504173279,0.8626373410224915,0.8626373410224915
"(1, 11)","(-2.0, -1.0)",0.02747252769768238,0.8626373410224915,0.8626373410224915
"(8, 9)","(-2.0, -1.0)",0.05921855941414833,0.8626373410224915,0.8626373410224915
"(3, 13)","(-1.5, 1.0)",0.5109890103340149,0.8626373410224915,0.8626373410224915
"(6, 11)","(-1.0, 2.0)",0.7148962020874023,0.8626373410224915,0.8626373410224915
"(8, 10)","(-1.5, -2.0)",0.6202686429023743,0.8626373410224915,0.8626373410224915
"(3, 14)","(-1.5, 1.0)",0.608669102191925,0.8626373410224915,0.8626373410224915
"(12, 14)","(3.0, 1.0)",0.7875458002090454,0.8626373410224915,0.8626373410224915
"(7, 9)","(-2.0, -1.5)",0.061050061136484146,0.8632478713989258,0.8632478713989258
"(6, 10)","(-1.5, -1.5)",0.5738705992698669,0.8632478713989258,0.8632478713989258
"(8, 11)","(1.5, 3.0)",0.27533578872680664,0.8632478713989258,0.8632478713989258
"(5, 13)","(-1.5, -1.5)",0.5518925786018372,0.8632478713989258,0.8632478713989258
"(3, 10)","(-1.5, 1.0)",0.5158730149269104,0.8632478713989258,0.8632478713989258
"(8, 13)","(-1.0, 1.5)",0.04884004965424538,0.8632478713989258,0.8632478713989258
"(8, 12)","(-1.0, 1.5)",0.17399267852306366,0.8632478713989258,0.8632478713989258
"(6, 7)","(-1.0, 3.0)",0.028693528845906258,0.8632478713989258,0.8632478713989258
"(1, 6)","(1.0, 2.0)",0.07997558265924454,0.8638583421707153,0.8638583421707153
"(1, 14)","(1.0, -2.0)",0.03418803587555885,0.8638583421707153,0.8638583421707153
"(8, 13)","(-2.0, 1.0)",0.08791209012269974,0.8638583421707153,0.8638583421707153
"(6, 13)","(-1.5, -1.0)",0.15323565900325775,0.8638583421707153,0.8638583421707153
"(2, 11)","(1.5, 3.0)",0.3345543444156647,0.8638583421707153,0.8638583421707153
"(2, 6)","(2.0, -1.0)",0.07509157806634903,0.8638583421707153,0.8638583421707153
"(2, 12)","(1.5, 3.0)",0.4633699655532837,0.8638583421707153,0.8638583421707153
"(7, 11)","(-1.0, 2.0)",0.7313797473907471,0.8638583421707153,0.8638583421707153
"(0, 12)","(2.0, -2.0)",0.46398046612739563,0.8644688725471497,0.8644688725471497
"(3, 13)","(-1.5, -1.0)",0.5689865946769714,0.8644688725471497,0.8644688725471497
"(4, 12)","(-2.0, 3.0)",0.732600748538971,0.8644688725471497,0.8644688725471497
"(3, 11)","(3.0, 3.0)",0.5006105303764343,0.8644688725471497,0.8644688725471497
"(6, 7)","(3.0, -1.0)",0.0,0.8644688725471497,0.8644688725471497
"(0, 6)","(-2.0, 1.5)",0.018315019086003304,0.8644688725471497,0.8644688725471497
"(6, 8)","(3.0, -1.0)",0.09584859758615494,0.8644688725471497,0.8644688725471497
"(2, 3)","(-1.0, 2.0)",0.03418803587555885,0.8644688725471497,0.8644688725471497
"(3, 14)","(-1.5, 1.5)",0.6282051205635071,0.8650793433189392,0.8650793433189392
"(6, 8)","(2.0, -2.0)",0.14163614809513092,0.8650793433189392,0.8650793433189392
"(8, 9)","(-2.0, -1.5)",0.05616605654358864,0.8650793433189392,0.8650793433189392
"(5, 12)","(1.0, 2.0)",0.3333333432674408,0.8650793433189392,0.8650793433189392
"(8, 11)","(-2.0, -2.0)",0.23870573937892914,0.8650793433189392,0.8650793433189392
"(11, 14)","(3.0, -1.0)",0.3638583719730377,0.8650793433189392,0.8650793433189392
"(8, 12)","(-2.0, -1.0)",0.19474969804286957,0.8650793433189392,0.8650793433189392
"(6, 12)","(2.0, 3.0)",0.7832722663879395,0.8650793433189392,0.8650793433189392
"(0, 9)","(1.5, 2.0)",0.5927960872650146,0.8650793433189392,0.8650793433189392
"(0, 9)","(1.5, 1.5)",0.5677655935287476,0.8650793433189392,0.8650793433189392
"(7, 12)","(-1.0, -1.0)",0.09829059988260269,0.8650793433189392,0.8650793433189392
"(3, 6)","(-1.0, 2.0)",0.3290598392486572,0.8656898736953735,0.8656898736953735
"(6, 8)","(-2.0, 2.0)",0.3949939012527466,0.8656898736953735,0.8656898736953735
"(3, 13)","(-1.5, -1.5)",0.5732600688934326,0.8656898736953735,0.8656898736953735
"(7, 9)","(-2.0, -2.0)",0.05189255252480507,0.8656898736953735,0.8656898736953735
"(3, 14)","(-1.5, 2.0)",0.6593406796455383,0.8656898736953735,0.8656898736953735
"(0, 2)","(1.0, -1.5)",0.5995116233825684,0.8656898736953735,0.8656898736953735
"(7, 11)","(-2.0, 1.0)",0.5158730149269104,0.8656898736953735,0.8656898736953735
"(1, 10)","(1.0, -2.0)",0.5909646153450012,0.8656898736953735,0.8656898736953735
"(2, 12)","(2.0, 2.0)",0.6776556968688965,0.8656898736953735,0.8656898736953735
"(3, 5)","(3.0, -1.5)",0.3492063581943512,0.8656898736953735,0.8656898736953735
"(4, 12)","(-1.0, 3.0)",0.5677655935287476,0.8663003444671631,0.8663003444671631
"(6, 10)","(-1.0, 1.5)",0.3998779058456421,0.8663003444671631,0.8663003444671631
"(6, 11)","(-1.5, 1.5)",0.7161172032356262,0.8663003444671631,0.8663003444671631
"(9, 13)","(2.0, 2.0)",0.3186813294887543,0.8663003444671631,0.8663003444671631
"(7, 11)","(-2.0, -2.0)",0.49755799770355225,0.8663003444671631,0.8663003444671631
"(12, 14)","(3.0, 1.5)",0.8021978139877319,0.8663003444671631,0.8663003444671631
"(6, 11)","(1.5, 3.0)",0.45299145579338074,0.8663003444671631,0.8663003444671631
"(11, 13)","(-2.0, 2.0)",0.5463980436325073,0.8663003444671631,0.8663003444671631
"(8, 12)","(-2.0, -1.5)",0.2271062284708023,0.8663003444671631,0.8663003444671631
"(6, 12)","(-1.5, 1.0)",0.3290598392486572,0.8669108748435974,0.8669108748435974
"(5, 9)","(3.0, 1.5)",0.045177046209573746,0.8669108748435974,0.8669108748435974
"(8, 12)","(-1.5, 1.0)",0.06227106228470802,0.8669108748435974,0.8669108748435974
"(6, 12)","(-1.0, -2.0)",0.5873016119003296,0.8669108748435974,0.8669108748435974
"(8, 11)","(-2.0, 1.0)",0.0683760717511177,0.8669108748435974,0.8669108748435974
"(9, 12)","(3.0, -2.0)",0.8669108748435974,0.83699631690979,0.8669108748435974
"(6, 11)","(1.0, 3.0)",0.4383394420146942,0.8669108748435974,0.8669108748435974
"(4, 12)","(-1.5, 3.0)",0.5543345808982849,0.8669108748435974,0.8669108748435974
"(7, 12)","(2.0, 3.0)",0.7857142686843872,0.867521345615387,0.867521345615387
"(3, 10)","(-1.5, 1.5)",0.5146520137786865,0.867521345615387,0.867521345615387
"(12, 13)","(-2.0, 2.0)",0.46764346957206726,0.867521345615387,0.867521345615387
"(12, 13)","(-1.5, 2.0)",0.40231990814208984,0.867521345615387,0.867521345615387
"(1, 3)","(3.0, 2.0)",0.12942613661289215,0.8681318759918213,0.8681318759918213
"(5, 11)","(2.0, 2.0)",0.020757021382451057,0.8681318759918213,0.8681318759918213
"(9, 12)","(3.0, 3.0)",0.7490842342376709,0.8681318759918213,0.8681318759918213
"(4, 8)","(-1.5, 1.5)",0.8681318759918213,0.40903541445732117,0.8681318759918213
"(1, 13)","(1.0, -1.5)",0.16483516991138458,0.8681318759918213,0.8681318759918213
"(8, 12)","(3.0, 3.0)",0.07753358036279678,0.8681318759918213,0.8681318759918213
"(5, 12)","(1.5, 2.0)",0.06471306830644608,0.8681318759918213,0.8681318759918213
"(7, 11)","(1.5, 3.0)",0.45177045464515686,0.8681318759918213,0.8681318759918213
"(3, 13)","(-1.5, -2.0)",0.5750916004180908,0.8687423467636108,0.8687423467636108
"(11, 14)","(3.0, -1.5)",0.32478633522987366,0.8687423467636108,0.8687423467636108
"(7, 13)","(-2.0, 1.0)",0.03235653415322304,0.8687423467636108,0.8687423467636108
"(3, 8)","(-1.0, -1.0)",0.3919413983821869,0.8687423467636108,0.8687423467636108
"(7, 11)","(1.0, 3.0)",0.4352869391441345,0.8687423467636108,0.8687423467636108
"(0, 8)","(1.5, -1.5)",0.6672771573066711,0.8687423467636108,0.8687423467636108
"(6, 13)","(3.0, 2.0)",0.003052503103390336,0.8687423467636108,0.8687423467636108
"(6, 9)","(-1.5, -1.5)",0.14957265555858612,0.8687423467636108,0.8687423467636108
"(7, 13)","(-2.0, -1.5)",0.15323565900325775,0.8693528771400452,0.8693528771400452
"(9, 13)","(1.5, 2.0)",0.14713065326213837,0.8693528771400452,0.8693528771400452
"(6, 11)","(-1.5, -1.5)",0.5769230723381042,0.8693528771400452,0.8693528771400452
"(3, 6)","(3.0, -1.5)",0.09340659528970718,0.8693528771400452,0.8693528771400452
"(3, 10)","(-1.5, -1.0)",0.6263736486434937,0.8693528771400452,0.8693528771400452
"(4, 7)","(-2.0, -2.0)",0.8693528771400452,0.8504273295402527,0.8693528771400452
"(4, 12)","(3.0, 3.0)",0.7448107600212097,0.8693528771400452,0.8693528771400452
"(2, 11)","(1.0, 3.0)",0.3540903627872467,0.8699633479118347,0.8699633479118347
"(6, 12)","(-1.0, -1.5)",0.5158730149269104,0.8699633479118347,0.8699633479118347
"(8, 9)","(-1.5, 3.0)",0.8699633479118347,0.8327228426933289,0.8699633479118347
"(7, 8)","(-1.0, -1.5)",0.0476190485060215,0.8699633479118347,0.8699633479118347
"(6, 11)","(-1.5, -1.0)",0.281440794467926,0.8699633479118347,0.8699633479118347
"(1, 3)","(-1.5, -1.0)",0.4615384638309479,0.870573878288269,0.870573878288269
"(3, 6)","(-1.5, 1.5)",0.5213675498962402,0.870573878288269,0.870573878288269
"(3, 10)","(-1.5, 2.0)",0.5146520137786865,0.870573878288269,0.870573878288269
"(8, 11)","(-1.5, 1.5)",0.14713065326213837,0.870573878288269,0.870573878288269
"(12, 13)","(2.0, 1.5)",0.6361416578292847,0.870573878288269,0.870573878288269
"(8, 13)","(-1.5, 1.5)",0.06898657232522964,0.870573878288269,0.870573878288269
"(0, 12)","(2.0, -1.5)",0.2954823076725006,0.870573878288269,0.870573878288269
"(1, 2)","(-1.5, -1.5)",0.4908424913883209,0.8711843490600586,0.8711843490600586
"(5, 8)","(-1.0, 3.0)",0.5164835453033447,0.8711843490600586,0.8711843490600586
"(0, 11)","(2.0, 2.0)",0.06715507060289383,0.8711843490600586,0.8711843490600586
"(6, 10)","(-1.0, 3.0)",0.5567765831947327,0.8711843490600586,0.8711843490600586
"(7, 13)","(-1.5, 2.0)",0.018315019086003304,0.8711843490600586,0.8711843490600586
"(11, 14)","(3.0, -2.0)",0.32295483350753784,0.8717948794364929,0.8717948794364929
"(6, 9)","(-1.0, 2.0)",0.34676435589790344,0.8717948794364929,0.8717948794364929
"(8, 9)","(-2.0, -2.0)",0.053113553673028946,0.8717948794364929,0.8717948794364929
"(3, 11)","(-1.5, 1.5)",0.6208791136741638,0.8717948794364929,0.8717948794364929
"(6, 11)","(-1.5, -2.0)",0.6025640964508057,0.8717948794364929,0.8717948794364929
"(1, 10)","(1.5, 2.0)",0.18192918598651886,0.8717948794364929,0.8717948794364929
"(3, 7)","(-1.0, -1.0)",0.5018315315246582,0.8717948794364929,0.8717948794364929
"(5, 12)","(2.0, 2.0)",0.037851039320230484,0.8717948794364929,0.8717948794364929
"(3, 11)","(-1.0, 2.0)",0.6550671458244324,0.8724053502082825,0.8724053502082825
"(5, 12)","(1.0, -1.5)",0.06410256773233414,0.8724053502082825,0.8724053502082825
"(9, 11)","(3.0, -2.0)",0.8724053502082825,0.8308913111686707,0.8724053502082825
"(6, 8)","(3.0, -1.5)",0.11172161251306534,0.8730158805847168,0.8730158805847168
"(3, 11)","(-1.5, -2.0)",0.6379731297492981,0.8730158805847168,0.8730158805847168
"(7, 8)","(-1.5, -1.0)",0.06288156658411026,0.8730158805847168,0.8730158805847168
"(11, 13)","(2.0, 1.5)",0.3235653340816498,0.8730158805847168,0.8730158805847168
"(4, 12)","(1.0, 3.0)",0.7698412537574768,0.8730158805847168,0.8730158805847168
"(0, 6)","(2.0, 3.0)",0.11660561710596085,0.8730158805847168,0.8730158805847168
"(6, 13)","(1.0, 3.0)",0.01953602023422718,0.8730158805847168,0.8730158805847168
"(5, 12)","(1.0, -2.0)",0.14835165441036224,0.8730158805847168,0.8730158805847168
"(10, 12)","(1.0, 3.0)",0.8040292859077454,0.8736263513565063,0.8736263513565063
"(11, 12)","(-1.0, 3.0)",0.7460317611694336,0.8736263513565063,0.8736263513565063
"(8, 12)","(-2.0, 1.0)",0.08119658380746841,0.8736263513565063,0.8736263513565063
"(11, 14)","(3.0, 1.0)",0.533577561378479,0.8736263513565063,0.8736263513565063
"(4, 7)","(-2.0, -1.5)",0.8736263513565063,0.7789987921714783,0.8736263513565063
"(8, 12)","(-1.5, 1.5)",0.1684981733560562,0.8736263513565063,0.8736263513565063
"(7, 11)","(2.0, 3.0)",0.44810745120048523,0.8736263513565063,0.8736263513565063
"(10, 12)","(1.5, 3.0)",0.8144078254699707,0.8736263513565063,0.8736263513565063
"(6, 9)","(-1.0, 1.5)",0.321123331785202,0.8736263513565063,0.8736263513565063
"(5, 11)","(3.0, 2.0)",0.00976801011711359,0.8736263513565063,0.8736263513565063
"(3, 14)","(-1.5, 3.0)",0.7295482158660889,0.8736263513565063,0.8736263513565063
"(6, 9)","(-1.0, 1.0)",0.14896215498447418,0.8736263513565063,0.8736263513565063
"(1, 5)","(3.0, 1.5)",0.14102564752101898,0.8736263513565063,0.8736263513565063
"(9, 12)","(2.0, 3.0)",0.4395604431629181,0.8736263513565063,0.8736263513565063
"(8, 10)","(-2.0, -1.5)",0.44871795177459717,0.8742368817329407,0.8742368817329407
"(6, 11)","(2.0, 3.0)",0.5805860757827759,0.8742368817329407,0.8742368817329407
"(8, 13)","(-2.0, -2.0)",0.18681319057941437,0.8742368817329407,0.8742368817329407
"(12, 13)","(3.0, -1.0)",0.7820512652397156,0.8742368817329407,0.8742368817329407
"(1, 7)","(1.0, -1.0)",0.08058608323335648,0.8742368817329407,0.8742368817329407
"(3, 10)","(-1.5, -1.5)",0.6654456853866577,0.8748473525047302,0.8748473525047302
"(4, 10)","(-1.0, 3.0)",0.8748473525047302,0.49755799770355225,0.8748473525047302
"(11, 14)","(3.0, 1.5)",0.5702075958251953,0.8748473525047302,0.8748473525047302
"(3, 6)","(1.5, -1.5)",0.09279609471559525,0.8748473525047302,0.8748473525047302
"(8, 11)","(-1.0, 2.0)",0.5396825671195984,0.8748473525047302,0.8748473525047302
"(11, 12)","(-1.5, 3.0)",0.5708180665969849,0.8748473525047302,0.8748473525047302
"(8, 12)","(1.0, 3.0)",0.5,0.8748473525047302,0.8748473525047302
"(4, 8)","(-2.0, 3.0)",0.8748473525047302,0.7918192744255066,0.8748473525047302
"(3, 11)","(2.0, 3.0)",0.3583638668060303,0.8748473525047302,0.8748473525047302
"(9, 12)","(1.5, 3.0)",0.40537241101264954,0.8748473525047302,0.8748473525047302
"(2, 10)","(-1.0, -2.0)",0.6214896440505981,0.8754578828811646,0.8754578828811646
"(10, 12)","(2.0, 3.0)",0.8156288266181946,0.8754578828811646,0.8754578828811646
"(6, 12)","(-1.5, 1.5)",0.711843729019165,0.8754578828811646,0.8754578828811646
"(0, 6)","(3.0, -1.5)",0.004884005058556795,0.8754578828811646,0.8754578828811646
"(6, 10)","(-1.0, 2.0)",0.5390720367431641,0.8754578828811646,0.8754578828811646
"(3, 9)","(-2.0, -1.0)",0.5714285969734192,0.8754578828811646,0.8754578828811646
"(4, 12)","(2.0, 3.0)",0.7539682388305664,0.8754578828811646,0.8754578828811646
"(4, 11)","(-1.0, 3.0)",0.3559218645095825,0.8760683536529541,0.8760683536529541
"(6, 8)","(-1.5, 1.0)",0.10012210160493851,0.8760683536529541,0.8760683536529541
"(12, 14)","(3.0, 2.0)",0.817460298538208,0.8760683536529541,0.8760683536529541
"(4, 10)","(-1.0, -1.0)",0.8760683536529541,0.006105006206780672,0.8760683536529541
"(4, 9)","(-1.5, 1.0)",0.8760683536529541,0.8058608174324036,0.8760683536529541
"(6, 12)","(-1.0, -1.0)",0.4194139242172241,0.8760683536529541,0.8760683536529541
"(2, 4)","(-1.5, -1.0)",0.5213675498962402,0.8760683536529541,0.8760683536529541
"(5, 12)","(3.0, 2.0)",0.00976801011711359,0.8760683536529541,0.8760683536529541
"(6, 10)","(-1.5, 1.0)",0.10378510504961014,0.8760683536529541,0.8760683536529541
"(0, 11)","(1.5, 2.0)",0.1764346808195114,0.8760683536529541,0.8760683536529541
"(7, 12)","(-1.0, 2.0)",0.5647130608558655,0.8760683536529541,0.8760683536529541
"(2, 3)","(1.5, -1.5)",0.5189255475997925,0.8766788840293884,0.8766788840293884
"(2, 5)","(-2.0, 2.0)",0.0006105006323195994,0.8766788840293884,0.8766788840293884
"(4, 13)","(-1.5, 1.0)",0.8766788840293884,0.5811966061592102,0.8766788840293884
"(9, 12)","(1.0, 3.0)",0.43589743971824646,0.8766788840293884,0.8766788840293884
"(0, 1)","(2.0, 1.0)",0.6721611618995667,0.8766788840293884,0.8766788840293884
"(3, 9)","(-1.0, 3.0)",0.877289354801178,0.8492063283920288,0.877289354801178
"(4, 11)","(-1.5, 3.0)",0.3620268702507019,0.877289354801178,0.877289354801178
"(8, 12)","(-2.0, -2.0)",0.2429792433977127,0.877289354801178,0.877289354801178
"(0, 14)","(-2.0, 3.0)",0.34554335474967957,0.877289354801178,0.877289354801178
"(5, 13)","(-1.5, 1.0)",0.5982906222343445,0.877289354801178,0.877289354801178
"(11, 14)","(3.0, 2.0)",0.6654456853866577,0.8778998851776123,0.8778998851776123
"(3, 9)","(-2.0, -1.5)",0.5488400459289551,0.8778998851776123,0.8778998851776123
"(7, 10)","(-2.0, -1.5)",0.45482295751571655,0.8778998851776123,0.8778998851776123
"(0, 9)","(1.0, 3.0)",0.6416361331939697,0.8778998851776123,0.8778998851776123
"(8, 12)","(-1.0, 2.0)",0.6025640964508057,0.8778998851776123,0.8778998851776123
"(3, 13)","(-1.0, 2.0)",0.4987789988517761,0.8778998851776123,0.8778998851776123
"(6, 8)","(-2.0, 1.5)",0.20390720665454865,0.8778998851776123,0.8778998851776123
"(4, 12)","(1.5, 3.0)",0.7625152468681335,0.8778998851776123,0.8778998851776123
"(4, 12)","(-2.0, 1.0)",0.8785103559494019,0.7918192744255066,0.8785103559494019
"(9, 12)","(-1.0, 3.0)",0.7155067324638367,0.8785103559494019,0.8785103559494019
"(3, 8)","(-2.0, 2.0)",0.5726495981216431,0.8785103559494019,0.8785103559494019
"(1, 8)","(-1.0, -2.0)",0.20085470378398895,0.8785103559494019,0.8785103559494019
"(9, 14)","(3.0, 2.0)",0.8785103559494019,0.8327228426933289,0.8785103559494019
"(3, 13)","(-1.5, 1.5)",0.5109890103340149,0.8785103559494019,0.8785103559494019
"(3, 12)","(-1.0, -1.0)",0.5567765831947327,0.8791208863258362,0.8791208863258362
"(7, 12)","(-1.5, -1.5)",0.2973138093948364,0.8791208863258362,0.8791208863258362
"(7, 12)","(-1.5, -1.0)",0.16727717220783234,0.8791208863258362,0.8791208863258362
"(6, 7)","(2.0, -2.0)",0.009157509543001652,0.8791208863258362,0.8791208863258362
"(7, 10)","(-2.0, 3.0)",0.4987789988517761,0.8791208863258362,0.8791208863258362
"(3, 11)","(1.5, 3.0)",0.2796092927455902,0.8791208863258362,0.8791208863258362
"(3, 12)","(-1.0, 1.5)",0.6147741079330444,0.8791208863258362,0.8791208863258362
"(3, 4)","(-2.0, 1.0)",0.5207570195198059,0.8791208863258362,0.8791208863258362
"(3, 4)","(-2.0, 1.5)",0.5115995407104492,0.8791208863258362,0.8791208863258362
"(8, 9)","(-2.0, 3.0)",0.8797313570976257,0.841269850730896,0.8797313570976257
"(3, 12)","(-1.0, -1.5)",0.5927960872650146,0.8797313570976257,0.8797313570976257
"(3, 12)","(-1.0, 1.0)",0.5256410241127014,0.8797313570976257,0.8797313570976257
"(9, 10)","(3.0, -2.0)",0.8797313570976257,0.8308913111686707,0.8797313570976257
"(7, 12)","(-1.5, -2.0)",0.49145299196243286,0.8797313570976257,0.8797313570976257
"(7, 13)","(-2.0, -2.0)",0.13247863948345184,0.8797313570976257,0.8797313570976257
"(5, 13)","(-1.0, -2.0)",0.31807082891464233,0.8797313570976257,0.8797313570976257
"(4, 14)","(-1.0, 1.5)",0.8797313570976257,0.4194139242172241,0.8797313570976257
"(4, 7)","(-2.0, -1.0)",0.8803418874740601,0.5463980436325073,0.8803418874740601
"(0, 3)","(-1.5, 3.0)",0.0024420025292783976,0.8803418874740601,0.8803418874740601
"(10, 11)","(-1.0, 3.0)",0.20695970952510834,0.8803418874740601,0.8803418874740601
"(3, 7)","(-1.5, 3.0)",0.5354090332984924,0.8803418874740601,0.8803418874740601
"(11, 12)","(-2.0, 3.0)",0.49145299196243286,0.8809523582458496,0.8809523582458496
"(3, 6)","(-1.5, 2.0)",0.5164835453033447,0.8809523582458496,0.8809523582458496
"(3, 12)","(-1.0, -2.0)",0.6159951090812683,0.8809523582458496,0.8809523582458496
"(6, 8)","(-1.0, -1.0)",0.11660561710596085,0.8809523582458496,0.8809523582458496
"(0, 9)","(1.0, 2.0)",0.6550671458244324,0.8809523582458496,0.8809523582458496
"(6, 10)","(-1.5, -2.0)",0.752136766910553,0.8815628886222839,0.8815628886222839
"(11, 13)","(3.0, -1.0)",0.5134310126304626,0.8815628886222839,0.8815628886222839
"(12, 14)","(3.0, 3.0)",0.8327228426933289,0.8815628886222839,0.8815628886222839
"(1, 12)","(-1.0, 2.0)",0.6367521286010742,0.8815628886222839,0.8815628886222839
"(3, 8)","(-2.0, 1.5)",0.5927960872650146,0.8815628886222839,0.8815628886222839
"(4, 11)","(1.0, 3.0)",0.5207570195198059,0.8821733593940735,0.8821733593940735
"(3, 9)","(-2.0, 1.0)",0.7051281929016113,0.8821733593940735,0.8821733593940735
"(10, 12)","(-1.0, 3.0)",0.34065935015678406,0.8821733593940735,0.8821733593940735
"(3, 6)","(1.0, -2.0)",0.16422466933727264,0.8821733593940735,0.8821733593940735
"(13, 14)","(3.0, -1.0)",0.010378510691225529,0.8821733593940735,0.8821733593940735
"(11, 13)","(1.0, 2.0)",0.1636141687631607,0.8821733593940735,0.8821733593940735
"(2, 6)","(2.0, -1.5)",0.18986569344997406,0.8821733593940735,0.8821733593940735
"(3, 10)","(-1.5, 3.0)",0.5775336027145386,0.8827838897705078,0.8827838897705078
"(0, 12)","(1.0, -1.0)",0.6062270998954773,0.8827838897705078,0.8827838897705078
"(3, 6)","(2.0, -1.5)",0.08363858610391617,0.8827838897705078,0.8827838897705078
"(8, 13)","(-2.0, 1.5)",0.08241758495569229,0.8827838897705078,0.8827838897705078
"(0, 12)","(3.0, 3.0)",0.17887668311595917,0.8827838897705078,0.8827838897705078
"(1, 6)","(-1.0, -1.0)",0.19902320206165314,0.8827838897705078,0.8827838897705078
"(0, 6)","(1.5, 3.0)",0.16788767278194427,0.8827838897705078,0.8827838897705078
"(6, 13)","(1.5, 3.0)",0.02442002482712269,0.8827838897705078,0.8827838897705078
"(2, 4)","(1.0, -1.5)",0.8827838897705078,0.41697192192077637,0.8827838897705078
"(3, 13)","(-2.0, 1.0)",0.5555555820465088,0.8827838897705078,0.8827838897705078
"(3, 5)","(-1.5, 1.0)",0.4346764385700226,0.8833943605422974,0.8833943605422974
"(4, 11)","(-2.0, 3.0)",0.41697192192077637,0.8833943605422974,0.8833943605422974
"(3, 4)","(-2.0, 2.0)",0.5152625441551208,0.8833943605422974,0.8833943605422974
"(4, 6)","(-1.0, -2.0)",0.5842490792274475,0.8833943605422974,0.8833943605422974
"(0, 14)","(-2.0, -1.5)",0.018315019086003304,0.8833943605422974,0.8833943605422974
"(2, 3)","(1.0, -2.0)",0.6001220941543579,0.8840048909187317,0.8840048909187317
"(13, 14)","(3.0, 1.0)",0.1459096521139145,0.8840048909187317,0.8840048909187317
"(3, 10)","(-2.0, 1.0)",0.5390720367431641,0.8840048909187317,0.8840048909187317
"(10, 13)","(1.0, 3.0)",0.032967034727334976,0.8840048909187317,0.8840048909187317
"(3, 7)","(-2.0, 1.0)",0.5982906222343445,0.8840048909187317,0.8840048909187317
"(3, 7)","(-2.0, 1.5)",0.6098901033401489,0.8840048909187317,0.8840048909187317
"(6, 14)","(-2.0, -1.5)",0.04822954908013344,0.8840048909187317,0.8840048909187317
"(1, 13)","(1.0, -2.0)",0.10195360332727432,0.8840048909187317,0.8840048909187317
"(3, 6)","(-2.0, 1.0)",0.5982906222343445,0.8840048909187317,0.8840048909187317
"(3, 14)","(-2.0, -1.0)",0.5451770424842834,0.8840048909187317,0.8840048909187317
"(3, 9)","(-2.0, 1.5)",0.8620268702507019,0.8840048909187317,0.8840048909187317
"(3, 9)","(-2.0, -2.0)",0.5305250287055969,0.8840048909187317,0.8840048909187317
"(5, 13)","(-1.0, 1.5)",0.4218559265136719,0.8846153616905212,0.8846153616905212
"(6, 14)","(-2.0, -1.0)",0.041514042764902115,0.8846153616905212,0.8846153616905212
"(5, 8)","(1.0, -2.0)",0.07509157806634903,0.8846153616905212,0.8846153616905212
"(0, 11)","(3.0, 3.0)",0.041514042764902115,0.8846153616905212,0.8846153616905212
"(0, 12)","(2.0, -1.0)",0.2350427359342575,0.8846153616905212,0.8846153616905212
"(6, 11)","(-1.5, 2.0)",0.7509157657623291,0.8846153616905212,0.8846153616905212
"(3, 8)","(-2.0, 1.0)",0.5995116233825684,0.8852258920669556,0.8852258920669556
"(3, 5)","(-1.5, 2.0)",0.20207570493221283,0.8852258920669556,0.8852258920669556
"(8, 13)","(-1.0, 2.0)",0.04700854793190956,0.8852258920669556,0.8852258920669556
"(6, 12)","(-1.5, -2.0)",0.5927960872650146,0.8852258920669556,0.8852258920669556
"(4, 11)","(1.5, 3.0)",0.5372405648231506,0.8852258920669556,0.8852258920669556
"(1, 7)","(1.0, 3.0)",0.20757021009922028,0.8852258920669556,0.8852258920669556
"(6, 9)","(-1.5, 3.0)",0.7722832560539246,0.8852258920669556,0.8852258920669556
"(1, 11)","(-1.0, 2.0)",0.6068376302719116,0.8858363628387451,0.8858363628387451
"(9, 14)","(1.5, 3.0)",0.8858363628387451,0.8308913111686707,0.8858363628387451
"(13, 14)","(3.0, 1.5)",0.2509157657623291,0.8858363628387451,0.8858363628387451
"(3, 14)","(-2.0, -1.5)",0.523809552192688,0.8858363628387451,0.8858363628387451
"(3, 13)","(-2.0, -1.0)",0.6007326245307922,0.8858363628387451,0.8858363628387451
"(11, 12)","(1.0, 3.0)",0.6404151320457458,0.8858363628387451,0.8858363628387451
"(4, 6)","(2.0, -2.0)",0.053724054247140884,0.8858363628387451,0.8858363628387451
"(8, 11)","(1.0, 3.0)",0.37545788288116455,0.8858363628387451,0.8858363628387451
"(2, 4)","(-1.5, 3.0)",0.050061050802469254,0.8858363628387451,0.8858363628387451
"(3, 5)","(1.0, -2.0)",0.8858363628387451,0.550061047077179,0.8858363628387451
"(3, 5)","(-2.0, 2.0)",0.4590964615345001,0.8864468932151794,0.8864468932151794
"(3, 5)","(-2.0, 3.0)",0.4615384638309479,0.8864468932151794,0.8864468932151794
"(3, 4)","(-2.0, 3.0)",0.5177045464515686,0.8864468932151794,0.8864468932151794
"(6, 12)","(-1.5, -1.5)",0.5451770424842834,0.8864468932151794,0.8864468932151794
"(8, 13)","(2.0, 3.0)",0.20207570493221283,0.8864468932151794,0.8864468932151794
"(4, 13)","(-1.0, 3.0)",0.40903541445732117,0.8864468932151794,0.8864468932151794
"(0, 3)","(2.0, -1.5)",0.8864468932151794,0.8864468932151794,0.8864468932151794
"(0, 3)","(1.5, -2.0)",0.7466422319412231,0.8864468932151794,0.8864468932151794
"(2, 12)","(2.0, -2.0)",0.5390720367431641,0.8864468932151794,0.8864468932151794
"(2, 12)","(2.0, -1.5)",0.49450549483299255,0.8864468932151794,0.8864468932151794
"(3, 8)","(-2.0, 3.0)",0.6111111044883728,0.8864468932151794,0.8864468932151794
"(7, 13)","(-2.0, 1.5)",0.03479853644967079,0.8864468932151794,0.8864468932151794
"(3, 14)","(-2.0, 1.0)",0.632478654384613,0.8864468932151794,0.8864468932151794
"(3, 14)","(-2.0, 3.0)",0.7967032790184021,0.8864468932151794,0.8864468932151794
"(3, 14)","(-2.0, 2.0)",0.6807081699371338,0.8864468932151794,0.8864468932151794
"(3, 14)","(-2.0, 1.5)",0.6514041423797607,0.8864468932151794,0.8864468932151794
"(1, 2)","(2.0, 1.5)",0.1746031790971756,0.8864468932151794,0.8864468932151794
"(10, 12)","(3.0, 3.0)",0.8028082847595215,0.8864468932151794,0.8864468932151794
"(3, 12)","(-2.0, -1.0)",0.6172161102294922,0.8864468932151794,0.8864468932151794
"(3, 10)","(-2.0, 2.0)",0.5537240505218506,0.8864468932151794,0.8864468932151794
"(3, 10)","(-2.0, 1.5)",0.5390720367431641,0.8864468932151794,0.8864468932151794
"(3, 9)","(-2.0, 2.0)",0.8693528771400452,0.8864468932151794,0.8864468932151794
"(5, 11)","(3.0, -1.5)",0.050061050802469254,0.8864468932151794,0.8864468932151794
"(5, 11)","(3.0, -2.0)",0.12454212456941605,0.8864468932151794,0.8864468932151794
"(3, 10)","(-2.0, 3.0)",0.5909646153450012,0.8864468932151794,0.8864468932151794
"(3, 14)","(-2.0, -2.0)",0.5317460298538208,0.8864468932151794,0.8864468932151794
"(3, 11)","(-2.0, -1.5)",0.642246663570404,0.8864468932151794,0.8864468932151794
"(3, 11)","(-2.0, -2.0)",0.6715506911277771,0.8864468932151794,0.8864468932151794
"(3, 11)","(-2.0, -1.0)",0.6214896440505981,0.8864468932151794,0.8864468932151794
"(3, 12)","(-1.5, -1.0)",0.6019536256790161,0.8864468932151794,0.8864468932151794
"(3, 12)","(-1.5, -1.5)",0.6147741079330444,0.8864468932151794,0.8864468932151794
"(3, 12)","(-1.5, -2.0)",0.6288156509399414,0.8864468932151794,0.8864468932151794
"(3, 7)","(-2.0, 3.0)",0.6697191596031189,0.8864468932151794,0.8864468932151794
"(5, 12)","(2.0, -1.5)",0.053724054247140884,0.8864468932151794,0.8864468932151794
"(5, 12)","(2.0, -2.0)",0.10195360332727432,0.8864468932151794,0.8864468932151794
"(5, 12)","(3.0, -2.0)",0.16422466933727264,0.8864468932151794,0.8864468932151794
"(13, 14)","(3.0, -1.5)",0.010989011265337467,0.8864468932151794,0.8864468932151794
"(3, 5)","(-1.5, 3.0)",0.44810745120048523,0.8864468932151794,0.8864468932151794
"(3, 6)","(-2.0, 2.0)",0.6019536256790161,0.8864468932151794,0.8864468932151794
"(5, 12)","(3.0, -1.5)",0.08302808552980423,0.8864468932151794,0.8864468932151794
"(3, 12)","(-2.0, -1.5)",0.6349206566810608,0.8864468932151794,0.8864468932151794
"(3, 12)","(-2.0, -2.0)",0.6636141538619995,0.8864468932151794,0.8864468932151794
"(2, 3)","(1.5, -2.0)",0.5958486199378967,0.8864468932151794,0.8864468932151794
"(3, 6)","(-2.0, 1.5)",0.6007326245307922,0.8864468932151794,0.8864468932151794
"(2, 3)","(2.0, -2.0)",0.5708180665969849,0.8864468932151794,0.8864468932151794
"(3, 7)","(-2.0, 2.0)",0.6330891251564026,0.8864468932151794,0.8864468932151794
"(7, 12)","(3.0, 3.0)",0.7228327393531799,0.8864468932151794,0.8864468932151794
"(2, 3)","(2.0, -1.5)",0.5372405648231506,0.8864468932151794,0.8864468932151794
"(1, 14)","(1.0, 3.0)",0.887057363986969,0.7869352698326111,0.887057363986969
"(9, 11)","(3.0, 3.0)",0.711843729019165,0.887057363986969,0.887057363986969
"(0, 12)","(1.5, -1.0)",0.43406593799591064,0.887057363986969,0.887057363986969
"(5, 12)","(1.5, -1.5)",0.04334554448723793,0.887057363986969,0.887057363986969
"(10, 13)","(1.5, 3.0)",0.11599511653184891,0.887057363986969,0.887057363986969
"(0, 12)","(1.5, -1.5)",0.6385836601257324,0.887057363986969,0.887057363986969
"(0, 12)","(1.5, -2.0)",0.702075719833374,0.887057363986969,0.887057363986969
"(3, 13)","(-2.0, -1.5)",0.6068376302719116,0.887057363986969,0.887057363986969
"(3, 13)","(-2.0, -2.0)",0.6141636371612549,0.887057363986969,0.887057363986969
"(3, 10)","(-2.0, -2.0)",0.708791196346283,0.887057363986969,0.887057363986969
"(4, 9)","(-1.5, 1.5)",0.887057363986969,0.8308913111686707,0.887057363986969
"(3, 8)","(-1.5, -1.0)",0.5750916004180908,0.887057363986969,0.887057363986969
"(7, 12)","(-2.0, -1.0)",0.3730158805847168,0.887057363986969,0.887057363986969
"(7, 12)","(-2.0, -1.5)",0.4633699655532837,0.887057363986969,0.887057363986969
"(3, 5)","(-2.0, 1.0)",0.5189255475997925,0.887057363986969,0.887057363986969
"(3, 5)","(-1.5, 1.5)",0.2680097818374634,0.887057363986969,0.887057363986969
"(3, 7)","(-2.0, -2.0)",0.5683760643005371,0.887057363986969,0.887057363986969
"(3, 12)","(-2.0, 1.5)",0.7258852124214172,0.887057363986969,0.887057363986969
"(3, 7)","(-1.5, -1.5)",0.5048840045928955,0.887057363986969,0.887057363986969
"(3, 7)","(-2.0, -1.5)",0.5604395866394043,0.887057363986969,0.887057363986969
"(3, 11)","(-2.0, 1.0)",0.5958486199378967,0.887057363986969,0.887057363986969
"(5, 8)","(3.0, -1.5)",0.0012210012646391988,0.887057363986969,0.887057363986969
"(3, 8)","(-2.0, -1.0)",0.658730149269104,0.887057363986969,0.887057363986969
"(6, 13)","(-1.0, 1.5)",0.057387057691812515,0.887057363986969,0.887057363986969
"(3, 12)","(-1.5, 1.5)",0.6355311274528503,0.887057363986969,0.887057363986969
"(10, 11)","(1.0, 3.0)",0.4218559265136719,0.887057363986969,0.887057363986969
"(5, 12)","(1.5, -2.0)",0.12271062284708023,0.887057363986969,0.887057363986969
"(0, 3)","(1.5, -1.5)",0.721611738204956,0.887057363986969,0.887057363986969
"(3, 10)","(-2.0, -1.0)",0.6611721515655518,0.887057363986969,0.887057363986969
"(3, 10)","(-1.5, -2.0)",0.6849817037582397,0.887057363986969,0.887057363986969
"(3, 12)","(-2.0, 1.0)",0.622710645198822,0.887057363986969,0.887057363986969
"(3, 10)","(-2.0, -1.5)",0.6837607026100159,0.887057363986969,0.887057363986969
"(3, 6)","(-2.0, 3.0)",0.6050060987472534,0.887057363986969,0.887057363986969
"(3, 5)","(-2.0, 1.5)",0.47863247990608215,0.887057363986969,0.887057363986969
"(1, 5)","(3.0, 1.0)",0.15506716072559357,0.887057363986969,0.887057363986969
"(4, 6)","(1.5, -2.0)",0.053113553673028946,0.887057363986969,0.887057363986969
"(0, 13)","(2.0, -2.0)",0.17032967507839203,0.887057363986969,0.887057363986969
"(7, 12)","(-2.0, -2.0)",0.4859584867954254,0.887057363986969,0.887057363986969
"(7, 11)","(-1.5, 2.0)",0.7484737634658813,0.887057363986969,0.887057363986969
"(3, 7)","(-1.5, -1.0)",0.504273533821106,0.887057363986969,0.887057363986969
"(3, 12)","(-1.5, 1.0)",0.5763126015663147,0.887057363986969,0.887057363986969
"(5, 8)","(3.0, -2.0)",0.009157509543001652,0.887057363986969,0.887057363986969
"(3, 7)","(-2.0, -1.0)",0.5347985625267029,0.887057363986969,0.887057363986969
"(3, 7)","(-1.5, -2.0)",0.519536018371582,0.887057363986969,0.887057363986969
"(3, 6)","(-1.5, 3.0)",0.48778998851776123,0.887057363986969,0.887057363986969
"(3, 6)","(-1.0, 3.0)",0.31684982776641846,0.887057363986969,0.887057363986969
"(3, 7)","(-1.0, -1.5)",0.5012210011482239,0.887057363986969,0.887057363986969
"(3, 7)","(-1.0, -2.0)",0.5030525326728821,0.887057363986969,0.887057363986969
"(7, 11)","(-2.0, 1.5)",0.6654456853866577,0.8876678943634033,0.8876678943634033
"(0, 3)","(-2.0, 3.0)",0.0018315018387511373,0.8876678943634033,0.8876678943634033
"(9, 11)","(2.0, 3.0)",0.45787546038627625,0.8876678943634033,0.8876678943634033
"(1, 9)","(1.0, -2.0)",0.016483517363667488,0.8876678943634033,0.8876678943634033
"(13, 14)","(3.0, 2.0)",0.4890109896659851,0.8876678943634033,0.8876678943634033
"(8, 11)","(-2.0, 1.5)",0.15140415728092194,0.8882783651351929,0.8882783651351929
"(10, 11)","(1.5, 3.0)",0.7875458002090454,0.8882783651351929,0.8882783651351929
"(8, 11)","(3.0, 3.0)",0.016483517363667488,0.8882783651351929,0.8882783651351929
"(3, 9)","(-1.5, 3.0)",0.8882783651351929,0.8699633479118347,0.8882783651351929
"(3, 11)","(-2.0, 1.5)",0.6477411389350891,0.8882783651351929,0.8882783651351929
"(6, 12)","(-1.5, -1.0)",0.27899879217147827,0.8882783651351929,0.8882783651351929
"(3, 8)","(-2.0, -1.5)",0.6617826819419861,0.8882783651351929,0.8882783651351929
"(6, 14)","(-2.0, -2.0)",0.04700854793190956,0.8882783651351929,0.8882783651351929
"(0, 3)","(1.0, -2.0)",0.7435897588729858,0.8882783651351929,0.8882783651351929
"(6, 7)","(-1.5, 3.0)",0.08852259069681168,0.8882783651351929,0.8882783651351929
"(6, 13)","(-1.5, -1.5)",0.20879121124744415,0.8882783651351929,0.8882783651351929
"(8, 12)","(-1.5, 2.0)",0.6581196784973145,0.8882783651351929,0.8882783651351929
"(2, 6)","(1.5, -2.0)",0.1776556819677353,0.8882783651351929,0.8882783651351929
"(13, 14)","(3.0, -2.0)",0.02442002482712269,0.8888888955116272,0.8888888955116272
"(0, 12)","(1.0, -1.5)",0.653235673904419,0.8888888955116272,0.8888888955116272
"(11, 12)","(3.0, 1.0)",0.5323565602302551,0.8888888955116272,0.8888888955116272
"(0, 12)","(1.5, 1.0)",0.16910867393016815,0.8888888955116272,0.8888888955116272
"(5, 14)","(-2.0, -1.5)",0.7851037979125977,0.8888888955116272,0.8888888955116272
"(0, 9)","(-2.0, -1.0)",0.014652014710009098,0.8888888955116272,0.8888888955116272
"(10, 11)","(2.0, 3.0)",0.7942612767219543,0.8888888955116272,0.8888888955116272
"(10, 11)","(-1.5, 3.0)",0.1477411538362503,0.8888888955116272,0.8888888955116272
"(8, 10)","(-2.0, -2.0)",0.6520146727561951,0.8894993662834167,0.8894993662834167
"(9, 11)","(-1.0, 3.0)",0.4774114787578583,0.8894993662834167,0.8894993662834167
"(5, 7)","(-1.5, 3.0)",0.5311355590820312,0.8894993662834167,0.8894993662834167
"(10, 12)","(-1.5, 3.0)",0.3253968358039856,0.8894993662834167,0.8894993662834167
"(6, 10)","(-1.5, 1.5)",0.24786324799060822,0.8894993662834167,0.8894993662834167
"(6, 9)","(-1.5, 2.0)",0.38034188747406006,0.8894993662834167,0.8894993662834167
"(4, 13)","(2.0, 3.0)",0.11172161251306534,0.8901098966598511,0.8901098966598511
"(11, 14)","(3.0, 3.0)",0.7496947646141052,0.8901098966598511,0.8901098966598511
"(3, 8)","(-1.5, -1.5)",0.5549450516700745,0.8901098966598511,0.8901098966598511
"(5, 7)","(-2.0, 2.0)",0.7515262365341187,0.8901098966598511,0.8901098966598511
"(9, 11)","(1.5, 3.0)",0.3791208863258362,0.8901098966598511,0.8901098966598511
"(8, 11)","(-1.5, 2.0)",0.5274725556373596,0.8901098966598511,0.8901098966598511
"(4, 6)","(-1.5, -2.0)",0.8901098966598511,0.8815628886222839,0.8901098966598511
"(6, 13)","(-1.0, -2.0)",0.0714285746216774,0.8901098966598511,0.8901098966598511
"(4, 13)","(1.0, 3.0)",0.10439560562372208,0.8901098966598511,0.8901098966598511
"(0, 11)","(1.0, 1.5)",0.45970696210861206,0.8907203674316406,0.8907203674316406
"(11, 12)","(3.0, -1.0)",0.5653235912322998,0.8907203674316406,0.8907203674316406
"(3, 8)","(-1.0, -1.5)",0.4297924339771271,0.8907203674316406,0.8907203674316406
"(0, 12)","(1.0, -2.0)",0.6721611618995667,0.8907203674316406,0.8907203674316406
"(0, 3)","(1.0, -1.5)",0.7350427508354187,0.8907203674316406,0.8907203674316406
"(4, 11)","(2.0, 3.0)",0.5567765831947327,0.891330897808075,0.891330897808075
"(6, 10)","(-1.5, 2.0)",0.5409035682678223,0.891330897808075,0.891330897808075
"(1, 4)","(2.0, 1.0)",0.12637363374233246,0.891330897808075,0.891330897808075
"(4, 13)","(-1.5, 3.0)",0.5299145579338074,0.891330897808075,0.891330897808075
"(12, 13)","(1.5, 2.0)",0.3369963467121124,0.891330897808075,0.891330897808075
"(6, 9)","(-1.5, 1.5)",0.3571428656578064,0.891330897808075,0.891330897808075
"(10, 13)","(2.0, 3.0)",0.13064713776111603,0.891330897808075,0.891330897808075
"(2, 6)","(1.0, -2.0)",0.09645909816026688,0.8919413685798645,0.8919413685798645
"(8, 13)","(-1.5, 2.0)",0.06776557117700577,0.8919413685798645,0.8919413685798645
"(4, 6)","(1.0, -2.0)",0.053724054247140884,0.8919413685798645,0.8919413685798645
"(12, 13)","(3.0, -1.5)",0.7991452813148499,0.8919413685798645,0.8919413685798645
"(1, 10)","(1.5, -2.0)",0.5677655935287476,0.8919413685798645,0.8919413685798645
"(2, 8)","(-2.0, 1.0)",0.11416361480951309,0.8919413685798645,0.8919413685798645
"(5, 9)","(-2.0, -1.0)",0.8919413685798645,0.7338217496871948,0.8919413685798645
"(3, 13)","(-1.5, 2.0)",0.5134310126304626,0.8919413685798645,0.8919413685798645
"(5, 6)","(2.0, -1.5)",0.03540903702378273,0.8919413685798645,0.8919413685798645
"(6, 7)","(-2.0, 1.5)",0.10927961021661758,0.8919413685798645,0.8919413685798645
"(1, 2)","(2.0, 1.0)",0.16910867393016815,0.8919413685798645,0.8919413685798645
"(13, 14)","(3.0, 3.0)",0.6080586314201355,0.8919413685798645,0.8919413685798645
"(5, 11)","(-1.0, 1.0)",0.6648351550102234,0.8925518989562988,0.8925518989562988
"(0, 3)","(-2.0, 1.5)",0.021978022530674934,0.8925518989562988,0.8925518989562988
"(0, 9)","(1.5, -1.5)",0.17399267852306366,0.8925518989562988,0.8925518989562988
"(1, 10)","(1.5, -1.0)",0.14041514694690704,0.8925518989562988,0.8925518989562988
"(1, 7)","(1.5, 2.0)",0.3107448220252991,0.8925518989562988,0.8925518989562988
"(9, 11)","(1.0, 3.0)",0.3431013524532318,0.8931623697280884,0.8931623697280884
"(4, 13)","(1.5, 3.0)",0.12820513546466827,0.8931623697280884,0.8931623697280884
"(9, 13)","(-1.0, 3.0)",0.014652014710009098,0.8931623697280884,0.8931623697280884
"(6, 7)","(-2.0, 1.0)",0.12087912112474442,0.8931623697280884,0.8931623697280884
"(6, 11)","(-2.0, 1.0)",0.5054945349693298,0.8937729001045227,0.8937729001045227
"(11, 12)","(3.0, -1.5)",0.4853479862213135,0.8937729001045227,0.8937729001045227
"(11, 13)","(1.5, 2.0)",0.3290598392486572,0.8937729001045227,0.8937729001045227
"(0, 13)","(1.5, 1.0)",0.30586081743240356,0.8937729001045227,0.8937729001045227
"(12, 13)","(3.0, 1.0)",0.4987789988517761,0.8943833708763123,0.8943833708763123
"(5, 6)","(1.0, -1.5)",0.033577535301446915,0.8943833708763123,0.8943833708763123
"(4, 13)","(-2.0, 3.0)",0.7405372262001038,0.8943833708763123,0.8943833708763123
"(8, 12)","(-2.0, 1.5)",0.17338217794895172,0.8943833708763123,0.8943833708763123
"(1, 13)","(2.0, 1.5)",0.15445666015148163,0.8949939012527466,0.8949939012527466
"(4, 6)","(3.0, -2.0)",0.02442002482712269,0.8949939012527466,0.8949939012527466
"(6, 7)","(-2.0, 2.0)",0.12576313316822052,0.8949939012527466,0.8949939012527466
"(6, 10)","(-1.5, 3.0)",0.5586080551147461,0.8949939012527466,0.8949939012527466
"(7, 12)","(-1.5, 1.0)",0.5012210011482239,0.8949939012527466,0.8949939012527466
"(4, 11)","(3.0, 3.0)",0.5976800918579102,0.8949939012527466,0.8949939012527466
"(1, 4)","(1.5, -1.0)",0.4511599540710449,0.8949939012527466,0.8949939012527466
"(4, 9)","(-1.0, 3.0)",0.8956043720245361,0.8308913111686707,0.8956043720245361
"(1, 13)","(2.0, 2.0)",0.1556776612997055,0.8956043720245361,0.8956043720245361
"(6, 9)","(-1.5, -2.0)",0.16117216646671295,0.8956043720245361,0.8956043720245361
"(6, 9)","(-1.5, 1.0)",0.34859585762023926,0.8956043720245361,0.8956043720245361
"(1, 14)","(1.5, -2.0)",0.06532356888055801,0.8956043720245361,0.8956043720245361
"(5, 6)","(3.0, -1.5)",0.04456654563546181,0.8962149024009705,0.8962149024009705
"(7, 13)","(3.0, 3.0)",0.35164836049079895,0.8962149024009705,0.8962149024009705
"(5, 6)","(1.5, -1.5)",0.017094017937779427,0.8962149024009705,0.8962149024009705
"(9, 12)","(-1.5, 3.0)",0.7735042572021484,0.8962149024009705,0.8962149024009705
"(2, 9)","(-1.5, -1.0)",0.10927961021661758,0.8962149024009705,0.8962149024009705
"(2, 3)","(3.0, -1.0)",0.5036630034446716,0.89682537317276,0.89682537317276
"(4, 7)","(-2.0, 1.0)",0.89682537317276,0.42124542593955994,0.89682537317276
"(7, 12)","(-1.5, 1.5)",0.5647130608558655,0.89682537317276,0.89682537317276
"(10, 12)","(-2.0, 3.0)",0.3632478713989258,0.89682537317276,0.89682537317276
"(9, 11)","(-1.5, 3.0)",0.5427350401878357,0.89682537317276,0.89682537317276
"(7, 11)","(3.0, 3.0)",0.55982905626297,0.89682537317276,0.89682537317276
"(0, 7)","(1.0, -2.0)",0.37728938460350037,0.89682537317276,0.89682537317276
"(1, 5)","(3.0, 2.0)",0.1349206417798996,0.89682537317276,0.89682537317276
"(1, 4)","(1.5, -1.5)",0.6062270998954773,0.8974359035491943,0.8974359035491943
"(1, 14)","(1.5, -1.0)",0.10256410390138626,0.8974359035491943,0.8974359035491943
"(1, 13)","(2.0, 1.0)",0.15445666015148163,0.8974359035491943,0.8974359035491943
"(6, 14)","(-2.0, 1.0)",0.5305250287055969,0.8974359035491943,0.8974359035491943
"(3, 13)","(-2.0, 1.5)",0.5488400459289551,0.8974359035491943,0.8974359035491943
"(6, 8)","(-2.0, 3.0)",0.38461539149284363,0.8980463743209839,0.8980463743209839
"(1, 14)","(1.5, -1.5)",0.0714285746216774,0.8980463743209839,0.8980463743209839
"(1, 12)","(1.0, 1.0)",0.11660561710596085,0.8980463743209839,0.8980463743209839
"(7, 10)","(-2.0, -2.0)",0.5067155361175537,0.8980463743209839,0.8980463743209839
"(10, 11)","(3.0, 3.0)",0.757631242275238,0.8980463743209839,0.8980463743209839
"(6, 14)","(-2.0, 1.5)",0.5714285969734192,0.8980463743209839,0.8980463743209839
"(1, 6)","(1.5, 1.5)",0.16910867393016815,0.8986569046974182,0.8986569046974182
"(1, 12)","(1.0, 1.5)",0.2667887806892395,0.8986569046974182,0.8986569046974182
"(6, 13)","(2.0, 3.0)",0.04639804735779762,0.8986569046974182,0.8986569046974182
"(1, 5)","(1.0, -1.0)",0.3095238208770752,0.8986569046974182,0.8986569046974182
"(1, 9)","(1.5, -1.0)",0.08913309127092361,0.8986569046974182,0.8986569046974182
"(1, 6)","(2.0, 1.0)",0.1666666716337204,0.8986569046974182,0.8986569046974182
"(4, 10)","(-1.0, -1.5)",0.8986569046974182,0.23076923191547394,0.8986569046974182
"(12, 13)","(2.0, 2.0)",0.6410256624221802,0.8992673754692078,0.8992673754692078
"(10, 13)","(-1.0, 3.0)",0.4017094075679779,0.8992673754692078,0.8992673754692078
"(1, 7)","(2.0, 1.0)",0.1538461595773697,0.8992673754692078,0.8992673754692078
"(7, 8)","(-1.0, -2.0)",0.0555555559694767,0.8992673754692078,0.8992673754692078
"(3, 12)","(-1.0, 2.0)",0.8064712882041931,0.8992673754692078,0.8992673754692078
"(9, 13)","(-1.5, 3.0)",0.03418803587555885,0.8992673754692078,0.8992673754692078
"(1, 10)","(1.5, -1.5)",0.4139194190502167,0.8992673754692078,0.8992673754692078
"(6, 13)","(-1.5, 1.0)",0.10195360332727432,0.8992673754692078,0.8992673754692078
"(3, 5)","(3.0, -2.0)",0.4749694764614105,0.8992673754692078,0.8992673754692078
"(6, 14)","(-2.0, 2.0)",0.6001220941543579,0.8992673754692078,0.8992673754692078
"(11, 12)","(3.0, -2.0)",0.30891332030296326,0.8998779058456421,0.8998779058456421
"(8, 13)","(-2.0, 2.0)",0.07753358036279678,0.8998779058456421,0.8998779058456421
"(0, 9)","(1.0, 1.5)",0.6831501722335815,0.8998779058456421,0.8998779058456421
"(1, 13)","(1.5, -1.0)",0.1825396865606308,0.8998779058456421,0.8998779058456421
"(6, 12)","(3.0, 3.0)",0.7851037979125977,0.8998779058456421,0.8998779058456421
"(1, 13)","(1.5, -1.5)",0.331501841545105,0.8998779058456421,0.8998779058456421
"(4, 10)","(-1.5, 3.0)",0.8998779058456421,0.5323565602302551,0.8998779058456421
"(1, 9)","(-1.5, 2.0)",0.4126984179019928,0.8998779058456421,0.8998779058456421
"(6, 12)","(-1.5, 2.0)",0.7179487347602844,0.8998779058456421,0.8998779058456421
"(1, 12)","(1.0, 2.0)",0.5109890103340149,0.9004883766174316,0.9004883766174316
"(7, 8)","(-1.5, -1.5)",0.10012210160493851,0.9004883766174316,0.9004883766174316
"(2, 5)","(2.0, -1.5)",0.9004883766174316,0.6831501722335815,0.9004883766174316
"(1, 9)","(-1.5, 1.5)",0.1318681389093399,0.9004883766174316,0.9004883766174316
"(1, 4)","(-1.5, -2.0)",0.9004883766174316,0.21367521584033966,0.9004883766174316
"(1, 10)","(2.0, 1.0)",0.16422466933727264,0.901098906993866,0.901098906993866
"(1, 9)","(1.5, -1.5)",0.08485958725214005,0.901098906993866,0.901098906993866
"(1, 11)","(-1.5, -1.5)",0.2032967060804367,0.901098906993866,0.901098906993866
"(3, 6)","(3.0, -2.0)",0.09706959873437881,0.901098906993866,0.901098906993866
"(6, 7)","(-1.0, -1.0)",0.10989011079072952,0.901098906993866,0.901098906993866
"(3, 6)","(-2.0, -1.0)",0.6068376302719116,0.9017093777656555,0.9017093777656555
"(3, 12)","(-1.5, 2.0)",0.8485958576202393,0.9017093777656555,0.9017093777656555
"(9, 13)","(-2.0, 3.0)",0.05921855941414833,0.9017093777656555,0.9017093777656555
"(2, 8)","(-2.0, 1.5)",0.1111111119389534,0.9017093777656555,0.9017093777656555
"(1, 13)","(1.5, -2.0)",0.2460317462682724,0.9017093777656555,0.9017093777656555
"(3, 12)","(-2.0, 2.0)",0.8699633479118347,0.9017093777656555,0.9017093777656555
"(1, 13)","(2.0, 3.0)",0.1666666716337204,0.9017093777656555,0.9017093777656555
"(1, 11)","(1.0, 1.0)",0.0634920671582222,0.9017093777656555,0.9017093777656555
"(9, 13)","(1.0, 3.0)",0.11172161251306534,0.9017093777656555,0.9017093777656555
"(10, 13)","(-1.5, 3.0)",0.49633699655532837,0.9023199081420898,0.9023199081420898
"(1, 8)","(1.0, 3.0)",0.10805860906839371,0.9023199081420898,0.9023199081420898
"(1, 11)","(1.0, 1.5)",0.3083028197288513,0.9023199081420898,0.9023199081420898
"(9, 12)","(-2.0, 3.0)",0.7851037979125977,0.9023199081420898,0.9023199081420898
"(1, 7)","(2.0, 1.5)",0.16605617105960846,0.9023199081420898,0.9023199081420898
"(1, 7)","(2.0, 2.0)",0.1764346808195114,0.9023199081420898,0.9023199081420898
"(6, 7)","(3.0, -1.5)",0.003052503103390336,0.9023199081420898,0.9023199081420898
"(6, 10)","(-2.0, -1.0)",0.25946277379989624,0.9023199081420898,0.9023199081420898
"(4, 13)","(-2.0, 2.0)",0.9023199081420898,0.817460298538208,0.9023199081420898
"(6, 12)","(-2.0, 1.0)",0.5012210011482239,0.9023199081420898,0.9023199081420898
"(11, 12)","(1.5, 3.0)",0.708791196346283,0.9029303789138794,0.9029303789138794
"(2, 6)","(2.0, -2.0)",0.3888888955116272,0.9029303789138794,0.9029303789138794
"(1, 9)","(2.0, -1.0)",0.12820513546466827,0.9029303789138794,0.9029303789138794
"(1, 9)","(-1.5, 1.0)",0.05433455482125282,0.9029303789138794,0.9029303789138794
"(10, 11)","(-2.0, 3.0)",0.18864469230175018,0.9029303789138794,0.9029303789138794
"(1, 11)","(1.0, 2.0)",0.2509157657623291,0.9029303789138794,0.9029303789138794
"(3, 6)","(-1.5, -1.0)",0.5921856164932251,0.9029303789138794,0.9029303789138794
"(2, 7)","(-1.5, 2.0)",0.11538461595773697,0.9029303789138794,0.9029303789138794
"(4, 9)","(-1.5, 2.0)",0.9035409092903137,0.8308913111686707,0.9035409092903137
"(1, 6)","(1.5, 2.0)",0.15445666015148163,0.9035409092903137,0.9035409092903137
"(6, 8)","(3.0, -2.0)",0.15506716072559357,0.9035409092903137,0.9035409092903137
"(2, 9)","(3.0, -1.5)",0.03418803587555885,0.9035409092903137,0.9035409092903137
"(1, 7)","(1.5, 3.0)",0.3363858461380005,0.9035409092903137,0.9035409092903137
"(1, 4)","(2.0, -1.0)",0.2777777910232544,0.9035409092903137,0.9035409092903137
"(1, 6)","(2.0, 1.5)",0.160561665892601,0.9035409092903137,0.9035409092903137
"(3, 6)","(-1.0, -1.0)",0.5305250287055969,0.9035409092903137,0.9035409092903137
"(1, 13)","(-1.5, 2.0)",0.0634920671582222,0.9035409092903137,0.9035409092903137
"(5, 6)","(-1.0, 3.0)",0.1636141687631607,0.9041513800621033,0.9041513800621033
"(11, 13)","(3.0, -1.5)",0.5750916004180908,0.9041513800621033,0.9041513800621033
"(1, 13)","(-1.0, 3.0)",0.10256410390138626,0.9041513800621033,0.9041513800621033
"(1, 9)","(-1.5, -1.5)",0.045177046209573746,0.9041513800621033,0.9041513800621033
"(3, 8)","(-2.0, -2.0)",0.672771692276001,0.9041513800621033,0.9041513800621033
"(1, 13)","(2.0, -1.0)",0.17887668311595917,0.9041513800621033,0.9041513800621033
"(5, 12)","(-1.0, 1.0)",0.6501831412315369,0.9041513800621033,0.9041513800621033
"(3, 6)","(2.0, -2.0)",0.095238097012043,0.9041513800621033,0.9041513800621033
"(10, 13)","(-2.0, 3.0)",0.550061047077179,0.9041513800621033,0.9041513800621033
"(0, 10)","(-2.0, -1.5)",0.1349206417798996,0.9041513800621033,0.9041513800621033
"(1, 14)","(2.0, 1.0)",0.17704518139362335,0.9041513800621033,0.9041513800621033
"(1, 13)","(2.0, -1.5)",0.1855921894311905,0.9047619104385376,0.9047619104385376
"(3, 8)","(-1.5, -2.0)",0.5818070769309998,0.9047619104385376,0.9047619104385376
"(3, 11)","(-1.5, 2.0)",0.7313797473907471,0.9047619104385376,0.9047619104385376
"(5, 11)","(1.0, 3.0)",0.3253968358039856,0.9047619104385376,0.9047619104385376
"(5, 8)","(2.0, -2.0)",0.045177046209573746,0.9047619104385376,0.9047619104385376
"(1, 10)","(2.0, -1.0)",0.1398046463727951,0.9047619104385376,0.9047619104385376
"(12, 13)","(-1.0, 3.0)",0.06471306830644608,0.9047619104385376,0.9047619104385376
"(3, 8)","(-1.0, -2.0)",0.46275946497917175,0.9047619104385376,0.9047619104385376
"(11, 13)","(3.0, 1.0)",0.30097681283950806,0.9047619104385376,0.9047619104385376
"(0, 9)","(1.0, -1.5)",0.22344322502613068,0.9047619104385376,0.9047619104385376
"(1, 13)","(-2.0, 1.5)",0.08119658380746841,0.9053723812103271,0.9053723812103271
"(3, 9)","(-2.0, 3.0)",0.9053723812103271,0.8864468932151794,0.9053723812103271
"(7, 12)","(-2.0, 1.0)",0.5128205418586731,0.9053723812103271,0.9053723812103271
"(6, 7)","(3.0, -2.0)",0.004884005058556795,0.9053723812103271,0.9053723812103271
"(6, 8)","(-1.0, -1.5)",0.1428571492433548,0.9053723812103271,0.9053723812103271
"(11, 13)","(2.0, 2.0)",0.3290598392486572,0.9059829115867615,0.9059829115867615
"(4, 5)","(3.0, -2.0)",0.47680097818374634,0.9059829115867615,0.9059829115867615
"(6, 13)","(-2.0, -1.0)",0.15079365670681,0.9059829115867615,0.9059829115867615
"(9, 14)","(2.0, 3.0)",0.9059829115867615,0.831501841545105,0.9059829115867615
"(1, 4)","(1.5, -2.0)",0.9059829115867615,0.9047619104385376,0.9059829115867615
"(2, 8)","(2.0, -2.0)",0.095238097012043,0.9059829115867615,0.9059829115867615
"(5, 8)","(1.5, -2.0)",0.04822954908013344,0.906593382358551,0.906593382358551
"(11, 12)","(3.0, 1.5)",0.6379731297492981,0.906593382358551,0.906593382358551
"(3, 11)","(-2.0, 2.0)",0.8547008633613586,0.906593382358551,0.906593382358551
"(1, 2)","(2.0, 2.0)",0.1825396865606308,0.906593382358551,0.906593382358551
"(1, 10)","(2.0, -1.5)",0.16483516991138458,0.906593382358551,0.906593382358551
"(2, 9)","(3.0, 1.0)",0.32173383235931396,0.9072039127349854,0.9072039127349854
"(5, 13)","(-2.0, -1.0)",0.9072039127349854,0.8302808403968811,0.9072039127349854
"(1, 14)","(2.0, -1.0)",0.13308914005756378,0.9072039127349854,0.9072039127349854
"(1, 10)","(2.0, 1.5)",0.16117216646671295,0.9072039127349854,0.9072039127349854
"(6, 9)","(-2.0, -1.0)",0.13247863948345184,0.9072039127349854,0.9072039127349854
"(5, 11)","(-1.0, -1.0)",0.2997558116912842,0.9078143835067749,0.9078143835067749
"(7, 13)","(-2.0, 2.0)",0.04029304161667824,0.9078143835067749,0.9078143835067749
"(1, 7)","(2.0, 3.0)",0.2252747267484665,0.9078143835067749,0.9078143835067749
"(1, 9)","(-1.5, 3.0)",0.7252747416496277,0.9078143835067749,0.9078143835067749
"(7, 13)","(-1.0, 3.0)",0.021978022530674934,0.9078143835067749,0.9078143835067749
"(3, 5)","(2.0, -2.0)",0.49145299196243286,0.9078143835067749,0.9078143835067749
"(1, 4)","(-2.0, -2.0)",0.9084249138832092,0.6593406796455383,0.9084249138832092
"(5, 12)","(3.0, 3.0)",0.271672785282135,0.9084249138832092,0.9084249138832092
"(3, 6)","(-2.0, -1.5)",0.6245421171188354,0.9084249138832092,0.9084249138832092
"(0, 3)","(-1.0, -1.0)",0.3321123421192169,0.9084249138832092,0.9084249138832092
"(8, 11)","(-2.0, 2.0)",0.5177045464515686,0.9084249138832092,0.9084249138832092
"(3, 6)","(-1.5, -1.5)",0.5982906222343445,0.9090353846549988,0.9090353846549988
"(7, 8)","(-2.0, -1.0)",0.21855922043323517,0.9090353846549988,0.9090353846549988
"(1, 13)","(-1.5, 3.0)",0.08180708438158035,0.9090353846549988,0.9090353846549988
"(7, 12)","(-2.0, 1.5)",0.7271062135696411,0.9090353846549988,0.9090353846549988
"(1, 7)","(-2.0, -1.5)",0.22283272445201874,0.9090353846549988,0.9090353846549988
"(10, 13)","(3.0, 3.0)",0.5573870539665222,0.9090353846549988,0.9090353846549988
"(12, 13)","(3.0, 1.5)",0.44078144431114197,0.9090353846549988,0.9090353846549988
"(5, 12)","(-1.0, 1.5)",0.841269850730896,0.9096459150314331,0.9096459150314331
"(6, 13)","(-1.0, 2.0)",0.08852259069681168,0.9096459150314331,0.9096459150314331
"(1, 14)","(2.0, -1.5)",0.11721611768007278,0.9096459150314331,0.9096459150314331
"(0, 9)","(1.0, 1.0)",0.7075701951980591,0.9096459150314331,0.9096459150314331
"(1, 4)","(-1.0, -2.0)",0.9096459150314331,0.0555555559694767,0.9096459150314331
"(3, 6)","(-1.0, -1.5)",0.5647130608558655,0.9096459150314331,0.9096459150314331
"(12, 13)","(3.0, -2.0)",0.8028082847595215,0.910866916179657,0.910866916179657
"(5, 9)","(-1.0, 1.0)",0.4969474971294403,0.910866916179657,0.910866916179657
"(6, 10)","(-2.0, -1.5)",0.8107448220252991,0.910866916179657,0.910866916179657
"(5, 10)","(-1.0, 3.0)",0.910866916179657,0.8614163398742676,0.910866916179657
"(4, 14)","(-1.5, 1.0)",0.910866916179657,0.4224664270877838,0.910866916179657
"(6, 11)","(3.0, 3.0)",0.6092796325683594,0.910866916179657,0.910866916179657
"(4, 8)","(-2.0, 2.0)",0.910866916179657,0.4682539701461792,0.910866916179657
"(6, 11)","(-2.0, 1.5)",0.7289377450942993,0.910866916179657,0.910866916179657
"(1, 14)","(2.0, 1.5)",0.2826617956161499,0.910866916179657,0.910866916179657
"(1, 13)","(-2.0, 2.0)",0.08363858610391617,0.9114773869514465,0.9114773869514465
"(1, 10)","(1.0, 3.0)",0.8192918300628662,0.9114773869514465,0.9114773869514465
"(0, 1)","(2.0, 2.0)",0.721611738204956,0.9114773869514465,0.9114773869514465
"(1, 13)","(2.0, -2.0)",0.2606837749481201,0.9114773869514465,0.9114773869514465
"(0, 13)","(-1.0, -2.0)",0.12210012227296829,0.9114773869514465,0.9114773869514465
"(0, 2)","(3.0, 3.0)",0.1269841343164444,0.9114773869514465,0.9114773869514465
"(6, 14)","(-2.0, 3.0)",0.8192918300628662,0.9120879173278809,0.9120879173278809
"(0, 13)","(-2.0, -1.0)",0.021367521956562996,0.9120879173278809,0.9120879173278809
"(8, 12)","(-1.0, 3.0)",0.8443223237991333,0.9120879173278809,0.9120879173278809
"(7, 12)","(-1.5, 2.0)",0.7557997703552246,0.9120879173278809,0.9120879173278809
"(4, 9)","(-2.0, 1.0)",0.9126983880996704,0.8064712882041931,0.9126983880996704
"(9, 11)","(-2.0, 3.0)",0.7252747416496277,0.9126983880996704,0.9126983880996704
"(3, 13)","(-2.0, 2.0)",0.5567765831947327,0.9126983880996704,0.9126983880996704
"(5, 11)","(-1.0, 1.5)",0.8260073065757751,0.9126983880996704,0.9126983880996704
"(5, 8)","(-1.5, 3.0)",0.846764326095581,0.9126983880996704,0.9126983880996704
"(3, 6)","(1.5, -2.0)",0.1300366371870041,0.9126983880996704,0.9126983880996704
"(4, 14)","(-1.0, 2.0)",0.9126983880996704,0.39255189895629883,0.9126983880996704
"(5, 13)","(-1.5, -2.0)",0.5610500574111938,0.9126983880996704,0.9126983880996704
"(1, 8)","(2.0, 2.0)",0.15506716072559357,0.9126983880996704,0.9126983880996704
"(2, 12)","(3.0, -1.0)",0.17704518139362335,0.9126983880996704,0.9126983880996704
"(5, 6)","(-1.0, -1.0)",0.6819291710853577,0.9133089184761047,0.9133089184761047
"(1, 4)","(2.0, 1.5)",0.08363858610391617,0.9133089184761047,0.9133089184761047
"(6, 11)","(-2.0, -1.5)",0.5787546038627625,0.9133089184761047,0.9133089184761047
"(4, 10)","(-2.0, 3.0)",0.9133089184761047,0.5708180665969849,0.9133089184761047
"(5, 6)","(-2.0, 2.0)",0.6269841194152832,0.9133089184761047,0.9133089184761047
"(1, 10)","(2.0, -2.0)",0.5250305533409119,0.9139193892478943,0.9139193892478943
"(1, 9)","(2.0, -1.5)",0.11477411538362503,0.9139193892478943,0.9139193892478943
"(4, 5)","(-1.0, -1.5)",0.9139193892478943,0.3742368817329407,0.9139193892478943
"(1, 13)","(3.0, 1.0)",0.17399267852306366,0.9139193892478943,0.9139193892478943
"(1, 13)","(3.0, 1.5)",0.17704518139362335,0.9139193892478943,0.9139193892478943
"(5, 6)","(-1.5, 3.0)",0.33272284269332886,0.9139193892478943,0.9139193892478943
"(5, 9)","(-1.0, 2.0)",0.8424908518791199,0.9139193892478943,0.9139193892478943
"(2, 12)","(3.0, 1.0)",0.21367521584033966,0.9145299196243286,0.9145299196243286
"(2, 4)","(1.5, -2.0)",0.9145299196243286,0.20573870837688446,0.9145299196243286
"(0, 1)","(2.0, 1.5)",0.6947497129440308,0.9145299196243286,0.9145299196243286
"(5, 14)","(-2.0, -2.0)",0.7985348105430603,0.9145299196243286,0.9145299196243286
"(1, 4)","(2.0, -1.5)",0.3858363926410675,0.9145299196243286,0.9145299196243286
"(0, 13)","(-1.0, 1.5)",0.12148962169885635,0.9145299196243286,0.9145299196243286
"(5, 11)","(-1.5, 1.0)",0.9041513800621033,0.9145299196243286,0.9145299196243286
"(0, 13)","(1.0, 1.5)",0.583638608455658,0.9145299196243286,0.9145299196243286
"(4, 13)","(-2.0, 1.0)",0.9151403903961182,0.6544566750526428,0.9151403903961182
"(6, 10)","(-2.0, -2.0)",0.8669108748435974,0.9151403903961182,0.9151403903961182
"(4, 13)","(-2.0, 1.5)",0.9151403903961182,0.7741147875785828,0.9151403903961182
"(4, 9)","(-2.0, 1.5)",0.9151403903961182,0.8308913111686707,0.9151403903961182
"(4, 8)","(-2.0, 1.5)",0.9151403903961182,0.4236874282360077,0.9151403903961182
"(1, 13)","(3.0, 2.0)",0.18009768426418304,0.9151403903961182,0.9151403903961182
"(6, 11)","(-2.0, -1.0)",0.3156288266181946,0.9151403903961182,0.9151403903961182
"(5, 6)","(3.0, -2.0)",0.06043956056237221,0.9157509207725525,0.9157509207725525
"(6, 12)","(-2.0, 1.5)",0.7222222089767456,0.9157509207725525,0.9157509207725525
"(8, 12)","(-2.0, 2.0)",0.7399267554283142,0.9157509207725525,0.9157509207725525
"(4, 10)","(-2.0, 1.5)",0.916361391544342,0.42612943053245544,0.916361391544342
"(6, 7)","(-1.0, -1.5)",0.22039072215557098,0.916361391544342,0.916361391544342
"(4, 10)","(-2.0, 2.0)",0.916361391544342,0.4346764385700226,0.916361391544342
"(0, 7)","(2.0, -2.0)",0.021367521956562996,0.916361391544342,0.916361391544342
"(1, 9)","(1.5, -2.0)",0.08852259069681168,0.9169719219207764,0.9169719219207764
"(5, 12)","(-1.0, 2.0)",0.8620268702507019,0.9169719219207764,0.9169719219207764
"(6, 9)","(-2.0, -1.5)",0.1428571492433548,0.9169719219207764,0.9169719219207764
"(5, 9)","(-1.0, 1.5)",0.7728937864303589,0.9169719219207764,0.9169719219207764
"(0, 2)","(1.5, -1.5)",0.4731379747390747,0.9169719219207764,0.9169719219207764
"(2, 12)","(2.0, 3.0)",0.3730158805847168,0.9169719219207764,0.9169719219207764
"(1, 5)","(-1.0, -1.5)",0.9175823926925659,0.34554335474967957,0.9175823926925659
"(1, 6)","(-1.0, -1.5)",0.2887668013572693,0.9175823926925659,0.9175823926925659
"(6, 8)","(-2.0, 1.0)",0.15201465785503387,0.9181929230690002,0.9181929230690002
"(1, 5)","(-1.5, -1.5)",0.9181929230690002,0.5903540849685669,0.9181929230690002
"(5, 6)","(1.5, -2.0)",0.0317460335791111,0.9181929230690002,0.9181929230690002
"(11, 13)","(3.0, -2.0)",0.7368742227554321,0.9181929230690002,0.9181929230690002
"(4, 13)","(3.0, 3.0)",0.0842490866780281,0.9188033938407898,0.9188033938407898
"(7, 8)","(-2.0, -1.5)",0.2765567898750305,0.9188033938407898,0.9188033938407898
"(6, 9)","(-2.0, 3.0)",0.811965823173523,0.9188033938407898,0.9188033938407898
"(5, 9)","(-1.0, 3.0)",0.8998779058456421,0.9188033938407898,0.9188033938407898
"(12, 13)","(1.0, 3.0)",0.14652015268802643,0.9194139242172241,0.9194139242172241
"(5, 6)","(2.0, -2.0)",0.04273504391312599,0.9194139242172241,0.9194139242172241
"(2, 9)","(3.0, -2.0)",0.06410256773233414,0.9194139242172241,0.9194139242172241
"(4, 6)","(-2.0, -1.0)",0.9200243949890137,0.8015872836112976,0.9200243949890137
"(1, 14)","(2.0, -2.0)",0.10073260217905045,0.920634925365448,0.920634925365448
"(3, 4)","(-1.0, -1.0)",0.920634925365448,0.7545787692070007,0.920634925365448
"(5, 13)","(-1.5, 1.5)",0.8095238208770752,0.920634925365448,0.920634925365448
"(5, 13)","(-2.0, -1.5)",0.920634925365448,0.9200243949890137,0.920634925365448
"(7, 11)","(-1.0, 3.0)",0.7484737634658813,0.9212453961372375,0.9212453961372375
"(2, 4)","(1.0, -2.0)",0.9212453961372375,0.42124542593955994,0.9212453961372375
"(7, 8)","(-1.5, -2.0)",0.14346764981746674,0.9212453961372375,0.9212453961372375
"(4, 12)","(-1.0, -2.0)",0.9212453961372375,0.8327228426933289,0.9212453961372375
"(4, 8)","(-2.0, 1.0)",0.9212453961372375,0.4218559265136719,0.9212453961372375
"(1, 7)","(-1.5, -2.0)",0.1587301641702652,0.9212453961372375,0.9212453961372375
"(1, 13)","(-2.0, 3.0)",0.09584859758615494,0.9212453961372375,0.9212453961372375
"(4, 10)","(-2.0, 1.0)",0.9212453961372375,0.4224664270877838,0.9212453961372375
"(6, 10)","(-2.0, 1.0)",0.12759463489055634,0.9212453961372375,0.9212453961372375
"(1, 2)","(3.0, 2.0)",0.15811966359615326,0.9218559265136719,0.9218559265136719
"(5, 6)","(1.0, -2.0)",0.06776557117700577,0.9218559265136719,0.9218559265136719
"(6, 13)","(-1.5, -2.0)",0.2332112342119217,0.9218559265136719,0.9218559265136719
"(5, 11)","(-1.0, -1.5)",0.37728938460350037,0.9218559265136719,0.9218559265136719
"(1, 12)","(1.0, -1.0)",0.25946277379989624,0.9218559265136719,0.9218559265136719
"(5, 13)","(-1.0, 2.0)",0.8455433249473572,0.9224663972854614,0.9224663972854614
"(6, 8)","(-1.5, -1.0)",0.3095238208770752,0.9224663972854614,0.9224663972854614
"(6, 10)","(-2.0, 1.5)",0.3778998851776123,0.9224663972854614,0.9224663972854614
"(6, 11)","(-2.0, -2.0)",0.6105006337165833,0.9224663972854614,0.9224663972854614
"(5, 11)","(-1.5, 1.5)",0.8974359035491943,0.9230769276618958,0.9230769276618958
"(2, 5)","(1.0, -2.0)",0.9230769276618958,0.7289377450942993,0.9230769276618958
"(6, 9)","(-2.0, 2.0)",0.4664224684238434,0.9230769276618958,0.9230769276618958
"(5, 11)","(-1.0, 2.0)",0.8278388381004333,0.9230769276618958,0.9230769276618958
"(2, 6)","(-1.0, 2.0)",0.0921855941414833,0.9230769276618958,0.9230769276618958
"(4, 9)","(-1.5, 3.0)",0.9230769276618958,0.8308913111686707,0.9230769276618958
"(8, 11)","(-1.0, 3.0)",0.8144078254699707,0.9230769276618958,0.9230769276618958
"(0, 5)","(1.0, -1.0)",0.9230769276618958,0.7606837749481201,0.9230769276618958
"(3, 12)","(-1.0, 3.0)",0.8595848679542542,0.9236873984336853,0.9236873984336853
"(6, 10)","(-2.0, 2.0)",0.5451770424842834,0.9236873984336853,0.9236873984336853
"(4, 12)","(-1.5, -1.5)",0.9236873984336853,0.8327228426933289,0.9236873984336853
"(1, 8)","(3.0, 1.0)",0.16300366818904877,0.9236873984336853,0.9236873984336853
"(0, 8)","(-1.5, 3.0)",0.12759463489055634,0.9236873984336853,0.9236873984336853
"(4, 9)","(-2.0, 2.0)",0.9242979288101196,0.8308913111686707,0.9242979288101196
"(7, 12)","(-2.0, 2.0)",0.7765567898750305,0.9242979288101196,0.9242979288101196
"(6, 12)","(-2.0, -1.0)",0.28693529963493347,0.9242979288101196,0.9242979288101196
"(1, 2)","(3.0, 1.5)",0.16483516991138458,0.9242979288101196,0.9242979288101196
"(2, 5)","(3.0, -2.0)",0.9194139242172241,0.9242979288101196,0.9242979288101196
"(1, 14)","(2.0, 2.0)",0.43894994258880615,0.9242979288101196,0.9242979288101196
"(6, 7)","(-1.0, -2.0)",0.30708181858062744,0.9242979288101196,0.9242979288101196
"(3, 12)","(-1.5, 3.0)",0.877289354801178,0.9249083995819092,0.9249083995819092
"(5, 6)","(-2.0, 3.0)",0.5567765831947327,0.9249083995819092,0.9249083995819092
"(6, 12)","(-1.0, 3.0)",0.7820512652397156,0.9249083995819092,0.9249083995819092
"(5, 12)","(2.0, 3.0)",0.598901093006134,0.9249083995819092,0.9249083995819092
"(6, 12)","(-2.0, -1.5)",0.5744810700416565,0.9249083995819092,0.9249083995819092
"(6, 13)","(-2.0, -1.5)",0.18803419172763824,0.9255189299583435,0.9255189299583435
"(2, 14)","(-1.5, 3.0)",0.6459096670150757,0.9255189299583435,0.9255189299583435
"(4, 14)","(-1.5, 1.5)",0.9255189299583435,0.42307692766189575,0.9255189299583435
"(0, 3)","(-2.0, 2.0)",0.021367521956562996,0.9255189299583435,0.9255189299583435
"(7, 11)","(-2.0, 2.0)",0.7637362480163574,0.9255189299583435,0.9255189299583435
"(9, 14)","(3.0, 3.0)",0.9261294007301331,0.831501841545105,0.9261294007301331
"(0, 4)","(1.0, -1.0)",0.9261294007301331,0.4890109896659851,0.9261294007301331
"(1, 6)","(1.0, 3.0)",0.06654457002878189,0.9261294007301331,0.9261294007301331
"(7, 8)","(-2.0, -2.0)",0.3748473823070526,0.9261294007301331,0.9261294007301331
"(2, 5)","(-2.0, 1.5)",0.02014652080833912,0.9261294007301331,0.9261294007301331
"(3, 12)","(-2.0, 3.0)",0.9090353846549988,0.9261294007301331,0.9261294007301331
"(7, 12)","(-1.0, 3.0)",0.6929181814193726,0.9261294007301331,0.9261294007301331
"(6, 7)","(-2.0, 3.0)",0.29487180709838867,0.9267399311065674,0.9267399311065674
"(4, 5)","(-1.5, -1.0)",0.9267399311065674,0.3266178369522095,0.9267399311065674
"(0, 1)","(-1.0, 1.5)",0.2094017118215561,0.9267399311065674,0.9267399311065674
"(4, 6)","(-2.0, -1.5)",0.9267399311065674,0.8333333134651184,0.9267399311065674
"(5, 12)","(-1.0, -1.5)",0.4139194190502167,0.9267399311065674,0.9267399311065674
"(6, 9)","(-2.0, 1.5)",0.4035409092903137,0.9267399311065674,0.9267399311065674
"(5, 12)","(-1.0, -1.0)",0.29792430996894836,0.9273504018783569,0.9273504018783569
"(2, 9)","(-1.0, -1.5)",0.10683760792016983,0.9273504018783569,0.9273504018783569
"(6, 9)","(-2.0, 1.0)",0.3571428656578064,0.9273504018783569,0.9273504018783569
"(6, 7)","(-1.5, -1.0)",0.22344322502613068,0.9273504018783569,0.9273504018783569
"(4, 11)","(-1.0, -2.0)",0.9273504018783569,0.8308913111686707,0.9273504018783569
"(1, 8)","(3.0, 1.5)",0.17582418024539948,0.9273504018783569,0.9273504018783569
"(1, 7)","(3.0, 1.5)",0.17094017565250397,0.9273504018783569,0.9273504018783569
"(3, 5)","(-1.5, -1.0)",0.9249083995819092,0.9273504018783569,0.9273504018783569
"(4, 10)","(-1.0, -2.0)",0.9273504018783569,0.4536019563674927,0.9273504018783569
"(0, 9)","(1.5, -2.0)",0.1746031790971756,0.9273504018783569,0.9273504018783569
"(1, 9)","(1.0, 1.0)",0.10256410390138626,0.9273504018783569,0.9273504018783569
"(2, 11)","(2.0, 3.0)",0.12026862055063248,0.9279609322547913,0.9279609322547913
"(1, 11)","(1.5, 1.5)",0.03663003817200661,0.9279609322547913,0.9279609322547913
"(1, 7)","(3.0, 2.0)",0.1636141687631607,0.9279609322547913,0.9279609322547913
"(11, 13)","(-1.0, 3.0)",0.06227106228470802,0.9279609322547913,0.9279609322547913
"(1, 11)","(-1.5, 1.0)",0.3760683834552765,0.9279609322547913,0.9279609322547913
"(0, 6)","(1.0, 3.0)",0.12271062284708023,0.9285714030265808,0.9285714030265808
"(2, 3)","(-1.5, 1.5)",0.05677655711770058,0.9285714030265808,0.9285714030265808
"(2, 5)","(-1.0, -1.0)",0.4774114787578583,0.9285714030265808,0.9285714030265808
"(6, 13)","(-1.5, 1.5)",0.09157509356737137,0.9285714030265808,0.9285714030265808
"(1, 6)","(2.0, 2.0)",0.18864469230175018,0.9291819334030151,0.9291819334030151
"(0, 12)","(1.5, 1.5)",0.30586081743240356,0.9291819334030151,0.9291819334030151
"(6, 12)","(-2.0, -2.0)",0.5995116233825684,0.9291819334030151,0.9291819334030151
"(5, 12)","(-1.5, 1.0)",0.9297924041748047,0.9120879173278809,0.9297924041748047
"(4, 12)","(-2.0, -1.0)",0.9297924041748047,0.827228307723999,0.9297924041748047
"(1, 6)","(3.0, 1.0)",0.17032967507839203,0.9297924041748047,0.9297924041748047
"(4, 11)","(-1.5, -1.5)",0.9297924041748047,0.8308913111686707,0.9297924041748047
"(3, 5)","(-1.0, -1.0)",0.7759462594985962,0.9297924041748047,0.9297924041748047
"(5, 11)","(-1.0, -2.0)",0.8919413685798645,0.9297924041748047,0.9297924041748047
"(2, 13)","(3.0, -2.0)",0.11477411538362503,0.930402934551239,0.930402934551239
"(4, 11)","(-2.0, -1.0)",0.930402934551239,0.8144078254699707,0.930402934551239
"(0, 12)","(1.0, 1.0)",0.6593406796455383,0.930402934551239,0.930402934551239
"(6, 13)","(-2.0, 1.0)",0.1367521435022354,0.9310134053230286,0.9310134053230286
"(2, 5)","(2.0, -2.0)",0.9310134053230286,0.7179487347602844,0.9310134053230286
"(3, 6)","(-2.0, -2.0)",0.7753357887268066,0.9310134053230286,0.9310134053230286
"(1, 2)","(1.0, -1.0)",0.05494505539536476,0.9316239356994629,0.9316239356994629
"(0, 9)","(1.0, -2.0)",0.16300366818904877,0.9316239356994629,0.9316239356994629
"(11, 12)","(2.0, 3.0)",0.7710622549057007,0.9316239356994629,0.9316239356994629
"(6, 10)","(-2.0, 3.0)",0.5677655935287476,0.9316239356994629,0.9316239356994629
"(11, 13)","(3.0, 1.5)",0.2844932973384857,0.9316239356994629,0.9316239356994629
"(1, 5)","(1.0, -1.5)",0.5402930378913879,0.9316239356994629,0.9316239356994629
"(0, 4)","(2.0, -2.0)",0.9316239356994629,0.4426129460334778,0.9316239356994629
"(1, 2)","(1.5, 3.0)",0.2032967060804367,0.9316239356994629,0.9316239356994629
"(3, 6)","(-1.5, -2.0)",0.6245421171188354,0.9322344064712524,0.9322344064712524
"(5, 11)","(3.0, 3.0)",0.1349206417798996,0.9322344064712524,0.9322344064712524
"(4, 14)","(-2.0, 1.0)",0.9328449368476868,0.42429792881011963,0.9328449368476868
"(1, 12)","(-1.0, 3.0)",0.8424908518791199,0.9328449368476868,0.9328449368476868
"(0, 13)","(-1.0, 2.0)",0.12148962169885635,0.9328449368476868,0.9328449368476868
"(1, 11)","(1.5, 1.0)",0.049450550228357315,0.9328449368476868,0.9328449368476868
"(8, 13)","(3.0, 3.0)",0.10500610619783401,0.9328449368476868,0.9328449368476868
"(0, 7)","(1.5, -2.0)",0.10683760792016983,0.9328449368476868,0.9328449368476868
"(3, 6)","(-1.0, -2.0)",0.5824176073074341,0.9328449368476868,0.9328449368476868
"(4, 9)","(-2.0, 3.0)",0.9334554076194763,0.8308913111686707,0.9334554076194763
"(1, 9)","(-1.5, -2.0)",0.05189255252480507,0.9340659379959106,0.9340659379959106
"(6, 8)","(-1.0, -2.0)",0.20512820780277252,0.9340659379959106,0.9340659379959106
"(0, 13)","(1.0, 2.0)",0.5885226130485535,0.9340659379959106,0.9340659379959106
"(9, 13)","(2.0, 3.0)",0.31990233063697815,0.9340659379959106,0.9340659379959106
"(5, 12)","(1.0, 3.0)",0.36752137541770935,0.9340659379959106,0.9340659379959106
"(9, 13)","(3.0, 3.0)",0.3351648449897766,0.9340659379959106,0.9340659379959106
"(1, 8)","(-2.0, -1.0)",0.17582418024539948,0.9346764087677002,0.9346764087677002
"(2, 13)","(-1.5, -1.0)",0.11477411538362503,0.9346764087677002,0.9346764087677002
"(9, 13)","(1.5, 3.0)",0.3156288266181946,0.9346764087677002,0.9346764087677002
"(1, 10)","(2.0, 2.0)",0.17582418024539948,0.9346764087677002,0.9346764087677002
"(0, 4)","(-2.0, -1.5)",0.15201465785503387,0.9346764087677002,0.9346764087677002
"(2, 11)","(3.0, -1.0)",0.16727717220783234,0.9346764087677002,0.9346764087677002
"(6, 7)","(-1.5, -1.5)",0.28510379791259766,0.9346764087677002,0.9346764087677002
"(4, 6)","(-2.0, -2.0)",0.9346764087677002,0.8815628886222839,0.9346764087677002
"(0, 13)","(2.0, 1.5)",0.11782661825418472,0.9346764087677002,0.9346764087677002
"(1, 10)","(3.0, -1.0)",0.1666666716337204,0.9352869391441345,0.9352869391441345
"(5, 12)","(1.5, 3.0)",0.31013432145118713,0.9352869391441345,0.9352869391441345
"(1, 5)","(1.5, -1.0)",0.8742368817329407,0.9352869391441345,0.9352869391441345
"(2, 14)","(-1.5, -1.5)",0.11355311423540115,0.9352869391441345,0.9352869391441345
"(1, 7)","(3.0, 1.0)",0.17216117680072784,0.9352869391441345,0.9352869391441345
"(0, 9)","(-1.0, -2.0)",0.06715507060289383,0.9352869391441345,0.9352869391441345
"(8, 12)","(-1.5, 3.0)",0.8571428656578064,0.9358974099159241,0.9358974099159241
"(1, 3)","(2.0, 1.0)",0.15689866244792938,0.9358974099159241,0.9358974099159241
"(1, 11)","(1.5, 2.0)",0.32600733637809753,0.9365079402923584,0.9365079402923584
"(2, 6)","(3.0, 3.0)",0.08852259069681168,0.9365079402923584,0.9365079402923584
"(11, 13)","(-1.5, 3.0)",0.15445666015148163,0.9365079402923584,0.9365079402923584
"(5, 9)","(-1.5, -2.0)",0.5421245694160461,0.937118411064148,0.937118411064148
"(0, 12)","(1.0, 1.5)",0.6910867094993591,0.937118411064148,0.937118411064148
"(5, 6)","(-1.0, -1.5)",0.7234432101249695,0.937118411064148,0.937118411064148
"(5, 10)","(-2.0, 2.0)",0.8840048909187317,0.937118411064148,0.937118411064148
"(1, 13)","(3.0, 3.0)",0.18986569344997406,0.937118411064148,0.937118411064148
"(0, 6)","(-1.5, 2.0)",0.0555555559694767,0.9377289414405823,0.9377289414405823
"(1, 13)","(-2.0, -2.0)",0.14224664866924286,0.9377289414405823,0.9377289414405823
"(12, 13)","(-1.5, 3.0)",0.2380952388048172,0.9377289414405823,0.9377289414405823
"(3, 4)","(-1.5, -1.0)",0.9377289414405823,0.8540903329849243,0.9377289414405823
"(0, 13)","(-1.0, 3.0)",0.18131868541240692,0.9377289414405823,0.9377289414405823
"(5, 9)","(-2.0, -1.5)",0.9029303789138794,0.9377289414405823,0.9377289414405823
"(1, 6)","(1.0, -1.0)",0.12942613661289215,0.9377289414405823,0.9377289414405823
"(2, 13)","(-1.0, -1.5)",0.12026862055063248,0.9377289414405823,0.9377289414405823
"(0, 11)","(1.0, 2.0)",0.470085471868515,0.9383394122123718,0.9383394122123718
"(8, 11)","(-1.5, 3.0)",0.8278388381004333,0.9383394122123718,0.9383394122123718
"(1, 4)","(1.5, 3.0)",0.04456654563546181,0.9383394122123718,0.9383394122123718
"(5, 6)","(-1.5, -1.0)",0.9126983880996704,0.9389499425888062,0.9389499425888062
"(1, 6)","(3.0, 1.5)",0.17399267852306366,0.9389499425888062,0.9389499425888062
"(1, 2)","(1.0, -1.5)",0.04884004965424538,0.9389499425888062,0.9389499425888062
"(5, 9)","(-1.5, 3.0)",0.9395604133605957,0.9389499425888062,0.9395604133605957
"(5, 7)","(-2.0, 3.0)",0.5732600688934326,0.9395604133605957,0.9395604133605957
"(1, 11)","(-1.5, -2.0)",0.4749694764614105,0.9395604133605957,0.9395604133605957
"(1, 2)","(3.0, 1.0)",0.1666666716337204,0.9395604133605957,0.9395604133605957
"(1, 7)","(1.5, -1.0)",0.10073260217905045,0.9395604133605957,0.9395604133605957
"(1, 9)","(3.0, -1.0)",0.1684981733560562,0.9395604133605957,0.9395604133605957
"(6, 7)","(-1.5, -2.0)",0.5372405648231506,0.94017094373703,0.94017094373703
"(0, 12)","(-1.0, 1.0)",0.1446886509656906,0.94017094373703,0.94017094373703
"(1, 8)","(1.5, 3.0)",0.1269841343164444,0.94017094373703,0.94017094373703
"(1, 14)","(1.5, 3.0)",0.7515262365341187,0.94017094373703,0.94017094373703
"(0, 6)","(-1.0, 3.0)",0.09157509356737137,0.94017094373703,0.94017094373703
"(5, 9)","(-1.5, 2.0)",0.9249083995819092,0.94017094373703,0.94017094373703
"(5, 9)","(-1.5, 1.0)",0.8833943605422974,0.94017094373703,0.94017094373703
"(5, 11)","(-1.5, -1.5)",0.8644688725471497,0.94017094373703,0.94017094373703
"(5, 11)","(-1.5, -1.0)",0.5738705992698669,0.94017094373703,0.94017094373703
"(2, 13)","(-1.0, 1.0)",0.04884004965424538,0.94017094373703,0.94017094373703
"(4, 12)","(-2.0, -1.5)",0.94017094373703,0.8327228426933289,0.94017094373703
"(0, 11)","(-1.0, 1.0)",0.13369964063167572,0.94017094373703,0.94017094373703
"(0, 12)","(2.0, 2.0)",0.19474969804286957,0.9407814145088196,0.9407814145088196
"(1, 7)","(-2.0, 3.0)",0.061660561710596085,0.9407814145088196,0.9407814145088196
"(6, 8)","(-1.5, -1.5)",0.4792429804801941,0.9407814145088196,0.9407814145088196
"(0, 12)","(1.5, 2.0)",0.4792429804801941,0.9407814145088196,0.9407814145088196
"(1, 6)","(-1.0, -2.0)",0.4316239356994629,0.9407814145088196,0.9407814145088196
"(1, 4)","(3.0, 1.0)",0.19658119976520538,0.9407814145088196,0.9407814145088196
"(1, 13)","(3.0, -1.0)",0.1715506762266159,0.9407814145088196,0.9407814145088196
"(3, 4)","(-1.0, -1.5)",0.9413919448852539,0.8150182962417603,0.9413919448852539
"(3, 13)","(-1.0, 3.0)",0.5384615659713745,0.9413919448852539,0.9413919448852539
"(1, 11)","(1.0, 3.0)",0.09157509356737137,0.9413919448852539,0.9413919448852539
"(1, 4)","(2.0, 2.0)",0.06715507060289383,0.9413919448852539,0.9413919448852539
"(5, 12)","(-1.5, -1.0)",0.5799756050109863,0.9413919448852539,0.9413919448852539
"(2, 5)","(-2.0, 1.0)",0.08119658380746841,0.9413919448852539,0.9413919448852539
"(1, 11)","(2.0, 1.0)",0.07814408093690872,0.9420024156570435,0.9420024156570435
"(1, 10)","(3.0, 1.0)",0.14346764981746674,0.9420024156570435,0.9420024156570435
"(1, 4)","(1.0, -1.5)",0.9420024156570435,0.8485958576202393,0.9420024156570435
"(1, 9)","(-2.0, -1.5)",0.0634920671582222,0.9420024156570435,0.9420024156570435
"(5, 13)","(-1.0, 3.0)",0.83699631690979,0.9420024156570435,0.9420024156570435
"(0, 6)","(1.0, -1.0)",0.6025640964508057,0.9420024156570435,0.9420024156570435
"(1, 14)","(3.0, -1.0)",0.1367521435022354,0.9420024156570435,0.9420024156570435
"(1, 4)","(2.0, -2.0)",0.5506715774536133,0.9420024156570435,0.9420024156570435
"(1, 10)","(3.0, -1.5)",0.16910867393016815,0.9420024156570435,0.9420024156570435
"(6, 11)","(-1.0, 3.0)",0.7686202526092529,0.9420024156570435,0.9420024156570435
"(3, 11)","(-1.0, 3.0)",0.8150182962417603,0.9426129460334778,0.9426129460334778
"(1, 8)","(3.0, 2.0)",0.18315018713474274,0.9426129460334778,0.9426129460334778
"(5, 9)","(-1.5, 1.5)",0.9157509207725525,0.9426129460334778,0.9426129460334778
"(11, 13)","(-2.0, 3.0)",0.390720397233963,0.9426129460334778,0.9426129460334778
"(12, 13)","(-2.0, 3.0)",0.523809552192688,0.9426129460334778,0.9426129460334778
"(11, 13)","(1.0, 3.0)",0.1556776612997055,0.9426129460334778,0.9426129460334778
"(0, 12)","(1.0, 2.0)",0.8681318759918213,0.9426129460334778,0.9426129460334778
"(5, 12)","(-1.5, 1.5)",0.9426129460334778,0.9200243949890137,0.9426129460334778
"(1, 14)","(3.0, 1.0)",0.17521367967128754,0.9432234168052673,0.9432234168052673
"(6, 13)","(-1.5, 2.0)",0.12332112342119217,0.9432234168052673,0.9432234168052673
"(1, 13)","(3.0, -1.5)",0.17399267852306366,0.9432234168052673,0.9432234168052673
"(0, 13)","(1.5, -2.0)",0.21062271296977997,0.9432234168052673,0.9432234168052673
"(5, 8)","(-2.0, 3.0)",0.916361391544342,0.9438339471817017,0.9438339471817017
"(1, 11)","(2.0, 1.5)",0.05494505539536476,0.9438339471817017,0.9438339471817017
"(5, 11)","(2.0, 3.0)",0.2680097818374634,0.9438339471817017,0.9438339471817017
"(1, 13)","(3.0, -2.0)",0.1776556819677353,0.9438339471817017,0.9438339471817017
"(11, 12)","(3.0, 2.0)",0.7490842342376709,0.9438339471817017,0.9438339471817017
"(0, 12)","(-1.5, 1.0)",0.13736264407634735,0.9438339471817017,0.9438339471817017
"(6, 9)","(-2.0, -2.0)",0.20512820780277252,0.9438339471817017,0.9438339471817017
"(1, 11)","(1.0, -1.0)",0.24664224684238434,0.9438339471817017,0.9438339471817017
"(1, 14)","(3.0, -1.5)",0.13431014120578766,0.9438339471817017,0.9438339471817017
"(6, 13)","(3.0, 3.0)",0.00976801011711359,0.9438339471817017,0.9438339471817017
"(1, 4)","(3.0, -1.0)",0.23870573937892914,0.9438339471817017,0.9438339471817017
"(1, 14)","(3.0, 1.5)",0.18009768426418304,0.9438339471817017,0.9438339471817017
"(2, 7)","(3.0, -2.0)",0.095238097012043,0.9438339471817017,0.9438339471817017
"(3, 4)","(1.5, -2.0)",0.9438339471817017,0.4810744822025299,0.9438339471817017
"(3, 11)","(-1.5, 3.0)",0.8522588610649109,0.9438339471817017,0.9438339471817017
"(1, 11)","(2.0, -2.0)",0.6465201377868652,0.9444444179534912,0.9444444179534912
"(1, 7)","(3.0, 3.0)",0.16910867393016815,0.9444444179534912,0.9444444179534912
"(1, 10)","(1.5, 3.0)",0.2924298048019409,0.9444444179534912,0.9444444179534912
"(1, 9)","(3.0, 1.5)",0.14407815039157867,0.9444444179534912,0.9444444179534912
"(1, 9)","(3.0, 1.0)",0.14652015268802643,0.9444444179534912,0.9444444179534912
"(1, 9)","(-2.0, 1.0)",0.07326007634401321,0.9444444179534912,0.9444444179534912
"(1, 9)","(-2.0, 1.5)",0.1587301641702652,0.9444444179534912,0.9444444179534912
"(1, 4)","(3.0, 2.0)",0.10012210160493851,0.9444444179534912,0.9444444179534912
"(1, 4)","(3.0, 1.5)",0.1428571492433548,0.9444444179534912,0.9444444179534912
"(1, 11)","(1.5, -2.0)",0.7442002296447754,0.9444444179534912,0.9444444179534912
"(1, 11)","(1.0, -1.5)",0.4590964615345001,0.9444444179534912,0.9444444179534912
"(1, 11)","(1.5, -1.0)",0.4615384638309479,0.9444444179534912,0.9444444179534912
"(1, 9)","(3.0, 2.0)",0.1459096521139145,0.9444444179534912,0.9444444179534912
"(0, 11)","(2.0, 3.0)",0.3290598392486572,0.9444444179534912,0.9444444179534912
"(1, 11)","(-2.0, -1.5)",0.02319902367889881,0.9444444179534912,0.9444444179534912
"(0, 4)","(1.0, -1.5)",0.9444444179534912,0.5115995407104492,0.9444444179534912
"(1, 11)","(2.0, -1.5)",0.43894994258880615,0.9444444179534912,0.9444444179534912
"(1, 11)","(1.5, -1.5)",0.6398046612739563,0.9444444179534912,0.9444444179534912
"(1, 11)","(1.0, -2.0)",0.7637362480163574,0.9444444179534912,0.9444444179534912
"(1, 9)","(3.0, -2.0)",0.1666666716337204,0.9444444179534912,0.9444444179534912
"(1, 9)","(3.0, -1.5)",0.16910867393016815,0.9444444179534912,0.9444444179534912
"(1, 4)","(3.0, -1.5)",0.2576312720775604,0.9444444179534912,0.9444444179534912
"(1, 14)","(3.0, 3.0)",0.55982905626297,0.9444444179534912,0.9444444179534912
"(1, 9)","(2.0, 1.0)",0.16788767278194427,0.9444444179534912,0.9444444179534912
"(1, 9)","(2.0, -2.0)",0.11172161251306534,0.9444444179534912,0.9444444179534912
"(1, 8)","(2.0, 3.0)",0.15445666015148163,0.9444444179534912,0.9444444179534912
"(1, 10)","(3.0, 1.5)",0.14346764981746674,0.9444444179534912,0.9444444179534912
"(1, 4)","(3.0, 3.0)",0.07387057691812515,0.9444444179534912,0.9444444179534912
"(11, 13)","(2.0, 3.0)",0.33577534556388855,0.9444444179534912,0.9444444179534912
"(1, 14)","(3.0, 2.0)",0.22039072215557098,0.9444444179534912,0.9444444179534912
"(1, 10)","(2.0, 3.0)",0.22344322502613068,0.9444444179534912,0.9444444179534912
"(1, 8)","(3.0, 3.0)",0.18864469230175018,0.9444444179534912,0.9444444179534912
"(1, 9)","(-2.0, -2.0)",0.06227106228470802,0.9444444179534912,0.9444444179534912
"(11, 13)","(3.0, 3.0)",0.19780220091342926,0.9444444179534912,0.9444444179534912
"(1, 14)","(2.0, 3.0)",0.7356532216072083,0.9444444179534912,0.9444444179534912
"(1, 4)","(2.0, 3.0)",0.04700854793190956,0.9444444179534912,0.9444444179534912
"(1, 4)","(3.0, -2.0)",0.2765567898750305,0.9444444179534912,0.9444444179534912
"(1, 14)","(3.0, -2.0)",0.13614164292812347,0.9444444179534912,0.9444444179534912
"(11, 13)","(1.5, 3.0)",0.48351648449897766,0.9444444179534912,0.9444444179534912
"(1, 11)","(-2.0, 1.0)",0.4621489644050598,0.9444444179534912,0.9444444179534912
"(11, 13)","(3.0, 2.0)",0.24542124569416046,0.9444444179534912,0.9444444179534912
"(1, 8)","(1.5, -1.0)",0.3272283375263214,0.9444444179534912,0.9444444179534912
"(1, 8)","(1.0, -1.5)",0.12087912112474442,0.9444444179534912,0.9444444179534912
"(1, 3)","(3.0, 1.0)",0.14346764981746674,0.9444444179534912,0.9444444179534912
"(1, 8)","(1.0, -1.0)",0.13247863948345184,0.9444444179534912,0.9444444179534912
"(3, 11)","(-2.0, 3.0)",0.8785103559494019,0.9444444179534912,0.9444444179534912
"(1, 3)","(3.0, 1.5)",0.1318681389093399,0.9444444179534912,0.9444444179534912
"(1, 11)","(3.0, 1.0)",0.14346764981746674,0.9444444179534912,0.9444444179534912
"(1, 11)","(2.0, -1.0)",0.18315018713474274,0.9444444179534912,0.9444444179534912
"(1, 11)","(3.0, -1.0)",0.15201465785503387,0.9444444179534912,0.9444444179534912
"(1, 10)","(3.0, 2.0)",0.1459096521139145,0.9444444179534912,0.9444444179534912
"(1, 11)","(3.0, -1.5)",0.17277167737483978,0.9444444179534912,0.9444444179534912
"(8, 13)","(-1.5, 3.0)",0.32173383235931396,0.9444444179534912,0.9444444179534912
"(8, 13)","(-1.0, 3.0)",0.07753358036279678,0.9444444179534912,0.9444444179534912
"(2, 13)","(-1.5, 1.0)",0.10134310275316238,0.9450549483299255,0.9450549483299255
"(0, 6)","(-1.5, 3.0)",0.01953602023422718,0.9450549483299255,0.9450549483299255
"(1, 5)","(1.0, -2.0)",0.791208803653717,0.9450549483299255,0.9450549483299255
"(0, 11)","(-1.5, 1.0)",0.12942613661289215,0.9450549483299255,0.9450549483299255
"(1, 9)","(-2.0, 2.0)",0.2924298048019409,0.9450549483299255,0.9450549483299255
"(12, 13)","(1.5, 3.0)",0.29120880365371704,0.9456654191017151,0.9456654191017151
"(12, 13)","(2.0, 3.0)",0.6153846383094788,0.9456654191017151,0.9456654191017151
"(1, 8)","(2.0, -1.0)",0.1935286968946457,0.9456654191017151,0.9456654191017151
"(5, 12)","(-1.0, -2.0)",0.9456654191017151,0.9297924041748047,0.9456654191017151
"(1, 9)","(2.0, 1.5)",0.17216117680072784,0.9456654191017151,0.9456654191017151
"(1, 9)","(1.5, 1.5)",0.15628816187381744,0.9456654191017151,0.9456654191017151
"(1, 9)","(1.5, 1.0)",0.1379731446504593,0.9456654191017151,0.9456654191017151
"(0, 12)","(-1.0, 1.5)",0.21550671756267548,0.9456654191017151,0.9456654191017151
"(1, 7)","(2.0, -1.0)",0.10927961021661758,0.9462759494781494,0.9462759494781494
"(0, 4)","(1.5, -1.5)",0.9462759494781494,0.4731379747390747,0.9462759494781494
"(1, 9)","(1.0, 3.0)",0.19108669459819794,0.9462759494781494,0.9462759494781494
"(7, 13)","(-1.5, 3.0)",0.02442002482712269,0.9462759494781494,0.9462759494781494
"(5, 11)","(1.5, 3.0)",0.28998780250549316,0.9462759494781494,0.9462759494781494
"(0, 6)","(1.0, -1.5)",0.6202686429023743,0.9462759494781494,0.9462759494781494
"(1, 9)","(1.5, 3.0)",0.20024420320987701,0.9462759494781494,0.9462759494781494
"(1, 8)","(1.5, -1.5)",0.22832722961902618,0.9462759494781494,0.9462759494781494
"(1, 9)","(2.0, 2.0)",0.17338217794895172,0.9462759494781494,0.9462759494781494
"(1, 9)","(1.5, 2.0)",0.1715506762266159,0.9462759494781494,0.9462759494781494
"(5, 7)","(-1.0, -1.5)",0.34554335474967957,0.9462759494781494,0.9462759494781494
"(1, 7)","(1.0, -1.5)",0.07020757347345352,0.9462759494781494,0.9462759494781494
"(5, 8)","(-1.0, -1.0)",0.35470086336135864,0.946886420249939,0.946886420249939
"(1, 12)","(1.0, -2.0)",0.6886447072029114,0.946886420249939,0.946886420249939
"(0, 12)","(-1.5, 1.5)",0.15934066474437714,0.946886420249939,0.946886420249939
"(1, 9)","(1.0, 2.0)",0.14163614809513092,0.946886420249939,0.946886420249939
"(1, 9)","(2.0, 3.0)",0.190476194024086,0.946886420249939,0.946886420249939
"(1, 9)","(1.0, 1.5)",0.11355311423540115,0.946886420249939,0.946886420249939
"(5, 11)","(-1.5, 2.0)",0.9133089184761047,0.946886420249939,0.946886420249939
"(12, 13)","(3.0, 2.0)",0.40109890699386597,0.946886420249939,0.946886420249939
"(1, 9)","(3.0, 3.0)",0.1526251584291458,0.946886420249939,0.946886420249939
"(0, 11)","(-1.0, 1.5)",0.16544567048549652,0.9474969506263733,0.9474969506263733
"(4, 12)","(-1.5, -2.0)",0.9474969506263733,0.8321123123168945,0.9474969506263733
"(8, 13)","(-2.0, 3.0)",0.37728938460350037,0.9474969506263733,0.9474969506263733
"(2, 9)","(3.0, 1.5)",0.3266178369522095,0.9474969506263733,0.9474969506263733
"(1, 11)","(2.0, 2.0)",0.2380952388048172,0.9474969506263733,0.9474969506263733
"(6, 7)","(-2.0, -1.0)",0.28510379791259766,0.9474969506263733,0.9474969506263733
"(1, 8)","(1.0, -2.0)",0.12576313316822052,0.9481074213981628,0.9481074213981628
"(0, 13)","(1.0, -2.0)",0.3876678943634033,0.9481074213981628,0.9481074213981628
"(6, 8)","(-1.5, -2.0)",0.5543345808982849,0.9481074213981628,0.9481074213981628
"(6, 12)","(-2.0, 2.0)",0.7429792284965515,0.9481074213981628,0.9481074213981628
"(1, 7)","(1.5, -1.5)",0.09157509356737137,0.9481074213981628,0.9481074213981628
"(12, 13)","(3.0, 3.0)",0.3791208863258362,0.9481074213981628,0.9481074213981628
"(7, 12)","(-1.5, 3.0)",0.7698412537574768,0.9481074213981628,0.9481074213981628
"(6, 13)","(-2.0, 1.5)",0.2698412835597992,0.9487179517745972,0.9487179517745972
"(2, 7)","(-1.0, 3.0)",0.12759463489055634,0.9487179517745972,0.9487179517745972
"(4, 11)","(-2.0, -1.5)",0.9487179517745972,0.8308913111686707,0.9487179517745972
"(0, 11)","(-1.5, 1.5)",0.17521367967128754,0.9487179517745972,0.9487179517745972
"(5, 7)","(-1.5, -1.0)",0.7851037979125977,0.9493284225463867,0.9493284225463867
"(0, 12)","(-1.0, 2.0)",0.5854700803756714,0.9493284225463867,0.9493284225463867
"(1, 5)","(3.0, 3.0)",0.12393162399530411,0.9493284225463867,0.9493284225463867
"(5, 8)","(-1.0, -1.5)",0.5134310126304626,0.949938952922821,0.949938952922821
"(0, 11)","(-1.0, 2.0)",0.4920634925365448,0.949938952922821,0.949938952922821
"(1, 11)","(3.0, 1.5)",0.13431014120578766,0.949938952922821,0.949938952922821
"(0, 13)","(2.0, 2.0)",0.11599511653184891,0.949938952922821,0.949938952922821
"(5, 7)","(-1.0, -2.0)",0.6678876876831055,0.949938952922821,0.949938952922821
"(4, 10)","(-1.5, -1.0)",0.949938952922821,0.20085470378398895,0.949938952922821
"(5, 10)","(-1.5, -1.5)",0.949938952922821,0.8089132905006409,0.949938952922821
"(1, 9)","(-2.0, 3.0)",0.6660561561584473,0.949938952922821,0.949938952922821
"(2, 11)","(3.0, 1.0)",0.1349206417798996,0.949938952922821,0.949938952922821
"(2, 6)","(-1.5, 2.0)",0.11721611768007278,0.949938952922821,0.949938952922821
"(0, 7)","(-2.0, 2.0)",0.015262515284121037,0.9505494236946106,0.9505494236946106
"(5, 12)","(-1.5, 2.0)",0.9505494236946106,0.9340659379959106,0.9505494236946106
"(1, 11)","(-1.0, 3.0)",0.807692289352417,0.9505494236946106,0.9505494236946106
"(0, 6)","(1.5, -1.0)",0.4908424913883209,0.9505494236946106,0.9505494236946106
"(1, 12)","(1.5, 1.5)",0.08241758495569229,0.9505494236946106,0.9505494236946106
"(6, 7)","(-2.0, -1.5)",0.550061047077179,0.9505494236946106,0.9505494236946106
"(5, 11)","(-2.0, -1.0)",0.9035409092903137,0.9511599540710449,0.9511599540710449
"(6, 8)","(-2.0, -1.0)",0.261904776096344,0.9511599540710449,0.9511599540710449
"(2, 13)","(-1.0, -2.0)",0.12515263259410858,0.9511599540710449,0.9511599540710449
"(4, 11)","(-1.5, -2.0)",0.9511599540710449,0.8308913111686707,0.9511599540710449
"(6, 11)","(-2.0, 2.0)",0.7588522434234619,0.9511599540710449,0.9511599540710449
"(1, 12)","(1.0, 3.0)",0.14713065326213837,0.9517704248428345,0.9517704248428345
"(2, 4)","(-1.0, -2.0)",0.9517704248428345,0.9053723812103271,0.9517704248428345
"(0, 1)","(1.5, 3.0)",0.23931623995304108,0.9517704248428345,0.9517704248428345
"(1, 4)","(1.0, -2.0)",0.9523809552192688,0.8620268702507019,0.9523809552192688
"(4, 14)","(-2.0, 1.5)",0.9523809552192688,0.42429792881011963,0.9523809552192688
"(6, 13)","(-2.0, -2.0)",0.23870573937892914,0.9523809552192688,0.9523809552192688
"(5, 8)","(-1.5, -1.0)",0.5421245694160461,0.9529914259910583,0.9529914259910583
"(5, 7)","(-1.5, -1.5)",0.8687423467636108,0.9529914259910583,0.9529914259910583
"(7, 12)","(-2.0, 3.0)",0.7930402755737305,0.9529914259910583,0.9529914259910583
"(4, 14)","(-1.5, 2.0)",0.9529914259910583,0.4188034236431122,0.9529914259910583
"(2, 11)","(3.0, -1.5)",0.3156288266181946,0.9529914259910583,0.9529914259910583
"(0, 6)","(-1.0, -1.0)",0.1446886509656906,0.9529914259910583,0.9529914259910583
"(6, 8)","(-2.0, -1.5)",0.5012210011482239,0.9536019563674927,0.9536019563674927
"(1, 12)","(1.0, -1.5)",0.5341880321502686,0.9536019563674927,0.9536019563674927
"(5, 8)","(-1.0, -2.0)",0.5372405648231506,0.9536019563674927,0.9536019563674927
"(5, 13)","(-2.0, 1.0)",0.9542124271392822,0.9169719219207764,0.9542124271392822
"(1, 12)","(1.5, 1.0)",0.07997558265924454,0.9542124271392822,0.9542124271392822
"(1, 12)","(-1.5, -1.0)",0.018315019086003304,0.9542124271392822,0.9542124271392822
"(6, 7)","(-2.0, -2.0)",0.7509157657623291,0.9542124271392822,0.9542124271392822
"(0, 5)","(3.0, -1.0)",0.4554334580898285,0.9542124271392822,0.9542124271392822
"(1, 11)","(1.5, 3.0)",0.19230769574642181,0.9542124271392822,0.9542124271392822
"(1, 2)","(2.0, 3.0)",0.20024420320987701,0.9542124271392822,0.9542124271392822
"(1, 10)","(3.0, -2.0)",0.17826618254184723,0.9542124271392822,0.9542124271392822
"(2, 10)","(-1.5, -1.5)",0.6098901033401489,0.9548229575157166,0.9548229575157166
"(1, 7)","(3.0, -1.0)",0.16544567048549652,0.9548229575157166,0.9548229575157166
"(1, 3)","(1.0, -1.0)",0.32967033982276917,0.9548229575157166,0.9548229575157166
"(1, 11)","(-1.5, 1.5)",0.5543345808982849,0.9548229575157166,0.9548229575157166
"(5, 8)","(-2.0, 2.0)",0.9554334282875061,0.9096459150314331,0.9554334282875061
"(5, 13)","(-1.5, 2.0)",0.9126983880996704,0.9554334282875061,0.9554334282875061
"(5, 9)","(-2.0, 1.0)",0.9554334282875061,0.9523809552192688,0.9554334282875061
"(5, 13)","(-2.0, 1.5)",0.9560439586639404,0.9554334282875061,0.9560439586639404
"(5, 8)","(-2.0, 1.0)",0.9560439586639404,0.7460317611694336,0.9560439586639404
"(2, 13)","(-1.0, 1.5)",0.04884004965424538,0.9560439586639404,0.9560439586639404
"(0, 13)","(1.5, 1.5)",0.3638583719730377,0.9560439586639404,0.9560439586639404
"(5, 9)","(-2.0, 1.5)",0.9560439586639404,0.9511599540710449,0.9560439586639404
"(1, 8)","(1.5, -2.0)",0.20512820780277252,0.9560439586639404,0.9560439586639404
"(1, 6)","(1.0, -1.5)",0.14652015268802643,0.95665442943573,0.95665442943573
"(2, 13)","(-1.0, 2.0)",0.04822954908013344,0.95665442943573,0.95665442943573
"(0, 6)","(1.0, -2.0)",0.6367521286010742,0.95665442943573,0.95665442943573
"(1, 12)","(-1.5, -1.5)",0.07875458151102066,0.95665442943573,0.95665442943573
"(2, 9)","(3.0, 2.0)",0.20818071067333221,0.9572649598121643,0.9572649598121643
"(2, 12)","(3.0, -1.5)",0.2844932973384857,0.9572649598121643,0.9572649598121643
"(2, 9)","(3.0, 3.0)",0.2509157657623291,0.9572649598121643,0.9572649598121643
"(5, 9)","(-2.0, 2.0)",0.9572649598121643,0.9511599540710449,0.9572649598121643
"(1, 3)","(-1.5, -1.5)",0.5268620252609253,0.9572649598121643,0.9572649598121643
"(2, 3)","(3.0, -1.5)",0.5244200229644775,0.9572649598121643,0.9572649598121643
"(0, 11)","(-1.5, -1.0)",0.07509157806634903,0.9578754305839539,0.9578754305839539
"(2, 3)","(-1.5, 3.0)",0.028693528845906258,0.9578754305839539,0.9578754305839539
"(5, 8)","(-1.5, -1.5)",0.5421245694160461,0.9578754305839539,0.9578754305839539
"(1, 8)","(2.0, -1.5)",0.27228328585624695,0.9578754305839539,0.9578754305839539
"(0, 1)","(1.5, 2.0)",0.9267399311065674,0.9578754305839539,0.9578754305839539
"(1, 3)","(-1.5, -2.0)",0.5915750861167908,0.9578754305839539,0.9578754305839539
"(2, 4)","(-1.5, -1.5)",0.8070818185806274,0.9578754305839539,0.9578754305839539
"(5, 13)","(-1.5, 3.0)",0.9096459150314331,0.9584859609603882,0.9584859609603882
"(2, 13)","(-1.5, -1.5)",0.12576313316822052,0.9584859609603882,0.9584859609603882
"(2, 6)","(3.0, -1.0)",0.3620268702507019,0.9584859609603882,0.9584859609603882
"(0, 3)","(2.0, -2.0)",0.9590964317321777,0.8864468932151794,0.9590964317321777
"(1, 10)","(3.0, 3.0)",0.1697191745042801,0.9590964317321777,0.9590964317321777
"(2, 12)","(3.0, 1.5)",0.23260073363780975,0.9590964317321777,0.9590964317321777
"(3, 13)","(-1.5, 3.0)",0.5921856164932251,0.9590964317321777,0.9590964317321777
"(7, 13)","(-2.0, 3.0)",0.05921855941414833,0.9590964317321777,0.9590964317321777
"(0, 13)","(1.0, 3.0)",0.589133083820343,0.9590964317321777,0.9590964317321777
"(4, 14)","(-1.0, 3.0)",0.9590964317321777,0.42612943053245544,0.9590964317321777
"(2, 13)","(-1.5, 1.5)",0.09096459299325943,0.9597069621086121,0.9597069621086121
"(5, 10)","(-1.5, 3.0)",0.9597069621086121,0.9407814145088196,0.9597069621086121
"(2, 3)","(3.0, -2.0)",0.5677655935287476,0.9597069621086121,0.9597069621086121
"(0, 14)","(-2.0, -2.0)",0.018315019086003304,0.9597069621086121,0.9597069621086121
"(2, 14)","(-1.5, -2.0)",0.14957265555858612,0.9597069621086121,0.9597069621086121
"(1, 12)","(-1.5, -2.0)",0.43101343512535095,0.9597069621086121,0.9597069621086121
"(4, 10)","(-2.0, -1.0)",0.9597069621086121,0.4456654489040375,0.9597069621086121
"(3, 4)","(-2.0, -1.0)",0.9597069621086121,0.8864468932151794,0.9597069621086121
"(5, 7)","(-1.5, -2.0)",0.8638583421707153,0.9597069621086121,0.9597069621086121
"(2, 13)","(-1.0, 3.0)",0.05189255252480507,0.9597069621086121,0.9597069621086121
"(5, 9)","(-2.0, 3.0)",0.9603174328804016,0.949938952922821,0.9603174328804016
"(4, 10)","(-1.5, -1.5)",0.9603174328804016,0.44505494832992554,0.9603174328804016
"(5, 7)","(-2.0, -1.0)",0.9444444179534912,0.9603174328804016,0.9603174328804016
"(0, 10)","(-2.0, 3.0)",0.07814408093690872,0.9603174328804016,0.9603174328804016
"(5, 13)","(-2.0, 2.0)",0.95665442943573,0.9603174328804016,0.9603174328804016
"(7, 11)","(-1.5, 3.0)",0.7692307829856873,0.9603174328804016,0.9603174328804016
"(6, 13)","(-1.0, 3.0)",0.1697191745042801,0.9609279632568359,0.9609279632568359
"(2, 3)","(-1.5, 2.0)",0.050061050802469254,0.9609279632568359,0.9609279632568359
"(2, 13)","(-2.0, 1.0)",0.11233211308717728,0.9609279632568359,0.9609279632568359
"(2, 5)","(1.5, -2.0)",0.9609279632568359,0.7069597244262695,0.9609279632568359
"(1, 5)","(2.0, -1.0)",0.5866910815238953,0.9609279632568359,0.9609279632568359
"(1, 7)","(2.0, -1.5)",0.10012210160493851,0.9609279632568359,0.9609279632568359
"(1, 7)","(1.0, -2.0)",0.06043956056237221,0.9609279632568359,0.9609279632568359
"(8, 12)","(-2.0, 3.0)",0.870573878288269,0.9609279632568359,0.9609279632568359
"(2, 6)","(-2.0, 1.0)",0.11477411538362503,0.9609279632568359,0.9609279632568359
"(2, 4)","(-1.5, -2.0)",0.9542124271392822,0.9609279632568359,0.9609279632568359
"(0, 1)","(1.0, 1.5)",0.4743589758872986,0.9609279632568359,0.9609279632568359
"(0, 6)","(2.0, -1.0)",0.19230769574642181,0.9609279632568359,0.9609279632568359
"(2, 11)","(3.0, 2.0)",0.5860806107521057,0.9609279632568359,0.9609279632568359
"(2, 11)","(3.0, 1.5)",0.31990233063697815,0.9609279632568359,0.9609279632568359
"(2, 12)","(3.0, 2.0)",0.523809552192688,0.9609279632568359,0.9609279632568359
"(2, 12)","(-1.5, 1.0)",0.21062271296977997,0.9615384340286255,0.9615384340286255
"(0, 7)","(-2.0, -1.0)",0.12148962169885635,0.9615384340286255,0.9615384340286255
"(2, 11)","(-1.0, 1.5)",0.291819304227829,0.9615384340286255,0.9615384340286255
"(2, 12)","(-1.0, 1.0)",0.14102564752101898,0.9615384340286255,0.9615384340286255
"(2, 7)","(-2.0, 1.5)",0.11477411538362503,0.9615384340286255,0.9615384340286255
"(2, 11)","(-1.0, 1.0)",0.12087912112474442,0.9615384340286255,0.9615384340286255
"(2, 11)","(-1.5, 1.0)",0.19597069919109344,0.9615384340286255,0.9615384340286255
"(2, 3)","(-2.0, 1.0)",0.16422466933727264,0.9615384340286255,0.9615384340286255
"(1, 12)","(1.5, 2.0)",0.25457876920700073,0.9615384340286255,0.9615384340286255
"(0, 9)","(-1.5, -1.5)",0.045177046209573746,0.9615384340286255,0.9615384340286255
"(3, 4)","(-1.5, -1.5)",0.9615384340286255,0.8571428656578064,0.9615384340286255
"(2, 6)","(3.0, -1.5)",0.40048840641975403,0.9615384340286255,0.9615384340286255
"(2, 13)","(-1.5, 2.0)",0.10073260217905045,0.9615384340286255,0.9615384340286255
"(2, 6)","(-1.0, 3.0)",0.12515263259410858,0.9615384340286255,0.9615384340286255
"(0, 7)","(-1.5, -1.5)",0.12454212456941605,0.9621489644050598,0.9621489644050598
"(2, 12)","(-2.0, 1.0)",0.3663003742694855,0.9621489644050598,0.9621489644050598
"(2, 8)","(-2.0, 2.0)",0.05982905998826027,0.9621489644050598,0.9621489644050598
"(2, 6)","(3.0, -2.0)",0.45299145579338074,0.9621489644050598,0.9621489644050598
"(1, 3)","(1.5, -1.0)",0.6153846383094788,0.9621489644050598,0.9621489644050598
"(1, 12)","(1.5, -2.0)",0.8998779058456421,0.9621489644050598,0.9621489644050598
"(2, 10)","(-1.5, -2.0)",0.6367521286010742,0.9621489644050598,0.9621489644050598
"(2, 6)","(-1.5, 3.0)",0.14041514694690704,0.9621489644050598,0.9621489644050598
"(2, 10)","(-2.0, -2.0)",0.672771692276001,0.9621489644050598,0.9621489644050598
"(2, 11)","(-1.0, 2.0)",0.5903540849685669,0.9621489644050598,0.9621489644050598
"(2, 10)","(-2.0, -1.0)",0.5927960872650146,0.9621489644050598,0.9621489644050598
"(6, 8)","(-2.0, -2.0)",0.5750916004180908,0.9621489644050598,0.9621489644050598
"(2, 11)","(-2.0, 1.0)",0.3717948794364929,0.9621489644050598,0.9621489644050598
"(2, 11)","(-1.5, 1.5)",0.5647130608558655,0.9621489644050598,0.9621489644050598
"(2, 12)","(-1.5, 1.5)",0.5360195636749268,0.9621489644050598,0.9621489644050598
"(2, 12)","(-1.0, 1.5)",0.3400488495826721,0.9621489644050598,0.9621489644050598
"(3, 4)","(1.0, -2.0)",0.9621489644050598,0.46275946497917175,0.9621489644050598
"(2, 10)","(-2.0, -1.5)",0.6330891251564026,0.9621489644050598,0.9621489644050598
"(2, 11)","(-2.0, 1.5)",0.5750916004180908,0.9627594351768494,0.9627594351768494
"(1, 11)","(3.0, -2.0)",0.2032967060804367,0.9627594351768494,0.9627594351768494
"(0, 6)","(-2.0, 2.0)",0.012210012413561344,0.9627594351768494,0.9627594351768494
"(2, 4)","(-2.0, -1.5)",0.9120879173278809,0.9627594351768494,0.9627594351768494
"(5, 13)","(-2.0, 3.0)",0.9572649598121643,0.9627594351768494,0.9627594351768494
"(5, 8)","(-2.0, 1.5)",0.9627594351768494,0.7686202526092529,0.9627594351768494
"(0, 13)","(1.5, 2.0)",0.41025641560554504,0.9633699655532837,0.9633699655532837
"(4, 10)","(-1.5, -2.0)",0.9633699655532837,0.4822954833507538,0.9633699655532837
"(1, 11)","(-2.0, 1.5)",0.5860806107521057,0.9633699655532837,0.9633699655532837
"(2, 9)","(-1.5, -1.5)",0.10927961021661758,0.9633699655532837,0.9633699655532837
"(2, 4)","(-2.0, -2.0)",0.9609279632568359,0.9633699655532837,0.9633699655532837
"(4, 10)","(-2.0, -1.5)",0.9633699655532837,0.4774114787578583,0.9633699655532837
"(2, 4)","(-2.0, -1.0)",0.7045177221298218,0.9633699655532837,0.9633699655532837
"(2, 13)","(-1.5, 3.0)",0.11233211308717728,0.9633699655532837,0.9633699655532837
"(2, 11)","(3.0, -2.0)",0.3742368817329407,0.9633699655532837,0.9633699655532837
"(2, 12)","(3.0, -2.0)",0.49450549483299255,0.9633699655532837,0.9633699655532837
"(11, 12)","(3.0, 3.0)",0.8498168587684631,0.9633699655532837,0.9633699655532837
"(2, 8)","(-1.0, 3.0)",0.028693528845906258,0.9639804363250732,0.9639804363250732
"(3, 4)","(-1.0, -2.0)",0.9639804363250732,0.8363858461380005,0.9639804363250732
"(1, 5)","(-1.5, -2.0)",0.9639804363250732,0.9481074213981628,0.9639804363250732
"(0, 13)","(2.0, 3.0)",0.12454212456941605,0.9639804363250732,0.9639804363250732
"(0, 11)","(-1.5, 2.0)",0.30158731341362,0.9645909667015076,0.9645909667015076
"(5, 6)","(-1.5, -1.5)",0.9114773869514465,0.9645909667015076,0.9645909667015076
"(2, 12)","(-1.0, 2.0)",0.6440781354904175,0.9645909667015076,0.9645909667015076
"(4, 5)","(-2.0, -1.0)",0.9645909667015076,0.7637362480163574,0.9645909667015076
"(2, 6)","(-2.0, 2.0)",0.12454212456941605,0.9645909667015076,0.9645909667015076
"(0, 6)","(-1.0, -1.5)",0.22344322502613068,0.9645909667015076,0.9645909667015076
"(2, 12)","(-2.0, 1.5)",0.5842490792274475,0.9645909667015076,0.9645909667015076
"(1, 12)","(1.5, 3.0)",0.4334554374217987,0.9652014374732971,0.9652014374732971
"(5, 9)","(-2.0, -2.0)",0.95665442943573,0.9652014374732971,0.9652014374732971
"(0, 9)","(-1.0, 1.0)",0.12515263259410858,0.9652014374732971,0.9652014374732971
"(4, 14)","(-2.0, 2.0)",0.9652014374732971,0.4352869391441345,0.9652014374732971
"(2, 6)","(-2.0, 1.5)",0.11477411538362503,0.9652014374732971,0.9652014374732971
"(0, 1)","(1.5, 1.5)",0.7625152468681335,0.9652014374732971,0.9652014374732971
"(7, 11)","(-2.0, 3.0)",0.7967032790184021,0.9658119678497314,0.9658119678497314
"(0, 1)","(2.0, 3.0)",0.9658119678497314,0.9041513800621033,0.9658119678497314
"(1, 12)","(1.5, -1.5)",0.6507936716079712,0.9658119678497314,0.9658119678497314
"(0, 2)","(-1.0, -1.5)",0.10378510504961014,0.966422438621521,0.966422438621521
"(0, 2)","(-1.5, -1.0)",0.021367521956562996,0.966422438621521,0.966422438621521
"(1, 5)","(1.5, -1.5)",0.9328449368476868,0.966422438621521,0.966422438621521
"(0, 5)","(-1.0, -2.0)",0.5323565602302551,0.9670329689979553,0.9670329689979553
"(0, 6)","(1.5, -1.5)",0.5488400459289551,0.9670329689979553,0.9670329689979553
"(0, 12)","(-2.0, 1.0)",0.06654457002878189,0.9676434397697449,0.9676434397697449
"(1, 5)","(-1.0, -2.0)",0.9676434397697449,0.7802197933197021,0.9676434397697449
"(0, 8)","(2.0, -2.0)",0.6593406796455383,0.9676434397697449,0.9676434397697449
"(2, 7)","(-2.0, 1.0)",0.11599511653184891,0.9676434397697449,0.9676434397697449
"(1, 2)","(1.5, -1.0)",0.11538461595773697,0.9682539701461792,0.9682539701461792
"(0, 8)","(-2.0, 3.0)",0.12393162399530411,0.9682539701461792,0.9682539701461792
"(5, 7)","(-2.0, -1.5)",0.9346764087677002,0.9682539701461792,0.9682539701461792
"(6, 12)","(-1.5, 3.0)",0.8168498277664185,0.9682539701461792,0.9682539701461792
"(5, 6)","(-1.0, -2.0)",0.7264957427978516,0.9688644409179688,0.9688644409179688
"(1, 7)","(1.5, -2.0)",0.08302808552980423,0.9688644409179688,0.9688644409179688
"(5, 6)","(-2.0, -1.0)",0.9542124271392822,0.9688644409179688,0.9688644409179688
"(0, 11)","(-2.0, 1.0)",0.08608058840036392,0.9688644409179688,0.9688644409179688
"(5, 8)","(-1.5, -2.0)",0.5439560413360596,0.9688644409179688,0.9688644409179688
"(0, 13)","(-1.5, -1.5)",0.09035409241914749,0.9688644409179688,0.9688644409179688
"(5, 8)","(-2.0, -1.0)",0.791208803653717,0.9688644409179688,0.9688644409179688
"(2, 14)","(-2.0, -1.0)",0.15811966359615326,0.9694749712944031,0.9694749712944031
"(0, 9)","(-1.5, 3.0)",0.7777777910232544,0.9694749712944031,0.9694749712944031
"(0, 9)","(-2.0, 3.0)",0.870573878288269,0.9694749712944031,0.9694749712944031
"(0, 9)","(-1.0, 3.0)",0.6459096670150757,0.9694749712944031,0.9694749712944031
"(2, 4)","(-2.0, 1.0)",0.10622710734605789,0.9694749712944031,0.9694749712944031
"(2, 14)","(-2.0, -1.5)",0.19597069919109344,0.9694749712944031,0.9694749712944031
"(1, 12)","(-1.5, 1.0)",0.4780219793319702,0.9694749712944031,0.9694749712944031
"(4, 12)","(-2.0, -2.0)",0.9694749712944031,0.8321123123168945,0.9694749712944031
"(0, 7)","(-1.5, 3.0)",0.03235653415322304,0.9694749712944031,0.9694749712944031
"(2, 6)","(-2.0, 3.0)",0.1526251584291458,0.9700854420661926,0.9700854420661926
"(0, 6)","(3.0, -2.0)",0.00976801011711359,0.9700854420661926,0.9700854420661926
"(2, 13)","(-2.0, 1.5)",0.11355311423540115,0.9700854420661926,0.9700854420661926
"(2, 14)","(-2.0, 1.0)",0.13125763833522797,0.9700854420661926,0.9700854420661926
"(0, 13)","(-1.5, 1.0)",0.12210012227296829,0.9700854420661926,0.9700854420661926
"(0, 10)","(-2.0, -2.0)",0.15018315613269806,0.9700854420661926,0.9700854420661926
"(5, 12)","(-1.5, -1.5)",0.970695972442627,0.9413919448852539,0.970695972442627
"(2, 11)","(-1.5, 2.0)",0.6367521286010742,0.970695972442627,0.970695972442627
"(2, 4)","(-2.0, 1.5)",0.05494505539536476,0.970695972442627,0.970695972442627
"(0, 6)","(-1.5, -1.0)",0.13431014120578766,0.9713064432144165,0.9713064432144165
"(0, 6)","(-2.0, 3.0)",0.007326007355004549,0.9713064432144165,0.9713064432144165
"(2, 7)","(-2.0, 2.0)",0.12332112342119217,0.9713064432144165,0.9713064432144165
"(0, 2)","(1.0, -2.0)",0.6495726704597473,0.9719169735908508,0.9719169735908508
"(1, 12)","(1.5, -1.0)",0.4224664270877838,0.9719169735908508,0.9719169735908508
"(2, 14)","(-2.0, 1.5)",0.1764346808195114,0.9725274443626404,0.9725274443626404
"(5, 11)","(-1.5, -2.0)",0.9725274443626404,0.9432234168052673,0.9725274443626404
"(2, 9)","(-2.0, -1.0)",0.12637363374233246,0.9725274443626404,0.9725274443626404
"(1, 5)","(3.0, -1.0)",0.24725274741649628,0.9725274443626404,0.9725274443626404
"(5, 13)","(-2.0, -2.0)",0.9609279632568359,0.9725274443626404,0.9725274443626404
"(0, 4)","(1.0, -2.0)",0.9725274443626404,0.5219780206680298,0.9725274443626404
"(0, 9)","(-2.0, 2.0)",0.11965811997652054,0.9725274443626404,0.9725274443626404
"(2, 14)","(-2.0, -2.0)",0.3449328541755676,0.9725274443626404,0.9725274443626404
"(2, 5)","(-1.5, -1.0)",0.5,0.9725274443626404,0.9725274443626404
"(0, 12)","(-1.5, 2.0)",0.252136766910553,0.9725274443626404,0.9725274443626404
"(3, 4)","(-2.0, -1.5)",0.9725274443626404,0.8864468932151794,0.9725274443626404
"(2, 13)","(-2.0, 2.0)",0.12576313316822052,0.9725274443626404,0.9725274443626404
"(0, 12)","(-1.0, -1.5)",0.17704518139362335,0.9731379747390747,0.9731379747390747
"(0, 7)","(-2.0, 3.0)",0.009157509543001652,0.9731379747390747,0.9731379747390747
"(0, 12)","(-1.0, -1.0)",0.10744810849428177,0.9731379747390747,0.9731379747390747
"(0, 11)","(-2.0, -1.0)",0.012210012413561344,0.9731379747390747,0.9731379747390747
"(0, 12)","(-2.0, -1.0)",0.01587301678955555,0.9731379747390747,0.9731379747390747
"(0, 12)","(-2.0, -1.5)",0.05067155137658119,0.9731379747390747,0.9731379747390747
"(3, 4)","(-1.5, -2.0)",0.9731379747390747,0.8626373410224915,0.9731379747390747
"(0, 11)","(-1.0, -1.5)",0.10744810849428177,0.9731379747390747,0.9731379747390747
"(0, 9)","(-1.0, 2.0)",0.5054945349693298,0.9731379747390747,0.9731379747390747
"(5, 14)","(-1.0, 3.0)",0.9737484455108643,0.7130647301673889,0.9737484455108643
"(1, 6)","(1.5, 3.0)",0.16239316761493683,0.9737484455108643,0.9737484455108643
"(0, 11)","(-2.0, -1.5)",0.020757021382451057,0.9737484455108643,0.9737484455108643
"(0, 9)","(-1.5, 2.0)",0.45787546038627625,0.9737484455108643,0.9737484455108643
"(2, 5)","(-1.0, -1.5)",0.6819291710853577,0.9737484455108643,0.9737484455108643
"(2, 6)","(-1.0, -1.0)",0.09890110045671463,0.9737484455108643,0.9737484455108643
"(0, 5)","(1.5, -1.0)",0.9737484455108643,0.7802197933197021,0.9737484455108643
"(2, 5)","(-2.0, -1.0)",0.7460317611694336,0.9737484455108643,0.9737484455108643
"(2, 13)","(-2.0, -1.0)",0.13308914005756378,0.9743589758872986,0.9743589758872986
"(0, 12)","(-1.5, -1.5)",0.1300366371870041,0.9743589758872986,0.9743589758872986
"(0, 12)","(-1.5, -1.0)",0.08791209012269974,0.9743589758872986,0.9743589758872986
"(0, 3)","(-2.0, -1.0)",0.0842490866780281,0.9743589758872986,0.9743589758872986
"(4, 5)","(-1.5, -1.5)",0.9743589758872986,0.702075719833374,0.9743589758872986
"(0, 9)","(-1.5, -2.0)",0.04700854793190956,0.9743589758872986,0.9743589758872986
"(0, 3)","(-1.0, -2.0)",0.6807081699371338,0.9743589758872986,0.9743589758872986
"(4, 11)","(-2.0, -2.0)",0.9743589758872986,0.8308913111686707,0.9743589758872986
"(0, 3)","(-2.0, -2.0)",0.5030525326728821,0.9749694466590881,0.9749694466590881
"(2, 12)","(-1.5, 2.0)",0.6855921745300293,0.9749694466590881,0.9749694466590881
"(0, 3)","(-1.0, -1.5)",0.49938949942588806,0.9749694466590881,0.9749694466590881
"(5, 12)","(-1.5, -2.0)",0.9749694466590881,0.9426129460334778,0.9749694466590881
"(2, 11)","(-2.0, 2.0)",0.6800976991653442,0.9755799770355225,0.9755799770355225
"(0, 3)","(-1.5, -1.0)",0.24847374856472015,0.9755799770355225,0.9755799770355225
"(0, 3)","(-1.5, -2.0)",0.5091575384140015,0.9755799770355225,0.9755799770355225
"(0, 9)","(-1.0, 1.5)",0.3919413983821869,0.9755799770355225,0.9755799770355225
"(2, 11)","(3.0, 3.0)",0.10195360332727432,0.9755799770355225,0.9755799770355225
"(0, 11)","(-1.5, -1.5)",0.10561660677194595,0.9755799770355225,0.9755799770355225
"(0, 3)","(-2.0, -1.5)",0.32478633522987366,0.9755799770355225,0.9755799770355225
"(1, 3)","(1.0, -1.5)",0.7826617956161499,0.9755799770355225,0.9755799770355225
"(5, 14)","(-1.5, 1.5)",0.9755799770355225,0.6971917152404785,0.9755799770355225
"(0, 12)","(-1.0, -2.0)",0.22466422617435455,0.9755799770355225,0.9755799770355225
"(2, 14)","(-2.0, 2.0)",0.331501841545105,0.976190447807312,0.976190447807312
"(0, 3)","(-1.5, -1.5)",0.34065935015678406,0.976190447807312,0.976190447807312
"(4, 14)","(-1.5, 3.0)",0.976190447807312,0.45970696210861206,0.976190447807312
"(0, 9)","(-1.5, 1.5)",0.11355311423540115,0.976190447807312,0.976190447807312
"(0, 8)","(1.5, -2.0)",0.6221001148223877,0.976190447807312,0.976190447807312
"(0, 12)","(-1.5, -2.0)",0.341269850730896,0.976190447807312,0.976190447807312
"(2, 4)","(-2.0, 2.0)",0.05250305309891701,0.976190447807312,0.976190447807312
"(2, 5)","(-2.0, 3.0)",0.0006105006323195994,0.976190447807312,0.976190447807312
"(0, 9)","(-2.0, 1.5)",0.0476190485060215,0.976190447807312,0.976190447807312
"(0, 1)","(-1.5, 1.0)",0.1318681389093399,0.976190447807312,0.976190447807312
"(0, 11)","(-1.0, -2.0)",0.15079365670681,0.976190447807312,0.976190447807312
"(1, 6)","(1.0, -2.0)",0.16117216646671295,0.976190447807312,0.976190447807312
"(0, 12)","(-2.0, -2.0)",0.13736264407634735,0.976190447807312,0.976190447807312
"(0, 11)","(-1.5, -2.0)",0.17887668311595917,0.9774114489555359,0.9774114489555359
"(5, 10)","(-1.5, -2.0)",0.9774114489555359,0.9102563858032227,0.9774114489555359
"(0, 1)","(1.0, 2.0)",0.1794871836900711,0.9774114489555359,0.9774114489555359
"(2, 5)","(-1.5, -1.5)",0.8638583421707153,0.9774114489555359,0.9774114489555359
"(0, 6)","(1.5, -2.0)",0.5873016119003296,0.9774114489555359,0.9774114489555359
"(0, 11)","(-2.0, -2.0)",0.04639804735779762,0.9774114489555359,0.9774114489555359
"(0, 9)","(-2.0, 1.0)",0.04334554448723793,0.9780219793319702,0.9780219793319702
"(0, 9)","(-1.5, 1.0)",0.0921855941414833,0.9780219793319702,0.9780219793319702
"(0, 6)","(2.0, -1.5)",0.20512820780277252,0.9780219793319702,0.9780219793319702
"(0, 11)","(-2.0, 1.5)",0.14407815039157867,0.9780219793319702,0.9780219793319702
"(0, 12)","(2.0, 3.0)",0.6428571343421936,0.9780219793319702,0.9780219793319702
"(0, 12)","(-2.0, 1.5)",0.1538461595773697,0.9786324501037598,0.9786324501037598
"(0, 5)","(3.0, -1.5)",0.7545787692070007,0.9786324501037598,0.9786324501037598
"(0, 5)","(-1.5, -1.5)",0.27045178413391113,0.9786324501037598,0.9786324501037598
"(6, 13)","(-1.5, 3.0)",0.2967033088207245,0.9786324501037598,0.9786324501037598
"(0, 13)","(1.5, 3.0)",0.5317460298538208,0.9786324501037598,0.9786324501037598
"(5, 12)","(-2.0, -1.0)",0.9792429804801941,0.9511599540710449,0.9792429804801941
"(0, 6)","(-1.5, -1.5)",0.1459096521139145,0.9792429804801941,0.9792429804801941
"(5, 14)","(-1.5, 2.0)",0.9792429804801941,0.7081807255744934,0.9792429804801941
"(0, 13)","(-1.5, 1.5)",0.12026862055063248,0.9798534512519836,0.9798534512519836
"(0, 2)","(-2.0, 3.0)",0.14224664866924286,0.9798534512519836,0.9798534512519836
"(2, 6)","(-1.5, -1.0)",0.18131868541240692,0.980463981628418,0.980463981628418
"(0, 7)","(-1.0, -2.0)",0.11050061136484146,0.980463981628418,0.980463981628418
"(2, 9)","(-2.0, -1.5)",0.17338217794895172,0.980463981628418,0.980463981628418
"(0, 8)","(1.0, -2.0)",0.5494505763053894,0.980463981628418,0.980463981628418
"(5, 8)","(-2.0, -1.5)",0.7924298048019409,0.9810744524002075,0.9810744524002075
"(0, 8)","(-1.5, -1.0)",0.02747252769768238,0.9810744524002075,0.9810744524002075
"(0, 4)","(1.5, -2.0)",0.9810744524002075,0.46459096670150757,0.9810744524002075
"(0, 13)","(-2.0, -1.5)",0.017704518511891365,0.9810744524002075,0.9810744524002075
"(0, 9)","(-2.0, -1.5)",0.009157509543001652,0.9816849827766418,0.9816849827766418
"(1, 11)","(-2.0, -2.0)",0.04884004965424538,0.9816849827766418,0.9816849827766418
"(2, 7)","(-1.5, 3.0)",0.1318681389093399,0.9816849827766418,0.9816849827766418
"(1, 6)","(1.5, -1.0)",0.14713065326213837,0.9822954535484314,0.9822954535484314
"(0, 13)","(-2.0, 1.0)",0.10744810849428177,0.9822954535484314,0.9822954535484314
"(5, 7)","(-2.0, -2.0)",0.9273504018783569,0.9822954535484314,0.9822954535484314
"(0, 5)","(1.0, -1.5)",0.9822954535484314,0.797924280166626,0.9822954535484314
"(2, 6)","(-1.0, -1.5)",0.252136766910553,0.9822954535484314,0.9822954535484314
"(0, 7)","(-2.0, -1.5)",0.12576313316822052,0.9829059839248657,0.9829059839248657
"(2, 14)","(-2.0, 3.0)",0.6367521286010742,0.9829059839248657,0.9829059839248657
"(0, 8)","(-2.0, -1.0)",0.020757021382451057,0.9829059839248657,0.9829059839248657
"(8, 11)","(-2.0, 3.0)",0.8302808403968811,0.9829059839248657,0.9829059839248657
"(2, 10)","(-2.0, 1.0)",0.05921855941414833,0.9829059839248657,0.9829059839248657
"(0, 5)","(-1.5, -2.0)",0.5158730149269104,0.9835164546966553,0.9835164546966553
"(2, 4)","(-2.0, 3.0)",0.049450550228357315,0.9835164546966553,0.9835164546966553
"(0, 6)","(2.0, -2.0)",0.21489621698856354,0.9835164546966553,0.9835164546966553
"(0, 6)","(-1.0, -2.0)",0.24542124569416046,0.9835164546966553,0.9835164546966553
"(1, 8)","(3.0, -1.0)",0.1636141687631607,0.9835164546966553,0.9835164546966553
"(1, 2)","(1.0, -2.0)",0.04273504391312599,0.9835164546966553,0.9835164546966553
"(5, 6)","(-1.5, -2.0)",0.9120879173278809,0.9841269850730896,0.9841269850730896
"(2, 12)","(3.0, 3.0)",0.23199023306369781,0.9841269850730896,0.9841269850730896
"(0, 8)","(-1.0, -1.5)",0.0842490866780281,0.9841269850730896,0.9841269850730896
"(0, 8)","(-1.5, -1.5)",0.02319902367889881,0.9841269850730896,0.9841269850730896
"(0, 9)","(-2.0, -2.0)",0.007936508394777775,0.9841269850730896,0.9841269850730896
"(4, 10)","(-2.0, -2.0)",0.9841269850730896,0.5677655935287476,0.9841269850730896
"(1, 3)","(2.0, -1.0)",0.7649572491645813,0.9841269850730896,0.9841269850730896
"(0, 7)","(-1.5, -2.0)",0.12942613661289215,0.9847374558448792,0.9847374558448792
"(2, 3)","(-2.0, 3.0)",0.040903542190790176,0.9847374558448792,0.9847374558448792
"(2, 9)","(-1.0, -2.0)",0.10134310275316238,0.9847374558448792,0.9847374558448792
"(2, 5)","(-2.0, -1.5)",0.9438339471817017,0.9847374558448792,0.9847374558448792
"(3, 13)","(-2.0, 3.0)",0.6056166291236877,0.9847374558448792,0.9847374558448792
"(3, 4)","(-2.0, -2.0)",0.9847374558448792,0.8864468932151794,0.9847374558448792
"(2, 5)","(-1.0, -2.0)",0.9645909667015076,0.9847374558448792,0.9847374558448792
"(6, 13)","(-2.0, 2.0)",0.30219781398773193,0.9847374558448792,0.9847374558448792
"(0, 8)","(-2.0, -1.5)",0.017704518511891365,0.9847374558448792,0.9847374558448792
"(0, 1)","(-1.0, 2.0)",0.10134310275316238,0.9847374558448792,0.9847374558448792
"(2, 8)","(-1.5, 3.0)",0.05433455482125282,0.9847374558448792,0.9847374558448792
"(5, 11)","(-2.0, -2.0)",0.9847374558448792,0.9529914259910583,0.9847374558448792
"(0, 2)","(-1.0, -2.0)",0.160561665892601,0.9853479862213135,0.9853479862213135
"(2, 6)","(-1.5, -1.5)",0.40231990814208984,0.9853479862213135,0.9853479862213135
"(2, 5)","(-1.5, -2.0)",0.966422438621521,0.9853479862213135,0.9853479862213135
"(2, 9)","(-1.5, -2.0)",0.11416361480951309,0.9853479862213135,0.9853479862213135
"(2, 6)","(-2.0, -1.0)",0.3687423765659332,0.9853479862213135,0.9853479862213135
"(0, 4)","(-2.0, -2.0)",0.17887668311595917,0.9853479862213135,0.9853479862213135
"(0, 7)","(-2.0, -2.0)",0.12820513546466827,0.9853479862213135,0.9853479862213135
"(2, 12)","(-2.0, 2.0)",0.7301587462425232,0.9853479862213135,0.9853479862213135
"(5, 14)","(-1.5, 3.0)",0.985958456993103,0.8351648449897766,0.985958456993103
"(3, 5)","(-2.0, -1.0)",0.985958456993103,0.9267399311065674,0.985958456993103
"(0, 13)","(-1.5, -2.0)",0.09096459299325943,0.985958456993103,0.985958456993103
"(2, 6)","(-1.0, -2.0)",0.5341880321502686,0.985958456993103,0.985958456993103
"(5, 11)","(-2.0, -1.5)",0.985958456993103,0.9517704248428345,0.985958456993103
"(1, 6)","(-1.5, 3.0)",0.040903542190790176,0.985958456993103,0.985958456993103
"(2, 13)","(-2.0, -1.5)",0.1855921894311905,0.985958456993103,0.985958456993103
"(1, 2)","(3.0, 3.0)",0.1697191745042801,0.985958456993103,0.985958456993103
"(0, 13)","(-2.0, -2.0)",0.018315019086003304,0.9865689873695374,0.9865689873695374
"(2, 6)","(-2.0, -1.5)",0.48656898736953735,0.9865689873695374,0.9865689873695374
"(2, 5)","(-2.0, -2.0)",0.966422438621521,0.9865689873695374,0.9865689873695374
"(6, 13)","(-2.0, 3.0)",0.3003663122653961,0.9865689873695374,0.9865689873695374
"(5, 6)","(-2.0, -1.5)",0.9536019563674927,0.9865689873695374,0.9865689873695374
"(5, 12)","(-2.0, -2.0)",0.9865689873695374,0.9529914259910583,0.9865689873695374
"(0, 2)","(1.5, -2.0)",0.5091575384140015,0.9865689873695374,0.9865689873695374
"(0, 8)","(-1.0, -2.0)",0.08302808552980423,0.9865689873695374,0.9865689873695374
"(5, 12)","(-2.0, -1.5)",0.9865689873695374,0.9511599540710449,0.9865689873695374
"(0, 8)","(-1.5, -2.0)",0.025641025975346565,0.9865689873695374,0.9865689873695374
"(6, 11)","(-1.5, 3.0)",0.7875458002090454,0.9865689873695374,0.9865689873695374
"(2, 8)","(-2.0, 3.0)",0.09340659528970718,0.9871794581413269,0.9871794581413269
"(2, 9)","(-2.0, -2.0)",0.19597069919109344,0.9871794581413269,0.9871794581413269
"(2, 6)","(-1.5, -2.0)",0.5390720367431641,0.9871794581413269,0.9871794581413269
"(5, 11)","(-1.0, 3.0)",0.7869352698326111,0.9871794581413269,0.9871794581413269
"(0, 8)","(-2.0, -2.0)",0.02380952425301075,0.9877899885177612,0.9877899885177612
"(0, 12)","(1.0, 3.0)",0.8504273295402527,0.9877899885177612,0.9877899885177612
"(0, 6)","(-2.0, -1.0)",0.1398046463727951,0.9877899885177612,0.9877899885177612
"(0, 12)","(1.5, 3.0)",0.901098906993866,0.9877899885177612,0.9877899885177612
"(0, 13)","(-2.0, 1.5)",0.11233211308717728,0.9884004592895508,0.9884004592895508
"(0, 12)","(-2.0, 2.0)",0.16544567048549652,0.9884004592895508,0.9884004592895508
"(0, 11)","(1.0, 3.0)",0.8003662824630737,0.9890109896659851,0.9890109896659851
"(2, 3)","(-2.0, 1.5)",0.10012210160493851,0.9896214604377747,0.9896214604377747
"(3, 5)","(-1.0, -1.5)",0.9896214604377747,0.9426129460334778,0.9896214604377747
"(4, 5)","(-1.0, -2.0)",0.9896214604377747,0.8833943605422974,0.9896214604377747
"(5, 14)","(-2.0, 1.0)",0.990231990814209,0.7838827967643738,0.990231990814209
"(0, 5)","(-2.0, -1.0)",0.13369964063167572,0.990231990814209,0.990231990814209
"(5, 10)","(-2.0, 3.0)",0.990231990814209,0.9523809552192688,0.990231990814209
"(5, 6)","(-2.0, -2.0)",0.9542124271392822,0.990231990814209,0.990231990814209
"(5, 12)","(-2.0, 1.0)",0.9908424615859985,0.9236873984336853,0.9908424615859985
"(1, 12)","(-1.5, 1.5)",0.583638608455658,0.9908424615859985,0.9908424615859985
"(5, 11)","(-2.0, 1.0)",0.9914529919624329,0.930402934551239,0.9914529919624329
"(1, 3)","(1.5, -1.5)",0.8253968358039856,0.9914529919624329,0.9914529919624329
"(0, 2)","(-1.5, -1.5)",0.021978022530674934,0.9914529919624329,0.9914529919624329
"(0, 11)","(-2.0, 2.0)",0.17399267852306366,0.9914529919624329,0.9914529919624329
"(2, 10)","(-2.0, 1.5)",0.05494505539536476,0.9914529919624329,0.9914529919624329
"(4, 5)","(-2.0, -1.5)",0.9914529919624329,0.906593382358551,0.9914529919624329
"(2, 9)","(-1.0, 1.0)",0.08119658380746841,0.9920634627342224,0.9920634627342224
"(4, 5)","(-1.5, -2.0)",0.9920634627342224,0.9249083995819092,0.9920634627342224
"(0, 6)","(-2.0, -1.5)",0.14835165441036224,0.9920634627342224,0.9920634627342224
"(0, 5)","(1.5, -1.5)",0.9926739931106567,0.8742368817329407,0.9926739931106567
"(0, 5)","(2.0, -1.0)",0.9926739931106567,0.807692289352417,0.9926739931106567
"(5, 12)","(-1.0, 3.0)",0.8827838897705078,0.9926739931106567,0.9926739931106567
"(5, 14)","(-2.0, 1.5)",0.9926739931106567,0.8131868243217468,0.9926739931106567
"(1, 6)","(3.0, 2.0)",0.1715506762266159,0.9926739931106567,0.9926739931106567
"(0, 5)","(1.0, -2.0)",0.9932844638824463,0.9157509207725525,0.9932844638824463
"(3, 5)","(-1.5, -1.5)",0.9932844638824463,0.9413919448852539,0.9932844638824463
"(5, 8)","(-2.0, -2.0)",0.7930402755737305,0.9932844638824463,0.9932844638824463
"(0, 11)","(1.5, 3.0)",0.6398046612739563,0.9932844638824463,0.9932844638824463
"(4, 14)","(-2.0, 3.0)",0.9932844638824463,0.5012210011482239,0.9932844638824463
"(5, 10)","(-2.0, -2.0)",0.9932844638824463,0.9334554076194763,0.9932844638824463
"(4, 5)","(-2.0, -2.0)",0.9932844638824463,0.9255189299583435,0.9932844638824463
"(1, 6)","(-2.0, 2.0)",0.04395604506134987,0.9932844638824463,0.9932844638824463
"(1, 7)","(2.0, -2.0)",0.09890110045671463,0.9938949942588806,0.9938949942588806
"(5, 10)","(-2.0, -1.5)",0.9938949942588806,0.9194139242172241,0.9938949942588806
"(1, 6)","(1.5, -1.5)",0.15201465785503387,0.9938949942588806,0.9938949942588806
"(0, 5)","(1.5, -2.0)",0.9945054650306702,0.9816849827766418,0.9945054650306702
"(1, 8)","(-1.5, -1.5)",0.27533578872680664,0.9945054650306702,0.9945054650306702
"(3, 5)","(-2.0, -1.5)",0.9945054650306702,0.94017094373703,0.9945054650306702
"(0, 5)","(2.0, -1.5)",0.9945054650306702,0.9810744524002075,0.9945054650306702
"(2, 13)","(-2.0, 3.0)",0.17277167737483978,0.9945054650306702,0.9945054650306702
"(5, 12)","(-2.0, 2.0)",0.9945054650306702,0.9694749712944031,0.9945054650306702
"(1, 7)","(3.0, -1.5)",0.16788767278194427,0.9951159954071045,0.9951159954071045
"(0, 1)","(-2.0, 1.0)",0.11843711882829666,0.9951159954071045,0.9951159954071045
"(5, 11)","(-2.0, 2.0)",0.9951159954071045,0.9737484455108643,0.9951159954071045
"(5, 12)","(-2.0, 1.5)",0.9951159954071045,0.9413919448852539,0.9951159954071045
"(0, 1)","(-2.0, -2.0)",0.17826618254184723,0.9951159954071045,0.9951159954071045
"(2, 13)","(-1.5, -2.0)",0.13858364522457123,0.995726466178894,0.995726466178894
"(5, 10)","(-2.0, -1.0)",0.995726466178894,0.8443223237991333,0.995726466178894
"(0, 1)","(-1.5, 1.5)",0.1300366371870041,0.9963369965553284,0.9963369965553284
"(5, 11)","(-2.0, 1.5)",0.9963369965553284,0.9481074213981628,0.9963369965553284
"(5, 14)","(-2.0, 2.0)",0.9963369965553284,0.8455433249473572,0.9963369965553284
"(3, 5)","(-1.0, -2.0)",0.9963369965553284,0.9511599540710449,0.9963369965553284
"(0, 5)","(2.0, -2.0)",0.9969474673271179,0.9884004592895508,0.9969474673271179
"(5, 14)","(-2.0, 3.0)",0.9969474673271179,0.9316239356994629,0.9969474673271179
"(0, 13)","(-1.5, 2.0)",0.11843711882829666,0.9969474673271179,0.9969474673271179
"(2, 3)","(-2.0, 2.0)",0.053724054247140884,0.9969474673271179,0.9969474673271179
"(1, 2)","(-1.0, -2.0)",0.5347985625267029,0.9969474673271179,0.9969474673271179
"(0, 5)","(-2.0, -1.5)",0.1666666716337204,0.9969474673271179,0.9969474673271179
"(1, 12)","(2.0, 1.0)",0.09645909816026688,0.9975579977035522,0.9975579977035522
"(1, 6)","(2.0, 3.0)",0.21245421469211578,0.9975579977035522,0.9975579977035522
"(2, 7)","(-2.0, 3.0)",0.13736264407634735,0.9975579977035522,0.9975579977035522
"(0, 2)","(3.0, -1.0)",0.06043956056237221,0.9981684684753418,0.9981684684753418
"(1, 5)","(1.5, -2.0)",0.9529914259910583,0.9981684684753418,0.9981684684753418
"(2, 8)","(3.0, -1.5)",0.10439560562372208,0.9981684684753418,0.9981684684753418
"(1, 5)","(-2.0, -1.5)",0.9267399311065674,0.9987789988517761,0.9987789988517761
"(3, 5)","(-1.5, -2.0)",0.9987789988517761,0.9511599540710449,0.9987789988517761
"(1, 5)","(2.0, -1.5)",0.9365079402923584,0.9987789988517761,0.9987789988517761
"(0, 6)","(-1.5, -2.0)",0.23199023306369781,0.9987789988517761,0.9987789988517761
"(5, 11)","(-1.5, 3.0)",0.910866916179657,0.9987789988517761,0.9987789988517761
"(0, 1)","(1.0, 3.0)",0.0921855941414833,0.9987789988517761,0.9987789988517761
"(0, 5)","(3.0, -2.0)",0.9993894696235657,0.9847374558448792,0.9993894696235657
"(0, 2)","(-1.5, -2.0)",0.04212454333901405,0.9993894696235657,0.9993894696235657
"(1, 12)","(2.0, 1.5)",0.0763125792145729,0.9993894696235657,0.9993894696235657
"(2, 9)","(-1.5, 1.0)",0.11416361480951309,0.9993894696235657,0.9993894696235657
"(1, 6)","(-1.5, -1.0)",0.13858364522457123,0.9993894696235657,0.9993894696235657
"(2, 10)","(-1.5, 3.0)",0.06288156658411026,0.9993894696235657,0.9993894696235657
"(1, 3)","(1.0, -2.0)",0.8669108748435974,0.9993894696235657,0.9993894696235657
"(2, 6)","(-2.0, -2.0)",0.5518925786018372,0.9993894696235657,0.9993894696235657
"(1, 2)","(2.0, -1.0)",0.14224664866924286,0.9993894696235657,0.9993894696235657
"(2, 7)","(-1.5, -1.0)",0.2014652043581009,0.9993894696235657,0.9993894696235657
"(2, 7)","(-1.0, -1.5)",0.17582418024539948,0.9993894696235657,0.9993894696235657
"(1, 5)","(2.0, -2.0)",0.9529914259910583,0.9993894696235657,0.9993894696235657
"(1, 2)","(1.5, -1.5)",0.11050061136484146,0.9993894696235657,0.9993894696235657
"(2, 12)","(-2.0, -1.0)",0.12942613661289215,1.0,1.0
"(2, 12)","(-1.5, -1.5)",0.15079365670681,1.0,1.0
"(2, 12)","(-1.5, -2.0)",0.25518926978111267,1.0,1.0
"(0, 6)","(-2.0, -2.0)",0.15628816187381744,1.0,1.0
"(2, 12)","(-1.0, -1.0)",0.11660561710596085,1.0,1.0
"(2, 12)","(-2.0, 3.0)",0.867521345615387,1.0,1.0
"(5, 12)","(-2.0, 3.0)",0.9914529919624329,1.0,1.0
"(5, 12)","(-1.5, 3.0)",0.9590964317321777,1.0,1.0
"(2, 11)","(-1.0, 3.0)",0.8205128312110901,1.0,1.0
"(2, 12)","(-2.0, -2.0)",0.3949939012527466,1.0,1.0
"(1, 8)","(2.0, -2.0)",0.5341880321502686,1.0,1.0
"(1, 7)","(3.0, -2.0)",0.16727717220783234,1.0,1.0
"(2, 12)","(-2.0, -1.5)",0.18498168885707855,1.0,1.0
"(2, 12)","(-1.5, -1.0)",0.12515263259410858,1.0,1.0
"(2, 12)","(-1.0, -2.0)",0.2509157657623291,1.0,1.0
"(0, 5)","(-2.0, -2.0)",0.1855921894311905,1.0,1.0
"(2, 12)","(-1.0, -1.5)",0.14529915153980255,1.0,1.0
"(0, 1)","(-1.5, 3.0)",0.07326007634401321,1.0,1.0
"(1, 12)","(-2.0, 2.0)",0.6831501722335815,1.0,1.0
"(0, 1)","(-2.0, 3.0)",0.0842490866780281,1.0,1.0
"(0, 1)","(-1.0, 3.0)",0.057387057691812515,1.0,1.0
"(0, 2)","(-2.0, -1.5)",0.013431013561785221,1.0,1.0
"(0, 2)","(-2.0, -2.0)",0.021978022530674934,1.0,1.0
"(0, 1)","(-2.0, 1.5)",0.12759463489055634,1.0,1.0
"(0, 1)","(-1.5, 2.0)",0.19780220091342926,1.0,1.0
"(1, 12)","(-1.5, 2.0)",0.648962140083313,1.0,1.0
"(0, 1)","(-2.0, 2.0)",0.12393162399530411,1.0,1.0
"(2, 11)","(-2.0, 3.0)",0.8376068472862244,1.0,1.0
"(2, 11)","(-1.0, -1.0)",0.11843711882829666,1.0,1.0
"(2, 11)","(-1.5, -2.0)",0.22588522732257843,1.0,1.0
"(2, 11)","(-2.0, -1.5)",0.160561665892601,1.0,1.0
"(2, 11)","(-2.0, -2.0)",0.25457876920700073,1.0,1.0
"(2, 11)","(-1.5, -1.0)",0.12576313316822052,1.0,1.0
"(2, 11)","(-1.5, -1.5)",0.15506716072559357,1.0,1.0
"(2, 11)","(-2.0, -1.0)",0.1318681389093399,1.0,1.0
"(2, 11)","(-1.0, -1.5)",0.15201465785503387,1.0,1.0
"(2, 11)","(-1.0, -2.0)",0.20024420320987701,1.0,1.0
"(2, 11)","(-1.5, 3.0)",0.8284493088722229,1.0,1.0
"(1, 8)","(-1.5, -2.0)",0.5103785395622253,1.0,1.0
"(1, 6)","(2.0, -1.5)",0.1874236911535263,1.0,1.0
"(1, 6)","(3.0, -2.0)",0.21001221239566803,1.0,1.0
"(1, 6)","(1.5, -2.0)",0.1715506762266159,1.0,1.0
"(1, 8)","(-2.0, -2.0)",0.44993895292282104,1.0,1.0
"(1, 6)","(3.0, -1.0)",0.19108669459819794,1.0,1.0
"(1, 6)","(3.0, -1.5)",0.20085470378398895,1.0,1.0
"(1, 6)","(2.0, -2.0)",0.19719170033931732,1.0,1.0
"(1, 7)","(-2.0, -2.0)",0.29304030537605286,1.0,1.0
"(1, 12)","(3.0, -1.0)",0.1556776612997055,1.0,1.0
"(2, 10)","(-2.0, 3.0)",0.06227106228470802,1.0,1.0
"(1, 12)","(3.0, -1.5)",0.17582418024539948,1.0,1.0
"(1, 12)","(3.0, -2.0)",0.20085470378398895,1.0,1.0
"(1, 12)","(2.0, -1.0)",0.1843711882829666,1.0,1.0
"(2, 10)","(-2.0, 2.0)",0.05677655711770058,1.0,1.0
"(1, 12)","(2.0, 2.0)",0.1318681389093399,1.0,1.0
"(1, 6)","(3.0, 3.0)",0.17582418024539948,1.0,1.0
"(1, 12)","(2.0, -2.0)",0.6874237060546875,1.0,1.0
"(1, 12)","(2.0, -1.5)",0.4029304087162018,1.0,1.0
"(1, 6)","(2.0, -1.0)",0.18620269000530243,1.0,1.0
"(1, 12)","(-1.5, 3.0)",0.83699631690979,1.0,1.0
"(2, 9)","(-2.0, 3.0)",0.7857142686843872,1.0,1.0
"(2, 9)","(-2.0, 2.0)",0.17582418024539948,1.0,1.0
"(2, 9)","(-2.0, 1.5)",0.12026862055063248,1.0,1.0
"(2, 9)","(-1.0, 1.5)",0.10195360332727432,1.0,1.0
"(1, 12)","(2.0, 3.0)",0.5976800918579102,1.0,1.0
"(2, 9)","(-1.5, 1.5)",0.11721611768007278,1.0,1.0
"(2, 9)","(-1.0, 3.0)",0.788156270980835,1.0,1.0
"(2, 9)","(-1.5, 3.0)",0.7930402755737305,1.0,1.0
"(2, 8)","(3.0, -2.0)",0.14163614809513092,1.0,1.0
"(2, 9)","(-1.0, 2.0)",0.14652015268802643,1.0,1.0
"(1, 5)","(3.0, -1.5)",0.5305250287055969,1.0,1.0
"(1, 5)","(3.0, -2.0)",0.9383394122123718,1.0,1.0
"(1, 6)","(-2.0, 3.0)",0.05494505539536476,1.0,1.0
"(1, 6)","(-1.5, -2.0)",0.49938949942588806,1.0,1.0
"(2, 9)","(-2.0, 1.0)",0.11843711882829666,1.0,1.0
"(2, 9)","(-1.5, 2.0)",0.15934066474437714,1.0,1.0
"(1, 6)","(-2.0, -2.0)",0.48840048909187317,1.0,1.0
"(1, 8)","(3.0, -2.0)",0.17826618254184723,1.0,1.0
"(1, 8)","(3.0, -1.5)",0.16605617105960846,1.0,1.0
"(1, 8)","(-2.0, -1.5)",0.28632479906082153,1.0,1.0
"(2, 12)","(-1.0, 3.0)",0.8431013226509094,1.0,1.0
"(5, 11)","(-2.0, 3.0)",0.9877899885177612,1.0,1.0
"(0, 2)","(2.0, -2.0)",0.28327229619026184,1.0,1.0
"(1, 12)","(-2.0, 3.0)",0.851037859916687,1.0,1.0
"(0, 2)","(2.0, -1.5)",0.2637362778186798,1.0,1.0
"(0, 2)","(3.0, -2.0)",0.07203907519578934,1.0,1.0
"(0, 2)","(3.0, -1.5)",0.0634920671582222,1.0,1.0
"(2, 12)","(-1.5, 3.0)",0.860805869102478,1.0,1.0
"(0, 2)","(-2.0, -1.0)",0.010378510691225529,1.0,1.0
"(1, 11)","(2.0, 3.0)",0.341269850730896,1.0,1.0
"(1, 11)","(3.0, 2.0)",0.09951160103082657,1.0,1.0
"(1, 12)","(-2.0, 1.5)",0.6080586314201355,1.0,1.0
"(2, 8)","(-2.0, -1.0)",0.1953601986169815,1.0,1.0
"(2, 8)","(-2.0, -1.5)",0.24420024454593658,1.0,1.0
"(2, 8)","(-2.0, -2.0)",0.2857142984867096,1.0,1.0
"(2, 13)","(-2.0, -2.0)",0.23870573937892914,1.0,1.0
"(1, 11)","(-1.5, 3.0)",0.821733832359314,1.0,1.0
"(1, 11)","(-1.5, 2.0)",0.622710645198822,1.0,1.0
"(1, 11)","(-2.0, 2.0)",0.639194130897522,1.0,1.0
"(2, 8)","(-1.5, -1.0)",0.1684981733560562,1.0,1.0
"(2, 8)","(-1.0, -1.0)",0.16300366818904877,1.0,1.0
"(1, 6)","(-1.5, -1.5)",0.37057387828826904,1.0,1.0
"(2, 8)","(-1.5, -1.5)",0.18009768426418304,1.0,1.0
"(2, 8)","(-1.5, -2.0)",0.20207570493221283,1.0,1.0
"(1, 6)","(-2.0, -1.0)",0.23443223536014557,1.0,1.0
"(1, 6)","(-2.0, -1.5)",0.460317462682724,1.0,1.0
"(6, 11)","(-2.0, 3.0)",0.7942612767219543,1.0,1.0
"(2, 7)","(-1.5, -2.0)",0.470085471868515,1.0,1.0
"(6, 12)","(-2.0, 3.0)",0.831501841545105,1.0,1.0
"(2, 7)","(-2.0, -2.0)",0.5525030493736267,1.0,1.0
"(1, 12)","(3.0, 3.0)",0.2539682686328888,1.0,1.0
"(0, 11)","(-1.5, 3.0)",0.6770451664924622,1.0,1.0
"(1, 5)","(-2.0, -2.0)",0.9609279632568359,1.0,1.0
"(0, 11)","(-2.0, 3.0)",0.672771692276001,1.0,1.0
"(1, 3)","(3.0, -2.0)",0.976190447807312,1.0,1.0
"(1, 3)","(3.0, -1.5)",0.7728937864303589,1.0,1.0
"(1, 3)","(3.0, -1.0)",0.7319902181625366,1.0,1.0
"(2, 7)","(-1.5, -1.5)",0.3687423765659332,1.0,1.0
"(1, 12)","(3.0, 1.0)",0.15018315613269806,1.0,1.0
"(1, 12)","(3.0, 1.5)",0.13919414579868317,1.0,1.0
"(1, 12)","(3.0, 2.0)",0.12637363374233246,1.0,1.0
"(2, 7)","(-2.0, -1.5)",0.46459096670150757,1.0,1.0
"(2, 7)","(-2.0, -1.0)",0.39621490240097046,1.0,1.0
"(2, 8)","(-1.0, -2.0)",0.18315018713474274,1.0,1.0
"(1, 3)","(1.5, -2.0)",0.9285714030265808,1.0,1.0
"(1, 12)","(-2.0, -1.0)",0.022588523104786873,1.0,1.0
"(1, 12)","(-2.0, -1.5)",0.02014652080833912,1.0,1.0
"(1, 12)","(-2.0, -2.0)",0.0317460335791111,1.0,1.0
"(1, 11)","(3.0, 3.0)",0.3131868243217468,1.0,1.0
"(1, 11)","(-2.0, 3.0)",0.831501841545105,1.0,1.0
"(0, 11)","(-1.0, 3.0)",0.8321123123168945,1.0,1.0
"(1, 3)","(2.0, -2.0)",0.9713064432144165,1.0,1.0
"(2, 3)","(-2.0, -1.5)",0.6184371113777161,1.0,1.0
"(2, 3)","(-2.0, -1.0)",0.5830280780792236,1.0,1.0
"(2, 3)","(-1.5, -2.0)",0.6404151320457458,1.0,1.0
"(2, 3)","(-1.5, -1.5)",0.6050060987472534,1.0,1.0
"(0, 12)","(-2.0, 3.0)",0.9169719219207764,1.0,1.0
"(0, 12)","(-1.5, 3.0)",0.8949939012527466,1.0,1.0
"(2, 3)","(-2.0, -2.0)",0.6581196784973145,1.0,1.0
"(1, 3)","(2.0, -1.5)",0.9627594351768494,1.0,1.0
"(1, 2)","(2.0, -1.5)",0.1318681389093399,1.0,1.0
"(1, 2)","(2.0, -2.0)",0.1269841343164444,1.0,1.0
"(0, 12)","(-1.0, 3.0)",0.8980463743209839,1.0,1.0
"(2, 3)","(-1.5, -1.0)",0.569597065448761,1.0,1.0
"(1, 2)","(3.0, -1.0)",0.17094017565250397,1.0,1.0
"(1, 2)","(-1.5, -2.0)",0.569597065448761,1.0,1.0
"(1, 2)","(3.0, -1.5)",0.3003663122653961,1.0,1.0
"(1, 2)","(3.0, -2.0)",0.46886447072029114,1.0,1.0
"(1, 3)","(-2.0, -2.0)",0.6196581125259399,1.0,1.0
"(1, 2)","(-2.0, -2.0)",0.6275946497917175,1.0,1.0
"(1, 3)","(-2.0, -1.0)",0.49938949942588806,1.0,1.0
"(1, 3)","(-2.0, -1.5)",0.5561660528182983,1.0,1.0
"(1, 2)","(1.5, -2.0)",0.10012210160493851,1.0,1.0
"(0, 13)","(-2.0, 2.0)",0.12393162399530411,1.0,1.0
"(2, 7)","(-1.0, -2.0)",0.34371185302734375,1.0,1.0
"(2, 8)","(-1.0, -1.5)",0.17521367967128754,1.0,1.0
"(0, 13)","(-1.5, 3.0)",0.13125763833522797,1.0,1.0
"(0, 13)","(-2.0, 3.0)",0.13064713776111603,1.0,1.0
"(1, 2)","(-2.0, -1.5)",0.5720390677452087,1.0,1.0
"(1, 12)","(-2.0, 1.0)",0.49755799770355225,1.0,1.0
"(2, 3)","(-1.0, -1.5)",0.5970696210861206,1.0,1.0
"(2, 3)","(-1.0, -2.0)",0.6288156509399414,1.0,1.0
"(3, 5)","(-2.0, -2.0)",1.0,0.9517704248428345,1.0
"(2, 3)","(-1.0, -1.0)",0.5421245694160461,1.0,1.0
