item,label,row,column,paper,recomputed,verified,n,run_ids,files,note
Table 5 clean,tab:clean,FedAvg,Accuracy (\%),88.05$\pm$3.88,88.05±3.88,yes,10,FedAvg_s0_p0.0_R100_ea8bac71c4;FedAvg_s1_p0.0_R100_5583fb0784;FedAvg_s2_p0.0_R100_d7cc5424da;FedAvg_s3_p0.0_R100_20033be89f;FedAvg_s4_p0.0_R100_76afbd23ee;FedAvg_s5_p0.0_R100_b38c34ec9f;FedAvg_s6_p0.0_R100_787f6a9497;FedAvg_s7_p0.0_R100_d659c9a50d;FedAvg_s8_p0.0_R100_5af931b1a8;FedAvg_s9_p0.0_R100_b46cc80f55,results_r02/main/final_FedAvg_s0_p0.0_R100_ea8bac71c4.json;results_r02/main/final_FedAvg_s1_p0.0_R100_5583fb0784.json;results_r02/main/final_FedAvg_s2_p0.0_R100_d7cc5424da.json;results_r02/main/final_FedAvg_s3_p0.0_R100_20033be89f.json;results_r02/main/final_FedAvg_s4_p0.0_R100_76afbd23ee.json;results_r02/main/final_FedAvg_s5_p0.0_R100_b38c34ec9f.json;results_r02/main/final_FedAvg_s6_p0.0_R100_787f6a9497.json;results_r02/main/final_FedAvg_s7_p0.0_R100_d659c9a50d.json;results_r02/main/final_FedAvg_s8_p0.0_R100_5af931b1a8.json;results_r02/main/final_FedAvg_s9_p0.0_R100_b46cc80f55.json,
Table 5 clean,tab:clean,FedAvg,Macro-F1 (\%),58.56$\pm$8.62,58.56±8.62,yes,10,FedAvg_s0_p0.0_R100_ea8bac71c4;FedAvg_s1_p0.0_R100_5583fb0784;FedAvg_s2_p0.0_R100_d7cc5424da;FedAvg_s3_p0.0_R100_20033be89f;FedAvg_s4_p0.0_R100_76afbd23ee;FedAvg_s5_p0.0_R100_b38c34ec9f;FedAvg_s6_p0.0_R100_787f6a9497;FedAvg_s7_p0.0_R100_d659c9a50d;FedAvg_s8_p0.0_R100_5af931b1a8;FedAvg_s9_p0.0_R100_b46cc80f55,results_r02/main/final_FedAvg_s0_p0.0_R100_ea8bac71c4.json;results_r02/main/final_FedAvg_s1_p0.0_R100_5583fb0784.json;results_r02/main/final_FedAvg_s2_p0.0_R100_d7cc5424da.json;results_r02/main/final_FedAvg_s3_p0.0_R100_20033be89f.json;results_r02/main/final_FedAvg_s4_p0.0_R100_76afbd23ee.json;results_r02/main/final_FedAvg_s5_p0.0_R100_b38c34ec9f.json;results_r02/main/final_FedAvg_s6_p0.0_R100_787f6a9497.json;results_r02/main/final_FedAvg_s7_p0.0_R100_d659c9a50d.json;results_r02/main/final_FedAvg_s8_p0.0_R100_5af931b1a8.json;results_r02/main/final_FedAvg_s9_p0.0_R100_b46cc80f55.json,
Table 5 clean,tab:clean,FedAvg,Macro-recall (\%),61.47$\pm$7.99,61.47±7.99,yes,10,FedAvg_s0_p0.0_R100_ea8bac71c4;FedAvg_s1_p0.0_R100_5583fb0784;FedAvg_s2_p0.0_R100_d7cc5424da;FedAvg_s3_p0.0_R100_20033be89f;FedAvg_s4_p0.0_R100_76afbd23ee;FedAvg_s5_p0.0_R100_b38c34ec9f;FedAvg_s6_p0.0_R100_787f6a9497;FedAvg_s7_p0.0_R100_d659c9a50d;FedAvg_s8_p0.0_R100_5af931b1a8;FedAvg_s9_p0.0_R100_b46cc80f55,results_r02/main/final_FedAvg_s0_p0.0_R100_ea8bac71c4.json;results_r02/main/final_FedAvg_s1_p0.0_R100_5583fb0784.json;results_r02/main/final_FedAvg_s2_p0.0_R100_d7cc5424da.json;results_r02/main/final_FedAvg_s3_p0.0_R100_20033be89f.json;results_r02/main/final_FedAvg_s4_p0.0_R100_76afbd23ee.json;results_r02/main/final_FedAvg_s5_p0.0_R100_b38c34ec9f.json;results_r02/main/final_FedAvg_s6_p0.0_R100_787f6a9497.json;results_r02/main/final_FedAvg_s7_p0.0_R100_d659c9a50d.json;results_r02/main/final_FedAvg_s8_p0.0_R100_5af931b1a8.json;results_r02/main/final_FedAvg_s9_p0.0_R100_b46cc80f55.json,
Table 5 clean,tab:clean,FedAvg,FAR$_B$ (\%),2.65$\pm$0.35,2.65±0.35,yes,10,FedAvg_s0_p0.0_R100_ea8bac71c4;FedAvg_s1_p0.0_R100_5583fb0784;FedAvg_s2_p0.0_R100_d7cc5424da;FedAvg_s3_p0.0_R100_20033be89f;FedAvg_s4_p0.0_R100_76afbd23ee;FedAvg_s5_p0.0_R100_b38c34ec9f;FedAvg_s6_p0.0_R100_787f6a9497;FedAvg_s7_p0.0_R100_d659c9a50d;FedAvg_s8_p0.0_R100_5af931b1a8;FedAvg_s9_p0.0_R100_b46cc80f55,results_r02/main/final_FedAvg_s0_p0.0_R100_ea8bac71c4.json;results_r02/main/final_FedAvg_s1_p0.0_R100_5583fb0784.json;results_r02/main/final_FedAvg_s2_p0.0_R100_d7cc5424da.json;results_r02/main/final_FedAvg_s3_p0.0_R100_20033be89f.json;results_r02/main/final_FedAvg_s4_p0.0_R100_76afbd23ee.json;results_r02/main/final_FedAvg_s5_p0.0_R100_b38c34ec9f.json;results_r02/main/final_FedAvg_s6_p0.0_R100_787f6a9497.json;results_r02/main/final_FedAvg_s7_p0.0_R100_d659c9a50d.json;results_r02/main/final_FedAvg_s8_p0.0_R100_5af931b1a8.json;results_r02/main/final_FedAvg_s9_p0.0_R100_b46cc80f55.json,
Table 5 clean,tab:clean,FedProx,Accuracy (\%),93.93$\pm$1.37,93.93±1.37,yes,10,FedProx_s0_p0.0_R100_d2f48b4d2d;FedProx_s1_p0.0_R100_ea761b5b31;FedProx_s2_p0.0_R100_a9e66fb6e3;FedProx_s3_p0.0_R100_35289c22c3;FedProx_s4_p0.0_R100_d0b0d7a309;FedProx_s5_p0.0_R100_462c834450;FedProx_s6_p0.0_R100_4747fef7d5;FedProx_s7_p0.0_R100_dd6d660b9d;FedProx_s8_p0.0_R100_fa1dee6c4c;FedProx_s9_p0.0_R100_d39703bf46,results_r02/main/final_FedProx_s0_p0.0_R100_d2f48b4d2d.json;results_r02/main/final_FedProx_s1_p0.0_R100_ea761b5b31.json;results_r02/main/final_FedProx_s2_p0.0_R100_a9e66fb6e3.json;results_r02/main/final_FedProx_s3_p0.0_R100_35289c22c3.json;results_r02/main/final_FedProx_s4_p0.0_R100_d0b0d7a309.json;results_r02/main/final_FedProx_s5_p0.0_R100_462c834450.json;results_r02/main/final_FedProx_s6_p0.0_R100_4747fef7d5.json;results_r02/main/final_FedProx_s7_p0.0_R100_dd6d660b9d.json;results_r02/main/final_FedProx_s8_p0.0_R100_fa1dee6c4c.json;results_r02/main/final_FedProx_s9_p0.0_R100_d39703bf46.json,
Table 5 clean,tab:clean,FedProx,Macro-F1 (\%),76.61$\pm$7.70,76.61±7.70,yes,10,FedProx_s0_p0.0_R100_d2f48b4d2d;FedProx_s1_p0.0_R100_ea761b5b31;FedProx_s2_p0.0_R100_a9e66fb6e3;FedProx_s3_p0.0_R100_35289c22c3;FedProx_s4_p0.0_R100_d0b0d7a309;FedProx_s5_p0.0_R100_462c834450;FedProx_s6_p0.0_R100_4747fef7d5;FedProx_s7_p0.0_R100_dd6d660b9d;FedProx_s8_p0.0_R100_fa1dee6c4c;FedProx_s9_p0.0_R100_d39703bf46,results_r02/main/final_FedProx_s0_p0.0_R100_d2f48b4d2d.json;results_r02/main/final_FedProx_s1_p0.0_R100_ea761b5b31.json;results_r02/main/final_FedProx_s2_p0.0_R100_a9e66fb6e3.json;results_r02/main/final_FedProx_s3_p0.0_R100_35289c22c3.json;results_r02/main/final_FedProx_s4_p0.0_R100_d0b0d7a309.json;results_r02/main/final_FedProx_s5_p0.0_R100_462c834450.json;results_r02/main/final_FedProx_s6_p0.0_R100_4747fef7d5.json;results_r02/main/final_FedProx_s7_p0.0_R100_dd6d660b9d.json;results_r02/main/final_FedProx_s8_p0.0_R100_fa1dee6c4c.json;results_r02/main/final_FedProx_s9_p0.0_R100_d39703bf46.json,
Table 5 clean,tab:clean,FedProx,Macro-recall (\%),77.87$\pm$6.83,77.87±6.83,yes,10,FedProx_s0_p0.0_R100_d2f48b4d2d;FedProx_s1_p0.0_R100_ea761b5b31;FedProx_s2_p0.0_R100_a9e66fb6e3;FedProx_s3_p0.0_R100_35289c22c3;FedProx_s4_p0.0_R100_d0b0d7a309;FedProx_s5_p0.0_R100_462c834450;FedProx_s6_p0.0_R100_4747fef7d5;FedProx_s7_p0.0_R100_dd6d660b9d;FedProx_s8_p0.0_R100_fa1dee6c4c;FedProx_s9_p0.0_R100_d39703bf46,results_r02/main/final_FedProx_s0_p0.0_R100_d2f48b4d2d.json;results_r02/main/final_FedProx_s1_p0.0_R100_ea761b5b31.json;results_r02/main/final_FedProx_s2_p0.0_R100_a9e66fb6e3.json;results_r02/main/final_FedProx_s3_p0.0_R100_35289c22c3.json;results_r02/main/final_FedProx_s4_p0.0_R100_d0b0d7a309.json;results_r02/main/final_FedProx_s5_p0.0_R100_462c834450.json;results_r02/main/final_FedProx_s6_p0.0_R100_4747fef7d5.json;results_r02/main/final_FedProx_s7_p0.0_R100_dd6d660b9d.json;results_r02/main/final_FedProx_s8_p0.0_R100_fa1dee6c4c.json;results_r02/main/final_FedProx_s9_p0.0_R100_d39703bf46.json,
Table 5 clean,tab:clean,FedProx,FAR$_B$ (\%),2.77$\pm$0.33,2.77±0.33,yes,10,FedProx_s0_p0.0_R100_d2f48b4d2d;FedProx_s1_p0.0_R100_ea761b5b31;FedProx_s2_p0.0_R100_a9e66fb6e3;FedProx_s3_p0.0_R100_35289c22c3;FedProx_s4_p0.0_R100_d0b0d7a309;FedProx_s5_p0.0_R100_462c834450;FedProx_s6_p0.0_R100_4747fef7d5;FedProx_s7_p0.0_R100_dd6d660b9d;FedProx_s8_p0.0_R100_fa1dee6c4c;FedProx_s9_p0.0_R100_d39703bf46,results_r02/main/final_FedProx_s0_p0.0_R100_d2f48b4d2d.json;results_r02/main/final_FedProx_s1_p0.0_R100_ea761b5b31.json;results_r02/main/final_FedProx_s2_p0.0_R100_a9e66fb6e3.json;results_r02/main/final_FedProx_s3_p0.0_R100_35289c22c3.json;results_r02/main/final_FedProx_s4_p0.0_R100_d0b0d7a309.json;results_r02/main/final_FedProx_s5_p0.0_R100_462c834450.json;results_r02/main/final_FedProx_s6_p0.0_R100_4747fef7d5.json;results_r02/main/final_FedProx_s7_p0.0_R100_dd6d660b9d.json;results_r02/main/final_FedProx_s8_p0.0_R100_fa1dee6c4c.json;results_r02/main/final_FedProx_s9_p0.0_R100_d39703bf46.json,
Table 5 clean,tab:clean,FedAvg-U,Accuracy (\%),94.85$\pm$1.58,94.85±1.58,yes,10,FedAvg-U_s0_p0.0_R100_3258978530;FedAvg-U_s1_p0.0_R100_b0fbce4226;FedAvg-U_s2_p0.0_R100_086789646e;FedAvg-U_s3_p0.0_R100_d4033871be;FedAvg-U_s4_p0.0_R100_dc2a1cde5f;FedAvg-U_s5_p0.0_R100_d343e7ade9;FedAvg-U_s6_p0.0_R100_4f94b80d95;FedAvg-U_s7_p0.0_R100_926ac16dc3;FedAvg-U_s8_p0.0_R100_2d06c32846;FedAvg-U_s9_p0.0_R100_5c27f0e14c,results_r02/agg_ablation/final_FedAvg-U_s0_p0.0_R100_3258978530.json;results_r02/agg_ablation/final_FedAvg-U_s1_p0.0_R100_b0fbce4226.json;results_r02/agg_ablation/final_FedAvg-U_s2_p0.0_R100_086789646e.json;results_r02/agg_ablation/final_FedAvg-U_s3_p0.0_R100_d4033871be.json;results_r02/agg_ablation/final_FedAvg-U_s4_p0.0_R100_dc2a1cde5f.json;results_r02/agg_ablation/final_FedAvg-U_s5_p0.0_R100_d343e7ade9.json;results_r02/agg_ablation/final_FedAvg-U_s6_p0.0_R100_4f94b80d95.json;results_r02/agg_ablation/final_FedAvg-U_s7_p0.0_R100_926ac16dc3.json;results_r02/agg_ablation/final_FedAvg-U_s8_p0.0_R100_2d06c32846.json;results_r02/agg_ablation/final_FedAvg-U_s9_p0.0_R100_5c27f0e14c.json,
Table 5 clean,tab:clean,FedAvg-U,Macro-F1 (\%),79.15$\pm$8.03,79.15±8.03,yes,10,FedAvg-U_s0_p0.0_R100_3258978530;FedAvg-U_s1_p0.0_R100_b0fbce4226;FedAvg-U_s2_p0.0_R100_086789646e;FedAvg-U_s3_p0.0_R100_d4033871be;FedAvg-U_s4_p0.0_R100_dc2a1cde5f;FedAvg-U_s5_p0.0_R100_d343e7ade9;FedAvg-U_s6_p0.0_R100_4f94b80d95;FedAvg-U_s7_p0.0_R100_926ac16dc3;FedAvg-U_s8_p0.0_R100_2d06c32846;FedAvg-U_s9_p0.0_R100_5c27f0e14c,results_r02/agg_ablation/final_FedAvg-U_s0_p0.0_R100_3258978530.json;results_r02/agg_ablation/final_FedAvg-U_s1_p0.0_R100_b0fbce4226.json;results_r02/agg_ablation/final_FedAvg-U_s2_p0.0_R100_086789646e.json;results_r02/agg_ablation/final_FedAvg-U_s3_p0.0_R100_d4033871be.json;results_r02/agg_ablation/final_FedAvg-U_s4_p0.0_R100_dc2a1cde5f.json;results_r02/agg_ablation/final_FedAvg-U_s5_p0.0_R100_d343e7ade9.json;results_r02/agg_ablation/final_FedAvg-U_s6_p0.0_R100_4f94b80d95.json;results_r02/agg_ablation/final_FedAvg-U_s7_p0.0_R100_926ac16dc3.json;results_r02/agg_ablation/final_FedAvg-U_s8_p0.0_R100_2d06c32846.json;results_r02/agg_ablation/final_FedAvg-U_s9_p0.0_R100_5c27f0e14c.json,
Table 5 clean,tab:clean,FedAvg-U,Macro-recall (\%),81.42$\pm$9.99,81.42±9.99,yes,10,FedAvg-U_s0_p0.0_R100_3258978530;FedAvg-U_s1_p0.0_R100_b0fbce4226;FedAvg-U_s2_p0.0_R100_086789646e;FedAvg-U_s3_p0.0_R100_d4033871be;FedAvg-U_s4_p0.0_R100_dc2a1cde5f;FedAvg-U_s5_p0.0_R100_d343e7ade9;FedAvg-U_s6_p0.0_R100_4f94b80d95;FedAvg-U_s7_p0.0_R100_926ac16dc3;FedAvg-U_s8_p0.0_R100_2d06c32846;FedAvg-U_s9_p0.0_R100_5c27f0e14c,results_r02/agg_ablation/final_FedAvg-U_s0_p0.0_R100_3258978530.json;results_r02/agg_ablation/final_FedAvg-U_s1_p0.0_R100_b0fbce4226.json;results_r02/agg_ablation/final_FedAvg-U_s2_p0.0_R100_086789646e.json;results_r02/agg_ablation/final_FedAvg-U_s3_p0.0_R100_d4033871be.json;results_r02/agg_ablation/final_FedAvg-U_s4_p0.0_R100_dc2a1cde5f.json;results_r02/agg_ablation/final_FedAvg-U_s5_p0.0_R100_d343e7ade9.json;results_r02/agg_ablation/final_FedAvg-U_s6_p0.0_R100_4f94b80d95.json;results_r02/agg_ablation/final_FedAvg-U_s7_p0.0_R100_926ac16dc3.json;results_r02/agg_ablation/final_FedAvg-U_s8_p0.0_R100_2d06c32846.json;results_r02/agg_ablation/final_FedAvg-U_s9_p0.0_R100_5c27f0e14c.json,
Table 5 clean,tab:clean,FedAvg-U,FAR$_B$ (\%),3.40$\pm$0.70,3.40±0.70,yes,10,FedAvg-U_s0_p0.0_R100_3258978530;FedAvg-U_s1_p0.0_R100_b0fbce4226;FedAvg-U_s2_p0.0_R100_086789646e;FedAvg-U_s3_p0.0_R100_d4033871be;FedAvg-U_s4_p0.0_R100_dc2a1cde5f;FedAvg-U_s5_p0.0_R100_d343e7ade9;FedAvg-U_s6_p0.0_R100_4f94b80d95;FedAvg-U_s7_p0.0_R100_926ac16dc3;FedAvg-U_s8_p0.0_R100_2d06c32846;FedAvg-U_s9_p0.0_R100_5c27f0e14c,results_r02/agg_ablation/final_FedAvg-U_s0_p0.0_R100_3258978530.json;results_r02/agg_ablation/final_FedAvg-U_s1_p0.0_R100_b0fbce4226.json;results_r02/agg_ablation/final_FedAvg-U_s2_p0.0_R100_086789646e.json;results_r02/agg_ablation/final_FedAvg-U_s3_p0.0_R100_d4033871be.json;results_r02/agg_ablation/final_FedAvg-U_s4_p0.0_R100_dc2a1cde5f.json;results_r02/agg_ablation/final_FedAvg-U_s5_p0.0_R100_d343e7ade9.json;results_r02/agg_ablation/final_FedAvg-U_s6_p0.0_R100_4f94b80d95.json;results_r02/agg_ablation/final_FedAvg-U_s7_p0.0_R100_926ac16dc3.json;results_r02/agg_ablation/final_FedAvg-U_s8_p0.0_R100_2d06c32846.json;results_r02/agg_ablation/final_FedAvg-U_s9_p0.0_R100_5c27f0e14c.json,
Table 5 clean,tab:clean,FedProx-U,Accuracy (\%),96.27$\pm$0.27,96.27±0.27,yes,10,FedProx-U_s0_p0.0_R100_754283dd0f;FedProx-U_s1_p0.0_R100_a53a4bd3cd;FedProx-U_s2_p0.0_R100_50a4bbc3f7;FedProx-U_s3_p0.0_R100_5ae157cc3e;FedProx-U_s4_p0.0_R100_7dff7d392c;FedProx-U_s5_p0.0_R100_cf679ffaca;FedProx-U_s6_p0.0_R100_d7e5ccb0c5;FedProx-U_s7_p0.0_R100_dab03a978c;FedProx-U_s8_p0.0_R100_38ecdf5292;FedProx-U_s9_p0.0_R100_32d6358bc5,results_r02/agg_ablation/final_FedProx-U_s0_p0.0_R100_754283dd0f.json;results_r02/agg_ablation/final_FedProx-U_s1_p0.0_R100_a53a4bd3cd.json;results_r02/agg_ablation/final_FedProx-U_s2_p0.0_R100_50a4bbc3f7.json;results_r02/agg_ablation/final_FedProx-U_s3_p0.0_R100_5ae157cc3e.json;results_r02/agg_ablation/final_FedProx-U_s4_p0.0_R100_7dff7d392c.json;results_r02/agg_ablation/final_FedProx-U_s5_p0.0_R100_cf679ffaca.json;results_r02/agg_ablation/final_FedProx-U_s6_p0.0_R100_d7e5ccb0c5.json;results_r02/agg_ablation/final_FedProx-U_s7_p0.0_R100_dab03a978c.json;results_r02/agg_ablation/final_FedProx-U_s8_p0.0_R100_38ecdf5292.json;results_r02/agg_ablation/final_FedProx-U_s9_p0.0_R100_32d6358bc5.json,
Table 5 clean,tab:clean,FedProx-U,Macro-F1 (\%),89.41$\pm$1.11,89.41±1.11,yes,10,FedProx-U_s0_p0.0_R100_754283dd0f;FedProx-U_s1_p0.0_R100_a53a4bd3cd;FedProx-U_s2_p0.0_R100_50a4bbc3f7;FedProx-U_s3_p0.0_R100_5ae157cc3e;FedProx-U_s4_p0.0_R100_7dff7d392c;FedProx-U_s5_p0.0_R100_cf679ffaca;FedProx-U_s6_p0.0_R100_d7e5ccb0c5;FedProx-U_s7_p0.0_R100_dab03a978c;FedProx-U_s8_p0.0_R100_38ecdf5292;FedProx-U_s9_p0.0_R100_32d6358bc5,results_r02/agg_ablation/final_FedProx-U_s0_p0.0_R100_754283dd0f.json;results_r02/agg_ablation/final_FedProx-U_s1_p0.0_R100_a53a4bd3cd.json;results_r02/agg_ablation/final_FedProx-U_s2_p0.0_R100_50a4bbc3f7.json;results_r02/agg_ablation/final_FedProx-U_s3_p0.0_R100_5ae157cc3e.json;results_r02/agg_ablation/final_FedProx-U_s4_p0.0_R100_7dff7d392c.json;results_r02/agg_ablation/final_FedProx-U_s5_p0.0_R100_cf679ffaca.json;results_r02/agg_ablation/final_FedProx-U_s6_p0.0_R100_d7e5ccb0c5.json;results_r02/agg_ablation/final_FedProx-U_s7_p0.0_R100_dab03a978c.json;results_r02/agg_ablation/final_FedProx-U_s8_p0.0_R100_38ecdf5292.json;results_r02/agg_ablation/final_FedProx-U_s9_p0.0_R100_32d6358bc5.json,
Table 5 clean,tab:clean,FedProx-U,Macro-recall (\%),95.50$\pm$3.11,95.50±3.11,yes,10,FedProx-U_s0_p0.0_R100_754283dd0f;FedProx-U_s1_p0.0_R100_a53a4bd3cd;FedProx-U_s2_p0.0_R100_50a4bbc3f7;FedProx-U_s3_p0.0_R100_5ae157cc3e;FedProx-U_s4_p0.0_R100_7dff7d392c;FedProx-U_s5_p0.0_R100_cf679ffaca;FedProx-U_s6_p0.0_R100_d7e5ccb0c5;FedProx-U_s7_p0.0_R100_dab03a978c;FedProx-U_s8_p0.0_R100_38ecdf5292;FedProx-U_s9_p0.0_R100_32d6358bc5,results_r02/agg_ablation/final_FedProx-U_s0_p0.0_R100_754283dd0f.json;results_r02/agg_ablation/final_FedProx-U_s1_p0.0_R100_a53a4bd3cd.json;results_r02/agg_ablation/final_FedProx-U_s2_p0.0_R100_50a4bbc3f7.json;results_r02/agg_ablation/final_FedProx-U_s3_p0.0_R100_5ae157cc3e.json;results_r02/agg_ablation/final_FedProx-U_s4_p0.0_R100_7dff7d392c.json;results_r02/agg_ablation/final_FedProx-U_s5_p0.0_R100_cf679ffaca.json;results_r02/agg_ablation/final_FedProx-U_s6_p0.0_R100_d7e5ccb0c5.json;results_r02/agg_ablation/final_FedProx-U_s7_p0.0_R100_dab03a978c.json;results_r02/agg_ablation/final_FedProx-U_s8_p0.0_R100_38ecdf5292.json;results_r02/agg_ablation/final_FedProx-U_s9_p0.0_R100_32d6358bc5.json,
Table 5 clean,tab:clean,FedProx-U,FAR$_B$ (\%),4.58$\pm$0.71,4.58±0.71,yes,10,FedProx-U_s0_p0.0_R100_754283dd0f;FedProx-U_s1_p0.0_R100_a53a4bd3cd;FedProx-U_s2_p0.0_R100_50a4bbc3f7;FedProx-U_s3_p0.0_R100_5ae157cc3e;FedProx-U_s4_p0.0_R100_7dff7d392c;FedProx-U_s5_p0.0_R100_cf679ffaca;FedProx-U_s6_p0.0_R100_d7e5ccb0c5;FedProx-U_s7_p0.0_R100_dab03a978c;FedProx-U_s8_p0.0_R100_38ecdf5292;FedProx-U_s9_p0.0_R100_32d6358bc5,results_r02/agg_ablation/final_FedProx-U_s0_p0.0_R100_754283dd0f.json;results_r02/agg_ablation/final_FedProx-U_s1_p0.0_R100_a53a4bd3cd.json;results_r02/agg_ablation/final_FedProx-U_s2_p0.0_R100_50a4bbc3f7.json;results_r02/agg_ablation/final_FedProx-U_s3_p0.0_R100_5ae157cc3e.json;results_r02/agg_ablation/final_FedProx-U_s4_p0.0_R100_7dff7d392c.json;results_r02/agg_ablation/final_FedProx-U_s5_p0.0_R100_cf679ffaca.json;results_r02/agg_ablation/final_FedProx-U_s6_p0.0_R100_d7e5ccb0c5.json;results_r02/agg_ablation/final_FedProx-U_s7_p0.0_R100_dab03a978c.json;results_r02/agg_ablation/final_FedProx-U_s8_p0.0_R100_38ecdf5292.json;results_r02/agg_ablation/final_FedProx-U_s9_p0.0_R100_32d6358bc5.json,
Table 5 clean,tab:clean,SCAFFOLD,Accuracy (\%),96.48$\pm$0.40,96.48±0.40,yes,10,SCAFFOLD2-SGD05_s0_p0.0_R100_97159d895b;SCAFFOLD2-SGD05_s1_p0.0_R100_120cffedd7;SCAFFOLD2-SGD05_s2_p0.0_R100_b4a63a5e36;SCAFFOLD2-SGD05_s3_p0.0_R100_39ab852c64;SCAFFOLD2-SGD05_s4_p0.0_R100_4e249d164e;SCAFFOLD2-SGD05_s5_p0.0_R100_6a6eaa02af;SCAFFOLD2-SGD05_s6_p0.0_R100_e5e7ecfc23;SCAFFOLD2-SGD05_s7_p0.0_R100_ad9f553018;SCAFFOLD2-SGD05_s8_p0.0_R100_33f48f5f9a;SCAFFOLD2-SGD05_s9_p0.0_R100_6731923dbb,results_r02/main/final_SCAFFOLD2-SGD05_s0_p0.0_R100_97159d895b.json;results_r02/main/final_SCAFFOLD2-SGD05_s1_p0.0_R100_120cffedd7.json;results_r02/main/final_SCAFFOLD2-SGD05_s2_p0.0_R100_b4a63a5e36.json;results_r02/main/final_SCAFFOLD2-SGD05_s3_p0.0_R100_39ab852c64.json;results_r02/main/final_SCAFFOLD2-SGD05_s4_p0.0_R100_4e249d164e.json;results_r02/main/final_SCAFFOLD2-SGD05_s5_p0.0_R100_6a6eaa02af.json;results_r02/main/final_SCAFFOLD2-SGD05_s6_p0.0_R100_e5e7ecfc23.json;results_r02/main/final_SCAFFOLD2-SGD05_s7_p0.0_R100_ad9f553018.json;results_r02/main/final_SCAFFOLD2-SGD05_s8_p0.0_R100_33f48f5f9a.json;results_r02/main/final_SCAFFOLD2-SGD05_s9_p0.0_R100_6731923dbb.json,
Table 5 clean,tab:clean,SCAFFOLD,Macro-F1 (\%),89.77$\pm$1.39,89.77±1.39,yes,10,SCAFFOLD2-SGD05_s0_p0.0_R100_97159d895b;SCAFFOLD2-SGD05_s1_p0.0_R100_120cffedd7;SCAFFOLD2-SGD05_s2_p0.0_R100_b4a63a5e36;SCAFFOLD2-SGD05_s3_p0.0_R100_39ab852c64;SCAFFOLD2-SGD05_s4_p0.0_R100_4e249d164e;SCAFFOLD2-SGD05_s5_p0.0_R100_6a6eaa02af;SCAFFOLD2-SGD05_s6_p0.0_R100_e5e7ecfc23;SCAFFOLD2-SGD05_s7_p0.0_R100_ad9f553018;SCAFFOLD2-SGD05_s8_p0.0_R100_33f48f5f9a;SCAFFOLD2-SGD05_s9_p0.0_R100_6731923dbb,results_r02/main/final_SCAFFOLD2-SGD05_s0_p0.0_R100_97159d895b.json;results_r02/main/final_SCAFFOLD2-SGD05_s1_p0.0_R100_120cffedd7.json;results_r02/main/final_SCAFFOLD2-SGD05_s2_p0.0_R100_b4a63a5e36.json;results_r02/main/final_SCAFFOLD2-SGD05_s3_p0.0_R100_39ab852c64.json;results_r02/main/final_SCAFFOLD2-SGD05_s4_p0.0_R100_4e249d164e.json;results_r02/main/final_SCAFFOLD2-SGD05_s5_p0.0_R100_6a6eaa02af.json;results_r02/main/final_SCAFFOLD2-SGD05_s6_p0.0_R100_e5e7ecfc23.json;results_r02/main/final_SCAFFOLD2-SGD05_s7_p0.0_R100_ad9f553018.json;results_r02/main/final_SCAFFOLD2-SGD05_s8_p0.0_R100_33f48f5f9a.json;results_r02/main/final_SCAFFOLD2-SGD05_s9_p0.0_R100_6731923dbb.json,
Table 5 clean,tab:clean,SCAFFOLD,Macro-recall (\%),95.59$\pm$1.94,95.59±1.94,yes,10,SCAFFOLD2-SGD05_s0_p0.0_R100_97159d895b;SCAFFOLD2-SGD05_s1_p0.0_R100_120cffedd7;SCAFFOLD2-SGD05_s2_p0.0_R100_b4a63a5e36;SCAFFOLD2-SGD05_s3_p0.0_R100_39ab852c64;SCAFFOLD2-SGD05_s4_p0.0_R100_4e249d164e;SCAFFOLD2-SGD05_s5_p0.0_R100_6a6eaa02af;SCAFFOLD2-SGD05_s6_p0.0_R100_e5e7ecfc23;SCAFFOLD2-SGD05_s7_p0.0_R100_ad9f553018;SCAFFOLD2-SGD05_s8_p0.0_R100_33f48f5f9a;SCAFFOLD2-SGD05_s9_p0.0_R100_6731923dbb,results_r02/main/final_SCAFFOLD2-SGD05_s0_p0.0_R100_97159d895b.json;results_r02/main/final_SCAFFOLD2-SGD05_s1_p0.0_R100_120cffedd7.json;results_r02/main/final_SCAFFOLD2-SGD05_s2_p0.0_R100_b4a63a5e36.json;results_r02/main/final_SCAFFOLD2-SGD05_s3_p0.0_R100_39ab852c64.json;results_r02/main/final_SCAFFOLD2-SGD05_s4_p0.0_R100_4e249d164e.json;results_r02/main/final_SCAFFOLD2-SGD05_s5_p0.0_R100_6a6eaa02af.json;results_r02/main/final_SCAFFOLD2-SGD05_s6_p0.0_R100_e5e7ecfc23.json;results_r02/main/final_SCAFFOLD2-SGD05_s7_p0.0_R100_ad9f553018.json;results_r02/main/final_SCAFFOLD2-SGD05_s8_p0.0_R100_33f48f5f9a.json;results_r02/main/final_SCAFFOLD2-SGD05_s9_p0.0_R100_6731923dbb.json,
Table 5 clean,tab:clean,SCAFFOLD,FAR$_B$ (\%),4.14$\pm$0.80,4.14±0.80,yes,10,SCAFFOLD2-SGD05_s0_p0.0_R100_97159d895b;SCAFFOLD2-SGD05_s1_p0.0_R100_120cffedd7;SCAFFOLD2-SGD05_s2_p0.0_R100_b4a63a5e36;SCAFFOLD2-SGD05_s3_p0.0_R100_39ab852c64;SCAFFOLD2-SGD05_s4_p0.0_R100_4e249d164e;SCAFFOLD2-SGD05_s5_p0.0_R100_6a6eaa02af;SCAFFOLD2-SGD05_s6_p0.0_R100_e5e7ecfc23;SCAFFOLD2-SGD05_s7_p0.0_R100_ad9f553018;SCAFFOLD2-SGD05_s8_p0.0_R100_33f48f5f9a;SCAFFOLD2-SGD05_s9_p0.0_R100_6731923dbb,results_r02/main/final_SCAFFOLD2-SGD05_s0_p0.0_R100_97159d895b.json;results_r02/main/final_SCAFFOLD2-SGD05_s1_p0.0_R100_120cffedd7.json;results_r02/main/final_SCAFFOLD2-SGD05_s2_p0.0_R100_b4a63a5e36.json;results_r02/main/final_SCAFFOLD2-SGD05_s3_p0.0_R100_39ab852c64.json;results_r02/main/final_SCAFFOLD2-SGD05_s4_p0.0_R100_4e249d164e.json;results_r02/main/final_SCAFFOLD2-SGD05_s5_p0.0_R100_6a6eaa02af.json;results_r02/main/final_SCAFFOLD2-SGD05_s6_p0.0_R100_e5e7ecfc23.json;results_r02/main/final_SCAFFOLD2-SGD05_s7_p0.0_R100_ad9f553018.json;results_r02/main/final_SCAFFOLD2-SGD05_s8_p0.0_R100_33f48f5f9a.json;results_r02/main/final_SCAFFOLD2-SGD05_s9_p0.0_R100_6731923dbb.json,
Table 5 clean,tab:clean,FLTrust,Accuracy (\%),96.15$\pm$0.36,96.15±0.36,yes,10,FLTrust_s0_p0.0_R100_1271e24ba8;FLTrust_s1_p0.0_R100_b60f2479bc;FLTrust_s2_p0.0_R100_6978264380;FLTrust_s3_p0.0_R100_5b4dcc15ee;FLTrust_s4_p0.0_R100_ce6cb407a4;FLTrust_s5_p0.0_R100_c93c9feb83;FLTrust_s6_p0.0_R100_45ee0634d2;FLTrust_s7_p0.0_R100_73ba6d46a3;FLTrust_s8_p0.0_R100_814b3613e0;FLTrust_s9_p0.0_R100_aa4b814e5e,results_r02/cyclic/final_FLTrust_s0_p0.0_R100_1271e24ba8.json;results_r02/cyclic/final_FLTrust_s1_p0.0_R100_b60f2479bc.json;results_r02/cyclic/final_FLTrust_s2_p0.0_R100_6978264380.json;results_r02/cyclic/final_FLTrust_s3_p0.0_R100_5b4dcc15ee.json;results_r02/cyclic/final_FLTrust_s4_p0.0_R100_ce6cb407a4.json;results_r02/cyclic/final_FLTrust_s5_p0.0_R100_c93c9feb83.json;results_r02/cyclic/final_FLTrust_s6_p0.0_R100_45ee0634d2.json;results_r02/cyclic/final_FLTrust_s7_p0.0_R100_73ba6d46a3.json;results_r02/cyclic/final_FLTrust_s8_p0.0_R100_814b3613e0.json;results_r02/cyclic/final_FLTrust_s9_p0.0_R100_aa4b814e5e.json,
Table 5 clean,tab:clean,FLTrust,Macro-F1 (\%),88.81$\pm$1.75,88.81±1.75,yes,10,FLTrust_s0_p0.0_R100_1271e24ba8;FLTrust_s1_p0.0_R100_b60f2479bc;FLTrust_s2_p0.0_R100_6978264380;FLTrust_s3_p0.0_R100_5b4dcc15ee;FLTrust_s4_p0.0_R100_ce6cb407a4;FLTrust_s5_p0.0_R100_c93c9feb83;FLTrust_s6_p0.0_R100_45ee0634d2;FLTrust_s7_p0.0_R100_73ba6d46a3;FLTrust_s8_p0.0_R100_814b3613e0;FLTrust_s9_p0.0_R100_aa4b814e5e,results_r02/cyclic/final_FLTrust_s0_p0.0_R100_1271e24ba8.json;results_r02/cyclic/final_FLTrust_s1_p0.0_R100_b60f2479bc.json;results_r02/cyclic/final_FLTrust_s2_p0.0_R100_6978264380.json;results_r02/cyclic/final_FLTrust_s3_p0.0_R100_5b4dcc15ee.json;results_r02/cyclic/final_FLTrust_s4_p0.0_R100_ce6cb407a4.json;results_r02/cyclic/final_FLTrust_s5_p0.0_R100_c93c9feb83.json;results_r02/cyclic/final_FLTrust_s6_p0.0_R100_45ee0634d2.json;results_r02/cyclic/final_FLTrust_s7_p0.0_R100_73ba6d46a3.json;results_r02/cyclic/final_FLTrust_s8_p0.0_R100_814b3613e0.json;results_r02/cyclic/final_FLTrust_s9_p0.0_R100_aa4b814e5e.json,
Table 5 clean,tab:clean,FLTrust,Macro-recall (\%),94.42$\pm$3.54,94.42±3.54,yes,10,FLTrust_s0_p0.0_R100_1271e24ba8;FLTrust_s1_p0.0_R100_b60f2479bc;FLTrust_s2_p0.0_R100_6978264380;FLTrust_s3_p0.0_R100_5b4dcc15ee;FLTrust_s4_p0.0_R100_ce6cb407a4;FLTrust_s5_p0.0_R100_c93c9feb83;FLTrust_s6_p0.0_R100_45ee0634d2;FLTrust_s7_p0.0_R100_73ba6d46a3;FLTrust_s8_p0.0_R100_814b3613e0;FLTrust_s9_p0.0_R100_aa4b814e5e,results_r02/cyclic/final_FLTrust_s0_p0.0_R100_1271e24ba8.json;results_r02/cyclic/final_FLTrust_s1_p0.0_R100_b60f2479bc.json;results_r02/cyclic/final_FLTrust_s2_p0.0_R100_6978264380.json;results_r02/cyclic/final_FLTrust_s3_p0.0_R100_5b4dcc15ee.json;results_r02/cyclic/final_FLTrust_s4_p0.0_R100_ce6cb407a4.json;results_r02/cyclic/final_FLTrust_s5_p0.0_R100_c93c9feb83.json;results_r02/cyclic/final_FLTrust_s6_p0.0_R100_45ee0634d2.json;results_r02/cyclic/final_FLTrust_s7_p0.0_R100_73ba6d46a3.json;results_r02/cyclic/final_FLTrust_s8_p0.0_R100_814b3613e0.json;results_r02/cyclic/final_FLTrust_s9_p0.0_R100_aa4b814e5e.json,
Table 5 clean,tab:clean,FLTrust,FAR$_B$ (\%),4.47$\pm$0.66,4.47±0.66,yes,10,FLTrust_s0_p0.0_R100_1271e24ba8;FLTrust_s1_p0.0_R100_b60f2479bc;FLTrust_s2_p0.0_R100_6978264380;FLTrust_s3_p0.0_R100_5b4dcc15ee;FLTrust_s4_p0.0_R100_ce6cb407a4;FLTrust_s5_p0.0_R100_c93c9feb83;FLTrust_s6_p0.0_R100_45ee0634d2;FLTrust_s7_p0.0_R100_73ba6d46a3;FLTrust_s8_p0.0_R100_814b3613e0;FLTrust_s9_p0.0_R100_aa4b814e5e,results_r02/cyclic/final_FLTrust_s0_p0.0_R100_1271e24ba8.json;results_r02/cyclic/final_FLTrust_s1_p0.0_R100_b60f2479bc.json;results_r02/cyclic/final_FLTrust_s2_p0.0_R100_6978264380.json;results_r02/cyclic/final_FLTrust_s3_p0.0_R100_5b4dcc15ee.json;results_r02/cyclic/final_FLTrust_s4_p0.0_R100_ce6cb407a4.json;results_r02/cyclic/final_FLTrust_s5_p0.0_R100_c93c9feb83.json;results_r02/cyclic/final_FLTrust_s6_p0.0_R100_45ee0634d2.json;results_r02/cyclic/final_FLTrust_s7_p0.0_R100_73ba6d46a3.json;results_r02/cyclic/final_FLTrust_s8_p0.0_R100_814b3613e0.json;results_r02/cyclic/final_FLTrust_s9_p0.0_R100_aa4b814e5e.json,
Table 5 clean,tab:clean,FuzzyNoTrust,Accuracy (\%),95.93$\pm$1.35,95.93±1.35,yes,10,FuzzyNoTrust_s0_p0.0_R100_57a8932ef9;FuzzyNoTrust_s1_p0.0_R100_65200b8346;FuzzyNoTrust_s2_p0.0_R100_167c4f2b6c;FuzzyNoTrust_s3_p0.0_R100_a542cc01a3;FuzzyNoTrust_s4_p0.0_R100_d2ed990763;FuzzyNoTrust_s5_p0.0_R100_1f44ad8062;FuzzyNoTrust_s6_p0.0_R100_0aa5124c30;FuzzyNoTrust_s7_p0.0_R100_491c3c5a30;FuzzyNoTrust_s8_p0.0_R100_5dbc855292;FuzzyNoTrust_s9_p0.0_R100_01b08a97a7,results_r02/main/final_FuzzyNoTrust_s0_p0.0_R100_57a8932ef9.json;results_r02/main/final_FuzzyNoTrust_s1_p0.0_R100_65200b8346.json;results_r02/main/final_FuzzyNoTrust_s2_p0.0_R100_167c4f2b6c.json;results_r02/main/final_FuzzyNoTrust_s3_p0.0_R100_a542cc01a3.json;results_r02/main/final_FuzzyNoTrust_s4_p0.0_R100_d2ed990763.json;results_r02/main/final_FuzzyNoTrust_s5_p0.0_R100_1f44ad8062.json;results_r02/main/final_FuzzyNoTrust_s6_p0.0_R100_0aa5124c30.json;results_r02/main/final_FuzzyNoTrust_s7_p0.0_R100_491c3c5a30.json;results_r02/main/final_FuzzyNoTrust_s8_p0.0_R100_5dbc855292.json;results_r02/main/final_FuzzyNoTrust_s9_p0.0_R100_01b08a97a7.json,
Table 5 clean,tab:clean,FuzzyNoTrust,Macro-F1 (\%),83.82$\pm$6.18,83.82±6.18,yes,10,FuzzyNoTrust_s0_p0.0_R100_57a8932ef9;FuzzyNoTrust_s1_p0.0_R100_65200b8346;FuzzyNoTrust_s2_p0.0_R100_167c4f2b6c;FuzzyNoTrust_s3_p0.0_R100_a542cc01a3;FuzzyNoTrust_s4_p0.0_R100_d2ed990763;FuzzyNoTrust_s5_p0.0_R100_1f44ad8062;FuzzyNoTrust_s6_p0.0_R100_0aa5124c30;FuzzyNoTrust_s7_p0.0_R100_491c3c5a30;FuzzyNoTrust_s8_p0.0_R100_5dbc855292;FuzzyNoTrust_s9_p0.0_R100_01b08a97a7,results_r02/main/final_FuzzyNoTrust_s0_p0.0_R100_57a8932ef9.json;results_r02/main/final_FuzzyNoTrust_s1_p0.0_R100_65200b8346.json;results_r02/main/final_FuzzyNoTrust_s2_p0.0_R100_167c4f2b6c.json;results_r02/main/final_FuzzyNoTrust_s3_p0.0_R100_a542cc01a3.json;results_r02/main/final_FuzzyNoTrust_s4_p0.0_R100_d2ed990763.json;results_r02/main/final_FuzzyNoTrust_s5_p0.0_R100_1f44ad8062.json;results_r02/main/final_FuzzyNoTrust_s6_p0.0_R100_0aa5124c30.json;results_r02/main/final_FuzzyNoTrust_s7_p0.0_R100_491c3c5a30.json;results_r02/main/final_FuzzyNoTrust_s8_p0.0_R100_5dbc855292.json;results_r02/main/final_FuzzyNoTrust_s9_p0.0_R100_01b08a97a7.json,
Table 5 clean,tab:clean,FuzzyNoTrust,Macro-recall (\%),86.84$\pm$6.69,86.84±6.69,yes,10,FuzzyNoTrust_s0_p0.0_R100_57a8932ef9;FuzzyNoTrust_s1_p0.0_R100_65200b8346;FuzzyNoTrust_s2_p0.0_R100_167c4f2b6c;FuzzyNoTrust_s3_p0.0_R100_a542cc01a3;FuzzyNoTrust_s4_p0.0_R100_d2ed990763;FuzzyNoTrust_s5_p0.0_R100_1f44ad8062;FuzzyNoTrust_s6_p0.0_R100_0aa5124c30;FuzzyNoTrust_s7_p0.0_R100_491c3c5a30;FuzzyNoTrust_s8_p0.0_R100_5dbc855292;FuzzyNoTrust_s9_p0.0_R100_01b08a97a7,results_r02/main/final_FuzzyNoTrust_s0_p0.0_R100_57a8932ef9.json;results_r02/main/final_FuzzyNoTrust_s1_p0.0_R100_65200b8346.json;results_r02/main/final_FuzzyNoTrust_s2_p0.0_R100_167c4f2b6c.json;results_r02/main/final_FuzzyNoTrust_s3_p0.0_R100_a542cc01a3.json;results_r02/main/final_FuzzyNoTrust_s4_p0.0_R100_d2ed990763.json;results_r02/main/final_FuzzyNoTrust_s5_p0.0_R100_1f44ad8062.json;results_r02/main/final_FuzzyNoTrust_s6_p0.0_R100_0aa5124c30.json;results_r02/main/final_FuzzyNoTrust_s7_p0.0_R100_491c3c5a30.json;results_r02/main/final_FuzzyNoTrust_s8_p0.0_R100_5dbc855292.json;results_r02/main/final_FuzzyNoTrust_s9_p0.0_R100_01b08a97a7.json,
Table 5 clean,tab:clean,FuzzyNoTrust,FAR$_B$ (\%),3.12$\pm$0.49,3.12±0.49,yes,10,FuzzyNoTrust_s0_p0.0_R100_57a8932ef9;FuzzyNoTrust_s1_p0.0_R100_65200b8346;FuzzyNoTrust_s2_p0.0_R100_167c4f2b6c;FuzzyNoTrust_s3_p0.0_R100_a542cc01a3;FuzzyNoTrust_s4_p0.0_R100_d2ed990763;FuzzyNoTrust_s5_p0.0_R100_1f44ad8062;FuzzyNoTrust_s6_p0.0_R100_0aa5124c30;FuzzyNoTrust_s7_p0.0_R100_491c3c5a30;FuzzyNoTrust_s8_p0.0_R100_5dbc855292;FuzzyNoTrust_s9_p0.0_R100_01b08a97a7,results_r02/main/final_FuzzyNoTrust_s0_p0.0_R100_57a8932ef9.json;results_r02/main/final_FuzzyNoTrust_s1_p0.0_R100_65200b8346.json;results_r02/main/final_FuzzyNoTrust_s2_p0.0_R100_167c4f2b6c.json;results_r02/main/final_FuzzyNoTrust_s3_p0.0_R100_a542cc01a3.json;results_r02/main/final_FuzzyNoTrust_s4_p0.0_R100_d2ed990763.json;results_r02/main/final_FuzzyNoTrust_s5_p0.0_R100_1f44ad8062.json;results_r02/main/final_FuzzyNoTrust_s6_p0.0_R100_0aa5124c30.json;results_r02/main/final_FuzzyNoTrust_s7_p0.0_R100_491c3c5a30.json;results_r02/main/final_FuzzyNoTrust_s8_p0.0_R100_5dbc855292.json;results_r02/main/final_FuzzyNoTrust_s9_p0.0_R100_01b08a97a7.json,
Table 5 clean,tab:clean,DeepTrust-V,Accuracy (\%),95.41$\pm$0.79,95.41±0.79,yes,10,DeepTrust-V_s0_p0.0_R100_1af7ea1705;DeepTrust-V_s1_p0.0_R100_90115100f7;DeepTrust-V_s2_p0.0_R100_bdfed71442;DeepTrust-V_s3_p0.0_R100_822bfee19b;DeepTrust-V_s4_p0.0_R100_bceeac34f2;DeepTrust-V_s5_p0.0_R100_d8e700b5de;DeepTrust-V_s6_p0.0_R100_51bc0d7735;DeepTrust-V_s7_p0.0_R100_cb13444200;DeepTrust-V_s8_p0.0_R100_84f5be35d9;DeepTrust-V_s9_p0.0_R100_e287a3d0b7,results_r02/main/final_DeepTrust-V_s0_p0.0_R100_1af7ea1705.json;results_r02/main/final_DeepTrust-V_s1_p0.0_R100_90115100f7.json;results_r02/main/final_DeepTrust-V_s2_p0.0_R100_bdfed71442.json;results_r02/main/final_DeepTrust-V_s3_p0.0_R100_822bfee19b.json;results_r02/main/final_DeepTrust-V_s4_p0.0_R100_bceeac34f2.json;results_r02/main/final_DeepTrust-V_s5_p0.0_R100_d8e700b5de.json;results_r02/main/final_DeepTrust-V_s6_p0.0_R100_51bc0d7735.json;results_r02/main/final_DeepTrust-V_s7_p0.0_R100_cb13444200.json;results_r02/main/final_DeepTrust-V_s8_p0.0_R100_84f5be35d9.json;results_r02/main/final_DeepTrust-V_s9_p0.0_R100_e287a3d0b7.json,
Table 5 clean,tab:clean,DeepTrust-V,Macro-F1 (\%),81.88$\pm$5.65,81.88±5.65,yes,10,DeepTrust-V_s0_p0.0_R100_1af7ea1705;DeepTrust-V_s1_p0.0_R100_90115100f7;DeepTrust-V_s2_p0.0_R100_bdfed71442;DeepTrust-V_s3_p0.0_R100_822bfee19b;DeepTrust-V_s4_p0.0_R100_bceeac34f2;DeepTrust-V_s5_p0.0_R100_d8e700b5de;DeepTrust-V_s6_p0.0_R100_51bc0d7735;DeepTrust-V_s7_p0.0_R100_cb13444200;DeepTrust-V_s8_p0.0_R100_84f5be35d9;DeepTrust-V_s9_p0.0_R100_e287a3d0b7,results_r02/main/final_DeepTrust-V_s0_p0.0_R100_1af7ea1705.json;results_r02/main/final_DeepTrust-V_s1_p0.0_R100_90115100f7.json;results_r02/main/final_DeepTrust-V_s2_p0.0_R100_bdfed71442.json;results_r02/main/final_DeepTrust-V_s3_p0.0_R100_822bfee19b.json;results_r02/main/final_DeepTrust-V_s4_p0.0_R100_bceeac34f2.json;results_r02/main/final_DeepTrust-V_s5_p0.0_R100_d8e700b5de.json;results_r02/main/final_DeepTrust-V_s6_p0.0_R100_51bc0d7735.json;results_r02/main/final_DeepTrust-V_s7_p0.0_R100_cb13444200.json;results_r02/main/final_DeepTrust-V_s8_p0.0_R100_84f5be35d9.json;results_r02/main/final_DeepTrust-V_s9_p0.0_R100_e287a3d0b7.json,
Table 5 clean,tab:clean,DeepTrust-V,Macro-recall (\%),83.05$\pm$6.13,83.05±6.13,yes,10,DeepTrust-V_s0_p0.0_R100_1af7ea1705;DeepTrust-V_s1_p0.0_R100_90115100f7;DeepTrust-V_s2_p0.0_R100_bdfed71442;DeepTrust-V_s3_p0.0_R100_822bfee19b;DeepTrust-V_s4_p0.0_R100_bceeac34f2;DeepTrust-V_s5_p0.0_R100_d8e700b5de;DeepTrust-V_s6_p0.0_R100_51bc0d7735;DeepTrust-V_s7_p0.0_R100_cb13444200;DeepTrust-V_s8_p0.0_R100_84f5be35d9;DeepTrust-V_s9_p0.0_R100_e287a3d0b7,results_r02/main/final_DeepTrust-V_s0_p0.0_R100_1af7ea1705.json;results_r02/main/final_DeepTrust-V_s1_p0.0_R100_90115100f7.json;results_r02/main/final_DeepTrust-V_s2_p0.0_R100_bdfed71442.json;results_r02/main/final_DeepTrust-V_s3_p0.0_R100_822bfee19b.json;results_r02/main/final_DeepTrust-V_s4_p0.0_R100_bceeac34f2.json;results_r02/main/final_DeepTrust-V_s5_p0.0_R100_d8e700b5de.json;results_r02/main/final_DeepTrust-V_s6_p0.0_R100_51bc0d7735.json;results_r02/main/final_DeepTrust-V_s7_p0.0_R100_cb13444200.json;results_r02/main/final_DeepTrust-V_s8_p0.0_R100_84f5be35d9.json;results_r02/main/final_DeepTrust-V_s9_p0.0_R100_e287a3d0b7.json,
Table 5 clean,tab:clean,DeepTrust-V,FAR$_B$ (\%),3.05$\pm$0.40,3.05±0.40,yes,10,DeepTrust-V_s0_p0.0_R100_1af7ea1705;DeepTrust-V_s1_p0.0_R100_90115100f7;DeepTrust-V_s2_p0.0_R100_bdfed71442;DeepTrust-V_s3_p0.0_R100_822bfee19b;DeepTrust-V_s4_p0.0_R100_bceeac34f2;DeepTrust-V_s5_p0.0_R100_d8e700b5de;DeepTrust-V_s6_p0.0_R100_51bc0d7735;DeepTrust-V_s7_p0.0_R100_cb13444200;DeepTrust-V_s8_p0.0_R100_84f5be35d9;DeepTrust-V_s9_p0.0_R100_e287a3d0b7,results_r02/main/final_DeepTrust-V_s0_p0.0_R100_1af7ea1705.json;results_r02/main/final_DeepTrust-V_s1_p0.0_R100_90115100f7.json;results_r02/main/final_DeepTrust-V_s2_p0.0_R100_bdfed71442.json;results_r02/main/final_DeepTrust-V_s3_p0.0_R100_822bfee19b.json;results_r02/main/final_DeepTrust-V_s4_p0.0_R100_bceeac34f2.json;results_r02/main/final_DeepTrust-V_s5_p0.0_R100_d8e700b5de.json;results_r02/main/final_DeepTrust-V_s6_p0.0_R100_51bc0d7735.json;results_r02/main/final_DeepTrust-V_s7_p0.0_R100_cb13444200.json;results_r02/main/final_DeepTrust-V_s8_p0.0_R100_84f5be35d9.json;results_r02/main/final_DeepTrust-V_s9_p0.0_R100_e287a3d0b7.json,
Table 5 clean,tab:clean,DeepTrust-V,Honest rej. (\%),14.9$\pm$4.9,14.9±4.9,yes,10,DeepTrust-V_s0_p0.0_R100_1af7ea1705;DeepTrust-V_s1_p0.0_R100_90115100f7;DeepTrust-V_s2_p0.0_R100_bdfed71442;DeepTrust-V_s3_p0.0_R100_822bfee19b;DeepTrust-V_s4_p0.0_R100_bceeac34f2;DeepTrust-V_s5_p0.0_R100_d8e700b5de;DeepTrust-V_s6_p0.0_R100_51bc0d7735;DeepTrust-V_s7_p0.0_R100_cb13444200;DeepTrust-V_s8_p0.0_R100_84f5be35d9;DeepTrust-V_s9_p0.0_R100_e287a3d0b7,results_r02/main/decisions_DeepTrust-V_s0_p0.0_R100_1af7ea1705.csv;results_r02/main/decisions_DeepTrust-V_s1_p0.0_R100_90115100f7.csv;results_r02/main/decisions_DeepTrust-V_s2_p0.0_R100_bdfed71442.csv;results_r02/main/decisions_DeepTrust-V_s3_p0.0_R100_822bfee19b.csv;results_r02/main/decisions_DeepTrust-V_s4_p0.0_R100_bceeac34f2.csv;results_r02/main/decisions_DeepTrust-V_s5_p0.0_R100_d8e700b5de.csv;results_r02/main/decisions_DeepTrust-V_s6_p0.0_R100_51bc0d7735.csv;results_r02/main/decisions_DeepTrust-V_s7_p0.0_R100_cb13444200.csv;results_r02/main/decisions_DeepTrust-V_s8_p0.0_R100_84f5be35d9.csv;results_r02/main/decisions_DeepTrust-V_s9_p0.0_R100_e287a3d0b7.csv,
Table 5 clean,tab:clean,DyF-ZTL-v1,Accuracy (\%),96.54$\pm$0.36,96.54±0.36,yes,10,DyF-ZTL-v1_s0_p0.0_R100_03d836afa7;DyF-ZTL-v1_s1_p0.0_R100_5bb99c99fc;DyF-ZTL-v1_s2_p0.0_R100_879fd9fbf9;DyF-ZTL-v1_s3_p0.0_R100_38831b5aa0;DyF-ZTL-v1_s4_p0.0_R100_edb115f3c1;DyF-ZTL-v1_s5_p0.0_R100_01dd5acff7;DyF-ZTL-v1_s6_p0.0_R100_53a8508d9a;DyF-ZTL-v1_s7_p0.0_R100_6486111f4f;DyF-ZTL-v1_s8_p0.0_R100_6f56c50223;DyF-ZTL-v1_s9_p0.0_R100_f0bbea3fba,results_r02/main/final_DyF-ZTL-v1_s0_p0.0_R100_03d836afa7.json;results_r02/main/final_DyF-ZTL-v1_s1_p0.0_R100_5bb99c99fc.json;results_r02/main/final_DyF-ZTL-v1_s2_p0.0_R100_879fd9fbf9.json;results_r02/main/final_DyF-ZTL-v1_s3_p0.0_R100_38831b5aa0.json;results_r02/main/final_DyF-ZTL-v1_s4_p0.0_R100_edb115f3c1.json;results_r02/main/final_DyF-ZTL-v1_s5_p0.0_R100_01dd5acff7.json;results_r02/main/final_DyF-ZTL-v1_s6_p0.0_R100_53a8508d9a.json;results_r02/main/final_DyF-ZTL-v1_s7_p0.0_R100_6486111f4f.json;results_r02/main/final_DyF-ZTL-v1_s8_p0.0_R100_6f56c50223.json;results_r02/main/final_DyF-ZTL-v1_s9_p0.0_R100_f0bbea3fba.json,
Table 5 clean,tab:clean,DyF-ZTL-v1,Macro-F1 (\%),88.01$\pm$3.42,88.01±3.42,yes,10,DyF-ZTL-v1_s0_p0.0_R100_03d836afa7;DyF-ZTL-v1_s1_p0.0_R100_5bb99c99fc;DyF-ZTL-v1_s2_p0.0_R100_879fd9fbf9;DyF-ZTL-v1_s3_p0.0_R100_38831b5aa0;DyF-ZTL-v1_s4_p0.0_R100_edb115f3c1;DyF-ZTL-v1_s5_p0.0_R100_01dd5acff7;DyF-ZTL-v1_s6_p0.0_R100_53a8508d9a;DyF-ZTL-v1_s7_p0.0_R100_6486111f4f;DyF-ZTL-v1_s8_p0.0_R100_6f56c50223;DyF-ZTL-v1_s9_p0.0_R100_f0bbea3fba,results_r02/main/final_DyF-ZTL-v1_s0_p0.0_R100_03d836afa7.json;results_r02/main/final_DyF-ZTL-v1_s1_p0.0_R100_5bb99c99fc.json;results_r02/main/final_DyF-ZTL-v1_s2_p0.0_R100_879fd9fbf9.json;results_r02/main/final_DyF-ZTL-v1_s3_p0.0_R100_38831b5aa0.json;results_r02/main/final_DyF-ZTL-v1_s4_p0.0_R100_edb115f3c1.json;results_r02/main/final_DyF-ZTL-v1_s5_p0.0_R100_01dd5acff7.json;results_r02/main/final_DyF-ZTL-v1_s6_p0.0_R100_53a8508d9a.json;results_r02/main/final_DyF-ZTL-v1_s7_p0.0_R100_6486111f4f.json;results_r02/main/final_DyF-ZTL-v1_s8_p0.0_R100_6f56c50223.json;results_r02/main/final_DyF-ZTL-v1_s9_p0.0_R100_f0bbea3fba.json,
Table 5 clean,tab:clean,DyF-ZTL-v1,Macro-recall (\%),93.77$\pm$5.16,93.77±5.16,yes,10,DyF-ZTL-v1_s0_p0.0_R100_03d836afa7;DyF-ZTL-v1_s1_p0.0_R100_5bb99c99fc;DyF-ZTL-v1_s2_p0.0_R100_879fd9fbf9;DyF-ZTL-v1_s3_p0.0_R100_38831b5aa0;DyF-ZTL-v1_s4_p0.0_R100_edb115f3c1;DyF-ZTL-v1_s5_p0.0_R100_01dd5acff7;DyF-ZTL-v1_s6_p0.0_R100_53a8508d9a;DyF-ZTL-v1_s7_p0.0_R100_6486111f4f;DyF-ZTL-v1_s8_p0.0_R100_6f56c50223;DyF-ZTL-v1_s9_p0.0_R100_f0bbea3fba,results_r02/main/final_DyF-ZTL-v1_s0_p0.0_R100_03d836afa7.json;results_r02/main/final_DyF-ZTL-v1_s1_p0.0_R100_5bb99c99fc.json;results_r02/main/final_DyF-ZTL-v1_s2_p0.0_R100_879fd9fbf9.json;results_r02/main/final_DyF-ZTL-v1_s3_p0.0_R100_38831b5aa0.json;results_r02/main/final_DyF-ZTL-v1_s4_p0.0_R100_edb115f3c1.json;results_r02/main/final_DyF-ZTL-v1_s5_p0.0_R100_01dd5acff7.json;results_r02/main/final_DyF-ZTL-v1_s6_p0.0_R100_53a8508d9a.json;results_r02/main/final_DyF-ZTL-v1_s7_p0.0_R100_6486111f4f.json;results_r02/main/final_DyF-ZTL-v1_s8_p0.0_R100_6f56c50223.json;results_r02/main/final_DyF-ZTL-v1_s9_p0.0_R100_f0bbea3fba.json,
Table 5 clean,tab:clean,DyF-ZTL-v1,FAR$_B$ (\%),4.13$\pm$1.04,4.13±1.04,yes,10,DyF-ZTL-v1_s0_p0.0_R100_03d836afa7;DyF-ZTL-v1_s1_p0.0_R100_5bb99c99fc;DyF-ZTL-v1_s2_p0.0_R100_879fd9fbf9;DyF-ZTL-v1_s3_p0.0_R100_38831b5aa0;DyF-ZTL-v1_s4_p0.0_R100_edb115f3c1;DyF-ZTL-v1_s5_p0.0_R100_01dd5acff7;DyF-ZTL-v1_s6_p0.0_R100_53a8508d9a;DyF-ZTL-v1_s7_p0.0_R100_6486111f4f;DyF-ZTL-v1_s8_p0.0_R100_6f56c50223;DyF-ZTL-v1_s9_p0.0_R100_f0bbea3fba,results_r02/main/final_DyF-ZTL-v1_s0_p0.0_R100_03d836afa7.json;results_r02/main/final_DyF-ZTL-v1_s1_p0.0_R100_5bb99c99fc.json;results_r02/main/final_DyF-ZTL-v1_s2_p0.0_R100_879fd9fbf9.json;results_r02/main/final_DyF-ZTL-v1_s3_p0.0_R100_38831b5aa0.json;results_r02/main/final_DyF-ZTL-v1_s4_p0.0_R100_edb115f3c1.json;results_r02/main/final_DyF-ZTL-v1_s5_p0.0_R100_01dd5acff7.json;results_r02/main/final_DyF-ZTL-v1_s6_p0.0_R100_53a8508d9a.json;results_r02/main/final_DyF-ZTL-v1_s7_p0.0_R100_6486111f4f.json;results_r02/main/final_DyF-ZTL-v1_s8_p0.0_R100_6f56c50223.json;results_r02/main/final_DyF-ZTL-v1_s9_p0.0_R100_f0bbea3fba.json,
Table 5 clean,tab:clean,DyF-ZTL-v1,Honest rej. (\%),22.0$\pm$8.8,22.0±8.8,yes,10,DyF-ZTL-v1_s0_p0.0_R100_03d836afa7;DyF-ZTL-v1_s1_p0.0_R100_5bb99c99fc;DyF-ZTL-v1_s2_p0.0_R100_879fd9fbf9;DyF-ZTL-v1_s3_p0.0_R100_38831b5aa0;DyF-ZTL-v1_s4_p0.0_R100_edb115f3c1;DyF-ZTL-v1_s5_p0.0_R100_01dd5acff7;DyF-ZTL-v1_s6_p0.0_R100_53a8508d9a;DyF-ZTL-v1_s7_p0.0_R100_6486111f4f;DyF-ZTL-v1_s8_p0.0_R100_6f56c50223;DyF-ZTL-v1_s9_p0.0_R100_f0bbea3fba,results_r02/main/decisions_DyF-ZTL-v1_s0_p0.0_R100_03d836afa7.csv;results_r02/main/decisions_DyF-ZTL-v1_s1_p0.0_R100_5bb99c99fc.csv;results_r02/main/decisions_DyF-ZTL-v1_s2_p0.0_R100_879fd9fbf9.csv;results_r02/main/decisions_DyF-ZTL-v1_s3_p0.0_R100_38831b5aa0.csv;results_r02/main/decisions_DyF-ZTL-v1_s4_p0.0_R100_edb115f3c1.csv;results_r02/main/decisions_DyF-ZTL-v1_s5_p0.0_R100_01dd5acff7.csv;results_r02/main/decisions_DyF-ZTL-v1_s6_p0.0_R100_53a8508d9a.csv;results_r02/main/decisions_DyF-ZTL-v1_s7_p0.0_R100_6486111f4f.csv;results_r02/main/decisions_DyF-ZTL-v1_s8_p0.0_R100_6f56c50223.csv;results_r02/main/decisions_DyF-ZTL-v1_s9_p0.0_R100_f0bbea3fba.csv,
Table 5 clean,tab:clean,DyF-ZTL-V,Accuracy (\%),96.88$\pm$0.50,96.88±0.50,yes,10,DyF-ZTL-V_s0_p0.0_R100_80bf0e9a50;DyF-ZTL-V_s1_p0.0_R100_749ae4dd2f;DyF-ZTL-V_s2_p0.0_R100_51acb3fbbb;DyF-ZTL-V_s3_p0.0_R100_c5ab1537e6;DyF-ZTL-V_s4_p0.0_R100_637d44f118;DyF-ZTL-V_s5_p0.0_R100_5b42d47528;DyF-ZTL-V_s6_p0.0_R100_4647357bee;DyF-ZTL-V_s7_p0.0_R100_42bec17b54;DyF-ZTL-V_s8_p0.0_R100_360545a5f2;DyF-ZTL-V_s9_p0.0_R100_c38dc802e2,results_r02/main/final_DyF-ZTL-V_s0_p0.0_R100_80bf0e9a50.json;results_r02/main/final_DyF-ZTL-V_s1_p0.0_R100_749ae4dd2f.json;results_r02/main/final_DyF-ZTL-V_s2_p0.0_R100_51acb3fbbb.json;results_r02/main/final_DyF-ZTL-V_s3_p0.0_R100_c5ab1537e6.json;results_r02/main/final_DyF-ZTL-V_s4_p0.0_R100_637d44f118.json;results_r02/main/final_DyF-ZTL-V_s5_p0.0_R100_5b42d47528.json;results_r02/main/final_DyF-ZTL-V_s6_p0.0_R100_4647357bee.json;results_r02/main/final_DyF-ZTL-V_s7_p0.0_R100_42bec17b54.json;results_r02/main/final_DyF-ZTL-V_s8_p0.0_R100_360545a5f2.json;results_r02/main/final_DyF-ZTL-V_s9_p0.0_R100_c38dc802e2.json,
Table 5 clean,tab:clean,DyF-ZTL-V,Macro-F1 (\%),88.05$\pm$5.38,88.05±5.38,yes,10,DyF-ZTL-V_s0_p0.0_R100_80bf0e9a50;DyF-ZTL-V_s1_p0.0_R100_749ae4dd2f;DyF-ZTL-V_s2_p0.0_R100_51acb3fbbb;DyF-ZTL-V_s3_p0.0_R100_c5ab1537e6;DyF-ZTL-V_s4_p0.0_R100_637d44f118;DyF-ZTL-V_s5_p0.0_R100_5b42d47528;DyF-ZTL-V_s6_p0.0_R100_4647357bee;DyF-ZTL-V_s7_p0.0_R100_42bec17b54;DyF-ZTL-V_s8_p0.0_R100_360545a5f2;DyF-ZTL-V_s9_p0.0_R100_c38dc802e2,results_r02/main/final_DyF-ZTL-V_s0_p0.0_R100_80bf0e9a50.json;results_r02/main/final_DyF-ZTL-V_s1_p0.0_R100_749ae4dd2f.json;results_r02/main/final_DyF-ZTL-V_s2_p0.0_R100_51acb3fbbb.json;results_r02/main/final_DyF-ZTL-V_s3_p0.0_R100_c5ab1537e6.json;results_r02/main/final_DyF-ZTL-V_s4_p0.0_R100_637d44f118.json;results_r02/main/final_DyF-ZTL-V_s5_p0.0_R100_5b42d47528.json;results_r02/main/final_DyF-ZTL-V_s6_p0.0_R100_4647357bee.json;results_r02/main/final_DyF-ZTL-V_s7_p0.0_R100_42bec17b54.json;results_r02/main/final_DyF-ZTL-V_s8_p0.0_R100_360545a5f2.json;results_r02/main/final_DyF-ZTL-V_s9_p0.0_R100_c38dc802e2.json,
Table 5 clean,tab:clean,DyF-ZTL-V,Macro-recall (\%),91.55$\pm$6.35,91.55±6.35,yes,10,DyF-ZTL-V_s0_p0.0_R100_80bf0e9a50;DyF-ZTL-V_s1_p0.0_R100_749ae4dd2f;DyF-ZTL-V_s2_p0.0_R100_51acb3fbbb;DyF-ZTL-V_s3_p0.0_R100_c5ab1537e6;DyF-ZTL-V_s4_p0.0_R100_637d44f118;DyF-ZTL-V_s5_p0.0_R100_5b42d47528;DyF-ZTL-V_s6_p0.0_R100_4647357bee;DyF-ZTL-V_s7_p0.0_R100_42bec17b54;DyF-ZTL-V_s8_p0.0_R100_360545a5f2;DyF-ZTL-V_s9_p0.0_R100_c38dc802e2,results_r02/main/final_DyF-ZTL-V_s0_p0.0_R100_80bf0e9a50.json;results_r02/main/final_DyF-ZTL-V_s1_p0.0_R100_749ae4dd2f.json;results_r02/main/final_DyF-ZTL-V_s2_p0.0_R100_51acb3fbbb.json;results_r02/main/final_DyF-ZTL-V_s3_p0.0_R100_c5ab1537e6.json;results_r02/main/final_DyF-ZTL-V_s4_p0.0_R100_637d44f118.json;results_r02/main/final_DyF-ZTL-V_s5_p0.0_R100_5b42d47528.json;results_r02/main/final_DyF-ZTL-V_s6_p0.0_R100_4647357bee.json;results_r02/main/final_DyF-ZTL-V_s7_p0.0_R100_42bec17b54.json;results_r02/main/final_DyF-ZTL-V_s8_p0.0_R100_360545a5f2.json;results_r02/main/final_DyF-ZTL-V_s9_p0.0_R100_c38dc802e2.json,
Table 5 clean,tab:clean,DyF-ZTL-V,FAR$_B$ (\%),3.15$\pm$0.41,3.15±0.41,yes,10,DyF-ZTL-V_s0_p0.0_R100_80bf0e9a50;DyF-ZTL-V_s1_p0.0_R100_749ae4dd2f;DyF-ZTL-V_s2_p0.0_R100_51acb3fbbb;DyF-ZTL-V_s3_p0.0_R100_c5ab1537e6;DyF-ZTL-V_s4_p0.0_R100_637d44f118;DyF-ZTL-V_s5_p0.0_R100_5b42d47528;DyF-ZTL-V_s6_p0.0_R100_4647357bee;DyF-ZTL-V_s7_p0.0_R100_42bec17b54;DyF-ZTL-V_s8_p0.0_R100_360545a5f2;DyF-ZTL-V_s9_p0.0_R100_c38dc802e2,results_r02/main/final_DyF-ZTL-V_s0_p0.0_R100_80bf0e9a50.json;results_r02/main/final_DyF-ZTL-V_s1_p0.0_R100_749ae4dd2f.json;results_r02/main/final_DyF-ZTL-V_s2_p0.0_R100_51acb3fbbb.json;results_r02/main/final_DyF-ZTL-V_s3_p0.0_R100_c5ab1537e6.json;results_r02/main/final_DyF-ZTL-V_s4_p0.0_R100_637d44f118.json;results_r02/main/final_DyF-ZTL-V_s5_p0.0_R100_5b42d47528.json;results_r02/main/final_DyF-ZTL-V_s6_p0.0_R100_4647357bee.json;results_r02/main/final_DyF-ZTL-V_s7_p0.0_R100_42bec17b54.json;results_r02/main/final_DyF-ZTL-V_s8_p0.0_R100_360545a5f2.json;results_r02/main/final_DyF-ZTL-V_s9_p0.0_R100_c38dc802e2.json,
Table 5 clean,tab:clean,DyF-ZTL-V,Honest rej. (\%),11.3$\pm$3.1,11.3±3.1,yes,10,DyF-ZTL-V_s0_p0.0_R100_80bf0e9a50;DyF-ZTL-V_s1_p0.0_R100_749ae4dd2f;DyF-ZTL-V_s2_p0.0_R100_51acb3fbbb;DyF-ZTL-V_s3_p0.0_R100_c5ab1537e6;DyF-ZTL-V_s4_p0.0_R100_637d44f118;DyF-ZTL-V_s5_p0.0_R100_5b42d47528;DyF-ZTL-V_s6_p0.0_R100_4647357bee;DyF-ZTL-V_s7_p0.0_R100_42bec17b54;DyF-ZTL-V_s8_p0.0_R100_360545a5f2;DyF-ZTL-V_s9_p0.0_R100_c38dc802e2,results_r02/main/decisions_DyF-ZTL-V_s0_p0.0_R100_80bf0e9a50.csv;results_r02/main/decisions_DyF-ZTL-V_s1_p0.0_R100_749ae4dd2f.csv;results_r02/main/decisions_DyF-ZTL-V_s2_p0.0_R100_51acb3fbbb.csv;results_r02/main/decisions_DyF-ZTL-V_s3_p0.0_R100_c5ab1537e6.csv;results_r02/main/decisions_DyF-ZTL-V_s4_p0.0_R100_637d44f118.csv;results_r02/main/decisions_DyF-ZTL-V_s5_p0.0_R100_5b42d47528.csv;results_r02/main/decisions_DyF-ZTL-V_s6_p0.0_R100_4647357bee.csv;results_r02/main/decisions_DyF-ZTL-V_s7_p0.0_R100_42bec17b54.csv;results_r02/main/decisions_DyF-ZTL-V_s8_p0.0_R100_360545a5f2.csv;results_r02/main/decisions_DyF-ZTL-V_s9_p0.0_R100_c38dc802e2.csv,
Table 5 clean,tab:clean,ServerOnly,Accuracy (\%),97.46$\pm$0.16,97.46±0.16,yes,10,ServerOnly_s0_p0.0_R100_e5d41fc54f;ServerOnly_s1_p0.0_R100_a9b4ae553a;ServerOnly_s2_p0.0_R100_c5b9cae6e6;ServerOnly_s3_p0.0_R100_fbf83f1f03;ServerOnly_s4_p0.0_R100_b312466574;ServerOnly_s5_p0.0_R100_88cb63e806;ServerOnly_s6_p0.0_R100_33854e387f;ServerOnly_s7_p0.0_R100_0c9500ca56;ServerOnly_s8_p0.0_R100_f5e99ad1e9;ServerOnly_s9_p0.0_R100_8ccbfc7a48,results_r02/main/final_ServerOnly_s0_p0.0_R100_e5d41fc54f.json;results_r02/main/final_ServerOnly_s1_p0.0_R100_a9b4ae553a.json;results_r02/main/final_ServerOnly_s2_p0.0_R100_c5b9cae6e6.json;results_r02/main/final_ServerOnly_s3_p0.0_R100_fbf83f1f03.json;results_r02/main/final_ServerOnly_s4_p0.0_R100_b312466574.json;results_r02/main/final_ServerOnly_s5_p0.0_R100_88cb63e806.json;results_r02/main/final_ServerOnly_s6_p0.0_R100_33854e387f.json;results_r02/main/final_ServerOnly_s7_p0.0_R100_0c9500ca56.json;results_r02/main/final_ServerOnly_s8_p0.0_R100_f5e99ad1e9.json;results_r02/main/final_ServerOnly_s9_p0.0_R100_8ccbfc7a48.json,
Table 5 clean,tab:clean,ServerOnly,Macro-F1 (\%),92.30$\pm$0.55,92.30±0.55,yes,10,ServerOnly_s0_p0.0_R100_e5d41fc54f;ServerOnly_s1_p0.0_R100_a9b4ae553a;ServerOnly_s2_p0.0_R100_c5b9cae6e6;ServerOnly_s3_p0.0_R100_fbf83f1f03;ServerOnly_s4_p0.0_R100_b312466574;ServerOnly_s5_p0.0_R100_88cb63e806;ServerOnly_s6_p0.0_R100_33854e387f;ServerOnly_s7_p0.0_R100_0c9500ca56;ServerOnly_s8_p0.0_R100_f5e99ad1e9;ServerOnly_s9_p0.0_R100_8ccbfc7a48,results_r02/main/final_ServerOnly_s0_p0.0_R100_e5d41fc54f.json;results_r02/main/final_ServerOnly_s1_p0.0_R100_a9b4ae553a.json;results_r02/main/final_ServerOnly_s2_p0.0_R100_c5b9cae6e6.json;results_r02/main/final_ServerOnly_s3_p0.0_R100_fbf83f1f03.json;results_r02/main/final_ServerOnly_s4_p0.0_R100_b312466574.json;results_r02/main/final_ServerOnly_s5_p0.0_R100_88cb63e806.json;results_r02/main/final_ServerOnly_s6_p0.0_R100_33854e387f.json;results_r02/main/final_ServerOnly_s7_p0.0_R100_0c9500ca56.json;results_r02/main/final_ServerOnly_s8_p0.0_R100_f5e99ad1e9.json;results_r02/main/final_ServerOnly_s9_p0.0_R100_8ccbfc7a48.json,
Table 5 clean,tab:clean,ServerOnly,Macro-recall (\%),94.50$\pm$1.05,94.50±1.05,yes,10,ServerOnly_s0_p0.0_R100_e5d41fc54f;ServerOnly_s1_p0.0_R100_a9b4ae553a;ServerOnly_s2_p0.0_R100_c5b9cae6e6;ServerOnly_s3_p0.0_R100_fbf83f1f03;ServerOnly_s4_p0.0_R100_b312466574;ServerOnly_s5_p0.0_R100_88cb63e806;ServerOnly_s6_p0.0_R100_33854e387f;ServerOnly_s7_p0.0_R100_0c9500ca56;ServerOnly_s8_p0.0_R100_f5e99ad1e9;ServerOnly_s9_p0.0_R100_8ccbfc7a48,results_r02/main/final_ServerOnly_s0_p0.0_R100_e5d41fc54f.json;results_r02/main/final_ServerOnly_s1_p0.0_R100_a9b4ae553a.json;results_r02/main/final_ServerOnly_s2_p0.0_R100_c5b9cae6e6.json;results_r02/main/final_ServerOnly_s3_p0.0_R100_fbf83f1f03.json;results_r02/main/final_ServerOnly_s4_p0.0_R100_b312466574.json;results_r02/main/final_ServerOnly_s5_p0.0_R100_88cb63e806.json;results_r02/main/final_ServerOnly_s6_p0.0_R100_33854e387f.json;results_r02/main/final_ServerOnly_s7_p0.0_R100_0c9500ca56.json;results_r02/main/final_ServerOnly_s8_p0.0_R100_f5e99ad1e9.json;results_r02/main/final_ServerOnly_s9_p0.0_R100_8ccbfc7a48.json,
Table 5 clean,tab:clean,ServerOnly,FAR$_B$ (\%),2.75$\pm$0.19,2.75±0.19,yes,10,ServerOnly_s0_p0.0_R100_e5d41fc54f;ServerOnly_s1_p0.0_R100_a9b4ae553a;ServerOnly_s2_p0.0_R100_c5b9cae6e6;ServerOnly_s3_p0.0_R100_fbf83f1f03;ServerOnly_s4_p0.0_R100_b312466574;ServerOnly_s5_p0.0_R100_88cb63e806;ServerOnly_s6_p0.0_R100_33854e387f;ServerOnly_s7_p0.0_R100_0c9500ca56;ServerOnly_s8_p0.0_R100_f5e99ad1e9;ServerOnly_s9_p0.0_R100_8ccbfc7a48,results_r02/main/final_ServerOnly_s0_p0.0_R100_e5d41fc54f.json;results_r02/main/final_ServerOnly_s1_p0.0_R100_a9b4ae553a.json;results_r02/main/final_ServerOnly_s2_p0.0_R100_c5b9cae6e6.json;results_r02/main/final_ServerOnly_s3_p0.0_R100_fbf83f1f03.json;results_r02/main/final_ServerOnly_s4_p0.0_R100_b312466574.json;results_r02/main/final_ServerOnly_s5_p0.0_R100_88cb63e806.json;results_r02/main/final_ServerOnly_s6_p0.0_R100_33854e387f.json;results_r02/main/final_ServerOnly_s7_p0.0_R100_0c9500ca56.json;results_r02/main/final_ServerOnly_s8_p0.0_R100_f5e99ad1e9.json;results_r02/main/final_ServerOnly_s9_p0.0_R100_8ccbfc7a48.json,
Table 5 clean,tab:clean,ServerOnly-MLP,Accuracy (\%),95.73$\pm$0.82,95.73±0.82,yes,10,ServerOnly-MLP_s0_p0.0_R100_6d063ba793;ServerOnly-MLP_s1_p0.0_R100_b106c3095f;ServerOnly-MLP_s2_p0.0_R100_a8e9741c65;ServerOnly-MLP_s3_p0.0_R100_bf3b43c225;ServerOnly-MLP_s4_p0.0_R100_e9a1c34c47;ServerOnly-MLP_s5_p0.0_R100_427dbba3fb;ServerOnly-MLP_s6_p0.0_R100_5ad78ad957;ServerOnly-MLP_s7_p0.0_R100_c106db45ad;ServerOnly-MLP_s8_p0.0_R100_d2524758dd;ServerOnly-MLP_s9_p0.0_R100_f874df000c,results_r02/main/final_ServerOnly-MLP_s0_p0.0_R100_6d063ba793.json;results_r02/main/final_ServerOnly-MLP_s1_p0.0_R100_b106c3095f.json;results_r02/main/final_ServerOnly-MLP_s2_p0.0_R100_a8e9741c65.json;results_r02/main/final_ServerOnly-MLP_s3_p0.0_R100_bf3b43c225.json;results_r02/main/final_ServerOnly-MLP_s4_p0.0_R100_e9a1c34c47.json;results_r02/main/final_ServerOnly-MLP_s5_p0.0_R100_427dbba3fb.json;results_r02/main/final_ServerOnly-MLP_s6_p0.0_R100_5ad78ad957.json;results_r02/main/final_ServerOnly-MLP_s7_p0.0_R100_c106db45ad.json;results_r02/main/final_ServerOnly-MLP_s8_p0.0_R100_d2524758dd.json;results_r02/main/final_ServerOnly-MLP_s9_p0.0_R100_f874df000c.json,
Table 5 clean,tab:clean,ServerOnly-MLP,Macro-F1 (\%),85.95$\pm$3.80,85.95±3.80,yes,10,ServerOnly-MLP_s0_p0.0_R100_6d063ba793;ServerOnly-MLP_s1_p0.0_R100_b106c3095f;ServerOnly-MLP_s2_p0.0_R100_a8e9741c65;ServerOnly-MLP_s3_p0.0_R100_bf3b43c225;ServerOnly-MLP_s4_p0.0_R100_e9a1c34c47;ServerOnly-MLP_s5_p0.0_R100_427dbba3fb;ServerOnly-MLP_s6_p0.0_R100_5ad78ad957;ServerOnly-MLP_s7_p0.0_R100_c106db45ad;ServerOnly-MLP_s8_p0.0_R100_d2524758dd;ServerOnly-MLP_s9_p0.0_R100_f874df000c,results_r02/main/final_ServerOnly-MLP_s0_p0.0_R100_6d063ba793.json;results_r02/main/final_ServerOnly-MLP_s1_p0.0_R100_b106c3095f.json;results_r02/main/final_ServerOnly-MLP_s2_p0.0_R100_a8e9741c65.json;results_r02/main/final_ServerOnly-MLP_s3_p0.0_R100_bf3b43c225.json;results_r02/main/final_ServerOnly-MLP_s4_p0.0_R100_e9a1c34c47.json;results_r02/main/final_ServerOnly-MLP_s5_p0.0_R100_427dbba3fb.json;results_r02/main/final_ServerOnly-MLP_s6_p0.0_R100_5ad78ad957.json;results_r02/main/final_ServerOnly-MLP_s7_p0.0_R100_c106db45ad.json;results_r02/main/final_ServerOnly-MLP_s8_p0.0_R100_d2524758dd.json;results_r02/main/final_ServerOnly-MLP_s9_p0.0_R100_f874df000c.json,
Table 5 clean,tab:clean,ServerOnly-MLP,Macro-recall (\%),87.68$\pm$5.24,87.68±5.24,yes,10,ServerOnly-MLP_s0_p0.0_R100_6d063ba793;ServerOnly-MLP_s1_p0.0_R100_b106c3095f;ServerOnly-MLP_s2_p0.0_R100_a8e9741c65;ServerOnly-MLP_s3_p0.0_R100_bf3b43c225;ServerOnly-MLP_s4_p0.0_R100_e9a1c34c47;ServerOnly-MLP_s5_p0.0_R100_427dbba3fb;ServerOnly-MLP_s6_p0.0_R100_5ad78ad957;ServerOnly-MLP_s7_p0.0_R100_c106db45ad;ServerOnly-MLP_s8_p0.0_R100_d2524758dd;ServerOnly-MLP_s9_p0.0_R100_f874df000c,results_r02/main/final_ServerOnly-MLP_s0_p0.0_R100_6d063ba793.json;results_r02/main/final_ServerOnly-MLP_s1_p0.0_R100_b106c3095f.json;results_r02/main/final_ServerOnly-MLP_s2_p0.0_R100_a8e9741c65.json;results_r02/main/final_ServerOnly-MLP_s3_p0.0_R100_bf3b43c225.json;results_r02/main/final_ServerOnly-MLP_s4_p0.0_R100_e9a1c34c47.json;results_r02/main/final_ServerOnly-MLP_s5_p0.0_R100_427dbba3fb.json;results_r02/main/final_ServerOnly-MLP_s6_p0.0_R100_5ad78ad957.json;results_r02/main/final_ServerOnly-MLP_s7_p0.0_R100_c106db45ad.json;results_r02/main/final_ServerOnly-MLP_s8_p0.0_R100_d2524758dd.json;results_r02/main/final_ServerOnly-MLP_s9_p0.0_R100_f874df000c.json,
Table 5 clean,tab:clean,ServerOnly-MLP,FAR$_B$ (\%),3.82$\pm$1.08,3.82±1.08,yes,10,ServerOnly-MLP_s0_p0.0_R100_6d063ba793;ServerOnly-MLP_s1_p0.0_R100_b106c3095f;ServerOnly-MLP_s2_p0.0_R100_a8e9741c65;ServerOnly-MLP_s3_p0.0_R100_bf3b43c225;ServerOnly-MLP_s4_p0.0_R100_e9a1c34c47;ServerOnly-MLP_s5_p0.0_R100_427dbba3fb;ServerOnly-MLP_s6_p0.0_R100_5ad78ad957;ServerOnly-MLP_s7_p0.0_R100_c106db45ad;ServerOnly-MLP_s8_p0.0_R100_d2524758dd;ServerOnly-MLP_s9_p0.0_R100_f874df000c,results_r02/main/final_ServerOnly-MLP_s0_p0.0_R100_6d063ba793.json;results_r02/main/final_ServerOnly-MLP_s1_p0.0_R100_b106c3095f.json;results_r02/main/final_ServerOnly-MLP_s2_p0.0_R100_a8e9741c65.json;results_r02/main/final_ServerOnly-MLP_s3_p0.0_R100_bf3b43c225.json;results_r02/main/final_ServerOnly-MLP_s4_p0.0_R100_e9a1c34c47.json;results_r02/main/final_ServerOnly-MLP_s5_p0.0_R100_427dbba3fb.json;results_r02/main/final_ServerOnly-MLP_s6_p0.0_R100_5ad78ad957.json;results_r02/main/final_ServerOnly-MLP_s7_p0.0_R100_c106db45ad.json;results_r02/main/final_ServerOnly-MLP_s8_p0.0_R100_d2524758dd.json;results_r02/main/final_ServerOnly-MLP_s9_p0.0_R100_f874df000c.json,
Table 6 paired tests,tab:tests,Accuracy vs FedAvg,diff / CI / p_t / p_holm / p_W / d_z,+8.83 | [+6.07; +11.59] | $<$0.001 | $<$0.001 | 0.002 | 2.29,+8.83 | [+6.07; +11.59] | $<$0.001 | $<$0.001 | 0.002 | 2.29,yes,10,DyF-ZTL-V_s0_p0.0_R100_80bf0e9a50;DyF-ZTL-V_s1_p0.0_R100_749ae4dd2f;DyF-ZTL-V_s2_p0.0_R100_51acb3fbbb;DyF-ZTL-V_s3_p0.0_R100_c5ab1537e6;DyF-ZTL-V_s4_p0.0_R100_637d44f118;DyF-ZTL-V_s5_p0.0_R100_5b42d47528;DyF-ZTL-V_s6_p0.0_R100_4647357bee;DyF-ZTL-V_s7_p0.0_R100_42bec17b54;DyF-ZTL-V_s8_p0.0_R100_360545a5f2;DyF-ZTL-V_s9_p0.0_R100_c38dc802e2|FedAvg_s0_p0.0_R100_ea8bac71c4;FedAvg_s1_p0.0_R100_5583fb0784;FedAvg_s2_p0.0_R100_d7cc5424da;FedAvg_s3_p0.0_R100_20033be89f;FedAvg_s4_p0.0_R100_76afbd23ee;FedAvg_s5_p0.0_R100_b38c34ec9f;FedAvg_s6_p0.0_R100_787f6a9497;FedAvg_s7_p0.0_R100_d659c9a50d;FedAvg_s8_p0.0_R100_5af931b1a8;FedAvg_s9_p0.0_R100_b46cc80f55,results_r02/main/final_DyF-ZTL-V_s0_p0.0_R100_80bf0e9a50.json;results_r02/main/final_DyF-ZTL-V_s1_p0.0_R100_749ae4dd2f.json;results_r02/main/final_DyF-ZTL-V_s2_p0.0_R100_51acb3fbbb.json;results_r02/main/final_DyF-ZTL-V_s3_p0.0_R100_c5ab1537e6.json;results_r02/main/final_DyF-ZTL-V_s4_p0.0_R100_637d44f118.json;results_r02/main/final_DyF-ZTL-V_s5_p0.0_R100_5b42d47528.json;results_r02/main/final_DyF-ZTL-V_s6_p0.0_R100_4647357bee.json;results_r02/main/final_DyF-ZTL-V_s7_p0.0_R100_42bec17b54.json;results_r02/main/final_DyF-ZTL-V_s8_p0.0_R100_360545a5f2.json;results_r02/main/final_DyF-ZTL-V_s9_p0.0_R100_c38dc802e2.json;results_r02/main/final_FedAvg_s0_p0.0_R100_ea8bac71c4.json;results_r02/main/final_FedAvg_s1_p0.0_R100_5583fb0784.json;results_r02/main/final_FedAvg_s2_p0.0_R100_d7cc5424da.json;results_r02/main/final_FedAvg_s3_p0.0_R100_20033be89f.json;results_r02/main/final_FedAvg_s4_p0.0_R100_76afbd23ee.json;results_r02/main/final_FedAvg_s5_p0.0_R100_b38c34ec9f.json;results_r02/main/final_FedAvg_s6_p0.0_R100_787f6a9497.json;results_r02/main/final_FedAvg_s7_p0.0_R100_d659c9a50d.json;results_r02/main/final_FedAvg_s8_p0.0_R100_5af931b1a8.json;results_r02/main/final_FedAvg_s9_p0.0_R100_b46cc80f55.json,paired t / Wilcoxon / Holm recomputed from the JSON test metrics
Table 6 paired tests,tab:tests,Accuracy vs FedProx,diff / CI / p_t / p_holm / p_W / d_z,+2.95 | [+1.98; +3.92] | $<$0.001 | $<$0.001 | 0.002 | 2.18,+2.95 | [+1.98; +3.92] | $<$0.001 | $<$0.001 | 0.002 | 2.18,yes,10,DyF-ZTL-V_s0_p0.0_R100_80bf0e9a50;DyF-ZTL-V_s1_p0.0_R100_749ae4dd2f;DyF-ZTL-V_s2_p0.0_R100_51acb3fbbb;DyF-ZTL-V_s3_p0.0_R100_c5ab1537e6;DyF-ZTL-V_s4_p0.0_R100_637d44f118;DyF-ZTL-V_s5_p0.0_R100_5b42d47528;DyF-ZTL-V_s6_p0.0_R100_4647357bee;DyF-ZTL-V_s7_p0.0_R100_42bec17b54;DyF-ZTL-V_s8_p0.0_R100_360545a5f2;DyF-ZTL-V_s9_p0.0_R100_c38dc802e2|FedProx_s0_p0.0_R100_d2f48b4d2d;FedProx_s1_p0.0_R100_ea761b5b31;FedProx_s2_p0.0_R100_a9e66fb6e3;FedProx_s3_p0.0_R100_35289c22c3;FedProx_s4_p0.0_R100_d0b0d7a309;FedProx_s5_p0.0_R100_462c834450;FedProx_s6_p0.0_R100_4747fef7d5;FedProx_s7_p0.0_R100_dd6d660b9d;FedProx_s8_p0.0_R100_fa1dee6c4c;FedProx_s9_p0.0_R100_d39703bf46,results_r02/main/final_DyF-ZTL-V_s0_p0.0_R100_80bf0e9a50.json;results_r02/main/final_DyF-ZTL-V_s1_p0.0_R100_749ae4dd2f.json;results_r02/main/final_DyF-ZTL-V_s2_p0.0_R100_51acb3fbbb.json;results_r02/main/final_DyF-ZTL-V_s3_p0.0_R100_c5ab1537e6.json;results_r02/main/final_DyF-ZTL-V_s4_p0.0_R100_637d44f118.json;results_r02/main/final_DyF-ZTL-V_s5_p0.0_R100_5b42d47528.json;results_r02/main/final_DyF-ZTL-V_s6_p0.0_R100_4647357bee.json;results_r02/main/final_DyF-ZTL-V_s7_p0.0_R100_42bec17b54.json;results_r02/main/final_DyF-ZTL-V_s8_p0.0_R100_360545a5f2.json;results_r02/main/final_DyF-ZTL-V_s9_p0.0_R100_c38dc802e2.json;results_r02/main/final_FedProx_s0_p0.0_R100_d2f48b4d2d.json;results_r02/main/final_FedProx_s1_p0.0_R100_ea761b5b31.json;results_r02/main/final_FedProx_s2_p0.0_R100_a9e66fb6e3.json;results_r02/main/final_FedProx_s3_p0.0_R100_35289c22c3.json;results_r02/main/final_FedProx_s4_p0.0_R100_d0b0d7a309.json;results_r02/main/final_FedProx_s5_p0.0_R100_462c834450.json;results_r02/main/final_FedProx_s6_p0.0_R100_4747fef7d5.json;results_r02/main/final_FedProx_s7_p0.0_R100_dd6d660b9d.json;results_r02/main/final_FedProx_s8_p0.0_R100_fa1dee6c4c.json;results_r02/main/final_FedProx_s9_p0.0_R100_d39703bf46.json,paired t / Wilcoxon / Holm recomputed from the JSON test metrics
Table 6 paired tests,tab:tests,Accuracy vs SCAFFOLD,diff / CI / p_t / p_holm / p_W / d_z,+0.40 | [-0.16; +0.95] | 0.140 | 0.140 | 0.193 | 0.51,+0.40 | [-0.16; +0.95] | 0.140 | 0.140 | 0.193 | 0.51,yes,10,DyF-ZTL-V_s0_p0.0_R100_80bf0e9a50;DyF-ZTL-V_s1_p0.0_R100_749ae4dd2f;DyF-ZTL-V_s2_p0.0_R100_51acb3fbbb;DyF-ZTL-V_s3_p0.0_R100_c5ab1537e6;DyF-ZTL-V_s4_p0.0_R100_637d44f118;DyF-ZTL-V_s5_p0.0_R100_5b42d47528;DyF-ZTL-V_s6_p0.0_R100_4647357bee;DyF-ZTL-V_s7_p0.0_R100_42bec17b54;DyF-ZTL-V_s8_p0.0_R100_360545a5f2;DyF-ZTL-V_s9_p0.0_R100_c38dc802e2|SCAFFOLD2-SGD05_s0_p0.0_R100_97159d895b;SCAFFOLD2-SGD05_s1_p0.0_R100_120cffedd7;SCAFFOLD2-SGD05_s2_p0.0_R100_b4a63a5e36;SCAFFOLD2-SGD05_s3_p0.0_R100_39ab852c64;SCAFFOLD2-SGD05_s4_p0.0_R100_4e249d164e;SCAFFOLD2-SGD05_s5_p0.0_R100_6a6eaa02af;SCAFFOLD2-SGD05_s6_p0.0_R100_e5e7ecfc23;SCAFFOLD2-SGD05_s7_p0.0_R100_ad9f553018;SCAFFOLD2-SGD05_s8_p0.0_R100_33f48f5f9a;SCAFFOLD2-SGD05_s9_p0.0_R100_6731923dbb,results_r02/main/final_DyF-ZTL-V_s0_p0.0_R100_80bf0e9a50.json;results_r02/main/final_DyF-ZTL-V_s1_p0.0_R100_749ae4dd2f.json;results_r02/main/final_DyF-ZTL-V_s2_p0.0_R100_51acb3fbbb.json;results_r02/main/final_DyF-ZTL-V_s3_p0.0_R100_c5ab1537e6.json;results_r02/main/final_DyF-ZTL-V_s4_p0.0_R100_637d44f118.json;results_r02/main/final_DyF-ZTL-V_s5_p0.0_R100_5b42d47528.json;results_r02/main/final_DyF-ZTL-V_s6_p0.0_R100_4647357bee.json;results_r02/main/final_DyF-ZTL-V_s7_p0.0_R100_42bec17b54.json;results_r02/main/final_DyF-ZTL-V_s8_p0.0_R100_360545a5f2.json;results_r02/main/final_DyF-ZTL-V_s9_p0.0_R100_c38dc802e2.json;results_r02/main/final_SCAFFOLD2-SGD05_s0_p0.0_R100_97159d895b.json;results_r02/main/final_SCAFFOLD2-SGD05_s1_p0.0_R100_120cffedd7.json;results_r02/main/final_SCAFFOLD2-SGD05_s2_p0.0_R100_b4a63a5e36.json;results_r02/main/final_SCAFFOLD2-SGD05_s3_p0.0_R100_39ab852c64.json;results_r02/main/final_SCAFFOLD2-SGD05_s4_p0.0_R100_4e249d164e.json;results_r02/main/final_SCAFFOLD2-SGD05_s5_p0.0_R100_6a6eaa02af.json;results_r02/main/final_SCAFFOLD2-SGD05_s6_p0.0_R100_e5e7ecfc23.json;results_r02/main/final_SCAFFOLD2-SGD05_s7_p0.0_R100_ad9f553018.json;results_r02/main/final_SCAFFOLD2-SGD05_s8_p0.0_R100_33f48f5f9a.json;results_r02/main/final_SCAFFOLD2-SGD05_s9_p0.0_R100_6731923dbb.json,paired t / Wilcoxon / Holm recomputed from the JSON test metrics
Table 6 paired tests,tab:tests,Accuracy vs FedAvg-U,diff / CI / p_t / p_holm / p_W / d_z,+2.03 | [+1.00; +3.07] | 0.002 | 0.003 | 0.002 | 1.40,+2.03 | [+1.00; +3.07] | 0.002 | 0.003 | 0.002 | 1.40,yes,10,DyF-ZTL-V_s0_p0.0_R100_80bf0e9a50;DyF-ZTL-V_s1_p0.0_R100_749ae4dd2f;DyF-ZTL-V_s2_p0.0_R100_51acb3fbbb;DyF-ZTL-V_s3_p0.0_R100_c5ab1537e6;DyF-ZTL-V_s4_p0.0_R100_637d44f118;DyF-ZTL-V_s5_p0.0_R100_5b42d47528;DyF-ZTL-V_s6_p0.0_R100_4647357bee;DyF-ZTL-V_s7_p0.0_R100_42bec17b54;DyF-ZTL-V_s8_p0.0_R100_360545a5f2;DyF-ZTL-V_s9_p0.0_R100_c38dc802e2|FedAvg-U_s0_p0.0_R100_3258978530;FedAvg-U_s1_p0.0_R100_b0fbce4226;FedAvg-U_s2_p0.0_R100_086789646e;FedAvg-U_s3_p0.0_R100_d4033871be;FedAvg-U_s4_p0.0_R100_dc2a1cde5f;FedAvg-U_s5_p0.0_R100_d343e7ade9;FedAvg-U_s6_p0.0_R100_4f94b80d95;FedAvg-U_s7_p0.0_R100_926ac16dc3;FedAvg-U_s8_p0.0_R100_2d06c32846;FedAvg-U_s9_p0.0_R100_5c27f0e14c,results_r02/main/final_DyF-ZTL-V_s0_p0.0_R100_80bf0e9a50.json;results_r02/main/final_DyF-ZTL-V_s1_p0.0_R100_749ae4dd2f.json;results_r02/main/final_DyF-ZTL-V_s2_p0.0_R100_51acb3fbbb.json;results_r02/main/final_DyF-ZTL-V_s3_p0.0_R100_c5ab1537e6.json;results_r02/main/final_DyF-ZTL-V_s4_p0.0_R100_637d44f118.json;results_r02/main/final_DyF-ZTL-V_s5_p0.0_R100_5b42d47528.json;results_r02/main/final_DyF-ZTL-V_s6_p0.0_R100_4647357bee.json;results_r02/main/final_DyF-ZTL-V_s7_p0.0_R100_42bec17b54.json;results_r02/main/final_DyF-ZTL-V_s8_p0.0_R100_360545a5f2.json;results_r02/main/final_DyF-ZTL-V_s9_p0.0_R100_c38dc802e2.json;results_r02/agg_ablation/final_FedAvg-U_s0_p0.0_R100_3258978530.json;results_r02/agg_ablation/final_FedAvg-U_s1_p0.0_R100_b0fbce4226.json;results_r02/agg_ablation/final_FedAvg-U_s2_p0.0_R100_086789646e.json;results_r02/agg_ablation/final_FedAvg-U_s3_p0.0_R100_d4033871be.json;results_r02/agg_ablation/final_FedAvg-U_s4_p0.0_R100_dc2a1cde5f.json;results_r02/agg_ablation/final_FedAvg-U_s5_p0.0_R100_d343e7ade9.json;results_r02/agg_ablation/final_FedAvg-U_s6_p0.0_R100_4f94b80d95.json;results_r02/agg_ablation/final_FedAvg-U_s7_p0.0_R100_926ac16dc3.json;results_r02/agg_ablation/final_FedAvg-U_s8_p0.0_R100_2d06c32846.json;results_r02/agg_ablation/final_FedAvg-U_s9_p0.0_R100_5c27f0e14c.json,paired t / Wilcoxon / Holm recomputed from the JSON test metrics
Table 6 paired tests,tab:tests,Accuracy vs FedProx-U,diff / CI / p_t / p_holm / p_W / d_z,+0.61 | [+0.21; +1.01] | 0.007 | 0.007 | 0.020 | 1.10,+0.61 | [+0.21; +1.01] | 0.007 | 0.007 | 0.020 | 1.10,yes,10,DyF-ZTL-V_s0_p0.0_R100_80bf0e9a50;DyF-ZTL-V_s1_p0.0_R100_749ae4dd2f;DyF-ZTL-V_s2_p0.0_R100_51acb3fbbb;DyF-ZTL-V_s3_p0.0_R100_c5ab1537e6;DyF-ZTL-V_s4_p0.0_R100_637d44f118;DyF-ZTL-V_s5_p0.0_R100_5b42d47528;DyF-ZTL-V_s6_p0.0_R100_4647357bee;DyF-ZTL-V_s7_p0.0_R100_42bec17b54;DyF-ZTL-V_s8_p0.0_R100_360545a5f2;DyF-ZTL-V_s9_p0.0_R100_c38dc802e2|FedProx-U_s0_p0.0_R100_754283dd0f;FedProx-U_s1_p0.0_R100_a53a4bd3cd;FedProx-U_s2_p0.0_R100_50a4bbc3f7;FedProx-U_s3_p0.0_R100_5ae157cc3e;FedProx-U_s4_p0.0_R100_7dff7d392c;FedProx-U_s5_p0.0_R100_cf679ffaca;FedProx-U_s6_p0.0_R100_d7e5ccb0c5;FedProx-U_s7_p0.0_R100_dab03a978c;FedProx-U_s8_p0.0_R100_38ecdf5292;FedProx-U_s9_p0.0_R100_32d6358bc5,results_r02/main/final_DyF-ZTL-V_s0_p0.0_R100_80bf0e9a50.json;results_r02/main/final_DyF-ZTL-V_s1_p0.0_R100_749ae4dd2f.json;results_r02/main/final_DyF-ZTL-V_s2_p0.0_R100_51acb3fbbb.json;results_r02/main/final_DyF-ZTL-V_s3_p0.0_R100_c5ab1537e6.json;results_r02/main/final_DyF-ZTL-V_s4_p0.0_R100_637d44f118.json;results_r02/main/final_DyF-ZTL-V_s5_p0.0_R100_5b42d47528.json;results_r02/main/final_DyF-ZTL-V_s6_p0.0_R100_4647357bee.json;results_r02/main/final_DyF-ZTL-V_s7_p0.0_R100_42bec17b54.json;results_r02/main/final_DyF-ZTL-V_s8_p0.0_R100_360545a5f2.json;results_r02/main/final_DyF-ZTL-V_s9_p0.0_R100_c38dc802e2.json;results_r02/agg_ablation/final_FedProx-U_s0_p0.0_R100_754283dd0f.json;results_r02/agg_ablation/final_FedProx-U_s1_p0.0_R100_a53a4bd3cd.json;results_r02/agg_ablation/final_FedProx-U_s2_p0.0_R100_50a4bbc3f7.json;results_r02/agg_ablation/final_FedProx-U_s3_p0.0_R100_5ae157cc3e.json;results_r02/agg_ablation/final_FedProx-U_s4_p0.0_R100_7dff7d392c.json;results_r02/agg_ablation/final_FedProx-U_s5_p0.0_R100_cf679ffaca.json;results_r02/agg_ablation/final_FedProx-U_s6_p0.0_R100_d7e5ccb0c5.json;results_r02/agg_ablation/final_FedProx-U_s7_p0.0_R100_dab03a978c.json;results_r02/agg_ablation/final_FedProx-U_s8_p0.0_R100_38ecdf5292.json;results_r02/agg_ablation/final_FedProx-U_s9_p0.0_R100_32d6358bc5.json,paired t / Wilcoxon / Holm recomputed from the JSON test metrics
Table 6 paired tests,tab:tests,Accuracy vs FLTrust,diff / CI / p_t / p_holm / p_W / d_z,+0.73 | [+0.38; +1.07] | $<$0.001 | 0.003 | 0.008 | 1.51,+0.73 | [+0.38; +1.07] | $<$0.001 | 0.003 | 0.008 | 1.51,yes,10,DyF-ZTL-V_s0_p0.0_R100_80bf0e9a50;DyF-ZTL-V_s1_p0.0_R100_749ae4dd2f;DyF-ZTL-V_s2_p0.0_R100_51acb3fbbb;DyF-ZTL-V_s3_p0.0_R100_c5ab1537e6;DyF-ZTL-V_s4_p0.0_R100_637d44f118;DyF-ZTL-V_s5_p0.0_R100_5b42d47528;DyF-ZTL-V_s6_p0.0_R100_4647357bee;DyF-ZTL-V_s7_p0.0_R100_42bec17b54;DyF-ZTL-V_s8_p0.0_R100_360545a5f2;DyF-ZTL-V_s9_p0.0_R100_c38dc802e2|FLTrust_s0_p0.0_R100_1271e24ba8;FLTrust_s1_p0.0_R100_b60f2479bc;FLTrust_s2_p0.0_R100_6978264380;FLTrust_s3_p0.0_R100_5b4dcc15ee;FLTrust_s4_p0.0_R100_ce6cb407a4;FLTrust_s5_p0.0_R100_c93c9feb83;FLTrust_s6_p0.0_R100_45ee0634d2;FLTrust_s7_p0.0_R100_73ba6d46a3;FLTrust_s8_p0.0_R100_814b3613e0;FLTrust_s9_p0.0_R100_aa4b814e5e,results_r02/main/final_DyF-ZTL-V_s0_p0.0_R100_80bf0e9a50.json;results_r02/main/final_DyF-ZTL-V_s1_p0.0_R100_749ae4dd2f.json;results_r02/main/final_DyF-ZTL-V_s2_p0.0_R100_51acb3fbbb.json;results_r02/main/final_DyF-ZTL-V_s3_p0.0_R100_c5ab1537e6.json;results_r02/main/final_DyF-ZTL-V_s4_p0.0_R100_637d44f118.json;results_r02/main/final_DyF-ZTL-V_s5_p0.0_R100_5b42d47528.json;results_r02/main/final_DyF-ZTL-V_s6_p0.0_R100_4647357bee.json;results_r02/main/final_DyF-ZTL-V_s7_p0.0_R100_42bec17b54.json;results_r02/main/final_DyF-ZTL-V_s8_p0.0_R100_360545a5f2.json;results_r02/main/final_DyF-ZTL-V_s9_p0.0_R100_c38dc802e2.json;results_r02/cyclic/final_FLTrust_s0_p0.0_R100_1271e24ba8.json;results_r02/cyclic/final_FLTrust_s1_p0.0_R100_b60f2479bc.json;results_r02/cyclic/final_FLTrust_s2_p0.0_R100_6978264380.json;results_r02/cyclic/final_FLTrust_s3_p0.0_R100_5b4dcc15ee.json;results_r02/cyclic/final_FLTrust_s4_p0.0_R100_ce6cb407a4.json;results_r02/cyclic/final_FLTrust_s5_p0.0_R100_c93c9feb83.json;results_r02/cyclic/final_FLTrust_s6_p0.0_R100_45ee0634d2.json;results_r02/cyclic/final_FLTrust_s7_p0.0_R100_73ba6d46a3.json;results_r02/cyclic/final_FLTrust_s8_p0.0_R100_814b3613e0.json;results_r02/cyclic/final_FLTrust_s9_p0.0_R100_aa4b814e5e.json,paired t / Wilcoxon / Holm recomputed from the JSON test metrics
Table 6 paired tests,tab:tests,Accuracy vs DeepTrust-V,diff / CI / p_t / p_holm / p_W / d_z,+1.47 | [+1.15; +1.80] | $<$0.001 | $<$0.001 | 0.002 | 3.21,+1.47 | [+1.15; +1.80] | $<$0.001 | $<$0.001 | 0.002 | 3.21,yes,10,DyF-ZTL-V_s0_p0.0_R100_80bf0e9a50;DyF-ZTL-V_s1_p0.0_R100_749ae4dd2f;DyF-ZTL-V_s2_p0.0_R100_51acb3fbbb;DyF-ZTL-V_s3_p0.0_R100_c5ab1537e6;DyF-ZTL-V_s4_p0.0_R100_637d44f118;DyF-ZTL-V_s5_p0.0_R100_5b42d47528;DyF-ZTL-V_s6_p0.0_R100_4647357bee;DyF-ZTL-V_s7_p0.0_R100_42bec17b54;DyF-ZTL-V_s8_p0.0_R100_360545a5f2;DyF-ZTL-V_s9_p0.0_R100_c38dc802e2|DeepTrust-V_s0_p0.0_R100_1af7ea1705;DeepTrust-V_s1_p0.0_R100_90115100f7;DeepTrust-V_s2_p0.0_R100_bdfed71442;DeepTrust-V_s3_p0.0_R100_822bfee19b;DeepTrust-V_s4_p0.0_R100_bceeac34f2;DeepTrust-V_s5_p0.0_R100_d8e700b5de;DeepTrust-V_s6_p0.0_R100_51bc0d7735;DeepTrust-V_s7_p0.0_R100_cb13444200;DeepTrust-V_s8_p0.0_R100_84f5be35d9;DeepTrust-V_s9_p0.0_R100_e287a3d0b7,results_r02/main/final_DyF-ZTL-V_s0_p0.0_R100_80bf0e9a50.json;results_r02/main/final_DyF-ZTL-V_s1_p0.0_R100_749ae4dd2f.json;results_r02/main/final_DyF-ZTL-V_s2_p0.0_R100_51acb3fbbb.json;results_r02/main/final_DyF-ZTL-V_s3_p0.0_R100_c5ab1537e6.json;results_r02/main/final_DyF-ZTL-V_s4_p0.0_R100_637d44f118.json;results_r02/main/final_DyF-ZTL-V_s5_p0.0_R100_5b42d47528.json;results_r02/main/final_DyF-ZTL-V_s6_p0.0_R100_4647357bee.json;results_r02/main/final_DyF-ZTL-V_s7_p0.0_R100_42bec17b54.json;results_r02/main/final_DyF-ZTL-V_s8_p0.0_R100_360545a5f2.json;results_r02/main/final_DyF-ZTL-V_s9_p0.0_R100_c38dc802e2.json;results_r02/main/final_DeepTrust-V_s0_p0.0_R100_1af7ea1705.json;results_r02/main/final_DeepTrust-V_s1_p0.0_R100_90115100f7.json;results_r02/main/final_DeepTrust-V_s2_p0.0_R100_bdfed71442.json;results_r02/main/final_DeepTrust-V_s3_p0.0_R100_822bfee19b.json;results_r02/main/final_DeepTrust-V_s4_p0.0_R100_bceeac34f2.json;results_r02/main/final_DeepTrust-V_s5_p0.0_R100_d8e700b5de.json;results_r02/main/final_DeepTrust-V_s6_p0.0_R100_51bc0d7735.json;results_r02/main/final_DeepTrust-V_s7_p0.0_R100_cb13444200.json;results_r02/main/final_DeepTrust-V_s8_p0.0_R100_84f5be35d9.json;results_r02/main/final_DeepTrust-V_s9_p0.0_R100_e287a3d0b7.json,paired t / Wilcoxon / Holm recomputed from the JSON test metrics
Table 6 paired tests,tab:tests,Accuracy vs FuzzyNoTrust,diff / CI / p_t / p_holm / p_W / d_z,+0.95 | [-0.05; +1.95] | 0.059 | 0.118 | 0.002 | 0.68,+0.95 | [-0.05; +1.95] | 0.059 | 0.118 | 0.002 | 0.68,yes,10,DyF-ZTL-V_s0_p0.0_R100_80bf0e9a50;DyF-ZTL-V_s1_p0.0_R100_749ae4dd2f;DyF-ZTL-V_s2_p0.0_R100_51acb3fbbb;DyF-ZTL-V_s3_p0.0_R100_c5ab1537e6;DyF-ZTL-V_s4_p0.0_R100_637d44f118;DyF-ZTL-V_s5_p0.0_R100_5b42d47528;DyF-ZTL-V_s6_p0.0_R100_4647357bee;DyF-ZTL-V_s7_p0.0_R100_42bec17b54;DyF-ZTL-V_s8_p0.0_R100_360545a5f2;DyF-ZTL-V_s9_p0.0_R100_c38dc802e2|FuzzyNoTrust_s0_p0.0_R100_57a8932ef9;FuzzyNoTrust_s1_p0.0_R100_65200b8346;FuzzyNoTrust_s2_p0.0_R100_167c4f2b6c;FuzzyNoTrust_s3_p0.0_R100_a542cc01a3;FuzzyNoTrust_s4_p0.0_R100_d2ed990763;FuzzyNoTrust_s5_p0.0_R100_1f44ad8062;FuzzyNoTrust_s6_p0.0_R100_0aa5124c30;FuzzyNoTrust_s7_p0.0_R100_491c3c5a30;FuzzyNoTrust_s8_p0.0_R100_5dbc855292;FuzzyNoTrust_s9_p0.0_R100_01b08a97a7,results_r02/main/final_DyF-ZTL-V_s0_p0.0_R100_80bf0e9a50.json;results_r02/main/final_DyF-ZTL-V_s1_p0.0_R100_749ae4dd2f.json;results_r02/main/final_DyF-ZTL-V_s2_p0.0_R100_51acb3fbbb.json;results_r02/main/final_DyF-ZTL-V_s3_p0.0_R100_c5ab1537e6.json;results_r02/main/final_DyF-ZTL-V_s4_p0.0_R100_637d44f118.json;results_r02/main/final_DyF-ZTL-V_s5_p0.0_R100_5b42d47528.json;results_r02/main/final_DyF-ZTL-V_s6_p0.0_R100_4647357bee.json;results_r02/main/final_DyF-ZTL-V_s7_p0.0_R100_42bec17b54.json;results_r02/main/final_DyF-ZTL-V_s8_p0.0_R100_360545a5f2.json;results_r02/main/final_DyF-ZTL-V_s9_p0.0_R100_c38dc802e2.json;results_r02/main/final_FuzzyNoTrust_s0_p0.0_R100_57a8932ef9.json;results_r02/main/final_FuzzyNoTrust_s1_p0.0_R100_65200b8346.json;results_r02/main/final_FuzzyNoTrust_s2_p0.0_R100_167c4f2b6c.json;results_r02/main/final_FuzzyNoTrust_s3_p0.0_R100_a542cc01a3.json;results_r02/main/final_FuzzyNoTrust_s4_p0.0_R100_d2ed990763.json;results_r02/main/final_FuzzyNoTrust_s5_p0.0_R100_1f44ad8062.json;results_r02/main/final_FuzzyNoTrust_s6_p0.0_R100_0aa5124c30.json;results_r02/main/final_FuzzyNoTrust_s7_p0.0_R100_491c3c5a30.json;results_r02/main/final_FuzzyNoTrust_s8_p0.0_R100_5dbc855292.json;results_r02/main/final_FuzzyNoTrust_s9_p0.0_R100_01b08a97a7.json,paired t / Wilcoxon / Holm recomputed from the JSON test metrics
Table 6 paired tests,tab:tests,Accuracy vs DyF-ZTL-v1,diff / CI / p_t / p_holm / p_W / d_z,+0.34 | [-0.11; +0.80] | 0.118 | 0.118 | 0.193 | 0.55,+0.34 | [-0.11; +0.80] | 0.118 | 0.118 | 0.193 | 0.55,yes,10,DyF-ZTL-V_s0_p0.0_R100_80bf0e9a50;DyF-ZTL-V_s1_p0.0_R100_749ae4dd2f;DyF-ZTL-V_s2_p0.0_R100_51acb3fbbb;DyF-ZTL-V_s3_p0.0_R100_c5ab1537e6;DyF-ZTL-V_s4_p0.0_R100_637d44f118;DyF-ZTL-V_s5_p0.0_R100_5b42d47528;DyF-ZTL-V_s6_p0.0_R100_4647357bee;DyF-ZTL-V_s7_p0.0_R100_42bec17b54;DyF-ZTL-V_s8_p0.0_R100_360545a5f2;DyF-ZTL-V_s9_p0.0_R100_c38dc802e2|DyF-ZTL-v1_s0_p0.0_R100_03d836afa7;DyF-ZTL-v1_s1_p0.0_R100_5bb99c99fc;DyF-ZTL-v1_s2_p0.0_R100_879fd9fbf9;DyF-ZTL-v1_s3_p0.0_R100_38831b5aa0;DyF-ZTL-v1_s4_p0.0_R100_edb115f3c1;DyF-ZTL-v1_s5_p0.0_R100_01dd5acff7;DyF-ZTL-v1_s6_p0.0_R100_53a8508d9a;DyF-ZTL-v1_s7_p0.0_R100_6486111f4f;DyF-ZTL-v1_s8_p0.0_R100_6f56c50223;DyF-ZTL-v1_s9_p0.0_R100_f0bbea3fba,results_r02/main/final_DyF-ZTL-V_s0_p0.0_R100_80bf0e9a50.json;results_r02/main/final_DyF-ZTL-V_s1_p0.0_R100_749ae4dd2f.json;results_r02/main/final_DyF-ZTL-V_s2_p0.0_R100_51acb3fbbb.json;results_r02/main/final_DyF-ZTL-V_s3_p0.0_R100_c5ab1537e6.json;results_r02/main/final_DyF-ZTL-V_s4_p0.0_R100_637d44f118.json;results_r02/main/final_DyF-ZTL-V_s5_p0.0_R100_5b42d47528.json;results_r02/main/final_DyF-ZTL-V_s6_p0.0_R100_4647357bee.json;results_r02/main/final_DyF-ZTL-V_s7_p0.0_R100_42bec17b54.json;results_r02/main/final_DyF-ZTL-V_s8_p0.0_R100_360545a5f2.json;results_r02/main/final_DyF-ZTL-V_s9_p0.0_R100_c38dc802e2.json;results_r02/main/final_DyF-ZTL-v1_s0_p0.0_R100_03d836afa7.json;results_r02/main/final_DyF-ZTL-v1_s1_p0.0_R100_5bb99c99fc.json;results_r02/main/final_DyF-ZTL-v1_s2_p0.0_R100_879fd9fbf9.json;results_r02/main/final_DyF-ZTL-v1_s3_p0.0_R100_38831b5aa0.json;results_r02/main/final_DyF-ZTL-v1_s4_p0.0_R100_edb115f3c1.json;results_r02/main/final_DyF-ZTL-v1_s5_p0.0_R100_01dd5acff7.json;results_r02/main/final_DyF-ZTL-v1_s6_p0.0_R100_53a8508d9a.json;results_r02/main/final_DyF-ZTL-v1_s7_p0.0_R100_6486111f4f.json;results_r02/main/final_DyF-ZTL-v1_s8_p0.0_R100_6f56c50223.json;results_r02/main/final_DyF-ZTL-v1_s9_p0.0_R100_f0bbea3fba.json,paired t / Wilcoxon / Holm recomputed from the JSON test metrics
Table 6 paired tests,tab:tests,Accuracy vs ServerOnly,diff / CI / p_t / p_holm / p_W / d_z,-0.57 | [-0.98; -0.17] | 0.011 | 0.033 | 0.002 | -1.01,-0.57 | [-0.98; -0.17] | 0.011 | 0.033 | 0.002 | -1.01,yes,10,DyF-ZTL-V_s0_p0.0_R100_80bf0e9a50;DyF-ZTL-V_s1_p0.0_R100_749ae4dd2f;DyF-ZTL-V_s2_p0.0_R100_51acb3fbbb;DyF-ZTL-V_s3_p0.0_R100_c5ab1537e6;DyF-ZTL-V_s4_p0.0_R100_637d44f118;DyF-ZTL-V_s5_p0.0_R100_5b42d47528;DyF-ZTL-V_s6_p0.0_R100_4647357bee;DyF-ZTL-V_s7_p0.0_R100_42bec17b54;DyF-ZTL-V_s8_p0.0_R100_360545a5f2;DyF-ZTL-V_s9_p0.0_R100_c38dc802e2|ServerOnly_s0_p0.0_R100_e5d41fc54f;ServerOnly_s1_p0.0_R100_a9b4ae553a;ServerOnly_s2_p0.0_R100_c5b9cae6e6;ServerOnly_s3_p0.0_R100_fbf83f1f03;ServerOnly_s4_p0.0_R100_b312466574;ServerOnly_s5_p0.0_R100_88cb63e806;ServerOnly_s6_p0.0_R100_33854e387f;ServerOnly_s7_p0.0_R100_0c9500ca56;ServerOnly_s8_p0.0_R100_f5e99ad1e9;ServerOnly_s9_p0.0_R100_8ccbfc7a48,results_r02/main/final_DyF-ZTL-V_s0_p0.0_R100_80bf0e9a50.json;results_r02/main/final_DyF-ZTL-V_s1_p0.0_R100_749ae4dd2f.json;results_r02/main/final_DyF-ZTL-V_s2_p0.0_R100_51acb3fbbb.json;results_r02/main/final_DyF-ZTL-V_s3_p0.0_R100_c5ab1537e6.json;results_r02/main/final_DyF-ZTL-V_s4_p0.0_R100_637d44f118.json;results_r02/main/final_DyF-ZTL-V_s5_p0.0_R100_5b42d47528.json;results_r02/main/final_DyF-ZTL-V_s6_p0.0_R100_4647357bee.json;results_r02/main/final_DyF-ZTL-V_s7_p0.0_R100_42bec17b54.json;results_r02/main/final_DyF-ZTL-V_s8_p0.0_R100_360545a5f2.json;results_r02/main/final_DyF-ZTL-V_s9_p0.0_R100_c38dc802e2.json;results_r02/main/final_ServerOnly_s0_p0.0_R100_e5d41fc54f.json;results_r02/main/final_ServerOnly_s1_p0.0_R100_a9b4ae553a.json;results_r02/main/final_ServerOnly_s2_p0.0_R100_c5b9cae6e6.json;results_r02/main/final_ServerOnly_s3_p0.0_R100_fbf83f1f03.json;results_r02/main/final_ServerOnly_s4_p0.0_R100_b312466574.json;results_r02/main/final_ServerOnly_s5_p0.0_R100_88cb63e806.json;results_r02/main/final_ServerOnly_s6_p0.0_R100_33854e387f.json;results_r02/main/final_ServerOnly_s7_p0.0_R100_0c9500ca56.json;results_r02/main/final_ServerOnly_s8_p0.0_R100_f5e99ad1e9.json;results_r02/main/final_ServerOnly_s9_p0.0_R100_8ccbfc7a48.json,paired t / Wilcoxon / Holm recomputed from the JSON test metrics
Table 6 paired tests,tab:tests,F1-Score vs FedAvg,diff / CI / p_t / p_holm / p_W / d_z,+29.49 | [+22.53; +36.45] | $<$0.001 | $<$0.001 | 0.002 | 3.03,+29.49 | [+22.53; +36.45] | $<$0.001 | $<$0.001 | 0.002 | 3.03,yes,10,DyF-ZTL-V_s0_p0.0_R100_80bf0e9a50;DyF-ZTL-V_s1_p0.0_R100_749ae4dd2f;DyF-ZTL-V_s2_p0.0_R100_51acb3fbbb;DyF-ZTL-V_s3_p0.0_R100_c5ab1537e6;DyF-ZTL-V_s4_p0.0_R100_637d44f118;DyF-ZTL-V_s5_p0.0_R100_5b42d47528;DyF-ZTL-V_s6_p0.0_R100_4647357bee;DyF-ZTL-V_s7_p0.0_R100_42bec17b54;DyF-ZTL-V_s8_p0.0_R100_360545a5f2;DyF-ZTL-V_s9_p0.0_R100_c38dc802e2|FedAvg_s0_p0.0_R100_ea8bac71c4;FedAvg_s1_p0.0_R100_5583fb0784;FedAvg_s2_p0.0_R100_d7cc5424da;FedAvg_s3_p0.0_R100_20033be89f;FedAvg_s4_p0.0_R100_76afbd23ee;FedAvg_s5_p0.0_R100_b38c34ec9f;FedAvg_s6_p0.0_R100_787f6a9497;FedAvg_s7_p0.0_R100_d659c9a50d;FedAvg_s8_p0.0_R100_5af931b1a8;FedAvg_s9_p0.0_R100_b46cc80f55,results_r02/main/final_DyF-ZTL-V_s0_p0.0_R100_80bf0e9a50.json;results_r02/main/final_DyF-ZTL-V_s1_p0.0_R100_749ae4dd2f.json;results_r02/main/final_DyF-ZTL-V_s2_p0.0_R100_51acb3fbbb.json;results_r02/main/final_DyF-ZTL-V_s3_p0.0_R100_c5ab1537e6.json;results_r02/main/final_DyF-ZTL-V_s4_p0.0_R100_637d44f118.json;results_r02/main/final_DyF-ZTL-V_s5_p0.0_R100_5b42d47528.json;results_r02/main/final_DyF-ZTL-V_s6_p0.0_R100_4647357bee.json;results_r02/main/final_DyF-ZTL-V_s7_p0.0_R100_42bec17b54.json;results_r02/main/final_DyF-ZTL-V_s8_p0.0_R100_360545a5f2.json;results_r02/main/final_DyF-ZTL-V_s9_p0.0_R100_c38dc802e2.json;results_r02/main/final_FedAvg_s0_p0.0_R100_ea8bac71c4.json;results_r02/main/final_FedAvg_s1_p0.0_R100_5583fb0784.json;results_r02/main/final_FedAvg_s2_p0.0_R100_d7cc5424da.json;results_r02/main/final_FedAvg_s3_p0.0_R100_20033be89f.json;results_r02/main/final_FedAvg_s4_p0.0_R100_76afbd23ee.json;results_r02/main/final_FedAvg_s5_p0.0_R100_b38c34ec9f.json;results_r02/main/final_FedAvg_s6_p0.0_R100_787f6a9497.json;results_r02/main/final_FedAvg_s7_p0.0_R100_d659c9a50d.json;results_r02/main/final_FedAvg_s8_p0.0_R100_5af931b1a8.json;results_r02/main/final_FedAvg_s9_p0.0_R100_b46cc80f55.json,paired t / Wilcoxon / Holm recomputed from the JSON test metrics
Table 6 paired tests,tab:tests,F1-Score vs FedProx,diff / CI / p_t / p_holm / p_W / d_z,+11.44 | [+7.09; +15.79] | $<$0.001 | $<$0.001 | 0.002 | 1.88,+11.44 | [+7.09; +15.79] | $<$0.001 | $<$0.001 | 0.002 | 1.88,yes,10,DyF-ZTL-V_s0_p0.0_R100_80bf0e9a50;DyF-ZTL-V_s1_p0.0_R100_749ae4dd2f;DyF-ZTL-V_s2_p0.0_R100_51acb3fbbb;DyF-ZTL-V_s3_p0.0_R100_c5ab1537e6;DyF-ZTL-V_s4_p0.0_R100_637d44f118;DyF-ZTL-V_s5_p0.0_R100_5b42d47528;DyF-ZTL-V_s6_p0.0_R100_4647357bee;DyF-ZTL-V_s7_p0.0_R100_42bec17b54;DyF-ZTL-V_s8_p0.0_R100_360545a5f2;DyF-ZTL-V_s9_p0.0_R100_c38dc802e2|FedProx_s0_p0.0_R100_d2f48b4d2d;FedProx_s1_p0.0_R100_ea761b5b31;FedProx_s2_p0.0_R100_a9e66fb6e3;FedProx_s3_p0.0_R100_35289c22c3;FedProx_s4_p0.0_R100_d0b0d7a309;FedProx_s5_p0.0_R100_462c834450;FedProx_s6_p0.0_R100_4747fef7d5;FedProx_s7_p0.0_R100_dd6d660b9d;FedProx_s8_p0.0_R100_fa1dee6c4c;FedProx_s9_p0.0_R100_d39703bf46,results_r02/main/final_DyF-ZTL-V_s0_p0.0_R100_80bf0e9a50.json;results_r02/main/final_DyF-ZTL-V_s1_p0.0_R100_749ae4dd2f.json;results_r02/main/final_DyF-ZTL-V_s2_p0.0_R100_51acb3fbbb.json;results_r02/main/final_DyF-ZTL-V_s3_p0.0_R100_c5ab1537e6.json;results_r02/main/final_DyF-ZTL-V_s4_p0.0_R100_637d44f118.json;results_r02/main/final_DyF-ZTL-V_s5_p0.0_R100_5b42d47528.json;results_r02/main/final_DyF-ZTL-V_s6_p0.0_R100_4647357bee.json;results_r02/main/final_DyF-ZTL-V_s7_p0.0_R100_42bec17b54.json;results_r02/main/final_DyF-ZTL-V_s8_p0.0_R100_360545a5f2.json;results_r02/main/final_DyF-ZTL-V_s9_p0.0_R100_c38dc802e2.json;results_r02/main/final_FedProx_s0_p0.0_R100_d2f48b4d2d.json;results_r02/main/final_FedProx_s1_p0.0_R100_ea761b5b31.json;results_r02/main/final_FedProx_s2_p0.0_R100_a9e66fb6e3.json;results_r02/main/final_FedProx_s3_p0.0_R100_35289c22c3.json;results_r02/main/final_FedProx_s4_p0.0_R100_d0b0d7a309.json;results_r02/main/final_FedProx_s5_p0.0_R100_462c834450.json;results_r02/main/final_FedProx_s6_p0.0_R100_4747fef7d5.json;results_r02/main/final_FedProx_s7_p0.0_R100_dd6d660b9d.json;results_r02/main/final_FedProx_s8_p0.0_R100_fa1dee6c4c.json;results_r02/main/final_FedProx_s9_p0.0_R100_d39703bf46.json,paired t / Wilcoxon / Holm recomputed from the JSON test metrics
Table 6 paired tests,tab:tests,F1-Score vs SCAFFOLD,diff / CI / p_t / p_holm / p_W / d_z,-1.72 | [-5.98; +2.54] | 0.384 | 0.384 | 1.000 | -0.29,-1.72 | [-5.98; +2.54] | 0.384 | 0.384 | 1.000 | -0.29,yes,10,DyF-ZTL-V_s0_p0.0_R100_80bf0e9a50;DyF-ZTL-V_s1_p0.0_R100_749ae4dd2f;DyF-ZTL-V_s2_p0.0_R100_51acb3fbbb;DyF-ZTL-V_s3_p0.0_R100_c5ab1537e6;DyF-ZTL-V_s4_p0.0_R100_637d44f118;DyF-ZTL-V_s5_p0.0_R100_5b42d47528;DyF-ZTL-V_s6_p0.0_R100_4647357bee;DyF-ZTL-V_s7_p0.0_R100_42bec17b54;DyF-ZTL-V_s8_p0.0_R100_360545a5f2;DyF-ZTL-V_s9_p0.0_R100_c38dc802e2|SCAFFOLD2-SGD05_s0_p0.0_R100_97159d895b;SCAFFOLD2-SGD05_s1_p0.0_R100_120cffedd7;SCAFFOLD2-SGD05_s2_p0.0_R100_b4a63a5e36;SCAFFOLD2-SGD05_s3_p0.0_R100_39ab852c64;SCAFFOLD2-SGD05_s4_p0.0_R100_4e249d164e;SCAFFOLD2-SGD05_s5_p0.0_R100_6a6eaa02af;SCAFFOLD2-SGD05_s6_p0.0_R100_e5e7ecfc23;SCAFFOLD2-SGD05_s7_p0.0_R100_ad9f553018;SCAFFOLD2-SGD05_s8_p0.0_R100_33f48f5f9a;SCAFFOLD2-SGD05_s9_p0.0_R100_6731923dbb,results_r02/main/final_DyF-ZTL-V_s0_p0.0_R100_80bf0e9a50.json;results_r02/main/final_DyF-ZTL-V_s1_p0.0_R100_749ae4dd2f.json;results_r02/main/final_DyF-ZTL-V_s2_p0.0_R100_51acb3fbbb.json;results_r02/main/final_DyF-ZTL-V_s3_p0.0_R100_c5ab1537e6.json;results_r02/main/final_DyF-ZTL-V_s4_p0.0_R100_637d44f118.json;results_r02/main/final_DyF-ZTL-V_s5_p0.0_R100_5b42d47528.json;results_r02/main/final_DyF-ZTL-V_s6_p0.0_R100_4647357bee.json;results_r02/main/final_DyF-ZTL-V_s7_p0.0_R100_42bec17b54.json;results_r02/main/final_DyF-ZTL-V_s8_p0.0_R100_360545a5f2.json;results_r02/main/final_DyF-ZTL-V_s9_p0.0_R100_c38dc802e2.json;results_r02/main/final_SCAFFOLD2-SGD05_s0_p0.0_R100_97159d895b.json;results_r02/main/final_SCAFFOLD2-SGD05_s1_p0.0_R100_120cffedd7.json;results_r02/main/final_SCAFFOLD2-SGD05_s2_p0.0_R100_b4a63a5e36.json;results_r02/main/final_SCAFFOLD2-SGD05_s3_p0.0_R100_39ab852c64.json;results_r02/main/final_SCAFFOLD2-SGD05_s4_p0.0_R100_4e249d164e.json;results_r02/main/final_SCAFFOLD2-SGD05_s5_p0.0_R100_6a6eaa02af.json;results_r02/main/final_SCAFFOLD2-SGD05_s6_p0.0_R100_e5e7ecfc23.json;results_r02/main/final_SCAFFOLD2-SGD05_s7_p0.0_R100_ad9f553018.json;results_r02/main/final_SCAFFOLD2-SGD05_s8_p0.0_R100_33f48f5f9a.json;results_r02/main/final_SCAFFOLD2-SGD05_s9_p0.0_R100_6731923dbb.json,paired t / Wilcoxon / Holm recomputed from the JSON test metrics
Table 6 paired tests,tab:tests,F1-Score vs FedAvg-U,diff / CI / p_t / p_holm / p_W / d_z,+8.90 | [+4.42; +13.38] | 0.002 | 0.005 | 0.002 | 1.42,+8.90 | [+4.42; +13.38] | 0.002 | 0.005 | 0.002 | 1.42,yes,10,DyF-ZTL-V_s0_p0.0_R100_80bf0e9a50;DyF-ZTL-V_s1_p0.0_R100_749ae4dd2f;DyF-ZTL-V_s2_p0.0_R100_51acb3fbbb;DyF-ZTL-V_s3_p0.0_R100_c5ab1537e6;DyF-ZTL-V_s4_p0.0_R100_637d44f118;DyF-ZTL-V_s5_p0.0_R100_5b42d47528;DyF-ZTL-V_s6_p0.0_R100_4647357bee;DyF-ZTL-V_s7_p0.0_R100_42bec17b54;DyF-ZTL-V_s8_p0.0_R100_360545a5f2;DyF-ZTL-V_s9_p0.0_R100_c38dc802e2|FedAvg-U_s0_p0.0_R100_3258978530;FedAvg-U_s1_p0.0_R100_b0fbce4226;FedAvg-U_s2_p0.0_R100_086789646e;FedAvg-U_s3_p0.0_R100_d4033871be;FedAvg-U_s4_p0.0_R100_dc2a1cde5f;FedAvg-U_s5_p0.0_R100_d343e7ade9;FedAvg-U_s6_p0.0_R100_4f94b80d95;FedAvg-U_s7_p0.0_R100_926ac16dc3;FedAvg-U_s8_p0.0_R100_2d06c32846;FedAvg-U_s9_p0.0_R100_5c27f0e14c,results_r02/main/final_DyF-ZTL-V_s0_p0.0_R100_80bf0e9a50.json;results_r02/main/final_DyF-ZTL-V_s1_p0.0_R100_749ae4dd2f.json;results_r02/main/final_DyF-ZTL-V_s2_p0.0_R100_51acb3fbbb.json;results_r02/main/final_DyF-ZTL-V_s3_p0.0_R100_c5ab1537e6.json;results_r02/main/final_DyF-ZTL-V_s4_p0.0_R100_637d44f118.json;results_r02/main/final_DyF-ZTL-V_s5_p0.0_R100_5b42d47528.json;results_r02/main/final_DyF-ZTL-V_s6_p0.0_R100_4647357bee.json;results_r02/main/final_DyF-ZTL-V_s7_p0.0_R100_42bec17b54.json;results_r02/main/final_DyF-ZTL-V_s8_p0.0_R100_360545a5f2.json;results_r02/main/final_DyF-ZTL-V_s9_p0.0_R100_c38dc802e2.json;results_r02/agg_ablation/final_FedAvg-U_s0_p0.0_R100_3258978530.json;results_r02/agg_ablation/final_FedAvg-U_s1_p0.0_R100_b0fbce4226.json;results_r02/agg_ablation/final_FedAvg-U_s2_p0.0_R100_086789646e.json;results_r02/agg_ablation/final_FedAvg-U_s3_p0.0_R100_d4033871be.json;results_r02/agg_ablation/final_FedAvg-U_s4_p0.0_R100_dc2a1cde5f.json;results_r02/agg_ablation/final_FedAvg-U_s5_p0.0_R100_d343e7ade9.json;results_r02/agg_ablation/final_FedAvg-U_s6_p0.0_R100_4f94b80d95.json;results_r02/agg_ablation/final_FedAvg-U_s7_p0.0_R100_926ac16dc3.json;results_r02/agg_ablation/final_FedAvg-U_s8_p0.0_R100_2d06c32846.json;results_r02/agg_ablation/final_FedAvg-U_s9_p0.0_R100_5c27f0e14c.json,paired t / Wilcoxon / Holm recomputed from the JSON test metrics
Table 6 paired tests,tab:tests,F1-Score vs FedProx-U,diff / CI / p_t / p_holm / p_W / d_z,-1.36 | [-5.15; +2.42] | 0.436 | 0.872 | 1.000 | -0.26,-1.36 | [-5.15; +2.42] | 0.436 | 0.872 | 1.000 | -0.26,yes,10,DyF-ZTL-V_s0_p0.0_R100_80bf0e9a50;DyF-ZTL-V_s1_p0.0_R100_749ae4dd2f;DyF-ZTL-V_s2_p0.0_R100_51acb3fbbb;DyF-ZTL-V_s3_p0.0_R100_c5ab1537e6;DyF-ZTL-V_s4_p0.0_R100_637d44f118;DyF-ZTL-V_s5_p0.0_R100_5b42d47528;DyF-ZTL-V_s6_p0.0_R100_4647357bee;DyF-ZTL-V_s7_p0.0_R100_42bec17b54;DyF-ZTL-V_s8_p0.0_R100_360545a5f2;DyF-ZTL-V_s9_p0.0_R100_c38dc802e2|FedProx-U_s0_p0.0_R100_754283dd0f;FedProx-U_s1_p0.0_R100_a53a4bd3cd;FedProx-U_s2_p0.0_R100_50a4bbc3f7;FedProx-U_s3_p0.0_R100_5ae157cc3e;FedProx-U_s4_p0.0_R100_7dff7d392c;FedProx-U_s5_p0.0_R100_cf679ffaca;FedProx-U_s6_p0.0_R100_d7e5ccb0c5;FedProx-U_s7_p0.0_R100_dab03a978c;FedProx-U_s8_p0.0_R100_38ecdf5292;FedProx-U_s9_p0.0_R100_32d6358bc5,results_r02/main/final_DyF-ZTL-V_s0_p0.0_R100_80bf0e9a50.json;results_r02/main/final_DyF-ZTL-V_s1_p0.0_R100_749ae4dd2f.json;results_r02/main/final_DyF-ZTL-V_s2_p0.0_R100_51acb3fbbb.json;results_r02/main/final_DyF-ZTL-V_s3_p0.0_R100_c5ab1537e6.json;results_r02/main/final_DyF-ZTL-V_s4_p0.0_R100_637d44f118.json;results_r02/main/final_DyF-ZTL-V_s5_p0.0_R100_5b42d47528.json;results_r02/main/final_DyF-ZTL-V_s6_p0.0_R100_4647357bee.json;results_r02/main/final_DyF-ZTL-V_s7_p0.0_R100_42bec17b54.json;results_r02/main/final_DyF-ZTL-V_s8_p0.0_R100_360545a5f2.json;results_r02/main/final_DyF-ZTL-V_s9_p0.0_R100_c38dc802e2.json;results_r02/agg_ablation/final_FedProx-U_s0_p0.0_R100_754283dd0f.json;results_r02/agg_ablation/final_FedProx-U_s1_p0.0_R100_a53a4bd3cd.json;results_r02/agg_ablation/final_FedProx-U_s2_p0.0_R100_50a4bbc3f7.json;results_r02/agg_ablation/final_FedProx-U_s3_p0.0_R100_5ae157cc3e.json;results_r02/agg_ablation/final_FedProx-U_s4_p0.0_R100_7dff7d392c.json;results_r02/agg_ablation/final_FedProx-U_s5_p0.0_R100_cf679ffaca.json;results_r02/agg_ablation/final_FedProx-U_s6_p0.0_R100_d7e5ccb0c5.json;results_r02/agg_ablation/final_FedProx-U_s7_p0.0_R100_dab03a978c.json;results_r02/agg_ablation/final_FedProx-U_s8_p0.0_R100_38ecdf5292.json;results_r02/agg_ablation/final_FedProx-U_s9_p0.0_R100_32d6358bc5.json,paired t / Wilcoxon / Holm recomputed from the JSON test metrics
Table 6 paired tests,tab:tests,F1-Score vs FLTrust,diff / CI / p_t / p_holm / p_W / d_z,-0.76 | [-3.87; +2.35] | 0.593 | 0.872 | 1.000 | -0.18,-0.76 | [-3.87; +2.35] | 0.593 | 0.872 | 1.000 | -0.18,yes,10,DyF-ZTL-V_s0_p0.0_R100_80bf0e9a50;DyF-ZTL-V_s1_p0.0_R100_749ae4dd2f;DyF-ZTL-V_s2_p0.0_R100_51acb3fbbb;DyF-ZTL-V_s3_p0.0_R100_c5ab1537e6;DyF-ZTL-V_s4_p0.0_R100_637d44f118;DyF-ZTL-V_s5_p0.0_R100_5b42d47528;DyF-ZTL-V_s6_p0.0_R100_4647357bee;DyF-ZTL-V_s7_p0.0_R100_42bec17b54;DyF-ZTL-V_s8_p0.0_R100_360545a5f2;DyF-ZTL-V_s9_p0.0_R100_c38dc802e2|FLTrust_s0_p0.0_R100_1271e24ba8;FLTrust_s1_p0.0_R100_b60f2479bc;FLTrust_s2_p0.0_R100_6978264380;FLTrust_s3_p0.0_R100_5b4dcc15ee;FLTrust_s4_p0.0_R100_ce6cb407a4;FLTrust_s5_p0.0_R100_c93c9feb83;FLTrust_s6_p0.0_R100_45ee0634d2;FLTrust_s7_p0.0_R100_73ba6d46a3;FLTrust_s8_p0.0_R100_814b3613e0;FLTrust_s9_p0.0_R100_aa4b814e5e,results_r02/main/final_DyF-ZTL-V_s0_p0.0_R100_80bf0e9a50.json;results_r02/main/final_DyF-ZTL-V_s1_p0.0_R100_749ae4dd2f.json;results_r02/main/final_DyF-ZTL-V_s2_p0.0_R100_51acb3fbbb.json;results_r02/main/final_DyF-ZTL-V_s3_p0.0_R100_c5ab1537e6.json;results_r02/main/final_DyF-ZTL-V_s4_p0.0_R100_637d44f118.json;results_r02/main/final_DyF-ZTL-V_s5_p0.0_R100_5b42d47528.json;results_r02/main/final_DyF-ZTL-V_s6_p0.0_R100_4647357bee.json;results_r02/main/final_DyF-ZTL-V_s7_p0.0_R100_42bec17b54.json;results_r02/main/final_DyF-ZTL-V_s8_p0.0_R100_360545a5f2.json;results_r02/main/final_DyF-ZTL-V_s9_p0.0_R100_c38dc802e2.json;results_r02/cyclic/final_FLTrust_s0_p0.0_R100_1271e24ba8.json;results_r02/cyclic/final_FLTrust_s1_p0.0_R100_b60f2479bc.json;results_r02/cyclic/final_FLTrust_s2_p0.0_R100_6978264380.json;results_r02/cyclic/final_FLTrust_s3_p0.0_R100_5b4dcc15ee.json;results_r02/cyclic/final_FLTrust_s4_p0.0_R100_ce6cb407a4.json;results_r02/cyclic/final_FLTrust_s5_p0.0_R100_c93c9feb83.json;results_r02/cyclic/final_FLTrust_s6_p0.0_R100_45ee0634d2.json;results_r02/cyclic/final_FLTrust_s7_p0.0_R100_73ba6d46a3.json;results_r02/cyclic/final_FLTrust_s8_p0.0_R100_814b3613e0.json;results_r02/cyclic/final_FLTrust_s9_p0.0_R100_aa4b814e5e.json,paired t / Wilcoxon / Holm recomputed from the JSON test metrics
Table 6 paired tests,tab:tests,F1-Score vs DeepTrust-V,diff / CI / p_t / p_holm / p_W / d_z,+6.17 | [+4.41; +7.93] | $<$0.001 | $<$0.001 | 0.002 | 2.51,+6.17 | [+4.41; +7.93] | $<$0.001 | $<$0.001 | 0.002 | 2.51,yes,10,DyF-ZTL-V_s0_p0.0_R100_80bf0e9a50;DyF-ZTL-V_s1_p0.0_R100_749ae4dd2f;DyF-ZTL-V_s2_p0.0_R100_51acb3fbbb;DyF-ZTL-V_s3_p0.0_R100_c5ab1537e6;DyF-ZTL-V_s4_p0.0_R100_637d44f118;DyF-ZTL-V_s5_p0.0_R100_5b42d47528;DyF-ZTL-V_s6_p0.0_R100_4647357bee;DyF-ZTL-V_s7_p0.0_R100_42bec17b54;DyF-ZTL-V_s8_p0.0_R100_360545a5f2;DyF-ZTL-V_s9_p0.0_R100_c38dc802e2|DeepTrust-V_s0_p0.0_R100_1af7ea1705;DeepTrust-V_s1_p0.0_R100_90115100f7;DeepTrust-V_s2_p0.0_R100_bdfed71442;DeepTrust-V_s3_p0.0_R100_822bfee19b;DeepTrust-V_s4_p0.0_R100_bceeac34f2;DeepTrust-V_s5_p0.0_R100_d8e700b5de;DeepTrust-V_s6_p0.0_R100_51bc0d7735;DeepTrust-V_s7_p0.0_R100_cb13444200;DeepTrust-V_s8_p0.0_R100_84f5be35d9;DeepTrust-V_s9_p0.0_R100_e287a3d0b7,results_r02/main/final_DyF-ZTL-V_s0_p0.0_R100_80bf0e9a50.json;results_r02/main/final_DyF-ZTL-V_s1_p0.0_R100_749ae4dd2f.json;results_r02/main/final_DyF-ZTL-V_s2_p0.0_R100_51acb3fbbb.json;results_r02/main/final_DyF-ZTL-V_s3_p0.0_R100_c5ab1537e6.json;results_r02/main/final_DyF-ZTL-V_s4_p0.0_R100_637d44f118.json;results_r02/main/final_DyF-ZTL-V_s5_p0.0_R100_5b42d47528.json;results_r02/main/final_DyF-ZTL-V_s6_p0.0_R100_4647357bee.json;results_r02/main/final_DyF-ZTL-V_s7_p0.0_R100_42bec17b54.json;results_r02/main/final_DyF-ZTL-V_s8_p0.0_R100_360545a5f2.json;results_r02/main/final_DyF-ZTL-V_s9_p0.0_R100_c38dc802e2.json;results_r02/main/final_DeepTrust-V_s0_p0.0_R100_1af7ea1705.json;results_r02/main/final_DeepTrust-V_s1_p0.0_R100_90115100f7.json;results_r02/main/final_DeepTrust-V_s2_p0.0_R100_bdfed71442.json;results_r02/main/final_DeepTrust-V_s3_p0.0_R100_822bfee19b.json;results_r02/main/final_DeepTrust-V_s4_p0.0_R100_bceeac34f2.json;results_r02/main/final_DeepTrust-V_s5_p0.0_R100_d8e700b5de.json;results_r02/main/final_DeepTrust-V_s6_p0.0_R100_51bc0d7735.json;results_r02/main/final_DeepTrust-V_s7_p0.0_R100_cb13444200.json;results_r02/main/final_DeepTrust-V_s8_p0.0_R100_84f5be35d9.json;results_r02/main/final_DeepTrust-V_s9_p0.0_R100_e287a3d0b7.json,paired t / Wilcoxon / Holm recomputed from the JSON test metrics
Table 6 paired tests,tab:tests,F1-Score vs FuzzyNoTrust,diff / CI / p_t / p_holm / p_W / d_z,+4.23 | [+0.53; +7.93] | 0.030 | 0.089 | 0.004 | 0.82,+4.23 | [+0.53; +7.93] | 0.030 | 0.089 | 0.004 | 0.82,yes,10,DyF-ZTL-V_s0_p0.0_R100_80bf0e9a50;DyF-ZTL-V_s1_p0.0_R100_749ae4dd2f;DyF-ZTL-V_s2_p0.0_R100_51acb3fbbb;DyF-ZTL-V_s3_p0.0_R100_c5ab1537e6;DyF-ZTL-V_s4_p0.0_R100_637d44f118;DyF-ZTL-V_s5_p0.0_R100_5b42d47528;DyF-ZTL-V_s6_p0.0_R100_4647357bee;DyF-ZTL-V_s7_p0.0_R100_42bec17b54;DyF-ZTL-V_s8_p0.0_R100_360545a5f2;DyF-ZTL-V_s9_p0.0_R100_c38dc802e2|FuzzyNoTrust_s0_p0.0_R100_57a8932ef9;FuzzyNoTrust_s1_p0.0_R100_65200b8346;FuzzyNoTrust_s2_p0.0_R100_167c4f2b6c;FuzzyNoTrust_s3_p0.0_R100_a542cc01a3;FuzzyNoTrust_s4_p0.0_R100_d2ed990763;FuzzyNoTrust_s5_p0.0_R100_1f44ad8062;FuzzyNoTrust_s6_p0.0_R100_0aa5124c30;FuzzyNoTrust_s7_p0.0_R100_491c3c5a30;FuzzyNoTrust_s8_p0.0_R100_5dbc855292;FuzzyNoTrust_s9_p0.0_R100_01b08a97a7,results_r02/main/final_DyF-ZTL-V_s0_p0.0_R100_80bf0e9a50.json;results_r02/main/final_DyF-ZTL-V_s1_p0.0_R100_749ae4dd2f.json;results_r02/main/final_DyF-ZTL-V_s2_p0.0_R100_51acb3fbbb.json;results_r02/main/final_DyF-ZTL-V_s3_p0.0_R100_c5ab1537e6.json;results_r02/main/final_DyF-ZTL-V_s4_p0.0_R100_637d44f118.json;results_r02/main/final_DyF-ZTL-V_s5_p0.0_R100_5b42d47528.json;results_r02/main/final_DyF-ZTL-V_s6_p0.0_R100_4647357bee.json;results_r02/main/final_DyF-ZTL-V_s7_p0.0_R100_42bec17b54.json;results_r02/main/final_DyF-ZTL-V_s8_p0.0_R100_360545a5f2.json;results_r02/main/final_DyF-ZTL-V_s9_p0.0_R100_c38dc802e2.json;results_r02/main/final_FuzzyNoTrust_s0_p0.0_R100_57a8932ef9.json;results_r02/main/final_FuzzyNoTrust_s1_p0.0_R100_65200b8346.json;results_r02/main/final_FuzzyNoTrust_s2_p0.0_R100_167c4f2b6c.json;results_r02/main/final_FuzzyNoTrust_s3_p0.0_R100_a542cc01a3.json;results_r02/main/final_FuzzyNoTrust_s4_p0.0_R100_d2ed990763.json;results_r02/main/final_FuzzyNoTrust_s5_p0.0_R100_1f44ad8062.json;results_r02/main/final_FuzzyNoTrust_s6_p0.0_R100_0aa5124c30.json;results_r02/main/final_FuzzyNoTrust_s7_p0.0_R100_491c3c5a30.json;results_r02/main/final_FuzzyNoTrust_s8_p0.0_R100_5dbc855292.json;results_r02/main/final_FuzzyNoTrust_s9_p0.0_R100_01b08a97a7.json,paired t / Wilcoxon / Holm recomputed from the JSON test metrics
Table 6 paired tests,tab:tests,F1-Score vs DyF-ZTL-v1,diff / CI / p_t / p_holm / p_W / d_z,+0.04 | [-2.15; +2.23] | 0.967 | 0.967 | 0.770 | 0.01,+0.04 | [-2.15; +2.23] | 0.967 | 0.967 | 0.770 | 0.01,yes,10,DyF-ZTL-V_s0_p0.0_R100_80bf0e9a50;DyF-ZTL-V_s1_p0.0_R100_749ae4dd2f;DyF-ZTL-V_s2_p0.0_R100_51acb3fbbb;DyF-ZTL-V_s3_p0.0_R100_c5ab1537e6;DyF-ZTL-V_s4_p0.0_R100_637d44f118;DyF-ZTL-V_s5_p0.0_R100_5b42d47528;DyF-ZTL-V_s6_p0.0_R100_4647357bee;DyF-ZTL-V_s7_p0.0_R100_42bec17b54;DyF-ZTL-V_s8_p0.0_R100_360545a5f2;DyF-ZTL-V_s9_p0.0_R100_c38dc802e2|DyF-ZTL-v1_s0_p0.0_R100_03d836afa7;DyF-ZTL-v1_s1_p0.0_R100_5bb99c99fc;DyF-ZTL-v1_s2_p0.0_R100_879fd9fbf9;DyF-ZTL-v1_s3_p0.0_R100_38831b5aa0;DyF-ZTL-v1_s4_p0.0_R100_edb115f3c1;DyF-ZTL-v1_s5_p0.0_R100_01dd5acff7;DyF-ZTL-v1_s6_p0.0_R100_53a8508d9a;DyF-ZTL-v1_s7_p0.0_R100_6486111f4f;DyF-ZTL-v1_s8_p0.0_R100_6f56c50223;DyF-ZTL-v1_s9_p0.0_R100_f0bbea3fba,results_r02/main/final_DyF-ZTL-V_s0_p0.0_R100_80bf0e9a50.json;results_r02/main/final_DyF-ZTL-V_s1_p0.0_R100_749ae4dd2f.json;results_r02/main/final_DyF-ZTL-V_s2_p0.0_R100_51acb3fbbb.json;results_r02/main/final_DyF-ZTL-V_s3_p0.0_R100_c5ab1537e6.json;results_r02/main/final_DyF-ZTL-V_s4_p0.0_R100_637d44f118.json;results_r02/main/final_DyF-ZTL-V_s5_p0.0_R100_5b42d47528.json;results_r02/main/final_DyF-ZTL-V_s6_p0.0_R100_4647357bee.json;results_r02/main/final_DyF-ZTL-V_s7_p0.0_R100_42bec17b54.json;results_r02/main/final_DyF-ZTL-V_s8_p0.0_R100_360545a5f2.json;results_r02/main/final_DyF-ZTL-V_s9_p0.0_R100_c38dc802e2.json;results_r02/main/final_DyF-ZTL-v1_s0_p0.0_R100_03d836afa7.json;results_r02/main/final_DyF-ZTL-v1_s1_p0.0_R100_5bb99c99fc.json;results_r02/main/final_DyF-ZTL-v1_s2_p0.0_R100_879fd9fbf9.json;results_r02/main/final_DyF-ZTL-v1_s3_p0.0_R100_38831b5aa0.json;results_r02/main/final_DyF-ZTL-v1_s4_p0.0_R100_edb115f3c1.json;results_r02/main/final_DyF-ZTL-v1_s5_p0.0_R100_01dd5acff7.json;results_r02/main/final_DyF-ZTL-v1_s6_p0.0_R100_53a8508d9a.json;results_r02/main/final_DyF-ZTL-v1_s7_p0.0_R100_6486111f4f.json;results_r02/main/final_DyF-ZTL-v1_s8_p0.0_R100_6f56c50223.json;results_r02/main/final_DyF-ZTL-v1_s9_p0.0_R100_f0bbea3fba.json,paired t / Wilcoxon / Holm recomputed from the JSON test metrics
Table 6 paired tests,tab:tests,F1-Score vs ServerOnly,diff / CI / p_t / p_holm / p_W / d_z,-4.25 | [-8.14; -0.37] | 0.035 | 0.089 | 0.016 | -0.78,-4.25 | [-8.14; -0.37] | 0.035 | 0.089 | 0.016 | -0.78,yes,10,DyF-ZTL-V_s0_p0.0_R100_80bf0e9a50;DyF-ZTL-V_s1_p0.0_R100_749ae4dd2f;DyF-ZTL-V_s2_p0.0_R100_51acb3fbbb;DyF-ZTL-V_s3_p0.0_R100_c5ab1537e6;DyF-ZTL-V_s4_p0.0_R100_637d44f118;DyF-ZTL-V_s5_p0.0_R100_5b42d47528;DyF-ZTL-V_s6_p0.0_R100_4647357bee;DyF-ZTL-V_s7_p0.0_R100_42bec17b54;DyF-ZTL-V_s8_p0.0_R100_360545a5f2;DyF-ZTL-V_s9_p0.0_R100_c38dc802e2|ServerOnly_s0_p0.0_R100_e5d41fc54f;ServerOnly_s1_p0.0_R100_a9b4ae553a;ServerOnly_s2_p0.0_R100_c5b9cae6e6;ServerOnly_s3_p0.0_R100_fbf83f1f03;ServerOnly_s4_p0.0_R100_b312466574;ServerOnly_s5_p0.0_R100_88cb63e806;ServerOnly_s6_p0.0_R100_33854e387f;ServerOnly_s7_p0.0_R100_0c9500ca56;ServerOnly_s8_p0.0_R100_f5e99ad1e9;ServerOnly_s9_p0.0_R100_8ccbfc7a48,results_r02/main/final_DyF-ZTL-V_s0_p0.0_R100_80bf0e9a50.json;results_r02/main/final_DyF-ZTL-V_s1_p0.0_R100_749ae4dd2f.json;results_r02/main/final_DyF-ZTL-V_s2_p0.0_R100_51acb3fbbb.json;results_r02/main/final_DyF-ZTL-V_s3_p0.0_R100_c5ab1537e6.json;results_r02/main/final_DyF-ZTL-V_s4_p0.0_R100_637d44f118.json;results_r02/main/final_DyF-ZTL-V_s5_p0.0_R100_5b42d47528.json;results_r02/main/final_DyF-ZTL-V_s6_p0.0_R100_4647357bee.json;results_r02/main/final_DyF-ZTL-V_s7_p0.0_R100_42bec17b54.json;results_r02/main/final_DyF-ZTL-V_s8_p0.0_R100_360545a5f2.json;results_r02/main/final_DyF-ZTL-V_s9_p0.0_R100_c38dc802e2.json;results_r02/main/final_ServerOnly_s0_p0.0_R100_e5d41fc54f.json;results_r02/main/final_ServerOnly_s1_p0.0_R100_a9b4ae553a.json;results_r02/main/final_ServerOnly_s2_p0.0_R100_c5b9cae6e6.json;results_r02/main/final_ServerOnly_s3_p0.0_R100_fbf83f1f03.json;results_r02/main/final_ServerOnly_s4_p0.0_R100_b312466574.json;results_r02/main/final_ServerOnly_s5_p0.0_R100_88cb63e806.json;results_r02/main/final_ServerOnly_s6_p0.0_R100_33854e387f.json;results_r02/main/final_ServerOnly_s7_p0.0_R100_0c9500ca56.json;results_r02/main/final_ServerOnly_s8_p0.0_R100_f5e99ad1e9.json;results_r02/main/final_ServerOnly_s9_p0.0_R100_8ccbfc7a48.json,paired t / Wilcoxon / Holm recomputed from the JSON test metrics
Table 2 client sizes,tab:client_sizes,seed 0,all columns,237/1213/4025 | 522/3264/15120 | 16.3 | 7 | 58.3 | 35 | 14/6/0,237/1213/4025 | 522/3264/15120 | 16.3 | 7 | 58.3 | 35 | 14/6/0,yes,20,,results_r02/partitions/random_a0.5_smote_s0.json,"recomputed from the saved partition (n_original, n_post, hist_pre, smote_status)"
Table 2 client sizes,tab:client_sizes,seed 1,all columns,167/1134/2896 | 305/3989/9280 | 11.8 | 8 | 64.6 | 40 | 18/2/0,167/1134/2896 | 305/3989/9280 | 11.8 | 8 | 64.6 | 40 | 18/2/0,yes,20,,results_r02/partitions/random_a0.5_smote_s1.json,"recomputed from the saved partition (n_original, n_post, hist_pre, smote_status)"
Table 2 client sizes,tab:client_sizes,seed 2,all columns,146/864/7166 | 432/3421/26432 | 29.1 | 5 | 58.5 | 25 | 16/4/0,146/864/7166 | 432/3421/26432 | 29.1 | 5 | 58.5 | 25 | 16/4/0,yes,20,,results_r02/partitions/random_a0.5_smote_s2.json,"recomputed from the saved partition (n_original, n_post, hist_pre, smote_status)"
Table 2 client sizes,tab:client_sizes,seed 3,all columns,141/761/6834 | 241/2348/26980 | 27.7 | 4 | 56.1 | 20 | 16/4/0,141/761/6834 | 241/2348/26980 | 27.7 | 4 | 56.1 | 20 | 16/4/0,yes,20,,results_r02/partitions/random_a0.5_smote_s3.json,"recomputed from the saved partition (n_original, n_post, hist_pre, smote_status)"
Table 2 client sizes,tab:client_sizes,seed 4,all columns,173/971/3034 | 286/3153/11908 | 12.3 | 4 | 38.4 | 20 | 13/7/0,173/971/3034 | 286/3153/11908 | 12.3 | 4 | 38.4 | 20 | 13/7/0,yes,20,,results_r02/partitions/random_a0.5_smote_s4.json,"recomputed from the saved partition (n_original, n_post, hist_pre, smote_status)"
Table 2 client sizes,tab:client_sizes,seed 5,all columns,195/1214/3039 | 518/3536/11464 | 12.3 | 7 | 56.5 | 35 | 17/3/0,195/1214/3039 | 518/3536/11464 | 12.3 | 7 | 56.5 | 35 | 17/3/0,yes,20,,results_r02/partitions/random_a0.5_smote_s5.json,"recomputed from the saved partition (n_original, n_post, hist_pre, smote_status)"
Table 2 client sizes,tab:client_sizes,seed 6,all columns,120/1181/3240 | 175/3382/12780 | 13.1 | 6 | 47.1 | 30 | 15/5/0,120/1181/3240 | 175/3382/12780 | 13.1 | 6 | 47.1 | 30 | 15/5/0,yes,20,,results_r02/partitions/random_a0.5_smote_s6.json,"recomputed from the saved partition (n_original, n_post, hist_pre, smote_status)"
Table 2 client sizes,tab:client_sizes,seed 7,all columns,443/997/4069 | 1239/3491/14896 | 16.5 | 4 | 40.1 | 20 | 12/8/0,443/997/4069 | 1239/3491/14896 | 16.5 | 4 | 40.1 | 20 | 12/8/0,yes,20,,results_r02/partitions/random_a0.5_smote_s7.json,"recomputed from the saved partition (n_original, n_post, hist_pre, smote_status)"
Table 2 client sizes,tab:client_sizes,seed 8,all columns,137/776/7340 | 324/2427/21945 | 29.8 | 5 | 57.2 | 25 | 13/7/0,137/776/7340 | 324/2427/21945 | 29.8 | 5 | 57.2 | 25 | 13/7/0,yes,20,,results_r02/partitions/random_a0.5_smote_s8.json,"recomputed from the saved partition (n_original, n_post, hist_pre, smote_status)"
Table 2 client sizes,tab:client_sizes,seed 9,all columns,96/679/6084 | 126/2018/23624 | 24.7 | 4 | 56.3 | 20 | 15/5/0,96/679/6084 | 126/2018/23624 | 24.7 | 4 | 56.3 | 20 | 15/5/0,yes,20,,results_r02/partitions/random_a0.5_smote_s9.json,"recomputed from the saved partition (n_original, n_post, hist_pre, smote_status)"
Table 7 aggregation,tab:aggregation,FedAvg-U vs FedAvg,Accuracy,94.85$\pm$1.58 | 88.05$\pm$3.88 | +6.79 | [+3.58; +10.00] | $<$0.001,94.85 | 88.05 | +6.79 | [+3.58; +10.00] | $<$0.001,yes,10,FedAvg-U_s0_p0.0_R100_3258978530;FedAvg-U_s1_p0.0_R100_b0fbce4226;FedAvg-U_s2_p0.0_R100_086789646e;FedAvg-U_s3_p0.0_R100_d4033871be;FedAvg-U_s4_p0.0_R100_dc2a1cde5f;FedAvg-U_s5_p0.0_R100_d343e7ade9;FedAvg-U_s6_p0.0_R100_4f94b80d95;FedAvg-U_s7_p0.0_R100_926ac16dc3;FedAvg-U_s8_p0.0_R100_2d06c32846;FedAvg-U_s9_p0.0_R100_5c27f0e14c|FedAvg_s0_p0.0_R100_ea8bac71c4;FedAvg_s1_p0.0_R100_5583fb0784;FedAvg_s2_p0.0_R100_d7cc5424da;FedAvg_s3_p0.0_R100_20033be89f;FedAvg_s4_p0.0_R100_76afbd23ee;FedAvg_s5_p0.0_R100_b38c34ec9f;FedAvg_s6_p0.0_R100_787f6a9497;FedAvg_s7_p0.0_R100_d659c9a50d;FedAvg_s8_p0.0_R100_5af931b1a8;FedAvg_s9_p0.0_R100_b46cc80f55,results_r02/agg_ablation/final_FedAvg-U_s0_p0.0_R100_3258978530.json;results_r02/agg_ablation/final_FedAvg-U_s1_p0.0_R100_b0fbce4226.json;results_r02/agg_ablation/final_FedAvg-U_s2_p0.0_R100_086789646e.json;results_r02/agg_ablation/final_FedAvg-U_s3_p0.0_R100_d4033871be.json;results_r02/agg_ablation/final_FedAvg-U_s4_p0.0_R100_dc2a1cde5f.json;results_r02/agg_ablation/final_FedAvg-U_s5_p0.0_R100_d343e7ade9.json;results_r02/agg_ablation/final_FedAvg-U_s6_p0.0_R100_4f94b80d95.json;results_r02/agg_ablation/final_FedAvg-U_s7_p0.0_R100_926ac16dc3.json;results_r02/agg_ablation/final_FedAvg-U_s8_p0.0_R100_2d06c32846.json;results_r02/agg_ablation/final_FedAvg-U_s9_p0.0_R100_5c27f0e14c.json;results_r02/main/final_FedAvg_s0_p0.0_R100_ea8bac71c4.json;results_r02/main/final_FedAvg_s1_p0.0_R100_5583fb0784.json;results_r02/main/final_FedAvg_s2_p0.0_R100_d7cc5424da.json;results_r02/main/final_FedAvg_s3_p0.0_R100_20033be89f.json;results_r02/main/final_FedAvg_s4_p0.0_R100_76afbd23ee.json;results_r02/main/final_FedAvg_s5_p0.0_R100_b38c34ec9f.json;results_r02/main/final_FedAvg_s6_p0.0_R100_787f6a9497.json;results_r02/main/final_FedAvg_s7_p0.0_R100_d659c9a50d.json;results_r02/main/final_FedAvg_s8_p0.0_R100_5af931b1a8.json;results_r02/main/final_FedAvg_s9_p0.0_R100_b46cc80f55.json,
Table 7 aggregation,tab:aggregation,FedAvg-U vs FedAvg,F1-Score,79.15$\pm$8.03 | 58.56$\pm$8.62 | +20.59 | [+10.87; +30.32] | $<$0.001,79.15 | 58.56 | +20.59 | [+10.87; +30.32] | $<$0.001,yes,10,FedAvg-U_s0_p0.0_R100_3258978530;FedAvg-U_s1_p0.0_R100_b0fbce4226;FedAvg-U_s2_p0.0_R100_086789646e;FedAvg-U_s3_p0.0_R100_d4033871be;FedAvg-U_s4_p0.0_R100_dc2a1cde5f;FedAvg-U_s5_p0.0_R100_d343e7ade9;FedAvg-U_s6_p0.0_R100_4f94b80d95;FedAvg-U_s7_p0.0_R100_926ac16dc3;FedAvg-U_s8_p0.0_R100_2d06c32846;FedAvg-U_s9_p0.0_R100_5c27f0e14c|FedAvg_s0_p0.0_R100_ea8bac71c4;FedAvg_s1_p0.0_R100_5583fb0784;FedAvg_s2_p0.0_R100_d7cc5424da;FedAvg_s3_p0.0_R100_20033be89f;FedAvg_s4_p0.0_R100_76afbd23ee;FedAvg_s5_p0.0_R100_b38c34ec9f;FedAvg_s6_p0.0_R100_787f6a9497;FedAvg_s7_p0.0_R100_d659c9a50d;FedAvg_s8_p0.0_R100_5af931b1a8;FedAvg_s9_p0.0_R100_b46cc80f55,results_r02/agg_ablation/final_FedAvg-U_s0_p0.0_R100_3258978530.json;results_r02/agg_ablation/final_FedAvg-U_s1_p0.0_R100_b0fbce4226.json;results_r02/agg_ablation/final_FedAvg-U_s2_p0.0_R100_086789646e.json;results_r02/agg_ablation/final_FedAvg-U_s3_p0.0_R100_d4033871be.json;results_r02/agg_ablation/final_FedAvg-U_s4_p0.0_R100_dc2a1cde5f.json;results_r02/agg_ablation/final_FedAvg-U_s5_p0.0_R100_d343e7ade9.json;results_r02/agg_ablation/final_FedAvg-U_s6_p0.0_R100_4f94b80d95.json;results_r02/agg_ablation/final_FedAvg-U_s7_p0.0_R100_926ac16dc3.json;results_r02/agg_ablation/final_FedAvg-U_s8_p0.0_R100_2d06c32846.json;results_r02/agg_ablation/final_FedAvg-U_s9_p0.0_R100_5c27f0e14c.json;results_r02/main/final_FedAvg_s0_p0.0_R100_ea8bac71c4.json;results_r02/main/final_FedAvg_s1_p0.0_R100_5583fb0784.json;results_r02/main/final_FedAvg_s2_p0.0_R100_d7cc5424da.json;results_r02/main/final_FedAvg_s3_p0.0_R100_20033be89f.json;results_r02/main/final_FedAvg_s4_p0.0_R100_76afbd23ee.json;results_r02/main/final_FedAvg_s5_p0.0_R100_b38c34ec9f.json;results_r02/main/final_FedAvg_s6_p0.0_R100_787f6a9497.json;results_r02/main/final_FedAvg_s7_p0.0_R100_d659c9a50d.json;results_r02/main/final_FedAvg_s8_p0.0_R100_5af931b1a8.json;results_r02/main/final_FedAvg_s9_p0.0_R100_b46cc80f55.json,
Table 7 aggregation,tab:aggregation,FedProx-U vs FedProx,Accuracy,96.27$\pm$0.27 | 93.93$\pm$1.37 | +2.34 | [+1.45; +3.23] | $<$0.001,96.27 | 93.93 | +2.34 | [+1.45; +3.23] | $<$0.001,yes,10,FedProx-U_s0_p0.0_R100_754283dd0f;FedProx-U_s1_p0.0_R100_a53a4bd3cd;FedProx-U_s2_p0.0_R100_50a4bbc3f7;FedProx-U_s3_p0.0_R100_5ae157cc3e;FedProx-U_s4_p0.0_R100_7dff7d392c;FedProx-U_s5_p0.0_R100_cf679ffaca;FedProx-U_s6_p0.0_R100_d7e5ccb0c5;FedProx-U_s7_p0.0_R100_dab03a978c;FedProx-U_s8_p0.0_R100_38ecdf5292;FedProx-U_s9_p0.0_R100_32d6358bc5|FedProx_s0_p0.0_R100_d2f48b4d2d;FedProx_s1_p0.0_R100_ea761b5b31;FedProx_s2_p0.0_R100_a9e66fb6e3;FedProx_s3_p0.0_R100_35289c22c3;FedProx_s4_p0.0_R100_d0b0d7a309;FedProx_s5_p0.0_R100_462c834450;FedProx_s6_p0.0_R100_4747fef7d5;FedProx_s7_p0.0_R100_dd6d660b9d;FedProx_s8_p0.0_R100_fa1dee6c4c;FedProx_s9_p0.0_R100_d39703bf46,results_r02/agg_ablation/final_FedProx-U_s0_p0.0_R100_754283dd0f.json;results_r02/agg_ablation/final_FedProx-U_s1_p0.0_R100_a53a4bd3cd.json;results_r02/agg_ablation/final_FedProx-U_s2_p0.0_R100_50a4bbc3f7.json;results_r02/agg_ablation/final_FedProx-U_s3_p0.0_R100_5ae157cc3e.json;results_r02/agg_ablation/final_FedProx-U_s4_p0.0_R100_7dff7d392c.json;results_r02/agg_ablation/final_FedProx-U_s5_p0.0_R100_cf679ffaca.json;results_r02/agg_ablation/final_FedProx-U_s6_p0.0_R100_d7e5ccb0c5.json;results_r02/agg_ablation/final_FedProx-U_s7_p0.0_R100_dab03a978c.json;results_r02/agg_ablation/final_FedProx-U_s8_p0.0_R100_38ecdf5292.json;results_r02/agg_ablation/final_FedProx-U_s9_p0.0_R100_32d6358bc5.json;results_r02/main/final_FedProx_s0_p0.0_R100_d2f48b4d2d.json;results_r02/main/final_FedProx_s1_p0.0_R100_ea761b5b31.json;results_r02/main/final_FedProx_s2_p0.0_R100_a9e66fb6e3.json;results_r02/main/final_FedProx_s3_p0.0_R100_35289c22c3.json;results_r02/main/final_FedProx_s4_p0.0_R100_d0b0d7a309.json;results_r02/main/final_FedProx_s5_p0.0_R100_462c834450.json;results_r02/main/final_FedProx_s6_p0.0_R100_4747fef7d5.json;results_r02/main/final_FedProx_s7_p0.0_R100_dd6d660b9d.json;results_r02/main/final_FedProx_s8_p0.0_R100_fa1dee6c4c.json;results_r02/main/final_FedProx_s9_p0.0_R100_d39703bf46.json,
Table 7 aggregation,tab:aggregation,FedProx-U vs FedProx,F1-Score,89.41$\pm$1.11 | 76.61$\pm$7.70 | +12.80 | [+7.81; +17.80] | $<$0.001,89.41 | 76.61 | +12.80 | [+7.81; +17.80] | $<$0.001,yes,10,FedProx-U_s0_p0.0_R100_754283dd0f;FedProx-U_s1_p0.0_R100_a53a4bd3cd;FedProx-U_s2_p0.0_R100_50a4bbc3f7;FedProx-U_s3_p0.0_R100_5ae157cc3e;FedProx-U_s4_p0.0_R100_7dff7d392c;FedProx-U_s5_p0.0_R100_cf679ffaca;FedProx-U_s6_p0.0_R100_d7e5ccb0c5;FedProx-U_s7_p0.0_R100_dab03a978c;FedProx-U_s8_p0.0_R100_38ecdf5292;FedProx-U_s9_p0.0_R100_32d6358bc5|FedProx_s0_p0.0_R100_d2f48b4d2d;FedProx_s1_p0.0_R100_ea761b5b31;FedProx_s2_p0.0_R100_a9e66fb6e3;FedProx_s3_p0.0_R100_35289c22c3;FedProx_s4_p0.0_R100_d0b0d7a309;FedProx_s5_p0.0_R100_462c834450;FedProx_s6_p0.0_R100_4747fef7d5;FedProx_s7_p0.0_R100_dd6d660b9d;FedProx_s8_p0.0_R100_fa1dee6c4c;FedProx_s9_p0.0_R100_d39703bf46,results_r02/agg_ablation/final_FedProx-U_s0_p0.0_R100_754283dd0f.json;results_r02/agg_ablation/final_FedProx-U_s1_p0.0_R100_a53a4bd3cd.json;results_r02/agg_ablation/final_FedProx-U_s2_p0.0_R100_50a4bbc3f7.json;results_r02/agg_ablation/final_FedProx-U_s3_p0.0_R100_5ae157cc3e.json;results_r02/agg_ablation/final_FedProx-U_s4_p0.0_R100_7dff7d392c.json;results_r02/agg_ablation/final_FedProx-U_s5_p0.0_R100_cf679ffaca.json;results_r02/agg_ablation/final_FedProx-U_s6_p0.0_R100_d7e5ccb0c5.json;results_r02/agg_ablation/final_FedProx-U_s7_p0.0_R100_dab03a978c.json;results_r02/agg_ablation/final_FedProx-U_s8_p0.0_R100_38ecdf5292.json;results_r02/agg_ablation/final_FedProx-U_s9_p0.0_R100_32d6358bc5.json;results_r02/main/final_FedProx_s0_p0.0_R100_d2f48b4d2d.json;results_r02/main/final_FedProx_s1_p0.0_R100_ea761b5b31.json;results_r02/main/final_FedProx_s2_p0.0_R100_a9e66fb6e3.json;results_r02/main/final_FedProx_s3_p0.0_R100_35289c22c3.json;results_r02/main/final_FedProx_s4_p0.0_R100_d0b0d7a309.json;results_r02/main/final_FedProx_s5_p0.0_R100_462c834450.json;results_r02/main/final_FedProx_s6_p0.0_R100_4747fef7d5.json;results_r02/main/final_FedProx_s7_p0.0_R100_dd6d660b9d.json;results_r02/main/final_FedProx_s8_p0.0_R100_fa1dee6c4c.json;results_r02/main/final_FedProx_s9_p0.0_R100_d39703bf46.json,
Table 7 aggregation,tab:aggregation,FuzzyNoTrust vs FuzzyNoTrust-W,Accuracy,95.93$\pm$1.35 | 84.73$\pm$3.85 | +11.20 | [+8.52; +13.87] | $<$0.001,95.93 | 84.73 | +11.20 | [+8.52; +13.87] | $<$0.001,yes,10,FuzzyNoTrust_s0_p0.0_R100_57a8932ef9;FuzzyNoTrust_s1_p0.0_R100_65200b8346;FuzzyNoTrust_s2_p0.0_R100_167c4f2b6c;FuzzyNoTrust_s3_p0.0_R100_a542cc01a3;FuzzyNoTrust_s4_p0.0_R100_d2ed990763;FuzzyNoTrust_s5_p0.0_R100_1f44ad8062;FuzzyNoTrust_s6_p0.0_R100_0aa5124c30;FuzzyNoTrust_s7_p0.0_R100_491c3c5a30;FuzzyNoTrust_s8_p0.0_R100_5dbc855292;FuzzyNoTrust_s9_p0.0_R100_01b08a97a7|FuzzyNoTrust_s0_p0.0_R100_46834d0102;FuzzyNoTrust_s1_p0.0_R100_f7c07bd1a9;FuzzyNoTrust_s2_p0.0_R100_360bb4c34e;FuzzyNoTrust_s3_p0.0_R100_9df964244d;FuzzyNoTrust_s4_p0.0_R100_8861a747da;FuzzyNoTrust_s5_p0.0_R100_caa75e491d;FuzzyNoTrust_s6_p0.0_R100_d24af13788;FuzzyNoTrust_s7_p0.0_R100_67f4a917d2;FuzzyNoTrust_s8_p0.0_R100_b421a1612c;FuzzyNoTrust_s9_p0.0_R100_aa5f283243,results_r02/main/final_FuzzyNoTrust_s0_p0.0_R100_57a8932ef9.json;results_r02/main/final_FuzzyNoTrust_s1_p0.0_R100_65200b8346.json;results_r02/main/final_FuzzyNoTrust_s2_p0.0_R100_167c4f2b6c.json;results_r02/main/final_FuzzyNoTrust_s3_p0.0_R100_a542cc01a3.json;results_r02/main/final_FuzzyNoTrust_s4_p0.0_R100_d2ed990763.json;results_r02/main/final_FuzzyNoTrust_s5_p0.0_R100_1f44ad8062.json;results_r02/main/final_FuzzyNoTrust_s6_p0.0_R100_0aa5124c30.json;results_r02/main/final_FuzzyNoTrust_s7_p0.0_R100_491c3c5a30.json;results_r02/main/final_FuzzyNoTrust_s8_p0.0_R100_5dbc855292.json;results_r02/main/final_FuzzyNoTrust_s9_p0.0_R100_01b08a97a7.json;results_r02/main/final_FuzzyNoTrust_s0_p0.0_R100_46834d0102.json;results_r02/main/final_FuzzyNoTrust_s1_p0.0_R100_f7c07bd1a9.json;results_r02/main/final_FuzzyNoTrust_s2_p0.0_R100_360bb4c34e.json;results_r02/main/final_FuzzyNoTrust_s3_p0.0_R100_9df964244d.json;results_r02/main/final_FuzzyNoTrust_s4_p0.0_R100_8861a747da.json;results_r02/main/final_FuzzyNoTrust_s5_p0.0_R100_caa75e491d.json;results_r02/main/final_FuzzyNoTrust_s6_p0.0_R100_d24af13788.json;results_r02/main/final_FuzzyNoTrust_s7_p0.0_R100_67f4a917d2.json;results_r02/main/final_FuzzyNoTrust_s8_p0.0_R100_b421a1612c.json;results_r02/main/final_FuzzyNoTrust_s9_p0.0_R100_aa5f283243.json,
Table 7 aggregation,tab:aggregation,FuzzyNoTrust vs FuzzyNoTrust-W,F1-Score,83.82$\pm$6.18 | 53.70$\pm$8.32 | +30.12 | [+23.23; +37.01] | $<$0.001,83.82 | 53.70 | +30.12 | [+23.23; +37.01] | $<$0.001,yes,10,FuzzyNoTrust_s0_p0.0_R100_57a8932ef9;FuzzyNoTrust_s1_p0.0_R100_65200b8346;FuzzyNoTrust_s2_p0.0_R100_167c4f2b6c;FuzzyNoTrust_s3_p0.0_R100_a542cc01a3;FuzzyNoTrust_s4_p0.0_R100_d2ed990763;FuzzyNoTrust_s5_p0.0_R100_1f44ad8062;FuzzyNoTrust_s6_p0.0_R100_0aa5124c30;FuzzyNoTrust_s7_p0.0_R100_491c3c5a30;FuzzyNoTrust_s8_p0.0_R100_5dbc855292;FuzzyNoTrust_s9_p0.0_R100_01b08a97a7|FuzzyNoTrust_s0_p0.0_R100_46834d0102;FuzzyNoTrust_s1_p0.0_R100_f7c07bd1a9;FuzzyNoTrust_s2_p0.0_R100_360bb4c34e;FuzzyNoTrust_s3_p0.0_R100_9df964244d;FuzzyNoTrust_s4_p0.0_R100_8861a747da;FuzzyNoTrust_s5_p0.0_R100_caa75e491d;FuzzyNoTrust_s6_p0.0_R100_d24af13788;FuzzyNoTrust_s7_p0.0_R100_67f4a917d2;FuzzyNoTrust_s8_p0.0_R100_b421a1612c;FuzzyNoTrust_s9_p0.0_R100_aa5f283243,results_r02/main/final_FuzzyNoTrust_s0_p0.0_R100_57a8932ef9.json;results_r02/main/final_FuzzyNoTrust_s1_p0.0_R100_65200b8346.json;results_r02/main/final_FuzzyNoTrust_s2_p0.0_R100_167c4f2b6c.json;results_r02/main/final_FuzzyNoTrust_s3_p0.0_R100_a542cc01a3.json;results_r02/main/final_FuzzyNoTrust_s4_p0.0_R100_d2ed990763.json;results_r02/main/final_FuzzyNoTrust_s5_p0.0_R100_1f44ad8062.json;results_r02/main/final_FuzzyNoTrust_s6_p0.0_R100_0aa5124c30.json;results_r02/main/final_FuzzyNoTrust_s7_p0.0_R100_491c3c5a30.json;results_r02/main/final_FuzzyNoTrust_s8_p0.0_R100_5dbc855292.json;results_r02/main/final_FuzzyNoTrust_s9_p0.0_R100_01b08a97a7.json;results_r02/main/final_FuzzyNoTrust_s0_p0.0_R100_46834d0102.json;results_r02/main/final_FuzzyNoTrust_s1_p0.0_R100_f7c07bd1a9.json;results_r02/main/final_FuzzyNoTrust_s2_p0.0_R100_360bb4c34e.json;results_r02/main/final_FuzzyNoTrust_s3_p0.0_R100_9df964244d.json;results_r02/main/final_FuzzyNoTrust_s4_p0.0_R100_8861a747da.json;results_r02/main/final_FuzzyNoTrust_s5_p0.0_R100_caa75e491d.json;results_r02/main/final_FuzzyNoTrust_s6_p0.0_R100_d24af13788.json;results_r02/main/final_FuzzyNoTrust_s7_p0.0_R100_67f4a917d2.json;results_r02/main/final_FuzzyNoTrust_s8_p0.0_R100_b421a1612c.json;results_r02/main/final_FuzzyNoTrust_s9_p0.0_R100_aa5f283243.json,
Table 7 aggregation,tab:aggregation,DyF-ZTL-v1 vs DyF-ZTL-v1-W,Accuracy,96.54$\pm$0.36 | 96.28$\pm$1.02 | +0.26 | [-0.65; +1.16] | 0.540,96.54 | 96.28 | +0.26 | [-0.65; +1.16] | 0.540,yes,10,DyF-ZTL-v1_s0_p0.0_R100_03d836afa7;DyF-ZTL-v1_s1_p0.0_R100_5bb99c99fc;DyF-ZTL-v1_s2_p0.0_R100_879fd9fbf9;DyF-ZTL-v1_s3_p0.0_R100_38831b5aa0;DyF-ZTL-v1_s4_p0.0_R100_edb115f3c1;DyF-ZTL-v1_s5_p0.0_R100_01dd5acff7;DyF-ZTL-v1_s6_p0.0_R100_53a8508d9a;DyF-ZTL-v1_s7_p0.0_R100_6486111f4f;DyF-ZTL-v1_s8_p0.0_R100_6f56c50223;DyF-ZTL-v1_s9_p0.0_R100_f0bbea3fba|DyF-ZTL-v1_s0_p0.0_R100_eb56c5af9d;DyF-ZTL-v1_s1_p0.0_R100_155e58f956;DyF-ZTL-v1_s2_p0.0_R100_029acb6b3b;DyF-ZTL-v1_s3_p0.0_R100_1f22c4373e;DyF-ZTL-v1_s4_p0.0_R100_f3ac2f7863;DyF-ZTL-v1_s5_p0.0_R100_04f8c946fd;DyF-ZTL-v1_s6_p0.0_R100_2c20337a5a;DyF-ZTL-v1_s7_p0.0_R100_f189d0fb2d;DyF-ZTL-v1_s8_p0.0_R100_4e3baff073;DyF-ZTL-v1_s9_p0.0_R100_fd4fba0c0b,results_r02/main/final_DyF-ZTL-v1_s0_p0.0_R100_03d836afa7.json;results_r02/main/final_DyF-ZTL-v1_s1_p0.0_R100_5bb99c99fc.json;results_r02/main/final_DyF-ZTL-v1_s2_p0.0_R100_879fd9fbf9.json;results_r02/main/final_DyF-ZTL-v1_s3_p0.0_R100_38831b5aa0.json;results_r02/main/final_DyF-ZTL-v1_s4_p0.0_R100_edb115f3c1.json;results_r02/main/final_DyF-ZTL-v1_s5_p0.0_R100_01dd5acff7.json;results_r02/main/final_DyF-ZTL-v1_s6_p0.0_R100_53a8508d9a.json;results_r02/main/final_DyF-ZTL-v1_s7_p0.0_R100_6486111f4f.json;results_r02/main/final_DyF-ZTL-v1_s8_p0.0_R100_6f56c50223.json;results_r02/main/final_DyF-ZTL-v1_s9_p0.0_R100_f0bbea3fba.json;results_r02/main/final_DyF-ZTL-v1_s0_p0.0_R100_eb56c5af9d.json;results_r02/main/final_DyF-ZTL-v1_s1_p0.0_R100_155e58f956.json;results_r02/main/final_DyF-ZTL-v1_s2_p0.0_R100_029acb6b3b.json;results_r02/main/final_DyF-ZTL-v1_s3_p0.0_R100_1f22c4373e.json;results_r02/main/final_DyF-ZTL-v1_s4_p0.0_R100_f3ac2f7863.json;results_r02/main/final_DyF-ZTL-v1_s5_p0.0_R100_04f8c946fd.json;results_r02/main/final_DyF-ZTL-v1_s6_p0.0_R100_2c20337a5a.json;results_r02/main/final_DyF-ZTL-v1_s7_p0.0_R100_f189d0fb2d.json;results_r02/main/final_DyF-ZTL-v1_s8_p0.0_R100_4e3baff073.json;results_r02/main/final_DyF-ZTL-v1_s9_p0.0_R100_fd4fba0c0b.json,
Table 7 aggregation,tab:aggregation,DyF-ZTL-v1 vs DyF-ZTL-v1-W,F1-Score,88.01$\pm$3.42 | 84.31$\pm$6.33 | +3.70 | [-1.35; +8.75] | 0.132,88.01 | 84.31 | +3.70 | [-1.35; +8.75] | 0.132,yes,10,DyF-ZTL-v1_s0_p0.0_R100_03d836afa7;DyF-ZTL-v1_s1_p0.0_R100_5bb99c99fc;DyF-ZTL-v1_s2_p0.0_R100_879fd9fbf9;DyF-ZTL-v1_s3_p0.0_R100_38831b5aa0;DyF-ZTL-v1_s4_p0.0_R100_edb115f3c1;DyF-ZTL-v1_s5_p0.0_R100_01dd5acff7;DyF-ZTL-v1_s6_p0.0_R100_53a8508d9a;DyF-ZTL-v1_s7_p0.0_R100_6486111f4f;DyF-ZTL-v1_s8_p0.0_R100_6f56c50223;DyF-ZTL-v1_s9_p0.0_R100_f0bbea3fba|DyF-ZTL-v1_s0_p0.0_R100_eb56c5af9d;DyF-ZTL-v1_s1_p0.0_R100_155e58f956;DyF-ZTL-v1_s2_p0.0_R100_029acb6b3b;DyF-ZTL-v1_s3_p0.0_R100_1f22c4373e;DyF-ZTL-v1_s4_p0.0_R100_f3ac2f7863;DyF-ZTL-v1_s5_p0.0_R100_04f8c946fd;DyF-ZTL-v1_s6_p0.0_R100_2c20337a5a;DyF-ZTL-v1_s7_p0.0_R100_f189d0fb2d;DyF-ZTL-v1_s8_p0.0_R100_4e3baff073;DyF-ZTL-v1_s9_p0.0_R100_fd4fba0c0b,results_r02/main/final_DyF-ZTL-v1_s0_p0.0_R100_03d836afa7.json;results_r02/main/final_DyF-ZTL-v1_s1_p0.0_R100_5bb99c99fc.json;results_r02/main/final_DyF-ZTL-v1_s2_p0.0_R100_879fd9fbf9.json;results_r02/main/final_DyF-ZTL-v1_s3_p0.0_R100_38831b5aa0.json;results_r02/main/final_DyF-ZTL-v1_s4_p0.0_R100_edb115f3c1.json;results_r02/main/final_DyF-ZTL-v1_s5_p0.0_R100_01dd5acff7.json;results_r02/main/final_DyF-ZTL-v1_s6_p0.0_R100_53a8508d9a.json;results_r02/main/final_DyF-ZTL-v1_s7_p0.0_R100_6486111f4f.json;results_r02/main/final_DyF-ZTL-v1_s8_p0.0_R100_6f56c50223.json;results_r02/main/final_DyF-ZTL-v1_s9_p0.0_R100_f0bbea3fba.json;results_r02/main/final_DyF-ZTL-v1_s0_p0.0_R100_eb56c5af9d.json;results_r02/main/final_DyF-ZTL-v1_s1_p0.0_R100_155e58f956.json;results_r02/main/final_DyF-ZTL-v1_s2_p0.0_R100_029acb6b3b.json;results_r02/main/final_DyF-ZTL-v1_s3_p0.0_R100_1f22c4373e.json;results_r02/main/final_DyF-ZTL-v1_s4_p0.0_R100_f3ac2f7863.json;results_r02/main/final_DyF-ZTL-v1_s5_p0.0_R100_04f8c946fd.json;results_r02/main/final_DyF-ZTL-v1_s6_p0.0_R100_2c20337a5a.json;results_r02/main/final_DyF-ZTL-v1_s7_p0.0_R100_f189d0fb2d.json;results_r02/main/final_DyF-ZTL-v1_s8_p0.0_R100_4e3baff073.json;results_r02/main/final_DyF-ZTL-v1_s9_p0.0_R100_fd4fba0c0b.json,
Table 7 aggregation,tab:aggregation,DyF-ZTL-V vs DyF-ZTL-V-W,Accuracy,96.88$\pm$0.50 | 93.71$\pm$3.60 | +3.17 | [+0.73; +5.61] | 0.017,96.88 | 93.71 | +3.17 | [+0.73; +5.61] | 0.017,yes,10,DyF-ZTL-V_s0_p0.0_R100_80bf0e9a50;DyF-ZTL-V_s1_p0.0_R100_749ae4dd2f;DyF-ZTL-V_s2_p0.0_R100_51acb3fbbb;DyF-ZTL-V_s3_p0.0_R100_c5ab1537e6;DyF-ZTL-V_s4_p0.0_R100_637d44f118;DyF-ZTL-V_s5_p0.0_R100_5b42d47528;DyF-ZTL-V_s6_p0.0_R100_4647357bee;DyF-ZTL-V_s7_p0.0_R100_42bec17b54;DyF-ZTL-V_s8_p0.0_R100_360545a5f2;DyF-ZTL-V_s9_p0.0_R100_c38dc802e2|DyF-ZTL-V_s0_p0.0_R100_427f511cfb;DyF-ZTL-V_s1_p0.0_R100_49d0ec3813;DyF-ZTL-V_s2_p0.0_R100_d9c2ac0eed;DyF-ZTL-V_s3_p0.0_R100_60434a1691;DyF-ZTL-V_s4_p0.0_R100_3be57c8ca5;DyF-ZTL-V_s5_p0.0_R100_fc7fd65301;DyF-ZTL-V_s6_p0.0_R100_4e8769bbc3;DyF-ZTL-V_s7_p0.0_R100_f158c1f3bc;DyF-ZTL-V_s8_p0.0_R100_3e61706a5f;DyF-ZTL-V_s9_p0.0_R100_81a01f1534,results_r02/main/final_DyF-ZTL-V_s0_p0.0_R100_80bf0e9a50.json;results_r02/main/final_DyF-ZTL-V_s1_p0.0_R100_749ae4dd2f.json;results_r02/main/final_DyF-ZTL-V_s2_p0.0_R100_51acb3fbbb.json;results_r02/main/final_DyF-ZTL-V_s3_p0.0_R100_c5ab1537e6.json;results_r02/main/final_DyF-ZTL-V_s4_p0.0_R100_637d44f118.json;results_r02/main/final_DyF-ZTL-V_s5_p0.0_R100_5b42d47528.json;results_r02/main/final_DyF-ZTL-V_s6_p0.0_R100_4647357bee.json;results_r02/main/final_DyF-ZTL-V_s7_p0.0_R100_42bec17b54.json;results_r02/main/final_DyF-ZTL-V_s8_p0.0_R100_360545a5f2.json;results_r02/main/final_DyF-ZTL-V_s9_p0.0_R100_c38dc802e2.json;results_r02/agg_v22/final_DyF-ZTL-V_s0_p0.0_R100_427f511cfb.json;results_r02/agg_v22/final_DyF-ZTL-V_s1_p0.0_R100_49d0ec3813.json;results_r02/agg_v22/final_DyF-ZTL-V_s2_p0.0_R100_d9c2ac0eed.json;results_r02/agg_v22/final_DyF-ZTL-V_s3_p0.0_R100_60434a1691.json;results_r02/agg_v22/final_DyF-ZTL-V_s4_p0.0_R100_3be57c8ca5.json;results_r02/agg_v22/final_DyF-ZTL-V_s5_p0.0_R100_fc7fd65301.json;results_r02/agg_v22/final_DyF-ZTL-V_s6_p0.0_R100_4e8769bbc3.json;results_r02/agg_v22/final_DyF-ZTL-V_s7_p0.0_R100_f158c1f3bc.json;results_r02/agg_v22/final_DyF-ZTL-V_s8_p0.0_R100_3e61706a5f.json;results_r02/agg_v22/final_DyF-ZTL-V_s9_p0.0_R100_81a01f1534.json,
Table 7 aggregation,tab:aggregation,DyF-ZTL-V vs DyF-ZTL-V-W,F1-Score,88.05$\pm$5.38 | 76.73$\pm$9.27 | +11.32 | [+5.79; +16.84] | 0.001,88.05 | 76.73 | +11.32 | [+5.79; +16.84] | 0.001,yes,10,DyF-ZTL-V_s0_p0.0_R100_80bf0e9a50;DyF-ZTL-V_s1_p0.0_R100_749ae4dd2f;DyF-ZTL-V_s2_p0.0_R100_51acb3fbbb;DyF-ZTL-V_s3_p0.0_R100_c5ab1537e6;DyF-ZTL-V_s4_p0.0_R100_637d44f118;DyF-ZTL-V_s5_p0.0_R100_5b42d47528;DyF-ZTL-V_s6_p0.0_R100_4647357bee;DyF-ZTL-V_s7_p0.0_R100_42bec17b54;DyF-ZTL-V_s8_p0.0_R100_360545a5f2;DyF-ZTL-V_s9_p0.0_R100_c38dc802e2|DyF-ZTL-V_s0_p0.0_R100_427f511cfb;DyF-ZTL-V_s1_p0.0_R100_49d0ec3813;DyF-ZTL-V_s2_p0.0_R100_d9c2ac0eed;DyF-ZTL-V_s3_p0.0_R100_60434a1691;DyF-ZTL-V_s4_p0.0_R100_3be57c8ca5;DyF-ZTL-V_s5_p0.0_R100_fc7fd65301;DyF-ZTL-V_s6_p0.0_R100_4e8769bbc3;DyF-ZTL-V_s7_p0.0_R100_f158c1f3bc;DyF-ZTL-V_s8_p0.0_R100_3e61706a5f;DyF-ZTL-V_s9_p0.0_R100_81a01f1534,results_r02/main/final_DyF-ZTL-V_s0_p0.0_R100_80bf0e9a50.json;results_r02/main/final_DyF-ZTL-V_s1_p0.0_R100_749ae4dd2f.json;results_r02/main/final_DyF-ZTL-V_s2_p0.0_R100_51acb3fbbb.json;results_r02/main/final_DyF-ZTL-V_s3_p0.0_R100_c5ab1537e6.json;results_r02/main/final_DyF-ZTL-V_s4_p0.0_R100_637d44f118.json;results_r02/main/final_DyF-ZTL-V_s5_p0.0_R100_5b42d47528.json;results_r02/main/final_DyF-ZTL-V_s6_p0.0_R100_4647357bee.json;results_r02/main/final_DyF-ZTL-V_s7_p0.0_R100_42bec17b54.json;results_r02/main/final_DyF-ZTL-V_s8_p0.0_R100_360545a5f2.json;results_r02/main/final_DyF-ZTL-V_s9_p0.0_R100_c38dc802e2.json;results_r02/agg_v22/final_DyF-ZTL-V_s0_p0.0_R100_427f511cfb.json;results_r02/agg_v22/final_DyF-ZTL-V_s1_p0.0_R100_49d0ec3813.json;results_r02/agg_v22/final_DyF-ZTL-V_s2_p0.0_R100_d9c2ac0eed.json;results_r02/agg_v22/final_DyF-ZTL-V_s3_p0.0_R100_60434a1691.json;results_r02/agg_v22/final_DyF-ZTL-V_s4_p0.0_R100_3be57c8ca5.json;results_r02/agg_v22/final_DyF-ZTL-V_s5_p0.0_R100_fc7fd65301.json;results_r02/agg_v22/final_DyF-ZTL-V_s6_p0.0_R100_4e8769bbc3.json;results_r02/agg_v22/final_DyF-ZTL-V_s7_p0.0_R100_f158c1f3bc.json;results_r02/agg_v22/final_DyF-ZTL-V_s8_p0.0_R100_3e61706a5f.json;results_r02/agg_v22/final_DyF-ZTL-V_s9_p0.0_R100_81a01f1534.json,
Table 8 per-class,tab:per_class,ddos / DyF-ZTL-V,precision | recall | F1,94.6$\pm$0.1 | 100.0$\pm$0.0 | 97.2$\pm$0.1,94.6±0.1 | 100.0±0.0 | 97.2±0.1,yes,10,DyF-ZTL-V_s0_p0.0_R100_80bf0e9a50;DyF-ZTL-V_s1_p0.0_R100_749ae4dd2f;DyF-ZTL-V_s2_p0.0_R100_51acb3fbbb;DyF-ZTL-V_s3_p0.0_R100_c5ab1537e6;DyF-ZTL-V_s4_p0.0_R100_637d44f118;DyF-ZTL-V_s5_p0.0_R100_5b42d47528;DyF-ZTL-V_s6_p0.0_R100_4647357bee;DyF-ZTL-V_s7_p0.0_R100_42bec17b54;DyF-ZTL-V_s8_p0.0_R100_360545a5f2;DyF-ZTL-V_s9_p0.0_R100_c38dc802e2,results_r02/main/final_DyF-ZTL-V_s0_p0.0_R100_80bf0e9a50.json;results_r02/main/final_DyF-ZTL-V_s1_p0.0_R100_749ae4dd2f.json;results_r02/main/final_DyF-ZTL-V_s2_p0.0_R100_51acb3fbbb.json;results_r02/main/final_DyF-ZTL-V_s3_p0.0_R100_c5ab1537e6.json;results_r02/main/final_DyF-ZTL-V_s4_p0.0_R100_637d44f118.json;results_r02/main/final_DyF-ZTL-V_s5_p0.0_R100_5b42d47528.json;results_r02/main/final_DyF-ZTL-V_s6_p0.0_R100_4647357bee.json;results_r02/main/final_DyF-ZTL-V_s7_p0.0_R100_42bec17b54.json;results_r02/main/final_DyF-ZTL-V_s8_p0.0_R100_360545a5f2.json;results_r02/main/final_DyF-ZTL-V_s9_p0.0_R100_c38dc802e2.json,per_class entries of the JSON records
Table 8 per-class,tab:per_class,ddos / SCAFFOLD,precision | recall | F1,94.6$\pm$0.1 | 100.0$\pm$0.1 | 97.2$\pm$0.0,94.6±0.1 | 100.0±0.1 | 97.2±0.0,yes,10,SCAFFOLD2-SGD05_s0_p0.0_R100_97159d895b;SCAFFOLD2-SGD05_s1_p0.0_R100_120cffedd7;SCAFFOLD2-SGD05_s2_p0.0_R100_b4a63a5e36;SCAFFOLD2-SGD05_s3_p0.0_R100_39ab852c64;SCAFFOLD2-SGD05_s4_p0.0_R100_4e249d164e;SCAFFOLD2-SGD05_s5_p0.0_R100_6a6eaa02af;SCAFFOLD2-SGD05_s6_p0.0_R100_e5e7ecfc23;SCAFFOLD2-SGD05_s7_p0.0_R100_ad9f553018;SCAFFOLD2-SGD05_s8_p0.0_R100_33f48f5f9a;SCAFFOLD2-SGD05_s9_p0.0_R100_6731923dbb,results_r02/main/final_SCAFFOLD2-SGD05_s0_p0.0_R100_97159d895b.json;results_r02/main/final_SCAFFOLD2-SGD05_s1_p0.0_R100_120cffedd7.json;results_r02/main/final_SCAFFOLD2-SGD05_s2_p0.0_R100_b4a63a5e36.json;results_r02/main/final_SCAFFOLD2-SGD05_s3_p0.0_R100_39ab852c64.json;results_r02/main/final_SCAFFOLD2-SGD05_s4_p0.0_R100_4e249d164e.json;results_r02/main/final_SCAFFOLD2-SGD05_s5_p0.0_R100_6a6eaa02af.json;results_r02/main/final_SCAFFOLD2-SGD05_s6_p0.0_R100_e5e7ecfc23.json;results_r02/main/final_SCAFFOLD2-SGD05_s7_p0.0_R100_ad9f553018.json;results_r02/main/final_SCAFFOLD2-SGD05_s8_p0.0_R100_33f48f5f9a.json;results_r02/main/final_SCAFFOLD2-SGD05_s9_p0.0_R100_6731923dbb.json,per_class entries of the JSON records
Table 8 per-class,tab:per_class,ddos / FedProx-U,precision | recall | F1,94.6$\pm$0.1 | 100.0$\pm$0.1 | 97.2$\pm$0.1,94.6±0.1 | 100.0±0.1 | 97.2±0.1,yes,10,FedProx-U_s0_p0.0_R100_754283dd0f;FedProx-U_s1_p0.0_R100_a53a4bd3cd;FedProx-U_s2_p0.0_R100_50a4bbc3f7;FedProx-U_s3_p0.0_R100_5ae157cc3e;FedProx-U_s4_p0.0_R100_7dff7d392c;FedProx-U_s5_p0.0_R100_cf679ffaca;FedProx-U_s6_p0.0_R100_d7e5ccb0c5;FedProx-U_s7_p0.0_R100_dab03a978c;FedProx-U_s8_p0.0_R100_38ecdf5292;FedProx-U_s9_p0.0_R100_32d6358bc5,results_r02/agg_ablation/final_FedProx-U_s0_p0.0_R100_754283dd0f.json;results_r02/agg_ablation/final_FedProx-U_s1_p0.0_R100_a53a4bd3cd.json;results_r02/agg_ablation/final_FedProx-U_s2_p0.0_R100_50a4bbc3f7.json;results_r02/agg_ablation/final_FedProx-U_s3_p0.0_R100_5ae157cc3e.json;results_r02/agg_ablation/final_FedProx-U_s4_p0.0_R100_7dff7d392c.json;results_r02/agg_ablation/final_FedProx-U_s5_p0.0_R100_cf679ffaca.json;results_r02/agg_ablation/final_FedProx-U_s6_p0.0_R100_d7e5ccb0c5.json;results_r02/agg_ablation/final_FedProx-U_s7_p0.0_R100_dab03a978c.json;results_r02/agg_ablation/final_FedProx-U_s8_p0.0_R100_38ecdf5292.json;results_r02/agg_ablation/final_FedProx-U_s9_p0.0_R100_32d6358bc5.json,per_class entries of the JSON records
Table 8 per-class,tab:per_class,ddos / FedProx,precision | recall | F1,94.6$\pm$0.1 | 100.0$\pm$0.0 | 97.2$\pm$0.0,94.6±0.1 | 100.0±0.0 | 97.2±0.0,yes,10,FedProx_s0_p0.0_R100_d2f48b4d2d;FedProx_s1_p0.0_R100_ea761b5b31;FedProx_s2_p0.0_R100_a9e66fb6e3;FedProx_s3_p0.0_R100_35289c22c3;FedProx_s4_p0.0_R100_d0b0d7a309;FedProx_s5_p0.0_R100_462c834450;FedProx_s6_p0.0_R100_4747fef7d5;FedProx_s7_p0.0_R100_dd6d660b9d;FedProx_s8_p0.0_R100_fa1dee6c4c;FedProx_s9_p0.0_R100_d39703bf46,results_r02/main/final_FedProx_s0_p0.0_R100_d2f48b4d2d.json;results_r02/main/final_FedProx_s1_p0.0_R100_ea761b5b31.json;results_r02/main/final_FedProx_s2_p0.0_R100_a9e66fb6e3.json;results_r02/main/final_FedProx_s3_p0.0_R100_35289c22c3.json;results_r02/main/final_FedProx_s4_p0.0_R100_d0b0d7a309.json;results_r02/main/final_FedProx_s5_p0.0_R100_462c834450.json;results_r02/main/final_FedProx_s6_p0.0_R100_4747fef7d5.json;results_r02/main/final_FedProx_s7_p0.0_R100_dd6d660b9d.json;results_r02/main/final_FedProx_s8_p0.0_R100_fa1dee6c4c.json;results_r02/main/final_FedProx_s9_p0.0_R100_d39703bf46.json,per_class entries of the JSON records
Table 8 per-class,tab:per_class,ddos / FedAvg,precision | recall | F1,94.7$\pm$0.5 | 99.5$\pm$0.9 | 97.0$\pm$0.4,94.7±0.5 | 99.5±0.9 | 97.0±0.4,yes,10,FedAvg_s0_p0.0_R100_ea8bac71c4;FedAvg_s1_p0.0_R100_5583fb0784;FedAvg_s2_p0.0_R100_d7cc5424da;FedAvg_s3_p0.0_R100_20033be89f;FedAvg_s4_p0.0_R100_76afbd23ee;FedAvg_s5_p0.0_R100_b38c34ec9f;FedAvg_s6_p0.0_R100_787f6a9497;FedAvg_s7_p0.0_R100_d659c9a50d;FedAvg_s8_p0.0_R100_5af931b1a8;FedAvg_s9_p0.0_R100_b46cc80f55,results_r02/main/final_FedAvg_s0_p0.0_R100_ea8bac71c4.json;results_r02/main/final_FedAvg_s1_p0.0_R100_5583fb0784.json;results_r02/main/final_FedAvg_s2_p0.0_R100_d7cc5424da.json;results_r02/main/final_FedAvg_s3_p0.0_R100_20033be89f.json;results_r02/main/final_FedAvg_s4_p0.0_R100_76afbd23ee.json;results_r02/main/final_FedAvg_s5_p0.0_R100_b38c34ec9f.json;results_r02/main/final_FedAvg_s6_p0.0_R100_787f6a9497.json;results_r02/main/final_FedAvg_s7_p0.0_R100_d659c9a50d.json;results_r02/main/final_FedAvg_s8_p0.0_R100_5af931b1a8.json;results_r02/main/final_FedAvg_s9_p0.0_R100_b46cc80f55.json,per_class entries of the JSON records
Table 8 per-class,tab:per_class,ddos / ServerOnly,precision | recall | F1,94.7$\pm$0.0 | 99.9$\pm$0.1 | 97.2$\pm$0.1,94.7±0.0 | 99.9±0.1 | 97.2±0.1,yes,10,ServerOnly_s0_p0.0_R100_e5d41fc54f;ServerOnly_s1_p0.0_R100_a9b4ae553a;ServerOnly_s2_p0.0_R100_c5b9cae6e6;ServerOnly_s3_p0.0_R100_fbf83f1f03;ServerOnly_s4_p0.0_R100_b312466574;ServerOnly_s5_p0.0_R100_88cb63e806;ServerOnly_s6_p0.0_R100_33854e387f;ServerOnly_s7_p0.0_R100_0c9500ca56;ServerOnly_s8_p0.0_R100_f5e99ad1e9;ServerOnly_s9_p0.0_R100_8ccbfc7a48,results_r02/main/final_ServerOnly_s0_p0.0_R100_e5d41fc54f.json;results_r02/main/final_ServerOnly_s1_p0.0_R100_a9b4ae553a.json;results_r02/main/final_ServerOnly_s2_p0.0_R100_c5b9cae6e6.json;results_r02/main/final_ServerOnly_s3_p0.0_R100_fbf83f1f03.json;results_r02/main/final_ServerOnly_s4_p0.0_R100_b312466574.json;results_r02/main/final_ServerOnly_s5_p0.0_R100_88cb63e806.json;results_r02/main/final_ServerOnly_s6_p0.0_R100_33854e387f.json;results_r02/main/final_ServerOnly_s7_p0.0_R100_0c9500ca56.json;results_r02/main/final_ServerOnly_s8_p0.0_R100_f5e99ad1e9.json;results_r02/main/final_ServerOnly_s9_p0.0_R100_8ccbfc7a48.json,per_class entries of the JSON records
Table 8 per-class,tab:per_class,dos / DyF-ZTL-V,precision | recall | F1,63.6$\pm$0.6 | 98.2$\pm$2.8 | 77.2$\pm$1.2,63.6±0.6 | 98.2±2.8 | 77.2±1.2,yes,10,DyF-ZTL-V_s0_p0.0_R100_80bf0e9a50;DyF-ZTL-V_s1_p0.0_R100_749ae4dd2f;DyF-ZTL-V_s2_p0.0_R100_51acb3fbbb;DyF-ZTL-V_s3_p0.0_R100_c5ab1537e6;DyF-ZTL-V_s4_p0.0_R100_637d44f118;DyF-ZTL-V_s5_p0.0_R100_5b42d47528;DyF-ZTL-V_s6_p0.0_R100_4647357bee;DyF-ZTL-V_s7_p0.0_R100_42bec17b54;DyF-ZTL-V_s8_p0.0_R100_360545a5f2;DyF-ZTL-V_s9_p0.0_R100_c38dc802e2,results_r02/main/final_DyF-ZTL-V_s0_p0.0_R100_80bf0e9a50.json;results_r02/main/final_DyF-ZTL-V_s1_p0.0_R100_749ae4dd2f.json;results_r02/main/final_DyF-ZTL-V_s2_p0.0_R100_51acb3fbbb.json;results_r02/main/final_DyF-ZTL-V_s3_p0.0_R100_c5ab1537e6.json;results_r02/main/final_DyF-ZTL-V_s4_p0.0_R100_637d44f118.json;results_r02/main/final_DyF-ZTL-V_s5_p0.0_R100_5b42d47528.json;results_r02/main/final_DyF-ZTL-V_s6_p0.0_R100_4647357bee.json;results_r02/main/final_DyF-ZTL-V_s7_p0.0_R100_42bec17b54.json;results_r02/main/final_DyF-ZTL-V_s8_p0.0_R100_360545a5f2.json;results_r02/main/final_DyF-ZTL-V_s9_p0.0_R100_c38dc802e2.json,per_class entries of the JSON records
Table 8 per-class,tab:per_class,dos / SCAFFOLD,precision | recall | F1,62.9$\pm$0.8 | 98.3$\pm$3.6 | 76.7$\pm$1.4,62.9±0.8 | 98.3±3.6 | 76.7±1.4,yes,10,SCAFFOLD2-SGD05_s0_p0.0_R100_97159d895b;SCAFFOLD2-SGD05_s1_p0.0_R100_120cffedd7;SCAFFOLD2-SGD05_s2_p0.0_R100_b4a63a5e36;SCAFFOLD2-SGD05_s3_p0.0_R100_39ab852c64;SCAFFOLD2-SGD05_s4_p0.0_R100_4e249d164e;SCAFFOLD2-SGD05_s5_p0.0_R100_6a6eaa02af;SCAFFOLD2-SGD05_s6_p0.0_R100_e5e7ecfc23;SCAFFOLD2-SGD05_s7_p0.0_R100_ad9f553018;SCAFFOLD2-SGD05_s8_p0.0_R100_33f48f5f9a;SCAFFOLD2-SGD05_s9_p0.0_R100_6731923dbb,results_r02/main/final_SCAFFOLD2-SGD05_s0_p0.0_R100_97159d895b.json;results_r02/main/final_SCAFFOLD2-SGD05_s1_p0.0_R100_120cffedd7.json;results_r02/main/final_SCAFFOLD2-SGD05_s2_p0.0_R100_b4a63a5e36.json;results_r02/main/final_SCAFFOLD2-SGD05_s3_p0.0_R100_39ab852c64.json;results_r02/main/final_SCAFFOLD2-SGD05_s4_p0.0_R100_4e249d164e.json;results_r02/main/final_SCAFFOLD2-SGD05_s5_p0.0_R100_6a6eaa02af.json;results_r02/main/final_SCAFFOLD2-SGD05_s6_p0.0_R100_e5e7ecfc23.json;results_r02/main/final_SCAFFOLD2-SGD05_s7_p0.0_R100_ad9f553018.json;results_r02/main/final_SCAFFOLD2-SGD05_s8_p0.0_R100_33f48f5f9a.json;results_r02/main/final_SCAFFOLD2-SGD05_s9_p0.0_R100_6731923dbb.json,per_class entries of the JSON records
Table 8 per-class,tab:per_class,dos / FedProx-U,precision | recall | F1,63.4$\pm$0.6 | 98.6$\pm$1.9 | 77.1$\pm$0.8,63.4±0.6 | 98.6±1.9 | 77.1±0.8,yes,10,FedProx-U_s0_p0.0_R100_754283dd0f;FedProx-U_s1_p0.0_R100_a53a4bd3cd;FedProx-U_s2_p0.0_R100_50a4bbc3f7;FedProx-U_s3_p0.0_R100_5ae157cc3e;FedProx-U_s4_p0.0_R100_7dff7d392c;FedProx-U_s5_p0.0_R100_cf679ffaca;FedProx-U_s6_p0.0_R100_d7e5ccb0c5;FedProx-U_s7_p0.0_R100_dab03a978c;FedProx-U_s8_p0.0_R100_38ecdf5292;FedProx-U_s9_p0.0_R100_32d6358bc5,results_r02/agg_ablation/final_FedProx-U_s0_p0.0_R100_754283dd0f.json;results_r02/agg_ablation/final_FedProx-U_s1_p0.0_R100_a53a4bd3cd.json;results_r02/agg_ablation/final_FedProx-U_s2_p0.0_R100_50a4bbc3f7.json;results_r02/agg_ablation/final_FedProx-U_s3_p0.0_R100_5ae157cc3e.json;results_r02/agg_ablation/final_FedProx-U_s4_p0.0_R100_7dff7d392c.json;results_r02/agg_ablation/final_FedProx-U_s5_p0.0_R100_cf679ffaca.json;results_r02/agg_ablation/final_FedProx-U_s6_p0.0_R100_d7e5ccb0c5.json;results_r02/agg_ablation/final_FedProx-U_s7_p0.0_R100_dab03a978c.json;results_r02/agg_ablation/final_FedProx-U_s8_p0.0_R100_38ecdf5292.json;results_r02/agg_ablation/final_FedProx-U_s9_p0.0_R100_32d6358bc5.json,per_class entries of the JSON records
Table 8 per-class,tab:per_class,dos / FedProx,precision | recall | F1,64.3$\pm$2.7 | 96.1$\pm$5.2 | 76.9$\pm$1.0,64.3±2.7 | 96.1±5.2 | 76.9±1.0,yes,10,FedProx_s0_p0.0_R100_d2f48b4d2d;FedProx_s1_p0.0_R100_ea761b5b31;FedProx_s2_p0.0_R100_a9e66fb6e3;FedProx_s3_p0.0_R100_35289c22c3;FedProx_s4_p0.0_R100_d0b0d7a309;FedProx_s5_p0.0_R100_462c834450;FedProx_s6_p0.0_R100_4747fef7d5;FedProx_s7_p0.0_R100_dd6d660b9d;FedProx_s8_p0.0_R100_fa1dee6c4c;FedProx_s9_p0.0_R100_d39703bf46,results_r02/main/final_FedProx_s0_p0.0_R100_d2f48b4d2d.json;results_r02/main/final_FedProx_s1_p0.0_R100_ea761b5b31.json;results_r02/main/final_FedProx_s2_p0.0_R100_a9e66fb6e3.json;results_r02/main/final_FedProx_s3_p0.0_R100_35289c22c3.json;results_r02/main/final_FedProx_s4_p0.0_R100_d0b0d7a309.json;results_r02/main/final_FedProx_s5_p0.0_R100_462c834450.json;results_r02/main/final_FedProx_s6_p0.0_R100_4747fef7d5.json;results_r02/main/final_FedProx_s7_p0.0_R100_dd6d660b9d.json;results_r02/main/final_FedProx_s8_p0.0_R100_fa1dee6c4c.json;results_r02/main/final_FedProx_s9_p0.0_R100_d39703bf46.json,per_class entries of the JSON records
Table 8 per-class,tab:per_class,dos / FedAvg,precision | recall | F1,61.3$\pm$3.0 | 86.8$\pm$26.3 | 69.5$\pm$17.0,61.3±3.0 | 86.8±26.3 | 69.5±17.0,yes,10,FedAvg_s0_p0.0_R100_ea8bac71c4;FedAvg_s1_p0.0_R100_5583fb0784;FedAvg_s2_p0.0_R100_d7cc5424da;FedAvg_s3_p0.0_R100_20033be89f;FedAvg_s4_p0.0_R100_76afbd23ee;FedAvg_s5_p0.0_R100_b38c34ec9f;FedAvg_s6_p0.0_R100_787f6a9497;FedAvg_s7_p0.0_R100_d659c9a50d;FedAvg_s8_p0.0_R100_5af931b1a8;FedAvg_s9_p0.0_R100_b46cc80f55,results_r02/main/final_FedAvg_s0_p0.0_R100_ea8bac71c4.json;results_r02/main/final_FedAvg_s1_p0.0_R100_5583fb0784.json;results_r02/main/final_FedAvg_s2_p0.0_R100_d7cc5424da.json;results_r02/main/final_FedAvg_s3_p0.0_R100_20033be89f.json;results_r02/main/final_FedAvg_s4_p0.0_R100_76afbd23ee.json;results_r02/main/final_FedAvg_s5_p0.0_R100_b38c34ec9f.json;results_r02/main/final_FedAvg_s6_p0.0_R100_787f6a9497.json;results_r02/main/final_FedAvg_s7_p0.0_R100_d659c9a50d.json;results_r02/main/final_FedAvg_s8_p0.0_R100_5af931b1a8.json;results_r02/main/final_FedAvg_s9_p0.0_R100_b46cc80f55.json,per_class entries of the JSON records
Table 8 per-class,tab:per_class,dos / ServerOnly,precision | recall | F1,63.0$\pm$0.8 | 87.2$\pm$5.3 | 73.1$\pm$2.1,63.0±0.8 | 87.2±5.3 | 73.1±2.1,yes,10,ServerOnly_s0_p0.0_R100_e5d41fc54f;ServerOnly_s1_p0.0_R100_a9b4ae553a;ServerOnly_s2_p0.0_R100_c5b9cae6e6;ServerOnly_s3_p0.0_R100_fbf83f1f03;ServerOnly_s4_p0.0_R100_b312466574;ServerOnly_s5_p0.0_R100_88cb63e806;ServerOnly_s6_p0.0_R100_33854e387f;ServerOnly_s7_p0.0_R100_0c9500ca56;ServerOnly_s8_p0.0_R100_f5e99ad1e9;ServerOnly_s9_p0.0_R100_8ccbfc7a48,results_r02/main/final_ServerOnly_s0_p0.0_R100_e5d41fc54f.json;results_r02/main/final_ServerOnly_s1_p0.0_R100_a9b4ae553a.json;results_r02/main/final_ServerOnly_s2_p0.0_R100_c5b9cae6e6.json;results_r02/main/final_ServerOnly_s3_p0.0_R100_fbf83f1f03.json;results_r02/main/final_ServerOnly_s4_p0.0_R100_b312466574.json;results_r02/main/final_ServerOnly_s5_p0.0_R100_88cb63e806.json;results_r02/main/final_ServerOnly_s6_p0.0_R100_33854e387f.json;results_r02/main/final_ServerOnly_s7_p0.0_R100_0c9500ca56.json;results_r02/main/final_ServerOnly_s8_p0.0_R100_f5e99ad1e9.json;results_r02/main/final_ServerOnly_s9_p0.0_R100_8ccbfc7a48.json,per_class entries of the JSON records
Table 8 per-class,tab:per_class,injection / DyF-ZTL-V,precision | recall | F1,84.3$\pm$4.6 | 97.6$\pm$2.9 | 90.3$\pm$2.2,84.3±4.6 | 97.6±2.9 | 90.3±2.2,yes,10,DyF-ZTL-V_s0_p0.0_R100_80bf0e9a50;DyF-ZTL-V_s1_p0.0_R100_749ae4dd2f;DyF-ZTL-V_s2_p0.0_R100_51acb3fbbb;DyF-ZTL-V_s3_p0.0_R100_c5ab1537e6;DyF-ZTL-V_s4_p0.0_R100_637d44f118;DyF-ZTL-V_s5_p0.0_R100_5b42d47528;DyF-ZTL-V_s6_p0.0_R100_4647357bee;DyF-ZTL-V_s7_p0.0_R100_42bec17b54;DyF-ZTL-V_s8_p0.0_R100_360545a5f2;DyF-ZTL-V_s9_p0.0_R100_c38dc802e2,results_r02/main/final_DyF-ZTL-V_s0_p0.0_R100_80bf0e9a50.json;results_r02/main/final_DyF-ZTL-V_s1_p0.0_R100_749ae4dd2f.json;results_r02/main/final_DyF-ZTL-V_s2_p0.0_R100_51acb3fbbb.json;results_r02/main/final_DyF-ZTL-V_s3_p0.0_R100_c5ab1537e6.json;results_r02/main/final_DyF-ZTL-V_s4_p0.0_R100_637d44f118.json;results_r02/main/final_DyF-ZTL-V_s5_p0.0_R100_5b42d47528.json;results_r02/main/final_DyF-ZTL-V_s6_p0.0_R100_4647357bee.json;results_r02/main/final_DyF-ZTL-V_s7_p0.0_R100_42bec17b54.json;results_r02/main/final_DyF-ZTL-V_s8_p0.0_R100_360545a5f2.json;results_r02/main/final_DyF-ZTL-V_s9_p0.0_R100_c38dc802e2.json,per_class entries of the JSON records
Table 8 per-class,tab:per_class,injection / SCAFFOLD,precision | recall | F1,78.2$\pm$3.8 | 99.8$\pm$0.5 | 87.6$\pm$2.4,78.2±3.8 | 99.8±0.5 | 87.6±2.4,yes,10,SCAFFOLD2-SGD05_s0_p0.0_R100_97159d895b;SCAFFOLD2-SGD05_s1_p0.0_R100_120cffedd7;SCAFFOLD2-SGD05_s2_p0.0_R100_b4a63a5e36;SCAFFOLD2-SGD05_s3_p0.0_R100_39ab852c64;SCAFFOLD2-SGD05_s4_p0.0_R100_4e249d164e;SCAFFOLD2-SGD05_s5_p0.0_R100_6a6eaa02af;SCAFFOLD2-SGD05_s6_p0.0_R100_e5e7ecfc23;SCAFFOLD2-SGD05_s7_p0.0_R100_ad9f553018;SCAFFOLD2-SGD05_s8_p0.0_R100_33f48f5f9a;SCAFFOLD2-SGD05_s9_p0.0_R100_6731923dbb,results_r02/main/final_SCAFFOLD2-SGD05_s0_p0.0_R100_97159d895b.json;results_r02/main/final_SCAFFOLD2-SGD05_s1_p0.0_R100_120cffedd7.json;results_r02/main/final_SCAFFOLD2-SGD05_s2_p0.0_R100_b4a63a5e36.json;results_r02/main/final_SCAFFOLD2-SGD05_s3_p0.0_R100_39ab852c64.json;results_r02/main/final_SCAFFOLD2-SGD05_s4_p0.0_R100_4e249d164e.json;results_r02/main/final_SCAFFOLD2-SGD05_s5_p0.0_R100_6a6eaa02af.json;results_r02/main/final_SCAFFOLD2-SGD05_s6_p0.0_R100_e5e7ecfc23.json;results_r02/main/final_SCAFFOLD2-SGD05_s7_p0.0_R100_ad9f553018.json;results_r02/main/final_SCAFFOLD2-SGD05_s8_p0.0_R100_33f48f5f9a.json;results_r02/main/final_SCAFFOLD2-SGD05_s9_p0.0_R100_6731923dbb.json,per_class entries of the JSON records
Table 8 per-class,tab:per_class,injection / FedProx-U,precision | recall | F1,79.8$\pm$5.1 | 98.2$\pm$2.7 | 87.9$\pm$2.1,79.8±5.1 | 98.2±2.7 | 87.9±2.1,yes,10,FedProx-U_s0_p0.0_R100_754283dd0f;FedProx-U_s1_p0.0_R100_a53a4bd3cd;FedProx-U_s2_p0.0_R100_50a4bbc3f7;FedProx-U_s3_p0.0_R100_5ae157cc3e;FedProx-U_s4_p0.0_R100_7dff7d392c;FedProx-U_s5_p0.0_R100_cf679ffaca;FedProx-U_s6_p0.0_R100_d7e5ccb0c5;FedProx-U_s7_p0.0_R100_dab03a978c;FedProx-U_s8_p0.0_R100_38ecdf5292;FedProx-U_s9_p0.0_R100_32d6358bc5,results_r02/agg_ablation/final_FedProx-U_s0_p0.0_R100_754283dd0f.json;results_r02/agg_ablation/final_FedProx-U_s1_p0.0_R100_a53a4bd3cd.json;results_r02/agg_ablation/final_FedProx-U_s2_p0.0_R100_50a4bbc3f7.json;results_r02/agg_ablation/final_FedProx-U_s3_p0.0_R100_5ae157cc3e.json;results_r02/agg_ablation/final_FedProx-U_s4_p0.0_R100_7dff7d392c.json;results_r02/agg_ablation/final_FedProx-U_s5_p0.0_R100_cf679ffaca.json;results_r02/agg_ablation/final_FedProx-U_s6_p0.0_R100_d7e5ccb0c5.json;results_r02/agg_ablation/final_FedProx-U_s7_p0.0_R100_dab03a978c.json;results_r02/agg_ablation/final_FedProx-U_s8_p0.0_R100_38ecdf5292.json;results_r02/agg_ablation/final_FedProx-U_s9_p0.0_R100_32d6358bc5.json,per_class entries of the JSON records
Table 8 per-class,tab:per_class,injection / FedProx,precision | recall | F1,84.1$\pm$5.3 | 97.4$\pm$2.8 | 90.1$\pm$2.2,84.1±5.3 | 97.4±2.8 | 90.1±2.2,yes,10,FedProx_s0_p0.0_R100_d2f48b4d2d;FedProx_s1_p0.0_R100_ea761b5b31;FedProx_s2_p0.0_R100_a9e66fb6e3;FedProx_s3_p0.0_R100_35289c22c3;FedProx_s4_p0.0_R100_d0b0d7a309;FedProx_s5_p0.0_R100_462c834450;FedProx_s6_p0.0_R100_4747fef7d5;FedProx_s7_p0.0_R100_dd6d660b9d;FedProx_s8_p0.0_R100_fa1dee6c4c;FedProx_s9_p0.0_R100_d39703bf46,results_r02/main/final_FedProx_s0_p0.0_R100_d2f48b4d2d.json;results_r02/main/final_FedProx_s1_p0.0_R100_ea761b5b31.json;results_r02/main/final_FedProx_s2_p0.0_R100_a9e66fb6e3.json;results_r02/main/final_FedProx_s3_p0.0_R100_35289c22c3.json;results_r02/main/final_FedProx_s4_p0.0_R100_d0b0d7a309.json;results_r02/main/final_FedProx_s5_p0.0_R100_462c834450.json;results_r02/main/final_FedProx_s6_p0.0_R100_4747fef7d5.json;results_r02/main/final_FedProx_s7_p0.0_R100_dd6d660b9d.json;results_r02/main/final_FedProx_s8_p0.0_R100_fa1dee6c4c.json;results_r02/main/final_FedProx_s9_p0.0_R100_d39703bf46.json,per_class entries of the JSON records
Table 8 per-class,tab:per_class,injection / FedAvg,precision | recall | F1,84.0$\pm$6.9 | 93.2$\pm$6.8 | 88.0$\pm$3.8,84.0±6.9 | 93.2±6.8 | 88.0±3.8,yes,10,FedAvg_s0_p0.0_R100_ea8bac71c4;FedAvg_s1_p0.0_R100_5583fb0784;FedAvg_s2_p0.0_R100_d7cc5424da;FedAvg_s3_p0.0_R100_20033be89f;FedAvg_s4_p0.0_R100_76afbd23ee;FedAvg_s5_p0.0_R100_b38c34ec9f;FedAvg_s6_p0.0_R100_787f6a9497;FedAvg_s7_p0.0_R100_d659c9a50d;FedAvg_s8_p0.0_R100_5af931b1a8;FedAvg_s9_p0.0_R100_b46cc80f55,results_r02/main/final_FedAvg_s0_p0.0_R100_ea8bac71c4.json;results_r02/main/final_FedAvg_s1_p0.0_R100_5583fb0784.json;results_r02/main/final_FedAvg_s2_p0.0_R100_d7cc5424da.json;results_r02/main/final_FedAvg_s3_p0.0_R100_20033be89f.json;results_r02/main/final_FedAvg_s4_p0.0_R100_76afbd23ee.json;results_r02/main/final_FedAvg_s5_p0.0_R100_b38c34ec9f.json;results_r02/main/final_FedAvg_s6_p0.0_R100_787f6a9497.json;results_r02/main/final_FedAvg_s7_p0.0_R100_d659c9a50d.json;results_r02/main/final_FedAvg_s8_p0.0_R100_5af931b1a8.json;results_r02/main/final_FedAvg_s9_p0.0_R100_b46cc80f55.json,per_class entries of the JSON records
Table 8 per-class,tab:per_class,injection / ServerOnly,precision | recall | F1,89.6$\pm$3.3 | 89.1$\pm$4.8 | 89.2$\pm$1.8,89.6±3.3 | 89.1±4.8 | 89.2±1.8,yes,10,ServerOnly_s0_p0.0_R100_e5d41fc54f;ServerOnly_s1_p0.0_R100_a9b4ae553a;ServerOnly_s2_p0.0_R100_c5b9cae6e6;ServerOnly_s3_p0.0_R100_fbf83f1f03;ServerOnly_s4_p0.0_R100_b312466574;ServerOnly_s5_p0.0_R100_88cb63e806;ServerOnly_s6_p0.0_R100_33854e387f;ServerOnly_s7_p0.0_R100_0c9500ca56;ServerOnly_s8_p0.0_R100_f5e99ad1e9;ServerOnly_s9_p0.0_R100_8ccbfc7a48,results_r02/main/final_ServerOnly_s0_p0.0_R100_e5d41fc54f.json;results_r02/main/final_ServerOnly_s1_p0.0_R100_a9b4ae553a.json;results_r02/main/final_ServerOnly_s2_p0.0_R100_c5b9cae6e6.json;results_r02/main/final_ServerOnly_s3_p0.0_R100_fbf83f1f03.json;results_r02/main/final_ServerOnly_s4_p0.0_R100_b312466574.json;results_r02/main/final_ServerOnly_s5_p0.0_R100_88cb63e806.json;results_r02/main/final_ServerOnly_s6_p0.0_R100_33854e387f.json;results_r02/main/final_ServerOnly_s7_p0.0_R100_0c9500ca56.json;results_r02/main/final_ServerOnly_s8_p0.0_R100_f5e99ad1e9.json;results_r02/main/final_ServerOnly_s9_p0.0_R100_8ccbfc7a48.json,per_class entries of the JSON records
Table 8 per-class,tab:per_class,normal / DyF-ZTL-V,precision | recall | F1,98.6$\pm$1.0 | 96.9$\pm$0.4 | 97.7$\pm$0.3,98.6±1.0 | 96.9±0.4 | 97.7±0.3,yes,10,DyF-ZTL-V_s0_p0.0_R100_80bf0e9a50;DyF-ZTL-V_s1_p0.0_R100_749ae4dd2f;DyF-ZTL-V_s2_p0.0_R100_51acb3fbbb;DyF-ZTL-V_s3_p0.0_R100_c5ab1537e6;DyF-ZTL-V_s4_p0.0_R100_637d44f118;DyF-ZTL-V_s5_p0.0_R100_5b42d47528;DyF-ZTL-V_s6_p0.0_R100_4647357bee;DyF-ZTL-V_s7_p0.0_R100_42bec17b54;DyF-ZTL-V_s8_p0.0_R100_360545a5f2;DyF-ZTL-V_s9_p0.0_R100_c38dc802e2,results_r02/main/final_DyF-ZTL-V_s0_p0.0_R100_80bf0e9a50.json;results_r02/main/final_DyF-ZTL-V_s1_p0.0_R100_749ae4dd2f.json;results_r02/main/final_DyF-ZTL-V_s2_p0.0_R100_51acb3fbbb.json;results_r02/main/final_DyF-ZTL-V_s3_p0.0_R100_c5ab1537e6.json;results_r02/main/final_DyF-ZTL-V_s4_p0.0_R100_637d44f118.json;results_r02/main/final_DyF-ZTL-V_s5_p0.0_R100_5b42d47528.json;results_r02/main/final_DyF-ZTL-V_s6_p0.0_R100_4647357bee.json;results_r02/main/final_DyF-ZTL-V_s7_p0.0_R100_42bec17b54.json;results_r02/main/final_DyF-ZTL-V_s8_p0.0_R100_360545a5f2.json;results_r02/main/final_DyF-ZTL-V_s9_p0.0_R100_c38dc802e2.json,per_class entries of the JSON records
Table 8 per-class,tab:per_class,normal / SCAFFOLD,precision | recall | F1,99.1$\pm$0.5 | 95.9$\pm$0.8 | 97.4$\pm$0.3,99.1±0.5 | 95.9±0.8 | 97.4±0.3,yes,10,SCAFFOLD2-SGD05_s0_p0.0_R100_97159d895b;SCAFFOLD2-SGD05_s1_p0.0_R100_120cffedd7;SCAFFOLD2-SGD05_s2_p0.0_R100_b4a63a5e36;SCAFFOLD2-SGD05_s3_p0.0_R100_39ab852c64;SCAFFOLD2-SGD05_s4_p0.0_R100_4e249d164e;SCAFFOLD2-SGD05_s5_p0.0_R100_6a6eaa02af;SCAFFOLD2-SGD05_s6_p0.0_R100_e5e7ecfc23;SCAFFOLD2-SGD05_s7_p0.0_R100_ad9f553018;SCAFFOLD2-SGD05_s8_p0.0_R100_33f48f5f9a;SCAFFOLD2-SGD05_s9_p0.0_R100_6731923dbb,results_r02/main/final_SCAFFOLD2-SGD05_s0_p0.0_R100_97159d895b.json;results_r02/main/final_SCAFFOLD2-SGD05_s1_p0.0_R100_120cffedd7.json;results_r02/main/final_SCAFFOLD2-SGD05_s2_p0.0_R100_b4a63a5e36.json;results_r02/main/final_SCAFFOLD2-SGD05_s3_p0.0_R100_39ab852c64.json;results_r02/main/final_SCAFFOLD2-SGD05_s4_p0.0_R100_4e249d164e.json;results_r02/main/final_SCAFFOLD2-SGD05_s5_p0.0_R100_6a6eaa02af.json;results_r02/main/final_SCAFFOLD2-SGD05_s6_p0.0_R100_e5e7ecfc23.json;results_r02/main/final_SCAFFOLD2-SGD05_s7_p0.0_R100_ad9f553018.json;results_r02/main/final_SCAFFOLD2-SGD05_s8_p0.0_R100_33f48f5f9a.json;results_r02/main/final_SCAFFOLD2-SGD05_s9_p0.0_R100_6731923dbb.json,per_class entries of the JSON records
Table 8 per-class,tab:per_class,normal / FedProx-U,precision | recall | F1,99.2$\pm$0.9 | 95.4$\pm$0.7 | 97.2$\pm$0.2,99.2±0.9 | 95.4±0.7 | 97.2±0.2,yes,10,FedProx-U_s0_p0.0_R100_754283dd0f;FedProx-U_s1_p0.0_R100_a53a4bd3cd;FedProx-U_s2_p0.0_R100_50a4bbc3f7;FedProx-U_s3_p0.0_R100_5ae157cc3e;FedProx-U_s4_p0.0_R100_7dff7d392c;FedProx-U_s5_p0.0_R100_cf679ffaca;FedProx-U_s6_p0.0_R100_d7e5ccb0c5;FedProx-U_s7_p0.0_R100_dab03a978c;FedProx-U_s8_p0.0_R100_38ecdf5292;FedProx-U_s9_p0.0_R100_32d6358bc5,results_r02/agg_ablation/final_FedProx-U_s0_p0.0_R100_754283dd0f.json;results_r02/agg_ablation/final_FedProx-U_s1_p0.0_R100_a53a4bd3cd.json;results_r02/agg_ablation/final_FedProx-U_s2_p0.0_R100_50a4bbc3f7.json;results_r02/agg_ablation/final_FedProx-U_s3_p0.0_R100_5ae157cc3e.json;results_r02/agg_ablation/final_FedProx-U_s4_p0.0_R100_7dff7d392c.json;results_r02/agg_ablation/final_FedProx-U_s5_p0.0_R100_cf679ffaca.json;results_r02/agg_ablation/final_FedProx-U_s6_p0.0_R100_d7e5ccb0c5.json;results_r02/agg_ablation/final_FedProx-U_s7_p0.0_R100_dab03a978c.json;results_r02/agg_ablation/final_FedProx-U_s8_p0.0_R100_38ecdf5292.json;results_r02/agg_ablation/final_FedProx-U_s9_p0.0_R100_32d6358bc5.json,per_class entries of the JSON records
Table 8 per-class,tab:per_class,normal / FedProx,precision | recall | F1,94.2$\pm$1.8 | 97.2$\pm$0.3 | 95.7$\pm$0.9,94.2±1.8 | 97.2±0.3 | 95.7±0.9,yes,10,FedProx_s0_p0.0_R100_d2f48b4d2d;FedProx_s1_p0.0_R100_ea761b5b31;FedProx_s2_p0.0_R100_a9e66fb6e3;FedProx_s3_p0.0_R100_35289c22c3;FedProx_s4_p0.0_R100_d0b0d7a309;FedProx_s5_p0.0_R100_462c834450;FedProx_s6_p0.0_R100_4747fef7d5;FedProx_s7_p0.0_R100_dd6d660b9d;FedProx_s8_p0.0_R100_fa1dee6c4c;FedProx_s9_p0.0_R100_d39703bf46,results_r02/main/final_FedProx_s0_p0.0_R100_d2f48b4d2d.json;results_r02/main/final_FedProx_s1_p0.0_R100_ea761b5b31.json;results_r02/main/final_FedProx_s2_p0.0_R100_a9e66fb6e3.json;results_r02/main/final_FedProx_s3_p0.0_R100_35289c22c3.json;results_r02/main/final_FedProx_s4_p0.0_R100_d0b0d7a309.json;results_r02/main/final_FedProx_s5_p0.0_R100_462c834450.json;results_r02/main/final_FedProx_s6_p0.0_R100_4747fef7d5.json;results_r02/main/final_FedProx_s7_p0.0_R100_dd6d660b9d.json;results_r02/main/final_FedProx_s8_p0.0_R100_fa1dee6c4c.json;results_r02/main/final_FedProx_s9_p0.0_R100_d39703bf46.json,per_class entries of the JSON records
Table 8 per-class,tab:per_class,normal / FedAvg,precision | recall | F1,87.3$\pm$4.4 | 97.4$\pm$0.4 | 92.0$\pm$2.4,87.3±4.4 | 97.4±0.4 | 92.0±2.4,yes,10,FedAvg_s0_p0.0_R100_ea8bac71c4;FedAvg_s1_p0.0_R100_5583fb0784;FedAvg_s2_p0.0_R100_d7cc5424da;FedAvg_s3_p0.0_R100_20033be89f;FedAvg_s4_p0.0_R100_76afbd23ee;FedAvg_s5_p0.0_R100_b38c34ec9f;FedAvg_s6_p0.0_R100_787f6a9497;FedAvg_s7_p0.0_R100_d659c9a50d;FedAvg_s8_p0.0_R100_5af931b1a8;FedAvg_s9_p0.0_R100_b46cc80f55,results_r02/main/final_FedAvg_s0_p0.0_R100_ea8bac71c4.json;results_r02/main/final_FedAvg_s1_p0.0_R100_5583fb0784.json;results_r02/main/final_FedAvg_s2_p0.0_R100_d7cc5424da.json;results_r02/main/final_FedAvg_s3_p0.0_R100_20033be89f.json;results_r02/main/final_FedAvg_s4_p0.0_R100_76afbd23ee.json;results_r02/main/final_FedAvg_s5_p0.0_R100_b38c34ec9f.json;results_r02/main/final_FedAvg_s6_p0.0_R100_787f6a9497.json;results_r02/main/final_FedAvg_s7_p0.0_R100_d659c9a50d.json;results_r02/main/final_FedAvg_s8_p0.0_R100_5af931b1a8.json;results_r02/main/final_FedAvg_s9_p0.0_R100_b46cc80f55.json,per_class entries of the JSON records
Table 8 per-class,tab:per_class,normal / ServerOnly,precision | recall | F1,99.1$\pm$0.2 | 97.2$\pm$0.2 | 98.1$\pm$0.1,99.1±0.2 | 97.2±0.2 | 98.1±0.1,yes,10,ServerOnly_s0_p0.0_R100_e5d41fc54f;ServerOnly_s1_p0.0_R100_a9b4ae553a;ServerOnly_s2_p0.0_R100_c5b9cae6e6;ServerOnly_s3_p0.0_R100_fbf83f1f03;ServerOnly_s4_p0.0_R100_b312466574;ServerOnly_s5_p0.0_R100_88cb63e806;ServerOnly_s6_p0.0_R100_33854e387f;ServerOnly_s7_p0.0_R100_0c9500ca56;ServerOnly_s8_p0.0_R100_f5e99ad1e9;ServerOnly_s9_p0.0_R100_8ccbfc7a48,results_r02/main/final_ServerOnly_s0_p0.0_R100_e5d41fc54f.json;results_r02/main/final_ServerOnly_s1_p0.0_R100_a9b4ae553a.json;results_r02/main/final_ServerOnly_s2_p0.0_R100_c5b9cae6e6.json;results_r02/main/final_ServerOnly_s3_p0.0_R100_fbf83f1f03.json;results_r02/main/final_ServerOnly_s4_p0.0_R100_b312466574.json;results_r02/main/final_ServerOnly_s5_p0.0_R100_88cb63e806.json;results_r02/main/final_ServerOnly_s6_p0.0_R100_33854e387f.json;results_r02/main/final_ServerOnly_s7_p0.0_R100_0c9500ca56.json;results_r02/main/final_ServerOnly_s8_p0.0_R100_f5e99ad1e9.json;results_r02/main/final_ServerOnly_s9_p0.0_R100_8ccbfc7a48.json,per_class entries of the JSON records
Table 8 per-class,tab:per_class,password / DyF-ZTL-V,precision | recall | F1,99.6$\pm$0.1 | 99.3$\pm$0.9 | 99.5$\pm$0.5,99.6±0.1 | 99.3±0.9 | 99.5±0.5,yes,10,DyF-ZTL-V_s0_p0.0_R100_80bf0e9a50;DyF-ZTL-V_s1_p0.0_R100_749ae4dd2f;DyF-ZTL-V_s2_p0.0_R100_51acb3fbbb;DyF-ZTL-V_s3_p0.0_R100_c5ab1537e6;DyF-ZTL-V_s4_p0.0_R100_637d44f118;DyF-ZTL-V_s5_p0.0_R100_5b42d47528;DyF-ZTL-V_s6_p0.0_R100_4647357bee;DyF-ZTL-V_s7_p0.0_R100_42bec17b54;DyF-ZTL-V_s8_p0.0_R100_360545a5f2;DyF-ZTL-V_s9_p0.0_R100_c38dc802e2,results_r02/main/final_DyF-ZTL-V_s0_p0.0_R100_80bf0e9a50.json;results_r02/main/final_DyF-ZTL-V_s1_p0.0_R100_749ae4dd2f.json;results_r02/main/final_DyF-ZTL-V_s2_p0.0_R100_51acb3fbbb.json;results_r02/main/final_DyF-ZTL-V_s3_p0.0_R100_c5ab1537e6.json;results_r02/main/final_DyF-ZTL-V_s4_p0.0_R100_637d44f118.json;results_r02/main/final_DyF-ZTL-V_s5_p0.0_R100_5b42d47528.json;results_r02/main/final_DyF-ZTL-V_s6_p0.0_R100_4647357bee.json;results_r02/main/final_DyF-ZTL-V_s7_p0.0_R100_42bec17b54.json;results_r02/main/final_DyF-ZTL-V_s8_p0.0_R100_360545a5f2.json;results_r02/main/final_DyF-ZTL-V_s9_p0.0_R100_c38dc802e2.json,per_class entries of the JSON records
Table 8 per-class,tab:per_class,password / SCAFFOLD,precision | recall | F1,99.5$\pm$0.3 | 99.4$\pm$0.7 | 99.5$\pm$0.4,99.5±0.3 | 99.4±0.7 | 99.5±0.4,yes,10,SCAFFOLD2-SGD05_s0_p0.0_R100_97159d895b;SCAFFOLD2-SGD05_s1_p0.0_R100_120cffedd7;SCAFFOLD2-SGD05_s2_p0.0_R100_b4a63a5e36;SCAFFOLD2-SGD05_s3_p0.0_R100_39ab852c64;SCAFFOLD2-SGD05_s4_p0.0_R100_4e249d164e;SCAFFOLD2-SGD05_s5_p0.0_R100_6a6eaa02af;SCAFFOLD2-SGD05_s6_p0.0_R100_e5e7ecfc23;SCAFFOLD2-SGD05_s7_p0.0_R100_ad9f553018;SCAFFOLD2-SGD05_s8_p0.0_R100_33f48f5f9a;SCAFFOLD2-SGD05_s9_p0.0_R100_6731923dbb,results_r02/main/final_SCAFFOLD2-SGD05_s0_p0.0_R100_97159d895b.json;results_r02/main/final_SCAFFOLD2-SGD05_s1_p0.0_R100_120cffedd7.json;results_r02/main/final_SCAFFOLD2-SGD05_s2_p0.0_R100_b4a63a5e36.json;results_r02/main/final_SCAFFOLD2-SGD05_s3_p0.0_R100_39ab852c64.json;results_r02/main/final_SCAFFOLD2-SGD05_s4_p0.0_R100_4e249d164e.json;results_r02/main/final_SCAFFOLD2-SGD05_s5_p0.0_R100_6a6eaa02af.json;results_r02/main/final_SCAFFOLD2-SGD05_s6_p0.0_R100_e5e7ecfc23.json;results_r02/main/final_SCAFFOLD2-SGD05_s7_p0.0_R100_ad9f553018.json;results_r02/main/final_SCAFFOLD2-SGD05_s8_p0.0_R100_33f48f5f9a.json;results_r02/main/final_SCAFFOLD2-SGD05_s9_p0.0_R100_6731923dbb.json,per_class entries of the JSON records
Table 8 per-class,tab:per_class,password / FedProx-U,precision | recall | F1,99.6$\pm$0.0 | 99.6$\pm$0.5 | 99.6$\pm$0.3,99.6±0.0 | 99.6±0.5 | 99.6±0.3,yes,10,FedProx-U_s0_p0.0_R100_754283dd0f;FedProx-U_s1_p0.0_R100_a53a4bd3cd;FedProx-U_s2_p0.0_R100_50a4bbc3f7;FedProx-U_s3_p0.0_R100_5ae157cc3e;FedProx-U_s4_p0.0_R100_7dff7d392c;FedProx-U_s5_p0.0_R100_cf679ffaca;FedProx-U_s6_p0.0_R100_d7e5ccb0c5;FedProx-U_s7_p0.0_R100_dab03a978c;FedProx-U_s8_p0.0_R100_38ecdf5292;FedProx-U_s9_p0.0_R100_32d6358bc5,results_r02/agg_ablation/final_FedProx-U_s0_p0.0_R100_754283dd0f.json;results_r02/agg_ablation/final_FedProx-U_s1_p0.0_R100_a53a4bd3cd.json;results_r02/agg_ablation/final_FedProx-U_s2_p0.0_R100_50a4bbc3f7.json;results_r02/agg_ablation/final_FedProx-U_s3_p0.0_R100_5ae157cc3e.json;results_r02/agg_ablation/final_FedProx-U_s4_p0.0_R100_7dff7d392c.json;results_r02/agg_ablation/final_FedProx-U_s5_p0.0_R100_cf679ffaca.json;results_r02/agg_ablation/final_FedProx-U_s6_p0.0_R100_d7e5ccb0c5.json;results_r02/agg_ablation/final_FedProx-U_s7_p0.0_R100_dab03a978c.json;results_r02/agg_ablation/final_FedProx-U_s8_p0.0_R100_38ecdf5292.json;results_r02/agg_ablation/final_FedProx-U_s9_p0.0_R100_32d6358bc5.json,per_class entries of the JSON records
Table 8 per-class,tab:per_class,password / FedProx,precision | recall | F1,99.8$\pm$0.2 | 92.3$\pm$7.7 | 95.8$\pm$4.2,99.8±0.2 | 92.3±7.7 | 95.8±4.2,yes,10,FedProx_s0_p0.0_R100_d2f48b4d2d;FedProx_s1_p0.0_R100_ea761b5b31;FedProx_s2_p0.0_R100_a9e66fb6e3;FedProx_s3_p0.0_R100_35289c22c3;FedProx_s4_p0.0_R100_d0b0d7a309;FedProx_s5_p0.0_R100_462c834450;FedProx_s6_p0.0_R100_4747fef7d5;FedProx_s7_p0.0_R100_dd6d660b9d;FedProx_s8_p0.0_R100_fa1dee6c4c;FedProx_s9_p0.0_R100_d39703bf46,results_r02/main/final_FedProx_s0_p0.0_R100_d2f48b4d2d.json;results_r02/main/final_FedProx_s1_p0.0_R100_ea761b5b31.json;results_r02/main/final_FedProx_s2_p0.0_R100_a9e66fb6e3.json;results_r02/main/final_FedProx_s3_p0.0_R100_35289c22c3.json;results_r02/main/final_FedProx_s4_p0.0_R100_d0b0d7a309.json;results_r02/main/final_FedProx_s5_p0.0_R100_462c834450.json;results_r02/main/final_FedProx_s6_p0.0_R100_4747fef7d5.json;results_r02/main/final_FedProx_s7_p0.0_R100_dd6d660b9d.json;results_r02/main/final_FedProx_s8_p0.0_R100_fa1dee6c4c.json;results_r02/main/final_FedProx_s9_p0.0_R100_d39703bf46.json,per_class entries of the JSON records
Table 8 per-class,tab:per_class,password / FedAvg,precision | recall | F1,70.0$\pm$48.3 | 50.3$\pm$36.2 | 58.2$\pm$40.7,70.0±48.3 | 50.3±36.2 | 58.2±40.7,yes,10,FedAvg_s0_p0.0_R100_ea8bac71c4;FedAvg_s1_p0.0_R100_5583fb0784;FedAvg_s2_p0.0_R100_d7cc5424da;FedAvg_s3_p0.0_R100_20033be89f;FedAvg_s4_p0.0_R100_76afbd23ee;FedAvg_s5_p0.0_R100_b38c34ec9f;FedAvg_s6_p0.0_R100_787f6a9497;FedAvg_s7_p0.0_R100_d659c9a50d;FedAvg_s8_p0.0_R100_5af931b1a8;FedAvg_s9_p0.0_R100_b46cc80f55,results_r02/main/final_FedAvg_s0_p0.0_R100_ea8bac71c4.json;results_r02/main/final_FedAvg_s1_p0.0_R100_5583fb0784.json;results_r02/main/final_FedAvg_s2_p0.0_R100_d7cc5424da.json;results_r02/main/final_FedAvg_s3_p0.0_R100_20033be89f.json;results_r02/main/final_FedAvg_s4_p0.0_R100_76afbd23ee.json;results_r02/main/final_FedAvg_s5_p0.0_R100_b38c34ec9f.json;results_r02/main/final_FedAvg_s6_p0.0_R100_787f6a9497.json;results_r02/main/final_FedAvg_s7_p0.0_R100_d659c9a50d.json;results_r02/main/final_FedAvg_s8_p0.0_R100_5af931b1a8.json;results_r02/main/final_FedAvg_s9_p0.0_R100_b46cc80f55.json,per_class entries of the JSON records
Table 8 per-class,tab:per_class,password / ServerOnly,precision | recall | F1,99.8$\pm$0.0 | 99.3$\pm$0.3 | 99.6$\pm$0.1,99.8±0.0 | 99.3±0.3 | 99.6±0.1,yes,10,ServerOnly_s0_p0.0_R100_e5d41fc54f;ServerOnly_s1_p0.0_R100_a9b4ae553a;ServerOnly_s2_p0.0_R100_c5b9cae6e6;ServerOnly_s3_p0.0_R100_fbf83f1f03;ServerOnly_s4_p0.0_R100_b312466574;ServerOnly_s5_p0.0_R100_88cb63e806;ServerOnly_s6_p0.0_R100_33854e387f;ServerOnly_s7_p0.0_R100_0c9500ca56;ServerOnly_s8_p0.0_R100_f5e99ad1e9;ServerOnly_s9_p0.0_R100_8ccbfc7a48,results_r02/main/final_ServerOnly_s0_p0.0_R100_e5d41fc54f.json;results_r02/main/final_ServerOnly_s1_p0.0_R100_a9b4ae553a.json;results_r02/main/final_ServerOnly_s2_p0.0_R100_c5b9cae6e6.json;results_r02/main/final_ServerOnly_s3_p0.0_R100_fbf83f1f03.json;results_r02/main/final_ServerOnly_s4_p0.0_R100_b312466574.json;results_r02/main/final_ServerOnly_s5_p0.0_R100_88cb63e806.json;results_r02/main/final_ServerOnly_s6_p0.0_R100_33854e387f.json;results_r02/main/final_ServerOnly_s7_p0.0_R100_0c9500ca56.json;results_r02/main/final_ServerOnly_s8_p0.0_R100_f5e99ad1e9.json;results_r02/main/final_ServerOnly_s9_p0.0_R100_8ccbfc7a48.json,per_class entries of the JSON records
Table 8 per-class,tab:per_class,scanning / DyF-ZTL-V,precision | recall | F1,76.7$\pm$28.0 | 56.8$\pm$37.0 | 61.0$\pm$36.2,76.7±28.0 | 56.8±37.0 | 61.0±36.2,yes,10,DyF-ZTL-V_s0_p0.0_R100_80bf0e9a50;DyF-ZTL-V_s1_p0.0_R100_749ae4dd2f;DyF-ZTL-V_s2_p0.0_R100_51acb3fbbb;DyF-ZTL-V_s3_p0.0_R100_c5ab1537e6;DyF-ZTL-V_s4_p0.0_R100_637d44f118;DyF-ZTL-V_s5_p0.0_R100_5b42d47528;DyF-ZTL-V_s6_p0.0_R100_4647357bee;DyF-ZTL-V_s7_p0.0_R100_42bec17b54;DyF-ZTL-V_s8_p0.0_R100_360545a5f2;DyF-ZTL-V_s9_p0.0_R100_c38dc802e2,results_r02/main/final_DyF-ZTL-V_s0_p0.0_R100_80bf0e9a50.json;results_r02/main/final_DyF-ZTL-V_s1_p0.0_R100_749ae4dd2f.json;results_r02/main/final_DyF-ZTL-V_s2_p0.0_R100_51acb3fbbb.json;results_r02/main/final_DyF-ZTL-V_s3_p0.0_R100_c5ab1537e6.json;results_r02/main/final_DyF-ZTL-V_s4_p0.0_R100_637d44f118.json;results_r02/main/final_DyF-ZTL-V_s5_p0.0_R100_5b42d47528.json;results_r02/main/final_DyF-ZTL-V_s6_p0.0_R100_4647357bee.json;results_r02/main/final_DyF-ZTL-V_s7_p0.0_R100_42bec17b54.json;results_r02/main/final_DyF-ZTL-V_s8_p0.0_R100_360545a5f2.json;results_r02/main/final_DyF-ZTL-V_s9_p0.0_R100_c38dc802e2.json,per_class entries of the JSON records
Table 8 per-class,tab:per_class,scanning / SCAFFOLD,precision | recall | F1,79.5$\pm$9.1 | 87.7$\pm$7.0 | 82.9$\pm$5.4,79.5±9.1 | 87.7±7.0 | 82.9±5.4,yes,10,SCAFFOLD2-SGD05_s0_p0.0_R100_97159d895b;SCAFFOLD2-SGD05_s1_p0.0_R100_120cffedd7;SCAFFOLD2-SGD05_s2_p0.0_R100_b4a63a5e36;SCAFFOLD2-SGD05_s3_p0.0_R100_39ab852c64;SCAFFOLD2-SGD05_s4_p0.0_R100_4e249d164e;SCAFFOLD2-SGD05_s5_p0.0_R100_6a6eaa02af;SCAFFOLD2-SGD05_s6_p0.0_R100_e5e7ecfc23;SCAFFOLD2-SGD05_s7_p0.0_R100_ad9f553018;SCAFFOLD2-SGD05_s8_p0.0_R100_33f48f5f9a;SCAFFOLD2-SGD05_s9_p0.0_R100_6731923dbb,results_r02/main/final_SCAFFOLD2-SGD05_s0_p0.0_R100_97159d895b.json;results_r02/main/final_SCAFFOLD2-SGD05_s1_p0.0_R100_120cffedd7.json;results_r02/main/final_SCAFFOLD2-SGD05_s2_p0.0_R100_b4a63a5e36.json;results_r02/main/final_SCAFFOLD2-SGD05_s3_p0.0_R100_39ab852c64.json;results_r02/main/final_SCAFFOLD2-SGD05_s4_p0.0_R100_4e249d164e.json;results_r02/main/final_SCAFFOLD2-SGD05_s5_p0.0_R100_6a6eaa02af.json;results_r02/main/final_SCAFFOLD2-SGD05_s6_p0.0_R100_e5e7ecfc23.json;results_r02/main/final_SCAFFOLD2-SGD05_s7_p0.0_R100_ad9f553018.json;results_r02/main/final_SCAFFOLD2-SGD05_s8_p0.0_R100_33f48f5f9a.json;results_r02/main/final_SCAFFOLD2-SGD05_s9_p0.0_R100_6731923dbb.json,per_class entries of the JSON records
Table 8 per-class,tab:per_class,scanning / FedProx-U,precision | recall | F1,81.6$\pm$7.1 | 84.9$\pm$10.4 | 82.5$\pm$3.3,81.6±7.1 | 84.9±10.4 | 82.5±3.3,yes,10,FedProx-U_s0_p0.0_R100_754283dd0f;FedProx-U_s1_p0.0_R100_a53a4bd3cd;FedProx-U_s2_p0.0_R100_50a4bbc3f7;FedProx-U_s3_p0.0_R100_5ae157cc3e;FedProx-U_s4_p0.0_R100_7dff7d392c;FedProx-U_s5_p0.0_R100_cf679ffaca;FedProx-U_s6_p0.0_R100_d7e5ccb0c5;FedProx-U_s7_p0.0_R100_dab03a978c;FedProx-U_s8_p0.0_R100_38ecdf5292;FedProx-U_s9_p0.0_R100_32d6358bc5,results_r02/agg_ablation/final_FedProx-U_s0_p0.0_R100_754283dd0f.json;results_r02/agg_ablation/final_FedProx-U_s1_p0.0_R100_a53a4bd3cd.json;results_r02/agg_ablation/final_FedProx-U_s2_p0.0_R100_50a4bbc3f7.json;results_r02/agg_ablation/final_FedProx-U_s3_p0.0_R100_5ae157cc3e.json;results_r02/agg_ablation/final_FedProx-U_s4_p0.0_R100_7dff7d392c.json;results_r02/agg_ablation/final_FedProx-U_s5_p0.0_R100_cf679ffaca.json;results_r02/agg_ablation/final_FedProx-U_s6_p0.0_R100_d7e5ccb0c5.json;results_r02/agg_ablation/final_FedProx-U_s7_p0.0_R100_dab03a978c.json;results_r02/agg_ablation/final_FedProx-U_s8_p0.0_R100_38ecdf5292.json;results_r02/agg_ablation/final_FedProx-U_s9_p0.0_R100_32d6358bc5.json,per_class entries of the JSON records
Table 8 per-class,tab:per_class,scanning / FedProx,precision | recall | F1,83.6$\pm$29.9 | 30.6$\pm$27.2 | 39.4$\pm$29.9,83.6±29.9 | 30.6±27.2 | 39.4±29.9,yes,10,FedProx_s0_p0.0_R100_d2f48b4d2d;FedProx_s1_p0.0_R100_ea761b5b31;FedProx_s2_p0.0_R100_a9e66fb6e3;FedProx_s3_p0.0_R100_35289c22c3;FedProx_s4_p0.0_R100_d0b0d7a309;FedProx_s5_p0.0_R100_462c834450;FedProx_s6_p0.0_R100_4747fef7d5;FedProx_s7_p0.0_R100_dd6d660b9d;FedProx_s8_p0.0_R100_fa1dee6c4c;FedProx_s9_p0.0_R100_d39703bf46,results_r02/main/final_FedProx_s0_p0.0_R100_d2f48b4d2d.json;results_r02/main/final_FedProx_s1_p0.0_R100_ea761b5b31.json;results_r02/main/final_FedProx_s2_p0.0_R100_a9e66fb6e3.json;results_r02/main/final_FedProx_s3_p0.0_R100_35289c22c3.json;results_r02/main/final_FedProx_s4_p0.0_R100_d0b0d7a309.json;results_r02/main/final_FedProx_s5_p0.0_R100_462c834450.json;results_r02/main/final_FedProx_s6_p0.0_R100_4747fef7d5.json;results_r02/main/final_FedProx_s7_p0.0_R100_dd6d660b9d.json;results_r02/main/final_FedProx_s8_p0.0_R100_fa1dee6c4c.json;results_r02/main/final_FedProx_s9_p0.0_R100_d39703bf46.json,per_class entries of the JSON records
Table 8 per-class,tab:per_class,scanning / FedAvg,precision | recall | F1,10.0$\pm$31.6 | 1.4$\pm$4.4 | 2.4$\pm$7.7,10.0±31.6 | 1.4±4.4 | 2.4±7.7,yes,10,FedAvg_s0_p0.0_R100_ea8bac71c4;FedAvg_s1_p0.0_R100_5583fb0784;FedAvg_s2_p0.0_R100_d7cc5424da;FedAvg_s3_p0.0_R100_20033be89f;FedAvg_s4_p0.0_R100_76afbd23ee;FedAvg_s5_p0.0_R100_b38c34ec9f;FedAvg_s6_p0.0_R100_787f6a9497;FedAvg_s7_p0.0_R100_d659c9a50d;FedAvg_s8_p0.0_R100_5af931b1a8;FedAvg_s9_p0.0_R100_b46cc80f55,results_r02/main/final_FedAvg_s0_p0.0_R100_ea8bac71c4.json;results_r02/main/final_FedAvg_s1_p0.0_R100_5583fb0784.json;results_r02/main/final_FedAvg_s2_p0.0_R100_d7cc5424da.json;results_r02/main/final_FedAvg_s3_p0.0_R100_20033be89f.json;results_r02/main/final_FedAvg_s4_p0.0_R100_76afbd23ee.json;results_r02/main/final_FedAvg_s5_p0.0_R100_b38c34ec9f.json;results_r02/main/final_FedAvg_s6_p0.0_R100_787f6a9497.json;results_r02/main/final_FedAvg_s7_p0.0_R100_d659c9a50d.json;results_r02/main/final_FedAvg_s8_p0.0_R100_5af931b1a8.json;results_r02/main/final_FedAvg_s9_p0.0_R100_b46cc80f55.json,per_class entries of the JSON records
Table 8 per-class,tab:per_class,scanning / ServerOnly,precision | recall | F1,94.0$\pm$2.1 | 90.9$\pm$3.1 | 92.4$\pm$1.5,94.0±2.1 | 90.9±3.1 | 92.4±1.5,yes,10,ServerOnly_s0_p0.0_R100_e5d41fc54f;ServerOnly_s1_p0.0_R100_a9b4ae553a;ServerOnly_s2_p0.0_R100_c5b9cae6e6;ServerOnly_s3_p0.0_R100_fbf83f1f03;ServerOnly_s4_p0.0_R100_b312466574;ServerOnly_s5_p0.0_R100_88cb63e806;ServerOnly_s6_p0.0_R100_33854e387f;ServerOnly_s7_p0.0_R100_0c9500ca56;ServerOnly_s8_p0.0_R100_f5e99ad1e9;ServerOnly_s9_p0.0_R100_8ccbfc7a48,results_r02/main/final_ServerOnly_s0_p0.0_R100_e5d41fc54f.json;results_r02/main/final_ServerOnly_s1_p0.0_R100_a9b4ae553a.json;results_r02/main/final_ServerOnly_s2_p0.0_R100_c5b9cae6e6.json;results_r02/main/final_ServerOnly_s3_p0.0_R100_fbf83f1f03.json;results_r02/main/final_ServerOnly_s4_p0.0_R100_b312466574.json;results_r02/main/final_ServerOnly_s5_p0.0_R100_88cb63e806.json;results_r02/main/final_ServerOnly_s6_p0.0_R100_33854e387f.json;results_r02/main/final_ServerOnly_s7_p0.0_R100_0c9500ca56.json;results_r02/main/final_ServerOnly_s8_p0.0_R100_f5e99ad1e9.json;results_r02/main/final_ServerOnly_s9_p0.0_R100_8ccbfc7a48.json,per_class entries of the JSON records
Table 8 per-class,tab:per_class,xss / DyF-ZTL-V,precision | recall | F1,95.1$\pm$3.9 | 92.2$\pm$6.9 | 93.4$\pm$2.9,95.1±3.9 | 92.2±6.9 | 93.4±2.9,yes,10,DyF-ZTL-V_s0_p0.0_R100_80bf0e9a50;DyF-ZTL-V_s1_p0.0_R100_749ae4dd2f;DyF-ZTL-V_s2_p0.0_R100_51acb3fbbb;DyF-ZTL-V_s3_p0.0_R100_c5ab1537e6;DyF-ZTL-V_s4_p0.0_R100_637d44f118;DyF-ZTL-V_s5_p0.0_R100_5b42d47528;DyF-ZTL-V_s6_p0.0_R100_4647357bee;DyF-ZTL-V_s7_p0.0_R100_42bec17b54;DyF-ZTL-V_s8_p0.0_R100_360545a5f2;DyF-ZTL-V_s9_p0.0_R100_c38dc802e2,results_r02/main/final_DyF-ZTL-V_s0_p0.0_R100_80bf0e9a50.json;results_r02/main/final_DyF-ZTL-V_s1_p0.0_R100_749ae4dd2f.json;results_r02/main/final_DyF-ZTL-V_s2_p0.0_R100_51acb3fbbb.json;results_r02/main/final_DyF-ZTL-V_s3_p0.0_R100_c5ab1537e6.json;results_r02/main/final_DyF-ZTL-V_s4_p0.0_R100_637d44f118.json;results_r02/main/final_DyF-ZTL-V_s5_p0.0_R100_5b42d47528.json;results_r02/main/final_DyF-ZTL-V_s6_p0.0_R100_4647357bee.json;results_r02/main/final_DyF-ZTL-V_s7_p0.0_R100_42bec17b54.json;results_r02/main/final_DyF-ZTL-V_s8_p0.0_R100_360545a5f2.json;results_r02/main/final_DyF-ZTL-V_s9_p0.0_R100_c38dc802e2.json,per_class entries of the JSON records
Table 8 per-class,tab:per_class,xss / SCAFFOLD,precision | recall | F1,88.4$\pm$10.0 | 88.1$\pm$12.1 | 87.1$\pm$4.4,88.4±10.0 | 88.1±12.1 | 87.1±4.4,yes,10,SCAFFOLD2-SGD05_s0_p0.0_R100_97159d895b;SCAFFOLD2-SGD05_s1_p0.0_R100_120cffedd7;SCAFFOLD2-SGD05_s2_p0.0_R100_b4a63a5e36;SCAFFOLD2-SGD05_s3_p0.0_R100_39ab852c64;SCAFFOLD2-SGD05_s4_p0.0_R100_4e249d164e;SCAFFOLD2-SGD05_s5_p0.0_R100_6a6eaa02af;SCAFFOLD2-SGD05_s6_p0.0_R100_e5e7ecfc23;SCAFFOLD2-SGD05_s7_p0.0_R100_ad9f553018;SCAFFOLD2-SGD05_s8_p0.0_R100_33f48f5f9a;SCAFFOLD2-SGD05_s9_p0.0_R100_6731923dbb,results_r02/main/final_SCAFFOLD2-SGD05_s0_p0.0_R100_97159d895b.json;results_r02/main/final_SCAFFOLD2-SGD05_s1_p0.0_R100_120cffedd7.json;results_r02/main/final_SCAFFOLD2-SGD05_s2_p0.0_R100_b4a63a5e36.json;results_r02/main/final_SCAFFOLD2-SGD05_s3_p0.0_R100_39ab852c64.json;results_r02/main/final_SCAFFOLD2-SGD05_s4_p0.0_R100_4e249d164e.json;results_r02/main/final_SCAFFOLD2-SGD05_s5_p0.0_R100_6a6eaa02af.json;results_r02/main/final_SCAFFOLD2-SGD05_s6_p0.0_R100_e5e7ecfc23.json;results_r02/main/final_SCAFFOLD2-SGD05_s7_p0.0_R100_ad9f553018.json;results_r02/main/final_SCAFFOLD2-SGD05_s8_p0.0_R100_33f48f5f9a.json;results_r02/main/final_SCAFFOLD2-SGD05_s9_p0.0_R100_6731923dbb.json,per_class entries of the JSON records
Table 8 per-class,tab:per_class,xss / FedProx-U,precision | recall | F1,80.0$\pm$7.4 | 91.8$\pm$13.9 | 84.3$\pm$4.9,80.0±7.4 | 91.8±13.9 | 84.3±4.9,yes,10,FedProx-U_s0_p0.0_R100_754283dd0f;FedProx-U_s1_p0.0_R100_a53a4bd3cd;FedProx-U_s2_p0.0_R100_50a4bbc3f7;FedProx-U_s3_p0.0_R100_5ae157cc3e;FedProx-U_s4_p0.0_R100_7dff7d392c;FedProx-U_s5_p0.0_R100_cf679ffaca;FedProx-U_s6_p0.0_R100_d7e5ccb0c5;FedProx-U_s7_p0.0_R100_dab03a978c;FedProx-U_s8_p0.0_R100_38ecdf5292;FedProx-U_s9_p0.0_R100_32d6358bc5,results_r02/agg_ablation/final_FedProx-U_s0_p0.0_R100_754283dd0f.json;results_r02/agg_ablation/final_FedProx-U_s1_p0.0_R100_a53a4bd3cd.json;results_r02/agg_ablation/final_FedProx-U_s2_p0.0_R100_50a4bbc3f7.json;results_r02/agg_ablation/final_FedProx-U_s3_p0.0_R100_5ae157cc3e.json;results_r02/agg_ablation/final_FedProx-U_s4_p0.0_R100_7dff7d392c.json;results_r02/agg_ablation/final_FedProx-U_s5_p0.0_R100_cf679ffaca.json;results_r02/agg_ablation/final_FedProx-U_s6_p0.0_R100_d7e5ccb0c5.json;results_r02/agg_ablation/final_FedProx-U_s7_p0.0_R100_dab03a978c.json;results_r02/agg_ablation/final_FedProx-U_s8_p0.0_R100_38ecdf5292.json;results_r02/agg_ablation/final_FedProx-U_s9_p0.0_R100_32d6358bc5.json,per_class entries of the JSON records
Table 8 per-class,tab:per_class,xss / FedProx,precision | recall | F1,79.0$\pm$41.6 | 31.5$\pm$28.5 | 41.2$\pm$33.5,79.0±41.6 | 31.5±28.5 | 41.2±33.5,yes,10,FedProx_s0_p0.0_R100_d2f48b4d2d;FedProx_s1_p0.0_R100_ea761b5b31;FedProx_s2_p0.0_R100_a9e66fb6e3;FedProx_s3_p0.0_R100_35289c22c3;FedProx_s4_p0.0_R100_d0b0d7a309;FedProx_s5_p0.0_R100_462c834450;FedProx_s6_p0.0_R100_4747fef7d5;FedProx_s7_p0.0_R100_dd6d660b9d;FedProx_s8_p0.0_R100_fa1dee6c4c;FedProx_s9_p0.0_R100_d39703bf46,results_r02/main/final_FedProx_s0_p0.0_R100_d2f48b4d2d.json;results_r02/main/final_FedProx_s1_p0.0_R100_ea761b5b31.json;results_r02/main/final_FedProx_s2_p0.0_R100_a9e66fb6e3.json;results_r02/main/final_FedProx_s3_p0.0_R100_35289c22c3.json;results_r02/main/final_FedProx_s4_p0.0_R100_d0b0d7a309.json;results_r02/main/final_FedProx_s5_p0.0_R100_462c834450.json;results_r02/main/final_FedProx_s6_p0.0_R100_4747fef7d5.json;results_r02/main/final_FedProx_s7_p0.0_R100_dd6d660b9d.json;results_r02/main/final_FedProx_s8_p0.0_R100_fa1dee6c4c.json;results_r02/main/final_FedProx_s9_p0.0_R100_d39703bf46.json,per_class entries of the JSON records
Table 8 per-class,tab:per_class,xss / FedAvg,precision | recall | F1,7.2$\pm$22.2 | 1.7$\pm$5.3 | 2.8$\pm$8.5,7.2±22.2 | 1.7±5.3 | 2.8±8.5,yes,10,FedAvg_s0_p0.0_R100_ea8bac71c4;FedAvg_s1_p0.0_R100_5583fb0784;FedAvg_s2_p0.0_R100_d7cc5424da;FedAvg_s3_p0.0_R100_20033be89f;FedAvg_s4_p0.0_R100_76afbd23ee;FedAvg_s5_p0.0_R100_b38c34ec9f;FedAvg_s6_p0.0_R100_787f6a9497;FedAvg_s7_p0.0_R100_d659c9a50d;FedAvg_s8_p0.0_R100_5af931b1a8;FedAvg_s9_p0.0_R100_b46cc80f55,results_r02/main/final_FedAvg_s0_p0.0_R100_ea8bac71c4.json;results_r02/main/final_FedAvg_s1_p0.0_R100_5583fb0784.json;results_r02/main/final_FedAvg_s2_p0.0_R100_d7cc5424da.json;results_r02/main/final_FedAvg_s3_p0.0_R100_20033be89f.json;results_r02/main/final_FedAvg_s4_p0.0_R100_76afbd23ee.json;results_r02/main/final_FedAvg_s5_p0.0_R100_b38c34ec9f.json;results_r02/main/final_FedAvg_s6_p0.0_R100_787f6a9497.json;results_r02/main/final_FedAvg_s7_p0.0_R100_d659c9a50d.json;results_r02/main/final_FedAvg_s8_p0.0_R100_5af931b1a8.json;results_r02/main/final_FedAvg_s9_p0.0_R100_b46cc80f55.json,per_class entries of the JSON records
Table 8 per-class,tab:per_class,xss / ServerOnly,precision | recall | F1,95.1$\pm$2.5 | 97.7$\pm$1.3 | 96.4$\pm$1.6,95.1±2.5 | 97.7±1.3 | 96.4±1.6,yes,10,ServerOnly_s0_p0.0_R100_e5d41fc54f;ServerOnly_s1_p0.0_R100_a9b4ae553a;ServerOnly_s2_p0.0_R100_c5b9cae6e6;ServerOnly_s3_p0.0_R100_fbf83f1f03;ServerOnly_s4_p0.0_R100_b312466574;ServerOnly_s5_p0.0_R100_88cb63e806;ServerOnly_s6_p0.0_R100_33854e387f;ServerOnly_s7_p0.0_R100_0c9500ca56;ServerOnly_s8_p0.0_R100_f5e99ad1e9;ServerOnly_s9_p0.0_R100_8ccbfc7a48,results_r02/main/final_ServerOnly_s0_p0.0_R100_e5d41fc54f.json;results_r02/main/final_ServerOnly_s1_p0.0_R100_a9b4ae553a.json;results_r02/main/final_ServerOnly_s2_p0.0_R100_c5b9cae6e6.json;results_r02/main/final_ServerOnly_s3_p0.0_R100_fbf83f1f03.json;results_r02/main/final_ServerOnly_s4_p0.0_R100_b312466574.json;results_r02/main/final_ServerOnly_s5_p0.0_R100_88cb63e806.json;results_r02/main/final_ServerOnly_s6_p0.0_R100_33854e387f.json;results_r02/main/final_ServerOnly_s7_p0.0_R100_0c9500ca56.json;results_r02/main/final_ServerOnly_s8_p0.0_R100_f5e99ad1e9.json;results_r02/main/final_ServerOnly_s9_p0.0_R100_8ccbfc7a48.json,per_class entries of the JSON records
Table 9 cyclic,tab:cyclic,DyF-ZTL-V,ratio 0.0,96.9$\pm$0.5,96.9±0.5,yes,10,DyF-ZTL-V_s0_p0.0_R100_5934135119;DyF-ZTL-V_s1_p0.0_R100_69f2876d70;DyF-ZTL-V_s2_p0.0_R100_8c01e33713;DyF-ZTL-V_s3_p0.0_R100_ac39a3ec0c;DyF-ZTL-V_s4_p0.0_R100_1083bdb99c;DyF-ZTL-V_s5_p0.0_R100_12f4b44baa;DyF-ZTL-V_s6_p0.0_R100_d27d63fbd1;DyF-ZTL-V_s7_p0.0_R100_8866b649ba;DyF-ZTL-V_s8_p0.0_R100_8e34ba9d54;DyF-ZTL-V_s9_p0.0_R100_c733e037c3,results_r02/cyclic/final_DyF-ZTL-V_s0_p0.0_R100_5934135119.json;results_r02/cyclic/final_DyF-ZTL-V_s1_p0.0_R100_69f2876d70.json;results_r02/cyclic/final_DyF-ZTL-V_s2_p0.0_R100_8c01e33713.json;results_r02/cyclic/final_DyF-ZTL-V_s3_p0.0_R100_ac39a3ec0c.json;results_r02/cyclic/final_DyF-ZTL-V_s4_p0.0_R100_1083bdb99c.json;results_r02/cyclic/final_DyF-ZTL-V_s5_p0.0_R100_12f4b44baa.json;results_r02/cyclic/final_DyF-ZTL-V_s6_p0.0_R100_d27d63fbd1.json;results_r02/cyclic/final_DyF-ZTL-V_s7_p0.0_R100_8866b649ba.json;results_r02/cyclic/final_DyF-ZTL-V_s8_p0.0_R100_8e34ba9d54.json;results_r02/cyclic/final_DyF-ZTL-V_s9_p0.0_R100_c733e037c3.json,
Table 9 cyclic,tab:cyclic,DyF-ZTL-V,ratio 0.1,97.0$\pm$0.5,97.0±0.5,yes,10,DyF-ZTL-V_s0_p0.1_R100_857ad988aa;DyF-ZTL-V_s1_p0.1_R100_fc55105344;DyF-ZTL-V_s2_p0.1_R100_94a802a715;DyF-ZTL-V_s3_p0.1_R100_a186aea0d6;DyF-ZTL-V_s4_p0.1_R100_86c1d0be35;DyF-ZTL-V_s5_p0.1_R100_e5e0793d08;DyF-ZTL-V_s6_p0.1_R100_990789029d;DyF-ZTL-V_s7_p0.1_R100_39fbd94ea2;DyF-ZTL-V_s8_p0.1_R100_51480c566d;DyF-ZTL-V_s9_p0.1_R100_4da85b6afd,results_r02/cyclic/final_DyF-ZTL-V_s0_p0.1_R100_857ad988aa.json;results_r02/cyclic/final_DyF-ZTL-V_s1_p0.1_R100_fc55105344.json;results_r02/cyclic/final_DyF-ZTL-V_s2_p0.1_R100_94a802a715.json;results_r02/cyclic/final_DyF-ZTL-V_s3_p0.1_R100_a186aea0d6.json;results_r02/cyclic/final_DyF-ZTL-V_s4_p0.1_R100_86c1d0be35.json;results_r02/cyclic/final_DyF-ZTL-V_s5_p0.1_R100_e5e0793d08.json;results_r02/cyclic/final_DyF-ZTL-V_s6_p0.1_R100_990789029d.json;results_r02/cyclic/final_DyF-ZTL-V_s7_p0.1_R100_39fbd94ea2.json;results_r02/cyclic/final_DyF-ZTL-V_s8_p0.1_R100_51480c566d.json;results_r02/cyclic/final_DyF-ZTL-V_s9_p0.1_R100_4da85b6afd.json,
Table 9 cyclic,tab:cyclic,DyF-ZTL-V,ratio 0.2,96.3$\pm$1.9,96.3±1.9,yes,10,DyF-ZTL-V_s0_p0.2_R100_70f55769d2;DyF-ZTL-V_s1_p0.2_R100_c9c4d1ef7b;DyF-ZTL-V_s2_p0.2_R100_7f85b4de6e;DyF-ZTL-V_s3_p0.2_R100_a9734df61c;DyF-ZTL-V_s4_p0.2_R100_c32904e9cf;DyF-ZTL-V_s5_p0.2_R100_c837a4d674;DyF-ZTL-V_s6_p0.2_R100_9ddbd8555b;DyF-ZTL-V_s7_p0.2_R100_96c550bf5d;DyF-ZTL-V_s8_p0.2_R100_98dbd4f2f9;DyF-ZTL-V_s9_p0.2_R100_53c61456c8,results_r02/cyclic/final_DyF-ZTL-V_s0_p0.2_R100_70f55769d2.json;results_r02/cyclic/final_DyF-ZTL-V_s1_p0.2_R100_c9c4d1ef7b.json;results_r02/cyclic/final_DyF-ZTL-V_s2_p0.2_R100_7f85b4de6e.json;results_r02/cyclic/final_DyF-ZTL-V_s3_p0.2_R100_a9734df61c.json;results_r02/cyclic/final_DyF-ZTL-V_s4_p0.2_R100_c32904e9cf.json;results_r02/cyclic/final_DyF-ZTL-V_s5_p0.2_R100_c837a4d674.json;results_r02/cyclic/final_DyF-ZTL-V_s6_p0.2_R100_9ddbd8555b.json;results_r02/cyclic/final_DyF-ZTL-V_s7_p0.2_R100_96c550bf5d.json;results_r02/cyclic/final_DyF-ZTL-V_s8_p0.2_R100_98dbd4f2f9.json;results_r02/cyclic/final_DyF-ZTL-V_s9_p0.2_R100_53c61456c8.json,
Table 9 cyclic,tab:cyclic,DyF-ZTL-V,ratio 0.3,95.8$\pm$3.2,95.8±3.2,yes,10,DyF-ZTL-V_s0_p0.3_R100_520bd4f748;DyF-ZTL-V_s1_p0.3_R100_f9a183a3d0;DyF-ZTL-V_s2_p0.3_R100_ce1626f472;DyF-ZTL-V_s3_p0.3_R100_70bb10cb19;DyF-ZTL-V_s4_p0.3_R100_c2aac49d8d;DyF-ZTL-V_s5_p0.3_R100_52b0088e25;DyF-ZTL-V_s6_p0.3_R100_04465d200e;DyF-ZTL-V_s7_p0.3_R100_71021e9bce;DyF-ZTL-V_s8_p0.3_R100_f6e248d8cd;DyF-ZTL-V_s9_p0.3_R100_3f0b3f602f,results_r02/cyclic/final_DyF-ZTL-V_s0_p0.3_R100_520bd4f748.json;results_r02/cyclic/final_DyF-ZTL-V_s1_p0.3_R100_f9a183a3d0.json;results_r02/cyclic/final_DyF-ZTL-V_s2_p0.3_R100_ce1626f472.json;results_r02/cyclic/final_DyF-ZTL-V_s3_p0.3_R100_70bb10cb19.json;results_r02/cyclic/final_DyF-ZTL-V_s4_p0.3_R100_c2aac49d8d.json;results_r02/cyclic/final_DyF-ZTL-V_s5_p0.3_R100_52b0088e25.json;results_r02/cyclic/final_DyF-ZTL-V_s6_p0.3_R100_04465d200e.json;results_r02/cyclic/final_DyF-ZTL-V_s7_p0.3_R100_71021e9bce.json;results_r02/cyclic/final_DyF-ZTL-V_s8_p0.3_R100_f6e248d8cd.json;results_r02/cyclic/final_DyF-ZTL-V_s9_p0.3_R100_3f0b3f602f.json,
Table 9 cyclic,tab:cyclic,DyF-ZTL-V,ratio 0.4,96.7$\pm$1.0,96.7±1.0,yes,10,DyF-ZTL-V_s0_p0.4_R100_9d28d361af;DyF-ZTL-V_s1_p0.4_R100_eb956f537a;DyF-ZTL-V_s2_p0.4_R100_439661ae3a;DyF-ZTL-V_s3_p0.4_R100_019e0715d8;DyF-ZTL-V_s4_p0.4_R100_f908bf4b7f;DyF-ZTL-V_s5_p0.4_R100_d0c2d712b5;DyF-ZTL-V_s6_p0.4_R100_8daf7acb3b;DyF-ZTL-V_s7_p0.4_R100_31ba6467ac;DyF-ZTL-V_s8_p0.4_R100_dacb2eb637;DyF-ZTL-V_s9_p0.4_R100_b473bb7c12,results_r02/cyclic/final_DyF-ZTL-V_s0_p0.4_R100_9d28d361af.json;results_r02/cyclic/final_DyF-ZTL-V_s1_p0.4_R100_eb956f537a.json;results_r02/cyclic/final_DyF-ZTL-V_s2_p0.4_R100_439661ae3a.json;results_r02/cyclic/final_DyF-ZTL-V_s3_p0.4_R100_019e0715d8.json;results_r02/cyclic/final_DyF-ZTL-V_s4_p0.4_R100_f908bf4b7f.json;results_r02/cyclic/final_DyF-ZTL-V_s5_p0.4_R100_d0c2d712b5.json;results_r02/cyclic/final_DyF-ZTL-V_s6_p0.4_R100_8daf7acb3b.json;results_r02/cyclic/final_DyF-ZTL-V_s7_p0.4_R100_31ba6467ac.json;results_r02/cyclic/final_DyF-ZTL-V_s8_p0.4_R100_dacb2eb637.json;results_r02/cyclic/final_DyF-ZTL-V_s9_p0.4_R100_b473bb7c12.json,
Table 9 cyclic,tab:cyclic,DyF-ZTL-V,ratio 0.5,95.7$\pm$4.1,95.7±4.1,yes,10,DyF-ZTL-V_s0_p0.5_R100_eedf4f14aa;DyF-ZTL-V_s1_p0.5_R100_721d5484b1;DyF-ZTL-V_s2_p0.5_R100_b80a770824;DyF-ZTL-V_s3_p0.5_R100_64fcc3cd14;DyF-ZTL-V_s4_p0.5_R100_2752c2853a;DyF-ZTL-V_s5_p0.5_R100_37cd6d5c21;DyF-ZTL-V_s6_p0.5_R100_c5ce51401b;DyF-ZTL-V_s7_p0.5_R100_2cefea1966;DyF-ZTL-V_s8_p0.5_R100_817d118d5c;DyF-ZTL-V_s9_p0.5_R100_32708bd556,results_r02/cyclic/final_DyF-ZTL-V_s0_p0.5_R100_eedf4f14aa.json;results_r02/cyclic/final_DyF-ZTL-V_s1_p0.5_R100_721d5484b1.json;results_r02/cyclic/final_DyF-ZTL-V_s2_p0.5_R100_b80a770824.json;results_r02/cyclic/final_DyF-ZTL-V_s3_p0.5_R100_64fcc3cd14.json;results_r02/cyclic/final_DyF-ZTL-V_s4_p0.5_R100_2752c2853a.json;results_r02/cyclic/final_DyF-ZTL-V_s5_p0.5_R100_37cd6d5c21.json;results_r02/cyclic/final_DyF-ZTL-V_s6_p0.5_R100_c5ce51401b.json;results_r02/cyclic/final_DyF-ZTL-V_s7_p0.5_R100_2cefea1966.json;results_r02/cyclic/final_DyF-ZTL-V_s8_p0.5_R100_817d118d5c.json;results_r02/cyclic/final_DyF-ZTL-V_s9_p0.5_R100_32708bd556.json,
Table 9 cyclic,tab:cyclic,DyF-ZTL-V,ratio 0.6,96.4$\pm$1.0,96.4±1.0,yes,10,DyF-ZTL-V_s0_p0.6_R100_8dfb9fd087;DyF-ZTL-V_s1_p0.6_R100_b6f3beddf0;DyF-ZTL-V_s2_p0.6_R100_f008d8196d;DyF-ZTL-V_s3_p0.6_R100_d45a1728ac;DyF-ZTL-V_s4_p0.6_R100_4a8fe37c6a;DyF-ZTL-V_s5_p0.6_R100_67037f640f;DyF-ZTL-V_s6_p0.6_R100_22d35a4756;DyF-ZTL-V_s7_p0.6_R100_0c7cf4ec36;DyF-ZTL-V_s8_p0.6_R100_44227b3297;DyF-ZTL-V_s9_p0.6_R100_b2a0823186,results_r02/cyclic/final_DyF-ZTL-V_s0_p0.6_R100_8dfb9fd087.json;results_r02/cyclic/final_DyF-ZTL-V_s1_p0.6_R100_b6f3beddf0.json;results_r02/cyclic/final_DyF-ZTL-V_s2_p0.6_R100_f008d8196d.json;results_r02/cyclic/final_DyF-ZTL-V_s3_p0.6_R100_d45a1728ac.json;results_r02/cyclic/final_DyF-ZTL-V_s4_p0.6_R100_4a8fe37c6a.json;results_r02/cyclic/final_DyF-ZTL-V_s5_p0.6_R100_67037f640f.json;results_r02/cyclic/final_DyF-ZTL-V_s6_p0.6_R100_22d35a4756.json;results_r02/cyclic/final_DyF-ZTL-V_s7_p0.6_R100_0c7cf4ec36.json;results_r02/cyclic/final_DyF-ZTL-V_s8_p0.6_R100_44227b3297.json;results_r02/cyclic/final_DyF-ZTL-V_s9_p0.6_R100_b2a0823186.json,
Table 9 cyclic,tab:cyclic,DyF-ZTL-V,ratio 0.7,96.6$\pm$1.1,96.6±1.1,yes,10,DyF-ZTL-V_s0_p0.7_R100_b3ea0317cf;DyF-ZTL-V_s1_p0.7_R100_816abc4f13;DyF-ZTL-V_s2_p0.7_R100_160a9d6e55;DyF-ZTL-V_s3_p0.7_R100_665b6b91e1;DyF-ZTL-V_s4_p0.7_R100_0411a99c69;DyF-ZTL-V_s5_p0.7_R100_d1923f9f1a;DyF-ZTL-V_s6_p0.7_R100_b2aeb748cc;DyF-ZTL-V_s7_p0.7_R100_765f086e1d;DyF-ZTL-V_s8_p0.7_R100_735960bb80;DyF-ZTL-V_s9_p0.7_R100_7a9fceec6f,results_r02/cyclic/final_DyF-ZTL-V_s0_p0.7_R100_b3ea0317cf.json;results_r02/cyclic/final_DyF-ZTL-V_s1_p0.7_R100_816abc4f13.json;results_r02/cyclic/final_DyF-ZTL-V_s2_p0.7_R100_160a9d6e55.json;results_r02/cyclic/final_DyF-ZTL-V_s3_p0.7_R100_665b6b91e1.json;results_r02/cyclic/final_DyF-ZTL-V_s4_p0.7_R100_0411a99c69.json;results_r02/cyclic/final_DyF-ZTL-V_s5_p0.7_R100_d1923f9f1a.json;results_r02/cyclic/final_DyF-ZTL-V_s6_p0.7_R100_b2aeb748cc.json;results_r02/cyclic/final_DyF-ZTL-V_s7_p0.7_R100_765f086e1d.json;results_r02/cyclic/final_DyF-ZTL-V_s8_p0.7_R100_735960bb80.json;results_r02/cyclic/final_DyF-ZTL-V_s9_p0.7_R100_7a9fceec6f.json,
Table 9 cyclic,tab:cyclic,DyF-ZTL-V,ratio 0.8,96.4$\pm$0.9,96.4±0.9,yes,10,DyF-ZTL-V_s0_p0.8_R100_91b47bcdf3;DyF-ZTL-V_s1_p0.8_R100_0332ae189d;DyF-ZTL-V_s2_p0.8_R100_e541573b8d;DyF-ZTL-V_s3_p0.8_R100_6a5f9ecbf8;DyF-ZTL-V_s4_p0.8_R100_bcba43729f;DyF-ZTL-V_s5_p0.8_R100_ff8c600623;DyF-ZTL-V_s6_p0.8_R100_4f0154a083;DyF-ZTL-V_s7_p0.8_R100_cc80b61264;DyF-ZTL-V_s8_p0.8_R100_9f8a26688c;DyF-ZTL-V_s9_p0.8_R100_98056892a2,results_r02/cyclic/final_DyF-ZTL-V_s0_p0.8_R100_91b47bcdf3.json;results_r02/cyclic/final_DyF-ZTL-V_s1_p0.8_R100_0332ae189d.json;results_r02/cyclic/final_DyF-ZTL-V_s2_p0.8_R100_e541573b8d.json;results_r02/cyclic/final_DyF-ZTL-V_s3_p0.8_R100_6a5f9ecbf8.json;results_r02/cyclic/final_DyF-ZTL-V_s4_p0.8_R100_bcba43729f.json;results_r02/cyclic/final_DyF-ZTL-V_s5_p0.8_R100_ff8c600623.json;results_r02/cyclic/final_DyF-ZTL-V_s6_p0.8_R100_4f0154a083.json;results_r02/cyclic/final_DyF-ZTL-V_s7_p0.8_R100_cc80b61264.json;results_r02/cyclic/final_DyF-ZTL-V_s8_p0.8_R100_9f8a26688c.json;results_r02/cyclic/final_DyF-ZTL-V_s9_p0.8_R100_98056892a2.json,
Table 9 cyclic,tab:cyclic,DyF-ZTL-V,ratio 0.9,95.0$\pm$4.4,95.0±4.4,yes,10,DyF-ZTL-V_s0_p0.9_R100_c8309f6961;DyF-ZTL-V_s1_p0.9_R100_01167d2db6;DyF-ZTL-V_s2_p0.9_R100_5c56b78d23;DyF-ZTL-V_s3_p0.9_R100_aa52b462ae;DyF-ZTL-V_s4_p0.9_R100_201c532eae;DyF-ZTL-V_s5_p0.9_R100_ea2fc12103;DyF-ZTL-V_s6_p0.9_R100_75298fce4b;DyF-ZTL-V_s7_p0.9_R100_20385b2d46;DyF-ZTL-V_s8_p0.9_R100_b83a9369b2;DyF-ZTL-V_s9_p0.9_R100_2aa9090c9d,results_r02/cyclic/final_DyF-ZTL-V_s0_p0.9_R100_c8309f6961.json;results_r02/cyclic/final_DyF-ZTL-V_s1_p0.9_R100_01167d2db6.json;results_r02/cyclic/final_DyF-ZTL-V_s2_p0.9_R100_5c56b78d23.json;results_r02/cyclic/final_DyF-ZTL-V_s3_p0.9_R100_aa52b462ae.json;results_r02/cyclic/final_DyF-ZTL-V_s4_p0.9_R100_201c532eae.json;results_r02/cyclic/final_DyF-ZTL-V_s5_p0.9_R100_ea2fc12103.json;results_r02/cyclic/final_DyF-ZTL-V_s6_p0.9_R100_75298fce4b.json;results_r02/cyclic/final_DyF-ZTL-V_s7_p0.9_R100_20385b2d46.json;results_r02/cyclic/final_DyF-ZTL-V_s8_p0.9_R100_b83a9369b2.json;results_r02/cyclic/final_DyF-ZTL-V_s9_p0.9_R100_2aa9090c9d.json,
Table 9 cyclic,tab:cyclic,FLTrust,ratio 0.0,96.2$\pm$0.4,96.2±0.4,yes,10,FLTrust_s0_p0.0_R100_1271e24ba8;FLTrust_s1_p0.0_R100_b60f2479bc;FLTrust_s2_p0.0_R100_6978264380;FLTrust_s3_p0.0_R100_5b4dcc15ee;FLTrust_s4_p0.0_R100_ce6cb407a4;FLTrust_s5_p0.0_R100_c93c9feb83;FLTrust_s6_p0.0_R100_45ee0634d2;FLTrust_s7_p0.0_R100_73ba6d46a3;FLTrust_s8_p0.0_R100_814b3613e0;FLTrust_s9_p0.0_R100_aa4b814e5e,results_r02/cyclic/final_FLTrust_s0_p0.0_R100_1271e24ba8.json;results_r02/cyclic/final_FLTrust_s1_p0.0_R100_b60f2479bc.json;results_r02/cyclic/final_FLTrust_s2_p0.0_R100_6978264380.json;results_r02/cyclic/final_FLTrust_s3_p0.0_R100_5b4dcc15ee.json;results_r02/cyclic/final_FLTrust_s4_p0.0_R100_ce6cb407a4.json;results_r02/cyclic/final_FLTrust_s5_p0.0_R100_c93c9feb83.json;results_r02/cyclic/final_FLTrust_s6_p0.0_R100_45ee0634d2.json;results_r02/cyclic/final_FLTrust_s7_p0.0_R100_73ba6d46a3.json;results_r02/cyclic/final_FLTrust_s8_p0.0_R100_814b3613e0.json;results_r02/cyclic/final_FLTrust_s9_p0.0_R100_aa4b814e5e.json,
Table 9 cyclic,tab:cyclic,FLTrust,ratio 0.1,96.1$\pm$0.6,96.1±0.6,yes,10,FLTrust_s0_p0.1_R100_11fdc95daa;FLTrust_s1_p0.1_R100_e57cbb4325;FLTrust_s2_p0.1_R100_f8b75cc022;FLTrust_s3_p0.1_R100_f3b6628ae1;FLTrust_s4_p0.1_R100_cf688bb6fd;FLTrust_s5_p0.1_R100_ad2a2c9825;FLTrust_s6_p0.1_R100_7198d30f00;FLTrust_s7_p0.1_R100_c3ce8de4e3;FLTrust_s8_p0.1_R100_359081ee19;FLTrust_s9_p0.1_R100_d5dc57a22f,results_r02/cyclic/final_FLTrust_s0_p0.1_R100_11fdc95daa.json;results_r02/cyclic/final_FLTrust_s1_p0.1_R100_e57cbb4325.json;results_r02/cyclic/final_FLTrust_s2_p0.1_R100_f8b75cc022.json;results_r02/cyclic/final_FLTrust_s3_p0.1_R100_f3b6628ae1.json;results_r02/cyclic/final_FLTrust_s4_p0.1_R100_cf688bb6fd.json;results_r02/cyclic/final_FLTrust_s5_p0.1_R100_ad2a2c9825.json;results_r02/cyclic/final_FLTrust_s6_p0.1_R100_7198d30f00.json;results_r02/cyclic/final_FLTrust_s7_p0.1_R100_c3ce8de4e3.json;results_r02/cyclic/final_FLTrust_s8_p0.1_R100_359081ee19.json;results_r02/cyclic/final_FLTrust_s9_p0.1_R100_d5dc57a22f.json,
Table 9 cyclic,tab:cyclic,FLTrust,ratio 0.2,96.0$\pm$0.3,96.0±0.3,yes,10,FLTrust_s0_p0.2_R100_2261185c3c;FLTrust_s1_p0.2_R100_e3598a4a40;FLTrust_s2_p0.2_R100_3dfd03a066;FLTrust_s3_p0.2_R100_913b2d1c9f;FLTrust_s4_p0.2_R100_9dfc63b25a;FLTrust_s5_p0.2_R100_be8787bad5;FLTrust_s6_p0.2_R100_3ad905c688;FLTrust_s7_p0.2_R100_c1acd7001d;FLTrust_s8_p0.2_R100_13de8ca361;FLTrust_s9_p0.2_R100_2b565126dd,results_r02/cyclic/final_FLTrust_s0_p0.2_R100_2261185c3c.json;results_r02/cyclic/final_FLTrust_s1_p0.2_R100_e3598a4a40.json;results_r02/cyclic/final_FLTrust_s2_p0.2_R100_3dfd03a066.json;results_r02/cyclic/final_FLTrust_s3_p0.2_R100_913b2d1c9f.json;results_r02/cyclic/final_FLTrust_s4_p0.2_R100_9dfc63b25a.json;results_r02/cyclic/final_FLTrust_s5_p0.2_R100_be8787bad5.json;results_r02/cyclic/final_FLTrust_s6_p0.2_R100_3ad905c688.json;results_r02/cyclic/final_FLTrust_s7_p0.2_R100_c1acd7001d.json;results_r02/cyclic/final_FLTrust_s8_p0.2_R100_13de8ca361.json;results_r02/cyclic/final_FLTrust_s9_p0.2_R100_2b565126dd.json,
Table 9 cyclic,tab:cyclic,FLTrust,ratio 0.3,95.9$\pm$0.4,95.9±0.4,yes,10,FLTrust_s0_p0.3_R100_2a587e54dd;FLTrust_s1_p0.3_R100_fffebfa527;FLTrust_s2_p0.3_R100_c69ab088ac;FLTrust_s3_p0.3_R100_418445c611;FLTrust_s4_p0.3_R100_d5fd4f4748;FLTrust_s5_p0.3_R100_1f60a86aac;FLTrust_s6_p0.3_R100_a947b0b514;FLTrust_s7_p0.3_R100_f8e3db7e9d;FLTrust_s8_p0.3_R100_ab6de07759;FLTrust_s9_p0.3_R100_626f619e52,results_r02/cyclic/final_FLTrust_s0_p0.3_R100_2a587e54dd.json;results_r02/cyclic/final_FLTrust_s1_p0.3_R100_fffebfa527.json;results_r02/cyclic/final_FLTrust_s2_p0.3_R100_c69ab088ac.json;results_r02/cyclic/final_FLTrust_s3_p0.3_R100_418445c611.json;results_r02/cyclic/final_FLTrust_s4_p0.3_R100_d5fd4f4748.json;results_r02/cyclic/final_FLTrust_s5_p0.3_R100_1f60a86aac.json;results_r02/cyclic/final_FLTrust_s6_p0.3_R100_a947b0b514.json;results_r02/cyclic/final_FLTrust_s7_p0.3_R100_f8e3db7e9d.json;results_r02/cyclic/final_FLTrust_s8_p0.3_R100_ab6de07759.json;results_r02/cyclic/final_FLTrust_s9_p0.3_R100_626f619e52.json,
Table 9 cyclic,tab:cyclic,FLTrust,ratio 0.4,95.6$\pm$1.2,95.6±1.2,yes,10,FLTrust_s0_p0.4_R100_e67100009e;FLTrust_s1_p0.4_R100_7b0b3f2cec;FLTrust_s2_p0.4_R100_2a4cb83df4;FLTrust_s3_p0.4_R100_e2e43ebff6;FLTrust_s4_p0.4_R100_c5c1bb6649;FLTrust_s5_p0.4_R100_3de8530e02;FLTrust_s6_p0.4_R100_0c0c471968;FLTrust_s7_p0.4_R100_4fda3a3346;FLTrust_s8_p0.4_R100_727c53cf39;FLTrust_s9_p0.4_R100_d0eac898cd,results_r02/cyclic/final_FLTrust_s0_p0.4_R100_e67100009e.json;results_r02/cyclic/final_FLTrust_s1_p0.4_R100_7b0b3f2cec.json;results_r02/cyclic/final_FLTrust_s2_p0.4_R100_2a4cb83df4.json;results_r02/cyclic/final_FLTrust_s3_p0.4_R100_e2e43ebff6.json;results_r02/cyclic/final_FLTrust_s4_p0.4_R100_c5c1bb6649.json;results_r02/cyclic/final_FLTrust_s5_p0.4_R100_3de8530e02.json;results_r02/cyclic/final_FLTrust_s6_p0.4_R100_0c0c471968.json;results_r02/cyclic/final_FLTrust_s7_p0.4_R100_4fda3a3346.json;results_r02/cyclic/final_FLTrust_s8_p0.4_R100_727c53cf39.json;results_r02/cyclic/final_FLTrust_s9_p0.4_R100_d0eac898cd.json,
Table 9 cyclic,tab:cyclic,FLTrust,ratio 0.5,95.5$\pm$1.0,95.5±1.0,yes,10,FLTrust_s0_p0.5_R100_892e1f961e;FLTrust_s1_p0.5_R100_04f8aaa568;FLTrust_s2_p0.5_R100_8c9c11fd8d;FLTrust_s3_p0.5_R100_25626e7a92;FLTrust_s4_p0.5_R100_28f0779bac;FLTrust_s5_p0.5_R100_a39c9814db;FLTrust_s6_p0.5_R100_683f452506;FLTrust_s7_p0.5_R100_113ba1dfeb;FLTrust_s8_p0.5_R100_2b7f5178ca;FLTrust_s9_p0.5_R100_079ec14b5c,results_r02/cyclic/final_FLTrust_s0_p0.5_R100_892e1f961e.json;results_r02/cyclic/final_FLTrust_s1_p0.5_R100_04f8aaa568.json;results_r02/cyclic/final_FLTrust_s2_p0.5_R100_8c9c11fd8d.json;results_r02/cyclic/final_FLTrust_s3_p0.5_R100_25626e7a92.json;results_r02/cyclic/final_FLTrust_s4_p0.5_R100_28f0779bac.json;results_r02/cyclic/final_FLTrust_s5_p0.5_R100_a39c9814db.json;results_r02/cyclic/final_FLTrust_s6_p0.5_R100_683f452506.json;results_r02/cyclic/final_FLTrust_s7_p0.5_R100_113ba1dfeb.json;results_r02/cyclic/final_FLTrust_s8_p0.5_R100_2b7f5178ca.json;results_r02/cyclic/final_FLTrust_s9_p0.5_R100_079ec14b5c.json,
Table 9 cyclic,tab:cyclic,FLTrust,ratio 0.6,95.2$\pm$1.4,95.2±1.4,yes,10,FLTrust_s0_p0.6_R100_1407687b0c;FLTrust_s1_p0.6_R100_1598a22c8b;FLTrust_s2_p0.6_R100_6d77cc2576;FLTrust_s3_p0.6_R100_b55e324fb2;FLTrust_s4_p0.6_R100_169ac615db;FLTrust_s5_p0.6_R100_4c0a96eb8b;FLTrust_s6_p0.6_R100_5ef8a30ea0;FLTrust_s7_p0.6_R100_e22a32b1d2;FLTrust_s8_p0.6_R100_4a5c0133fb;FLTrust_s9_p0.6_R100_a6879cead4,results_r02/cyclic/final_FLTrust_s0_p0.6_R100_1407687b0c.json;results_r02/cyclic/final_FLTrust_s1_p0.6_R100_1598a22c8b.json;results_r02/cyclic/final_FLTrust_s2_p0.6_R100_6d77cc2576.json;results_r02/cyclic/final_FLTrust_s3_p0.6_R100_b55e324fb2.json;results_r02/cyclic/final_FLTrust_s4_p0.6_R100_169ac615db.json;results_r02/cyclic/final_FLTrust_s5_p0.6_R100_4c0a96eb8b.json;results_r02/cyclic/final_FLTrust_s6_p0.6_R100_5ef8a30ea0.json;results_r02/cyclic/final_FLTrust_s7_p0.6_R100_e22a32b1d2.json;results_r02/cyclic/final_FLTrust_s8_p0.6_R100_4a5c0133fb.json;results_r02/cyclic/final_FLTrust_s9_p0.6_R100_a6879cead4.json,
Table 9 cyclic,tab:cyclic,FLTrust,ratio 0.7,93.3$\pm$7.4,93.3±7.4,yes,10,FLTrust_s0_p0.7_R100_301594895e;FLTrust_s1_p0.7_R100_6d9c0244c9;FLTrust_s2_p0.7_R100_cf56dabf6b;FLTrust_s3_p0.7_R100_b510f95559;FLTrust_s4_p0.7_R100_d854e87c87;FLTrust_s5_p0.7_R100_121eb4a2f5;FLTrust_s6_p0.7_R100_24b045190a;FLTrust_s7_p0.7_R100_57ecf5a69c;FLTrust_s8_p0.7_R100_77056b5955;FLTrust_s9_p0.7_R100_5964086b55,results_r02/cyclic/final_FLTrust_s0_p0.7_R100_301594895e.json;results_r02/cyclic/final_FLTrust_s1_p0.7_R100_6d9c0244c9.json;results_r02/cyclic/final_FLTrust_s2_p0.7_R100_cf56dabf6b.json;results_r02/cyclic/final_FLTrust_s3_p0.7_R100_b510f95559.json;results_r02/cyclic/final_FLTrust_s4_p0.7_R100_d854e87c87.json;results_r02/cyclic/final_FLTrust_s5_p0.7_R100_121eb4a2f5.json;results_r02/cyclic/final_FLTrust_s6_p0.7_R100_24b045190a.json;results_r02/cyclic/final_FLTrust_s7_p0.7_R100_57ecf5a69c.json;results_r02/cyclic/final_FLTrust_s8_p0.7_R100_77056b5955.json;results_r02/cyclic/final_FLTrust_s9_p0.7_R100_5964086b55.json,
Table 9 cyclic,tab:cyclic,FLTrust,ratio 0.8,95.1$\pm$0.9,95.1±0.9,yes,10,FLTrust_s0_p0.8_R100_e230a1e18c;FLTrust_s1_p0.8_R100_c006539407;FLTrust_s2_p0.8_R100_445800e3a3;FLTrust_s3_p0.8_R100_caf1bd9758;FLTrust_s4_p0.8_R100_1ab2c52c9f;FLTrust_s5_p0.8_R100_284eed6ba1;FLTrust_s6_p0.8_R100_6e38ae2f5e;FLTrust_s7_p0.8_R100_f96f68c559;FLTrust_s8_p0.8_R100_fdd7ed8b5e;FLTrust_s9_p0.8_R100_23bb63cb6a,results_r02/cyclic/final_FLTrust_s0_p0.8_R100_e230a1e18c.json;results_r02/cyclic/final_FLTrust_s1_p0.8_R100_c006539407.json;results_r02/cyclic/final_FLTrust_s2_p0.8_R100_445800e3a3.json;results_r02/cyclic/final_FLTrust_s3_p0.8_R100_caf1bd9758.json;results_r02/cyclic/final_FLTrust_s4_p0.8_R100_1ab2c52c9f.json;results_r02/cyclic/final_FLTrust_s5_p0.8_R100_284eed6ba1.json;results_r02/cyclic/final_FLTrust_s6_p0.8_R100_6e38ae2f5e.json;results_r02/cyclic/final_FLTrust_s7_p0.8_R100_f96f68c559.json;results_r02/cyclic/final_FLTrust_s8_p0.8_R100_fdd7ed8b5e.json;results_r02/cyclic/final_FLTrust_s9_p0.8_R100_23bb63cb6a.json,
Table 9 cyclic,tab:cyclic,FLTrust,ratio 0.9,91.1$\pm$5.8,91.1±5.8,yes,10,FLTrust_s0_p0.9_R100_1d711cac0c;FLTrust_s1_p0.9_R100_68d2710ef8;FLTrust_s2_p0.9_R100_331a550900;FLTrust_s3_p0.9_R100_de67d371cb;FLTrust_s4_p0.9_R100_32a885f2c1;FLTrust_s5_p0.9_R100_679a4cd5bf;FLTrust_s6_p0.9_R100_4f44848f42;FLTrust_s7_p0.9_R100_97ffcfa95b;FLTrust_s8_p0.9_R100_01b4aa56a0;FLTrust_s9_p0.9_R100_fb0ef2aacc,results_r02/cyclic/final_FLTrust_s0_p0.9_R100_1d711cac0c.json;results_r02/cyclic/final_FLTrust_s1_p0.9_R100_68d2710ef8.json;results_r02/cyclic/final_FLTrust_s2_p0.9_R100_331a550900.json;results_r02/cyclic/final_FLTrust_s3_p0.9_R100_de67d371cb.json;results_r02/cyclic/final_FLTrust_s4_p0.9_R100_32a885f2c1.json;results_r02/cyclic/final_FLTrust_s5_p0.9_R100_679a4cd5bf.json;results_r02/cyclic/final_FLTrust_s6_p0.9_R100_4f44848f42.json;results_r02/cyclic/final_FLTrust_s7_p0.9_R100_97ffcfa95b.json;results_r02/cyclic/final_FLTrust_s8_p0.9_R100_01b4aa56a0.json;results_r02/cyclic/final_FLTrust_s9_p0.9_R100_fb0ef2aacc.json,
Table 9 cyclic,tab:cyclic,DyF-ZTL-v1,ratio 0.0,96.5$\pm$0.4,96.5±0.4,yes,10,DyF-ZTL-v1_s0_p0.0_R100_9896d0158a;DyF-ZTL-v1_s1_p0.0_R100_b0708ac8ab;DyF-ZTL-v1_s2_p0.0_R100_d041ed3eb5;DyF-ZTL-v1_s3_p0.0_R100_ace3bf9976;DyF-ZTL-v1_s4_p0.0_R100_e44acea027;DyF-ZTL-v1_s5_p0.0_R100_d83108c089;DyF-ZTL-v1_s6_p0.0_R100_9801859a00;DyF-ZTL-v1_s7_p0.0_R100_2cf9ec1a24;DyF-ZTL-v1_s8_p0.0_R100_a9b7a22a9b;DyF-ZTL-v1_s9_p0.0_R100_d112ac6448,results_r02/cyclic/final_DyF-ZTL-v1_s0_p0.0_R100_9896d0158a.json;results_r02/cyclic/final_DyF-ZTL-v1_s1_p0.0_R100_b0708ac8ab.json;results_r02/cyclic/final_DyF-ZTL-v1_s2_p0.0_R100_d041ed3eb5.json;results_r02/cyclic/final_DyF-ZTL-v1_s3_p0.0_R100_ace3bf9976.json;results_r02/cyclic/final_DyF-ZTL-v1_s4_p0.0_R100_e44acea027.json;results_r02/cyclic/final_DyF-ZTL-v1_s5_p0.0_R100_d83108c089.json;results_r02/cyclic/final_DyF-ZTL-v1_s6_p0.0_R100_9801859a00.json;results_r02/cyclic/final_DyF-ZTL-v1_s7_p0.0_R100_2cf9ec1a24.json;results_r02/cyclic/final_DyF-ZTL-v1_s8_p0.0_R100_a9b7a22a9b.json;results_r02/cyclic/final_DyF-ZTL-v1_s9_p0.0_R100_d112ac6448.json,
Table 9 cyclic,tab:cyclic,DyF-ZTL-v1,ratio 0.1,96.6$\pm$0.5,96.6±0.5,yes,10,DyF-ZTL-v1_s0_p0.1_R100_ae70a20e39;DyF-ZTL-v1_s1_p0.1_R100_294d24a242;DyF-ZTL-v1_s2_p0.1_R100_0fd0674552;DyF-ZTL-v1_s3_p0.1_R100_cef5a18f97;DyF-ZTL-v1_s4_p0.1_R100_175b95a39b;DyF-ZTL-v1_s5_p0.1_R100_0cd1552b38;DyF-ZTL-v1_s6_p0.1_R100_9918adccaf;DyF-ZTL-v1_s7_p0.1_R100_2bb3df5803;DyF-ZTL-v1_s8_p0.1_R100_40dab9c56e;DyF-ZTL-v1_s9_p0.1_R100_d1e6e48482,results_r02/cyclic/final_DyF-ZTL-v1_s0_p0.1_R100_ae70a20e39.json;results_r02/cyclic/final_DyF-ZTL-v1_s1_p0.1_R100_294d24a242.json;results_r02/cyclic/final_DyF-ZTL-v1_s2_p0.1_R100_0fd0674552.json;results_r02/cyclic/final_DyF-ZTL-v1_s3_p0.1_R100_cef5a18f97.json;results_r02/cyclic/final_DyF-ZTL-v1_s4_p0.1_R100_175b95a39b.json;results_r02/cyclic/final_DyF-ZTL-v1_s5_p0.1_R100_0cd1552b38.json;results_r02/cyclic/final_DyF-ZTL-v1_s6_p0.1_R100_9918adccaf.json;results_r02/cyclic/final_DyF-ZTL-v1_s7_p0.1_R100_2bb3df5803.json;results_r02/cyclic/final_DyF-ZTL-v1_s8_p0.1_R100_40dab9c56e.json;results_r02/cyclic/final_DyF-ZTL-v1_s9_p0.1_R100_d1e6e48482.json,
Table 9 cyclic,tab:cyclic,DyF-ZTL-v1,ratio 0.2,96.6$\pm$0.4,96.6±0.4,yes,10,DyF-ZTL-v1_s0_p0.2_R100_b679e9d7e3;DyF-ZTL-v1_s1_p0.2_R100_13be3a7b4b;DyF-ZTL-v1_s2_p0.2_R100_f4f7ac7014;DyF-ZTL-v1_s3_p0.2_R100_05db6d8c46;DyF-ZTL-v1_s4_p0.2_R100_3d61ce4bbf;DyF-ZTL-v1_s5_p0.2_R100_54b28e08c3;DyF-ZTL-v1_s6_p0.2_R100_43c29e8632;DyF-ZTL-v1_s7_p0.2_R100_72f3834c99;DyF-ZTL-v1_s8_p0.2_R100_ada52a0453;DyF-ZTL-v1_s9_p0.2_R100_f5ec859696,results_r02/cyclic/final_DyF-ZTL-v1_s0_p0.2_R100_b679e9d7e3.json;results_r02/cyclic/final_DyF-ZTL-v1_s1_p0.2_R100_13be3a7b4b.json;results_r02/cyclic/final_DyF-ZTL-v1_s2_p0.2_R100_f4f7ac7014.json;results_r02/cyclic/final_DyF-ZTL-v1_s3_p0.2_R100_05db6d8c46.json;results_r02/cyclic/final_DyF-ZTL-v1_s4_p0.2_R100_3d61ce4bbf.json;results_r02/cyclic/final_DyF-ZTL-v1_s5_p0.2_R100_54b28e08c3.json;results_r02/cyclic/final_DyF-ZTL-v1_s6_p0.2_R100_43c29e8632.json;results_r02/cyclic/final_DyF-ZTL-v1_s7_p0.2_R100_72f3834c99.json;results_r02/cyclic/final_DyF-ZTL-v1_s8_p0.2_R100_ada52a0453.json;results_r02/cyclic/final_DyF-ZTL-v1_s9_p0.2_R100_f5ec859696.json,
Table 9 cyclic,tab:cyclic,DyF-ZTL-v1,ratio 0.3,96.5$\pm$0.5,96.5±0.5,yes,10,DyF-ZTL-v1_s0_p0.3_R100_f565729729;DyF-ZTL-v1_s1_p0.3_R100_b107c9b460;DyF-ZTL-v1_s2_p0.3_R100_bf3268a010;DyF-ZTL-v1_s3_p0.3_R100_edede9410d;DyF-ZTL-v1_s4_p0.3_R100_848cf52505;DyF-ZTL-v1_s5_p0.3_R100_82a564b850;DyF-ZTL-v1_s6_p0.3_R100_3c706e92cf;DyF-ZTL-v1_s7_p0.3_R100_ed582cd641;DyF-ZTL-v1_s8_p0.3_R100_d43a49f47a;DyF-ZTL-v1_s9_p0.3_R100_cf4769dd47,results_r02/cyclic/final_DyF-ZTL-v1_s0_p0.3_R100_f565729729.json;results_r02/cyclic/final_DyF-ZTL-v1_s1_p0.3_R100_b107c9b460.json;results_r02/cyclic/final_DyF-ZTL-v1_s2_p0.3_R100_bf3268a010.json;results_r02/cyclic/final_DyF-ZTL-v1_s3_p0.3_R100_edede9410d.json;results_r02/cyclic/final_DyF-ZTL-v1_s4_p0.3_R100_848cf52505.json;results_r02/cyclic/final_DyF-ZTL-v1_s5_p0.3_R100_82a564b850.json;results_r02/cyclic/final_DyF-ZTL-v1_s6_p0.3_R100_3c706e92cf.json;results_r02/cyclic/final_DyF-ZTL-v1_s7_p0.3_R100_ed582cd641.json;results_r02/cyclic/final_DyF-ZTL-v1_s8_p0.3_R100_d43a49f47a.json;results_r02/cyclic/final_DyF-ZTL-v1_s9_p0.3_R100_cf4769dd47.json,
Table 9 cyclic,tab:cyclic,DyF-ZTL-v1,ratio 0.4,96.3$\pm$0.7,96.3±0.7,yes,10,DyF-ZTL-v1_s0_p0.4_R100_38303997e3;DyF-ZTL-v1_s1_p0.4_R100_15439a1535;DyF-ZTL-v1_s2_p0.4_R100_d070485c52;DyF-ZTL-v1_s3_p0.4_R100_6d39dc855d;DyF-ZTL-v1_s4_p0.4_R100_d7bf6561a3;DyF-ZTL-v1_s5_p0.4_R100_5669c10488;DyF-ZTL-v1_s6_p0.4_R100_e466cef47d;DyF-ZTL-v1_s7_p0.4_R100_f658925242;DyF-ZTL-v1_s8_p0.4_R100_dc4210b861;DyF-ZTL-v1_s9_p0.4_R100_cfcbd4ff65,results_r02/cyclic/final_DyF-ZTL-v1_s0_p0.4_R100_38303997e3.json;results_r02/cyclic/final_DyF-ZTL-v1_s1_p0.4_R100_15439a1535.json;results_r02/cyclic/final_DyF-ZTL-v1_s2_p0.4_R100_d070485c52.json;results_r02/cyclic/final_DyF-ZTL-v1_s3_p0.4_R100_6d39dc855d.json;results_r02/cyclic/final_DyF-ZTL-v1_s4_p0.4_R100_d7bf6561a3.json;results_r02/cyclic/final_DyF-ZTL-v1_s5_p0.4_R100_5669c10488.json;results_r02/cyclic/final_DyF-ZTL-v1_s6_p0.4_R100_e466cef47d.json;results_r02/cyclic/final_DyF-ZTL-v1_s7_p0.4_R100_f658925242.json;results_r02/cyclic/final_DyF-ZTL-v1_s8_p0.4_R100_dc4210b861.json;results_r02/cyclic/final_DyF-ZTL-v1_s9_p0.4_R100_cfcbd4ff65.json,
Table 9 cyclic,tab:cyclic,DyF-ZTL-v1,ratio 0.5,96.3$\pm$0.6,96.3±0.6,yes,10,DyF-ZTL-v1_s0_p0.5_R100_f5b2d43727;DyF-ZTL-v1_s1_p0.5_R100_6053731ff9;DyF-ZTL-v1_s2_p0.5_R100_dcb7f4a903;DyF-ZTL-v1_s3_p0.5_R100_0568f40fb3;DyF-ZTL-v1_s4_p0.5_R100_55efbd414d;DyF-ZTL-v1_s5_p0.5_R100_280ab2238c;DyF-ZTL-v1_s6_p0.5_R100_08d7dc935b;DyF-ZTL-v1_s7_p0.5_R100_8f8bb60235;DyF-ZTL-v1_s8_p0.5_R100_dbc6d0ce86;DyF-ZTL-v1_s9_p0.5_R100_a327b40034,results_r02/cyclic/final_DyF-ZTL-v1_s0_p0.5_R100_f5b2d43727.json;results_r02/cyclic/final_DyF-ZTL-v1_s1_p0.5_R100_6053731ff9.json;results_r02/cyclic/final_DyF-ZTL-v1_s2_p0.5_R100_dcb7f4a903.json;results_r02/cyclic/final_DyF-ZTL-v1_s3_p0.5_R100_0568f40fb3.json;results_r02/cyclic/final_DyF-ZTL-v1_s4_p0.5_R100_55efbd414d.json;results_r02/cyclic/final_DyF-ZTL-v1_s5_p0.5_R100_280ab2238c.json;results_r02/cyclic/final_DyF-ZTL-v1_s6_p0.5_R100_08d7dc935b.json;results_r02/cyclic/final_DyF-ZTL-v1_s7_p0.5_R100_8f8bb60235.json;results_r02/cyclic/final_DyF-ZTL-v1_s8_p0.5_R100_dbc6d0ce86.json;results_r02/cyclic/final_DyF-ZTL-v1_s9_p0.5_R100_a327b40034.json,
Table 9 cyclic,tab:cyclic,DyF-ZTL-v1,ratio 0.6,94.9$\pm$4.3,94.9±4.3,yes,10,DyF-ZTL-v1_s0_p0.6_R100_a913f06ad9;DyF-ZTL-v1_s1_p0.6_R100_c69aabb514;DyF-ZTL-v1_s2_p0.6_R100_448ac7937a;DyF-ZTL-v1_s3_p0.6_R100_81129ca287;DyF-ZTL-v1_s4_p0.6_R100_b508f07d5e;DyF-ZTL-v1_s5_p0.6_R100_230baccd87;DyF-ZTL-v1_s6_p0.6_R100_690ce4459b;DyF-ZTL-v1_s7_p0.6_R100_ee898999b5;DyF-ZTL-v1_s8_p0.6_R100_b720993ac4;DyF-ZTL-v1_s9_p0.6_R100_08cf4847c0,results_r02/cyclic/final_DyF-ZTL-v1_s0_p0.6_R100_a913f06ad9.json;results_r02/cyclic/final_DyF-ZTL-v1_s1_p0.6_R100_c69aabb514.json;results_r02/cyclic/final_DyF-ZTL-v1_s2_p0.6_R100_448ac7937a.json;results_r02/cyclic/final_DyF-ZTL-v1_s3_p0.6_R100_81129ca287.json;results_r02/cyclic/final_DyF-ZTL-v1_s4_p0.6_R100_b508f07d5e.json;results_r02/cyclic/final_DyF-ZTL-v1_s5_p0.6_R100_230baccd87.json;results_r02/cyclic/final_DyF-ZTL-v1_s6_p0.6_R100_690ce4459b.json;results_r02/cyclic/final_DyF-ZTL-v1_s7_p0.6_R100_ee898999b5.json;results_r02/cyclic/final_DyF-ZTL-v1_s8_p0.6_R100_b720993ac4.json;results_r02/cyclic/final_DyF-ZTL-v1_s9_p0.6_R100_08cf4847c0.json,
Table 9 cyclic,tab:cyclic,DyF-ZTL-v1,ratio 0.7,94.7$\pm$4.2,94.7±4.2,yes,10,DyF-ZTL-v1_s0_p0.7_R100_a7b9164cfc;DyF-ZTL-v1_s1_p0.7_R100_cddb1b82f8;DyF-ZTL-v1_s2_p0.7_R100_f4241c60d4;DyF-ZTL-v1_s3_p0.7_R100_2b4b0d18e2;DyF-ZTL-v1_s4_p0.7_R100_1961465625;DyF-ZTL-v1_s5_p0.7_R100_57002037a7;DyF-ZTL-v1_s6_p0.7_R100_386069fd4f;DyF-ZTL-v1_s7_p0.7_R100_aafd819eba;DyF-ZTL-v1_s8_p0.7_R100_dcaba2f833;DyF-ZTL-v1_s9_p0.7_R100_1ba2c54f1e,results_r02/cyclic/final_DyF-ZTL-v1_s0_p0.7_R100_a7b9164cfc.json;results_r02/cyclic/final_DyF-ZTL-v1_s1_p0.7_R100_cddb1b82f8.json;results_r02/cyclic/final_DyF-ZTL-v1_s2_p0.7_R100_f4241c60d4.json;results_r02/cyclic/final_DyF-ZTL-v1_s3_p0.7_R100_2b4b0d18e2.json;results_r02/cyclic/final_DyF-ZTL-v1_s4_p0.7_R100_1961465625.json;results_r02/cyclic/final_DyF-ZTL-v1_s5_p0.7_R100_57002037a7.json;results_r02/cyclic/final_DyF-ZTL-v1_s6_p0.7_R100_386069fd4f.json;results_r02/cyclic/final_DyF-ZTL-v1_s7_p0.7_R100_aafd819eba.json;results_r02/cyclic/final_DyF-ZTL-v1_s8_p0.7_R100_dcaba2f833.json;results_r02/cyclic/final_DyF-ZTL-v1_s9_p0.7_R100_1ba2c54f1e.json,
Table 9 cyclic,tab:cyclic,DyF-ZTL-v1,ratio 0.8,95.2$\pm$1.7,95.2±1.7,yes,10,DyF-ZTL-v1_s0_p0.8_R100_bfa9111c72;DyF-ZTL-v1_s1_p0.8_R100_37816ae7d1;DyF-ZTL-v1_s2_p0.8_R100_479694898b;DyF-ZTL-v1_s3_p0.8_R100_ad71107ed9;DyF-ZTL-v1_s4_p0.8_R100_56336ad150;DyF-ZTL-v1_s5_p0.8_R100_852871b80d;DyF-ZTL-v1_s6_p0.8_R100_5e966240f1;DyF-ZTL-v1_s7_p0.8_R100_a747e4dffd;DyF-ZTL-v1_s8_p0.8_R100_e950e75624;DyF-ZTL-v1_s9_p0.8_R100_fb9e8ee6c3,results_r02/cyclic/final_DyF-ZTL-v1_s0_p0.8_R100_bfa9111c72.json;results_r02/cyclic/final_DyF-ZTL-v1_s1_p0.8_R100_37816ae7d1.json;results_r02/cyclic/final_DyF-ZTL-v1_s2_p0.8_R100_479694898b.json;results_r02/cyclic/final_DyF-ZTL-v1_s3_p0.8_R100_ad71107ed9.json;results_r02/cyclic/final_DyF-ZTL-v1_s4_p0.8_R100_56336ad150.json;results_r02/cyclic/final_DyF-ZTL-v1_s5_p0.8_R100_852871b80d.json;results_r02/cyclic/final_DyF-ZTL-v1_s6_p0.8_R100_5e966240f1.json;results_r02/cyclic/final_DyF-ZTL-v1_s7_p0.8_R100_a747e4dffd.json;results_r02/cyclic/final_DyF-ZTL-v1_s8_p0.8_R100_e950e75624.json;results_r02/cyclic/final_DyF-ZTL-v1_s9_p0.8_R100_fb9e8ee6c3.json,
Table 9 cyclic,tab:cyclic,DyF-ZTL-v1,ratio 0.9,92.0$\pm$5.1,92.0±5.1,yes,10,DyF-ZTL-v1_s0_p0.9_R100_8ba46e2f8e;DyF-ZTL-v1_s1_p0.9_R100_aaff66b8ba;DyF-ZTL-v1_s2_p0.9_R100_c5a9fcc3ac;DyF-ZTL-v1_s3_p0.9_R100_46f526bff6;DyF-ZTL-v1_s4_p0.9_R100_91001b2fa5;DyF-ZTL-v1_s5_p0.9_R100_386666ff77;DyF-ZTL-v1_s6_p0.9_R100_4ac3f2efac;DyF-ZTL-v1_s7_p0.9_R100_a747c90425;DyF-ZTL-v1_s8_p0.9_R100_0df5cf7d5e;DyF-ZTL-v1_s9_p0.9_R100_b8fdf899ef,results_r02/cyclic/final_DyF-ZTL-v1_s0_p0.9_R100_8ba46e2f8e.json;results_r02/cyclic/final_DyF-ZTL-v1_s1_p0.9_R100_aaff66b8ba.json;results_r02/cyclic/final_DyF-ZTL-v1_s2_p0.9_R100_c5a9fcc3ac.json;results_r02/cyclic/final_DyF-ZTL-v1_s3_p0.9_R100_46f526bff6.json;results_r02/cyclic/final_DyF-ZTL-v1_s4_p0.9_R100_91001b2fa5.json;results_r02/cyclic/final_DyF-ZTL-v1_s5_p0.9_R100_386666ff77.json;results_r02/cyclic/final_DyF-ZTL-v1_s6_p0.9_R100_4ac3f2efac.json;results_r02/cyclic/final_DyF-ZTL-v1_s7_p0.9_R100_a747c90425.json;results_r02/cyclic/final_DyF-ZTL-v1_s8_p0.9_R100_0df5cf7d5e.json;results_r02/cyclic/final_DyF-ZTL-v1_s9_p0.9_R100_b8fdf899ef.json,
Table 9 cyclic,tab:cyclic,FedAvg,ratio 0.0,88.1$\pm$3.9,88.1±3.9,yes,10,FedAvg_s0_p0.0_R100_9add646d27;FedAvg_s1_p0.0_R100_7ae9638e84;FedAvg_s2_p0.0_R100_3178b8f1fe;FedAvg_s3_p0.0_R100_e425264eaa;FedAvg_s4_p0.0_R100_4e2f8ff346;FedAvg_s5_p0.0_R100_e0bfccaebf;FedAvg_s6_p0.0_R100_da40b2fd5a;FedAvg_s7_p0.0_R100_72763c926c;FedAvg_s8_p0.0_R100_853c41f2a8;FedAvg_s9_p0.0_R100_740fd507a3,results_r02/cyclic/final_FedAvg_s0_p0.0_R100_9add646d27.json;results_r02/cyclic/final_FedAvg_s1_p0.0_R100_7ae9638e84.json;results_r02/cyclic/final_FedAvg_s2_p0.0_R100_3178b8f1fe.json;results_r02/cyclic/final_FedAvg_s3_p0.0_R100_e425264eaa.json;results_r02/cyclic/final_FedAvg_s4_p0.0_R100_4e2f8ff346.json;results_r02/cyclic/final_FedAvg_s5_p0.0_R100_e0bfccaebf.json;results_r02/cyclic/final_FedAvg_s6_p0.0_R100_da40b2fd5a.json;results_r02/cyclic/final_FedAvg_s7_p0.0_R100_72763c926c.json;results_r02/cyclic/final_FedAvg_s8_p0.0_R100_853c41f2a8.json;results_r02/cyclic/final_FedAvg_s9_p0.0_R100_740fd507a3.json,
Table 9 cyclic,tab:cyclic,FedAvg,ratio 0.1,88.3$\pm$3.2,88.3±3.2,yes,10,FedAvg_s0_p0.1_R100_dc66ac6689;FedAvg_s1_p0.1_R100_38fee838da;FedAvg_s2_p0.1_R100_be1387cf1a;FedAvg_s3_p0.1_R100_0613eca889;FedAvg_s4_p0.1_R100_d17c95fca0;FedAvg_s5_p0.1_R100_0d9fb04331;FedAvg_s6_p0.1_R100_300cf86d5b;FedAvg_s7_p0.1_R100_858272129b;FedAvg_s8_p0.1_R100_6e1e20f2a3;FedAvg_s9_p0.1_R100_8ec4bf9b05,results_r02/cyclic/final_FedAvg_s0_p0.1_R100_dc66ac6689.json;results_r02/cyclic/final_FedAvg_s1_p0.1_R100_38fee838da.json;results_r02/cyclic/final_FedAvg_s2_p0.1_R100_be1387cf1a.json;results_r02/cyclic/final_FedAvg_s3_p0.1_R100_0613eca889.json;results_r02/cyclic/final_FedAvg_s4_p0.1_R100_d17c95fca0.json;results_r02/cyclic/final_FedAvg_s5_p0.1_R100_0d9fb04331.json;results_r02/cyclic/final_FedAvg_s6_p0.1_R100_300cf86d5b.json;results_r02/cyclic/final_FedAvg_s7_p0.1_R100_858272129b.json;results_r02/cyclic/final_FedAvg_s8_p0.1_R100_6e1e20f2a3.json;results_r02/cyclic/final_FedAvg_s9_p0.1_R100_8ec4bf9b05.json,
Table 9 cyclic,tab:cyclic,FedAvg,ratio 0.2,87.0$\pm$3.5,87.0±3.5,yes,10,FedAvg_s0_p0.2_R100_e5fcf7443a;FedAvg_s1_p0.2_R100_1343f46b4f;FedAvg_s2_p0.2_R100_2dee307498;FedAvg_s3_p0.2_R100_f8ce7bc08f;FedAvg_s4_p0.2_R100_ac2f45d4bb;FedAvg_s5_p0.2_R100_c8a5092224;FedAvg_s6_p0.2_R100_1dff9549b6;FedAvg_s7_p0.2_R100_d4feb62cd4;FedAvg_s8_p0.2_R100_ef7041d026;FedAvg_s9_p0.2_R100_bb05f9afe5,results_r02/cyclic/final_FedAvg_s0_p0.2_R100_e5fcf7443a.json;results_r02/cyclic/final_FedAvg_s1_p0.2_R100_1343f46b4f.json;results_r02/cyclic/final_FedAvg_s2_p0.2_R100_2dee307498.json;results_r02/cyclic/final_FedAvg_s3_p0.2_R100_f8ce7bc08f.json;results_r02/cyclic/final_FedAvg_s4_p0.2_R100_ac2f45d4bb.json;results_r02/cyclic/final_FedAvg_s5_p0.2_R100_c8a5092224.json;results_r02/cyclic/final_FedAvg_s6_p0.2_R100_1dff9549b6.json;results_r02/cyclic/final_FedAvg_s7_p0.2_R100_d4feb62cd4.json;results_r02/cyclic/final_FedAvg_s8_p0.2_R100_ef7041d026.json;results_r02/cyclic/final_FedAvg_s9_p0.2_R100_bb05f9afe5.json,
Table 9 cyclic,tab:cyclic,FedAvg,ratio 0.3,84.9$\pm$6.0,84.9±6.0,yes,10,FedAvg_s0_p0.3_R100_ff7527c6f7;FedAvg_s1_p0.3_R100_e297e77d8d;FedAvg_s2_p0.3_R100_629aed076f;FedAvg_s3_p0.3_R100_ae26117cc2;FedAvg_s4_p0.3_R100_7804a79329;FedAvg_s5_p0.3_R100_acbdbf036b;FedAvg_s6_p0.3_R100_0f3bf166c7;FedAvg_s7_p0.3_R100_9516e694e6;FedAvg_s8_p0.3_R100_59a0b812e1;FedAvg_s9_p0.3_R100_5b352d9225,results_r02/cyclic/final_FedAvg_s0_p0.3_R100_ff7527c6f7.json;results_r02/cyclic/final_FedAvg_s1_p0.3_R100_e297e77d8d.json;results_r02/cyclic/final_FedAvg_s2_p0.3_R100_629aed076f.json;results_r02/cyclic/final_FedAvg_s3_p0.3_R100_ae26117cc2.json;results_r02/cyclic/final_FedAvg_s4_p0.3_R100_7804a79329.json;results_r02/cyclic/final_FedAvg_s5_p0.3_R100_acbdbf036b.json;results_r02/cyclic/final_FedAvg_s6_p0.3_R100_0f3bf166c7.json;results_r02/cyclic/final_FedAvg_s7_p0.3_R100_9516e694e6.json;results_r02/cyclic/final_FedAvg_s8_p0.3_R100_59a0b812e1.json;results_r02/cyclic/final_FedAvg_s9_p0.3_R100_5b352d9225.json,
Table 9 cyclic,tab:cyclic,FedAvg,ratio 0.4,72.1$\pm$24.9,72.1±24.9,yes,10,FedAvg_s0_p0.4_R100_9ee8431c6d;FedAvg_s1_p0.4_R100_3cc8b68bf0;FedAvg_s2_p0.4_R100_1ce1966aa9;FedAvg_s3_p0.4_R100_224ea56ac3;FedAvg_s4_p0.4_R100_b05a36e17e;FedAvg_s5_p0.4_R100_cbcd79ed37;FedAvg_s6_p0.4_R100_1a9f977415;FedAvg_s7_p0.4_R100_9532b62e80;FedAvg_s8_p0.4_R100_d965e691f8;FedAvg_s9_p0.4_R100_5504d85ca7,results_r02/cyclic/final_FedAvg_s0_p0.4_R100_9ee8431c6d.json;results_r02/cyclic/final_FedAvg_s1_p0.4_R100_3cc8b68bf0.json;results_r02/cyclic/final_FedAvg_s2_p0.4_R100_1ce1966aa9.json;results_r02/cyclic/final_FedAvg_s3_p0.4_R100_224ea56ac3.json;results_r02/cyclic/final_FedAvg_s4_p0.4_R100_b05a36e17e.json;results_r02/cyclic/final_FedAvg_s5_p0.4_R100_cbcd79ed37.json;results_r02/cyclic/final_FedAvg_s6_p0.4_R100_1a9f977415.json;results_r02/cyclic/final_FedAvg_s7_p0.4_R100_9532b62e80.json;results_r02/cyclic/final_FedAvg_s8_p0.4_R100_d965e691f8.json;results_r02/cyclic/final_FedAvg_s9_p0.4_R100_5504d85ca7.json,
Table 9 cyclic,tab:cyclic,FedAvg,ratio 0.5,53.9$\pm$30.7,53.9±30.7,yes,10,FedAvg_s0_p0.5_R100_8b10206922;FedAvg_s1_p0.5_R100_ce051f5cdb;FedAvg_s2_p0.5_R100_045cbda40c;FedAvg_s3_p0.5_R100_fb3fd9ec25;FedAvg_s4_p0.5_R100_838324112c;FedAvg_s5_p0.5_R100_9193766fd8;FedAvg_s6_p0.5_R100_4a84194664;FedAvg_s7_p0.5_R100_08fecd14d5;FedAvg_s8_p0.5_R100_ebefecbc08;FedAvg_s9_p0.5_R100_db13b49a67,results_r02/cyclic/final_FedAvg_s0_p0.5_R100_8b10206922.json;results_r02/cyclic/final_FedAvg_s1_p0.5_R100_ce051f5cdb.json;results_r02/cyclic/final_FedAvg_s2_p0.5_R100_045cbda40c.json;results_r02/cyclic/final_FedAvg_s3_p0.5_R100_fb3fd9ec25.json;results_r02/cyclic/final_FedAvg_s4_p0.5_R100_838324112c.json;results_r02/cyclic/final_FedAvg_s5_p0.5_R100_9193766fd8.json;results_r02/cyclic/final_FedAvg_s6_p0.5_R100_4a84194664.json;results_r02/cyclic/final_FedAvg_s7_p0.5_R100_08fecd14d5.json;results_r02/cyclic/final_FedAvg_s8_p0.5_R100_ebefecbc08.json;results_r02/cyclic/final_FedAvg_s9_p0.5_R100_db13b49a67.json,
Table 9 cyclic,tab:cyclic,FedAvg,ratio 0.6,30.0$\pm$25.3,30.0±25.3,yes,10,FedAvg_s0_p0.6_R100_11df2fc8e5;FedAvg_s1_p0.6_R100_169191ed39;FedAvg_s2_p0.6_R100_b90e318e91;FedAvg_s3_p0.6_R100_d214071280;FedAvg_s4_p0.6_R100_981dbc834e;FedAvg_s5_p0.6_R100_fbe0e0438d;FedAvg_s6_p0.6_R100_c98b0df986;FedAvg_s7_p0.6_R100_ef0575da6d;FedAvg_s8_p0.6_R100_b44a831660;FedAvg_s9_p0.6_R100_8b7c613670,results_r02/cyclic/final_FedAvg_s0_p0.6_R100_11df2fc8e5.json;results_r02/cyclic/final_FedAvg_s1_p0.6_R100_169191ed39.json;results_r02/cyclic/final_FedAvg_s2_p0.6_R100_b90e318e91.json;results_r02/cyclic/final_FedAvg_s3_p0.6_R100_d214071280.json;results_r02/cyclic/final_FedAvg_s4_p0.6_R100_981dbc834e.json;results_r02/cyclic/final_FedAvg_s5_p0.6_R100_fbe0e0438d.json;results_r02/cyclic/final_FedAvg_s6_p0.6_R100_c98b0df986.json;results_r02/cyclic/final_FedAvg_s7_p0.6_R100_ef0575da6d.json;results_r02/cyclic/final_FedAvg_s8_p0.6_R100_b44a831660.json;results_r02/cyclic/final_FedAvg_s9_p0.6_R100_8b7c613670.json,
Table 9 cyclic,tab:cyclic,FedAvg,ratio 0.7,10.2$\pm$8.7,10.2±8.7,yes,10,FedAvg_s0_p0.7_R100_920d7bc9ca;FedAvg_s1_p0.7_R100_f34d47a32c;FedAvg_s2_p0.7_R100_4d00930bd7;FedAvg_s3_p0.7_R100_9062ca4f96;FedAvg_s4_p0.7_R100_a983022146;FedAvg_s5_p0.7_R100_f21a7b95f5;FedAvg_s6_p0.7_R100_f11ad81e8c;FedAvg_s7_p0.7_R100_1f18d994ad;FedAvg_s8_p0.7_R100_84661eee55;FedAvg_s9_p0.7_R100_72aae311d1,results_r02/cyclic/final_FedAvg_s0_p0.7_R100_920d7bc9ca.json;results_r02/cyclic/final_FedAvg_s1_p0.7_R100_f34d47a32c.json;results_r02/cyclic/final_FedAvg_s2_p0.7_R100_4d00930bd7.json;results_r02/cyclic/final_FedAvg_s3_p0.7_R100_9062ca4f96.json;results_r02/cyclic/final_FedAvg_s4_p0.7_R100_a983022146.json;results_r02/cyclic/final_FedAvg_s5_p0.7_R100_f21a7b95f5.json;results_r02/cyclic/final_FedAvg_s6_p0.7_R100_f11ad81e8c.json;results_r02/cyclic/final_FedAvg_s7_p0.7_R100_1f18d994ad.json;results_r02/cyclic/final_FedAvg_s8_p0.7_R100_84661eee55.json;results_r02/cyclic/final_FedAvg_s9_p0.7_R100_72aae311d1.json,
Table 9 cyclic,tab:cyclic,FedAvg,ratio 0.8,6.4$\pm$4.4,6.4±4.4,yes,10,FedAvg_s0_p0.8_R100_4ed5e2d7ea;FedAvg_s1_p0.8_R100_76a6f3514f;FedAvg_s2_p0.8_R100_89dbe161d9;FedAvg_s3_p0.8_R100_1afa2394bf;FedAvg_s4_p0.8_R100_dfbeb6ab62;FedAvg_s5_p0.8_R100_638021aca6;FedAvg_s6_p0.8_R100_2b49d1ed51;FedAvg_s7_p0.8_R100_81d8948331;FedAvg_s8_p0.8_R100_7a23781bb6;FedAvg_s9_p0.8_R100_f52580d929,results_r02/cyclic/final_FedAvg_s0_p0.8_R100_4ed5e2d7ea.json;results_r02/cyclic/final_FedAvg_s1_p0.8_R100_76a6f3514f.json;results_r02/cyclic/final_FedAvg_s2_p0.8_R100_89dbe161d9.json;results_r02/cyclic/final_FedAvg_s3_p0.8_R100_1afa2394bf.json;results_r02/cyclic/final_FedAvg_s4_p0.8_R100_dfbeb6ab62.json;results_r02/cyclic/final_FedAvg_s5_p0.8_R100_638021aca6.json;results_r02/cyclic/final_FedAvg_s6_p0.8_R100_2b49d1ed51.json;results_r02/cyclic/final_FedAvg_s7_p0.8_R100_81d8948331.json;results_r02/cyclic/final_FedAvg_s8_p0.8_R100_7a23781bb6.json;results_r02/cyclic/final_FedAvg_s9_p0.8_R100_f52580d929.json,
Table 9 cyclic,tab:cyclic,FedAvg,ratio 0.9,6.8$\pm$4.0,6.8±4.0,yes,10,FedAvg_s0_p0.9_R100_74d1eeedc8;FedAvg_s1_p0.9_R100_d265a23dad;FedAvg_s2_p0.9_R100_37ecb56de4;FedAvg_s3_p0.9_R100_54c2f9ca2f;FedAvg_s4_p0.9_R100_856e9b97b5;FedAvg_s5_p0.9_R100_b61efdb2e0;FedAvg_s6_p0.9_R100_594b68d8ce;FedAvg_s7_p0.9_R100_edd9d44767;FedAvg_s8_p0.9_R100_43aa83eddb;FedAvg_s9_p0.9_R100_dec2aa88b8,results_r02/cyclic/final_FedAvg_s0_p0.9_R100_74d1eeedc8.json;results_r02/cyclic/final_FedAvg_s1_p0.9_R100_d265a23dad.json;results_r02/cyclic/final_FedAvg_s2_p0.9_R100_37ecb56de4.json;results_r02/cyclic/final_FedAvg_s3_p0.9_R100_54c2f9ca2f.json;results_r02/cyclic/final_FedAvg_s4_p0.9_R100_856e9b97b5.json;results_r02/cyclic/final_FedAvg_s5_p0.9_R100_b61efdb2e0.json;results_r02/cyclic/final_FedAvg_s6_p0.9_R100_594b68d8ce.json;results_r02/cyclic/final_FedAvg_s7_p0.9_R100_edd9d44767.json;results_r02/cyclic/final_FedAvg_s8_p0.9_R100_43aa83eddb.json;results_r02/cyclic/final_FedAvg_s9_p0.9_R100_dec2aa88b8.json,
Table 9 cyclic,tab:cyclic,FedProx,ratio 0.0,93.9$\pm$1.4,93.9±1.4,yes,10,FedProx_s0_p0.0_R100_0bb1f4d6f1;FedProx_s1_p0.0_R100_185296e43f;FedProx_s2_p0.0_R100_3931705507;FedProx_s3_p0.0_R100_8b0eeeb444;FedProx_s4_p0.0_R100_e06e4ef35b;FedProx_s5_p0.0_R100_d2ba825913;FedProx_s6_p0.0_R100_ff115c829c;FedProx_s7_p0.0_R100_06377969c5;FedProx_s8_p0.0_R100_cf2a3beb6e;FedProx_s9_p0.0_R100_95cb84145c,results_r02/cyclic/final_FedProx_s0_p0.0_R100_0bb1f4d6f1.json;results_r02/cyclic/final_FedProx_s1_p0.0_R100_185296e43f.json;results_r02/cyclic/final_FedProx_s2_p0.0_R100_3931705507.json;results_r02/cyclic/final_FedProx_s3_p0.0_R100_8b0eeeb444.json;results_r02/cyclic/final_FedProx_s4_p0.0_R100_e06e4ef35b.json;results_r02/cyclic/final_FedProx_s5_p0.0_R100_d2ba825913.json;results_r02/cyclic/final_FedProx_s6_p0.0_R100_ff115c829c.json;results_r02/cyclic/final_FedProx_s7_p0.0_R100_06377969c5.json;results_r02/cyclic/final_FedProx_s8_p0.0_R100_cf2a3beb6e.json;results_r02/cyclic/final_FedProx_s9_p0.0_R100_95cb84145c.json,
Table 9 cyclic,tab:cyclic,FedProx,ratio 0.1,94.2$\pm$1.5,94.2±1.5,yes,10,FedProx_s0_p0.1_R100_539d8837df;FedProx_s1_p0.1_R100_c21303317d;FedProx_s2_p0.1_R100_e55f08acb1;FedProx_s3_p0.1_R100_819a0693bb;FedProx_s4_p0.1_R100_43cdbcfa7f;FedProx_s5_p0.1_R100_1ee6802467;FedProx_s6_p0.1_R100_220200798c;FedProx_s7_p0.1_R100_41879ff614;FedProx_s8_p0.1_R100_a5a8f86d4c;FedProx_s9_p0.1_R100_3bc298339c,results_r02/cyclic/final_FedProx_s0_p0.1_R100_539d8837df.json;results_r02/cyclic/final_FedProx_s1_p0.1_R100_c21303317d.json;results_r02/cyclic/final_FedProx_s2_p0.1_R100_e55f08acb1.json;results_r02/cyclic/final_FedProx_s3_p0.1_R100_819a0693bb.json;results_r02/cyclic/final_FedProx_s4_p0.1_R100_43cdbcfa7f.json;results_r02/cyclic/final_FedProx_s5_p0.1_R100_1ee6802467.json;results_r02/cyclic/final_FedProx_s6_p0.1_R100_220200798c.json;results_r02/cyclic/final_FedProx_s7_p0.1_R100_41879ff614.json;results_r02/cyclic/final_FedProx_s8_p0.1_R100_a5a8f86d4c.json;results_r02/cyclic/final_FedProx_s9_p0.1_R100_3bc298339c.json,
Table 9 cyclic,tab:cyclic,FedProx,ratio 0.2,93.0$\pm$3.5,93.0±3.5,yes,10,FedProx_s0_p0.2_R100_b1427125f7;FedProx_s1_p0.2_R100_f6884f4a28;FedProx_s2_p0.2_R100_53fb32c026;FedProx_s3_p0.2_R100_abffb8b623;FedProx_s4_p0.2_R100_0dd593a14b;FedProx_s5_p0.2_R100_054fed1e88;FedProx_s6_p0.2_R100_ab14640e39;FedProx_s7_p0.2_R100_bf643a3f53;FedProx_s8_p0.2_R100_a912403708;FedProx_s9_p0.2_R100_f71576d8d2,results_r02/cyclic/final_FedProx_s0_p0.2_R100_b1427125f7.json;results_r02/cyclic/final_FedProx_s1_p0.2_R100_f6884f4a28.json;results_r02/cyclic/final_FedProx_s2_p0.2_R100_53fb32c026.json;results_r02/cyclic/final_FedProx_s3_p0.2_R100_abffb8b623.json;results_r02/cyclic/final_FedProx_s4_p0.2_R100_0dd593a14b.json;results_r02/cyclic/final_FedProx_s5_p0.2_R100_054fed1e88.json;results_r02/cyclic/final_FedProx_s6_p0.2_R100_ab14640e39.json;results_r02/cyclic/final_FedProx_s7_p0.2_R100_bf643a3f53.json;results_r02/cyclic/final_FedProx_s8_p0.2_R100_a912403708.json;results_r02/cyclic/final_FedProx_s9_p0.2_R100_f71576d8d2.json,
Table 9 cyclic,tab:cyclic,FedProx,ratio 0.3,91.0$\pm$3.8,91.0±3.8,yes,10,FedProx_s0_p0.3_R100_f3968c6e77;FedProx_s1_p0.3_R100_d7fe615eda;FedProx_s2_p0.3_R100_14aa560b23;FedProx_s3_p0.3_R100_24a86c34e1;FedProx_s4_p0.3_R100_7073e19a5a;FedProx_s5_p0.3_R100_0848dde62f;FedProx_s6_p0.3_R100_7606bfd24d;FedProx_s7_p0.3_R100_21f50518f7;FedProx_s8_p0.3_R100_d805432c17;FedProx_s9_p0.3_R100_a3565042a7,results_r02/cyclic/final_FedProx_s0_p0.3_R100_f3968c6e77.json;results_r02/cyclic/final_FedProx_s1_p0.3_R100_d7fe615eda.json;results_r02/cyclic/final_FedProx_s2_p0.3_R100_14aa560b23.json;results_r02/cyclic/final_FedProx_s3_p0.3_R100_24a86c34e1.json;results_r02/cyclic/final_FedProx_s4_p0.3_R100_7073e19a5a.json;results_r02/cyclic/final_FedProx_s5_p0.3_R100_0848dde62f.json;results_r02/cyclic/final_FedProx_s6_p0.3_R100_7606bfd24d.json;results_r02/cyclic/final_FedProx_s7_p0.3_R100_21f50518f7.json;results_r02/cyclic/final_FedProx_s8_p0.3_R100_d805432c17.json;results_r02/cyclic/final_FedProx_s9_p0.3_R100_a3565042a7.json,
Table 9 cyclic,tab:cyclic,FedProx,ratio 0.4,80.2$\pm$18.5,80.2±18.5,yes,10,FedProx_s0_p0.4_R100_4b3fd8cd12;FedProx_s1_p0.4_R100_54d766c4d6;FedProx_s2_p0.4_R100_fa9082ef3b;FedProx_s3_p0.4_R100_99b050acbb;FedProx_s4_p0.4_R100_ed7723234b;FedProx_s5_p0.4_R100_d07906c6ef;FedProx_s6_p0.4_R100_41a749efa8;FedProx_s7_p0.4_R100_7e6709ba22;FedProx_s8_p0.4_R100_0965c76606;FedProx_s9_p0.4_R100_249fd3bac3,results_r02/cyclic/final_FedProx_s0_p0.4_R100_4b3fd8cd12.json;results_r02/cyclic/final_FedProx_s1_p0.4_R100_54d766c4d6.json;results_r02/cyclic/final_FedProx_s2_p0.4_R100_fa9082ef3b.json;results_r02/cyclic/final_FedProx_s3_p0.4_R100_99b050acbb.json;results_r02/cyclic/final_FedProx_s4_p0.4_R100_ed7723234b.json;results_r02/cyclic/final_FedProx_s5_p0.4_R100_d07906c6ef.json;results_r02/cyclic/final_FedProx_s6_p0.4_R100_41a749efa8.json;results_r02/cyclic/final_FedProx_s7_p0.4_R100_7e6709ba22.json;results_r02/cyclic/final_FedProx_s8_p0.4_R100_0965c76606.json;results_r02/cyclic/final_FedProx_s9_p0.4_R100_249fd3bac3.json,
Table 9 cyclic,tab:cyclic,FedProx,ratio 0.5,55.3$\pm$28.1,55.3±28.1,yes,10,FedProx_s0_p0.5_R100_7c8b1ea25e;FedProx_s1_p0.5_R100_b5c3cda8fb;FedProx_s2_p0.5_R100_968098d29a;FedProx_s3_p0.5_R100_52e92d1dbe;FedProx_s4_p0.5_R100_eecdbcc362;FedProx_s5_p0.5_R100_9b7b2561b0;FedProx_s6_p0.5_R100_2626694095;FedProx_s7_p0.5_R100_4478d6b4c1;FedProx_s8_p0.5_R100_22cab98ed1;FedProx_s9_p0.5_R100_326589a483,results_r02/cyclic/final_FedProx_s0_p0.5_R100_7c8b1ea25e.json;results_r02/cyclic/final_FedProx_s1_p0.5_R100_b5c3cda8fb.json;results_r02/cyclic/final_FedProx_s2_p0.5_R100_968098d29a.json;results_r02/cyclic/final_FedProx_s3_p0.5_R100_52e92d1dbe.json;results_r02/cyclic/final_FedProx_s4_p0.5_R100_eecdbcc362.json;results_r02/cyclic/final_FedProx_s5_p0.5_R100_9b7b2561b0.json;results_r02/cyclic/final_FedProx_s6_p0.5_R100_2626694095.json;results_r02/cyclic/final_FedProx_s7_p0.5_R100_4478d6b4c1.json;results_r02/cyclic/final_FedProx_s8_p0.5_R100_22cab98ed1.json;results_r02/cyclic/final_FedProx_s9_p0.5_R100_326589a483.json,
Table 9 cyclic,tab:cyclic,FedProx,ratio 0.6,28.3$\pm$25.5,28.3±25.5,yes,10,FedProx_s0_p0.6_R100_ea8a5a5fe0;FedProx_s1_p0.6_R100_c76c03e0cc;FedProx_s2_p0.6_R100_b8d205c539;FedProx_s3_p0.6_R100_35a20145c1;FedProx_s4_p0.6_R100_d6d6e73dd4;FedProx_s5_p0.6_R100_278479ea49;FedProx_s6_p0.6_R100_d6f29dd7e6;FedProx_s7_p0.6_R100_9251d508ac;FedProx_s8_p0.6_R100_45eb5e739e;FedProx_s9_p0.6_R100_cd64ad395e,results_r02/cyclic/final_FedProx_s0_p0.6_R100_ea8a5a5fe0.json;results_r02/cyclic/final_FedProx_s1_p0.6_R100_c76c03e0cc.json;results_r02/cyclic/final_FedProx_s2_p0.6_R100_b8d205c539.json;results_r02/cyclic/final_FedProx_s3_p0.6_R100_35a20145c1.json;results_r02/cyclic/final_FedProx_s4_p0.6_R100_d6d6e73dd4.json;results_r02/cyclic/final_FedProx_s5_p0.6_R100_278479ea49.json;results_r02/cyclic/final_FedProx_s6_p0.6_R100_d6f29dd7e6.json;results_r02/cyclic/final_FedProx_s7_p0.6_R100_9251d508ac.json;results_r02/cyclic/final_FedProx_s8_p0.6_R100_45eb5e739e.json;results_r02/cyclic/final_FedProx_s9_p0.6_R100_cd64ad395e.json,
Table 9 cyclic,tab:cyclic,FedProx,ratio 0.7,4.4$\pm$4.4,4.4±4.4,yes,10,FedProx_s0_p0.7_R100_83ac634466;FedProx_s1_p0.7_R100_9a88a6dae6;FedProx_s2_p0.7_R100_ca4908f13b;FedProx_s3_p0.7_R100_dd9b5d2e71;FedProx_s4_p0.7_R100_5be66733b1;FedProx_s5_p0.7_R100_2c22937bc2;FedProx_s6_p0.7_R100_60eece628d;FedProx_s7_p0.7_R100_08530e7b72;FedProx_s8_p0.7_R100_1fad5bb48d;FedProx_s9_p0.7_R100_8662d9343e,results_r02/cyclic/final_FedProx_s0_p0.7_R100_83ac634466.json;results_r02/cyclic/final_FedProx_s1_p0.7_R100_9a88a6dae6.json;results_r02/cyclic/final_FedProx_s2_p0.7_R100_ca4908f13b.json;results_r02/cyclic/final_FedProx_s3_p0.7_R100_dd9b5d2e71.json;results_r02/cyclic/final_FedProx_s4_p0.7_R100_5be66733b1.json;results_r02/cyclic/final_FedProx_s5_p0.7_R100_2c22937bc2.json;results_r02/cyclic/final_FedProx_s6_p0.7_R100_60eece628d.json;results_r02/cyclic/final_FedProx_s7_p0.7_R100_08530e7b72.json;results_r02/cyclic/final_FedProx_s8_p0.7_R100_1fad5bb48d.json;results_r02/cyclic/final_FedProx_s9_p0.7_R100_8662d9343e.json,
Table 9 cyclic,tab:cyclic,FedProx,ratio 0.8,2.0$\pm$2.2,2.0±2.2,yes,10,FedProx_s0_p0.8_R100_e1f00b5a50;FedProx_s1_p0.8_R100_83c497d5f1;FedProx_s2_p0.8_R100_bc33a6b9cb;FedProx_s3_p0.8_R100_fbcd885908;FedProx_s4_p0.8_R100_ec5378d437;FedProx_s5_p0.8_R100_bb70935a07;FedProx_s6_p0.8_R100_bc13e2999f;FedProx_s7_p0.8_R100_f334384f99;FedProx_s8_p0.8_R100_5875fd5924;FedProx_s9_p0.8_R100_bc7dd5299d,results_r02/cyclic/final_FedProx_s0_p0.8_R100_e1f00b5a50.json;results_r02/cyclic/final_FedProx_s1_p0.8_R100_83c497d5f1.json;results_r02/cyclic/final_FedProx_s2_p0.8_R100_bc33a6b9cb.json;results_r02/cyclic/final_FedProx_s3_p0.8_R100_fbcd885908.json;results_r02/cyclic/final_FedProx_s4_p0.8_R100_ec5378d437.json;results_r02/cyclic/final_FedProx_s5_p0.8_R100_bb70935a07.json;results_r02/cyclic/final_FedProx_s6_p0.8_R100_bc13e2999f.json;results_r02/cyclic/final_FedProx_s7_p0.8_R100_f334384f99.json;results_r02/cyclic/final_FedProx_s8_p0.8_R100_5875fd5924.json;results_r02/cyclic/final_FedProx_s9_p0.8_R100_bc7dd5299d.json,
Table 9 cyclic,tab:cyclic,FedProx,ratio 0.9,1.4$\pm$0.9,1.4±0.9,yes,10,FedProx_s0_p0.9_R100_5791f18820;FedProx_s1_p0.9_R100_0266c9f116;FedProx_s2_p0.9_R100_e8e5e8874d;FedProx_s3_p0.9_R100_55c741edd9;FedProx_s4_p0.9_R100_d027ecd338;FedProx_s5_p0.9_R100_2473f6acd1;FedProx_s6_p0.9_R100_dcfac81620;FedProx_s7_p0.9_R100_89c0f14393;FedProx_s8_p0.9_R100_35fbc428dd;FedProx_s9_p0.9_R100_c8ba124c4d,results_r02/cyclic/final_FedProx_s0_p0.9_R100_5791f18820.json;results_r02/cyclic/final_FedProx_s1_p0.9_R100_0266c9f116.json;results_r02/cyclic/final_FedProx_s2_p0.9_R100_e8e5e8874d.json;results_r02/cyclic/final_FedProx_s3_p0.9_R100_55c741edd9.json;results_r02/cyclic/final_FedProx_s4_p0.9_R100_d027ecd338.json;results_r02/cyclic/final_FedProx_s5_p0.9_R100_2473f6acd1.json;results_r02/cyclic/final_FedProx_s6_p0.9_R100_dcfac81620.json;results_r02/cyclic/final_FedProx_s7_p0.9_R100_89c0f14393.json;results_r02/cyclic/final_FedProx_s8_p0.9_R100_35fbc428dd.json;results_r02/cyclic/final_FedProx_s9_p0.9_R100_c8ba124c4d.json,
Table 9 cyclic,tab:cyclic,Median,ratio 0.0,95.1$\pm$1.7,95.1±1.7,yes,10,Median_s0_p0.0_R100_4e91370d83;Median_s1_p0.0_R100_c5be37fc6b;Median_s2_p0.0_R100_4e4a99f48e;Median_s3_p0.0_R100_a87bda36b4;Median_s4_p0.0_R100_595bdc0f79;Median_s5_p0.0_R100_389a5e7ce2;Median_s6_p0.0_R100_9a2db0772b;Median_s7_p0.0_R100_48b1a085ee;Median_s8_p0.0_R100_180d6c7de3;Median_s9_p0.0_R100_5dfa91aa3f,results_r02/cyclic/final_Median_s0_p0.0_R100_4e91370d83.json;results_r02/cyclic/final_Median_s1_p0.0_R100_c5be37fc6b.json;results_r02/cyclic/final_Median_s2_p0.0_R100_4e4a99f48e.json;results_r02/cyclic/final_Median_s3_p0.0_R100_a87bda36b4.json;results_r02/cyclic/final_Median_s4_p0.0_R100_595bdc0f79.json;results_r02/cyclic/final_Median_s5_p0.0_R100_389a5e7ce2.json;results_r02/cyclic/final_Median_s6_p0.0_R100_9a2db0772b.json;results_r02/cyclic/final_Median_s7_p0.0_R100_48b1a085ee.json;results_r02/cyclic/final_Median_s8_p0.0_R100_180d6c7de3.json;results_r02/cyclic/final_Median_s9_p0.0_R100_5dfa91aa3f.json,
Table 9 cyclic,tab:cyclic,Median,ratio 0.1,94.6$\pm$1.5,94.6±1.5,yes,10,Median_s0_p0.1_R100_9e35c94826;Median_s1_p0.1_R100_7c3a5df70c;Median_s2_p0.1_R100_dcc21ac3ef;Median_s3_p0.1_R100_14f144f102;Median_s4_p0.1_R100_9db1bc5dea;Median_s5_p0.1_R100_4c291b59a6;Median_s6_p0.1_R100_f447bee9e6;Median_s7_p0.1_R100_766ba64dee;Median_s8_p0.1_R100_70c0d41eac;Median_s9_p0.1_R100_c4f62888ea,results_r02/cyclic/final_Median_s0_p0.1_R100_9e35c94826.json;results_r02/cyclic/final_Median_s1_p0.1_R100_7c3a5df70c.json;results_r02/cyclic/final_Median_s2_p0.1_R100_dcc21ac3ef.json;results_r02/cyclic/final_Median_s3_p0.1_R100_14f144f102.json;results_r02/cyclic/final_Median_s4_p0.1_R100_9db1bc5dea.json;results_r02/cyclic/final_Median_s5_p0.1_R100_4c291b59a6.json;results_r02/cyclic/final_Median_s6_p0.1_R100_f447bee9e6.json;results_r02/cyclic/final_Median_s7_p0.1_R100_766ba64dee.json;results_r02/cyclic/final_Median_s8_p0.1_R100_70c0d41eac.json;results_r02/cyclic/final_Median_s9_p0.1_R100_c4f62888ea.json,
Table 9 cyclic,tab:cyclic,Median,ratio 0.2,94.3$\pm$1.3,94.3±1.3,yes,10,Median_s0_p0.2_R100_ce98543441;Median_s1_p0.2_R100_d9f76bf7ee;Median_s2_p0.2_R100_0a34c8f82d;Median_s3_p0.2_R100_24ec7378f1;Median_s4_p0.2_R100_390853f318;Median_s5_p0.2_R100_482dab0d82;Median_s6_p0.2_R100_d427f58569;Median_s7_p0.2_R100_3bc95246bb;Median_s8_p0.2_R100_dd1899391d;Median_s9_p0.2_R100_63432ae817,results_r02/cyclic/final_Median_s0_p0.2_R100_ce98543441.json;results_r02/cyclic/final_Median_s1_p0.2_R100_d9f76bf7ee.json;results_r02/cyclic/final_Median_s2_p0.2_R100_0a34c8f82d.json;results_r02/cyclic/final_Median_s3_p0.2_R100_24ec7378f1.json;results_r02/cyclic/final_Median_s4_p0.2_R100_390853f318.json;results_r02/cyclic/final_Median_s5_p0.2_R100_482dab0d82.json;results_r02/cyclic/final_Median_s6_p0.2_R100_d427f58569.json;results_r02/cyclic/final_Median_s7_p0.2_R100_3bc95246bb.json;results_r02/cyclic/final_Median_s8_p0.2_R100_dd1899391d.json;results_r02/cyclic/final_Median_s9_p0.2_R100_63432ae817.json,
Table 9 cyclic,tab:cyclic,Median,ratio 0.3,92.7$\pm$3.7,92.7±3.7,yes,10,Median_s0_p0.3_R100_6dd349fca4;Median_s1_p0.3_R100_e2a1cab1d3;Median_s2_p0.3_R100_7ba1fdc711;Median_s3_p0.3_R100_e5916ee687;Median_s4_p0.3_R100_0a0d590686;Median_s5_p0.3_R100_9ddacd374f;Median_s6_p0.3_R100_5cdd3be56b;Median_s7_p0.3_R100_94e17d9b57;Median_s8_p0.3_R100_c6717994d3;Median_s9_p0.3_R100_43d19a6c15,results_r02/cyclic/final_Median_s0_p0.3_R100_6dd349fca4.json;results_r02/cyclic/final_Median_s1_p0.3_R100_e2a1cab1d3.json;results_r02/cyclic/final_Median_s2_p0.3_R100_7ba1fdc711.json;results_r02/cyclic/final_Median_s3_p0.3_R100_e5916ee687.json;results_r02/cyclic/final_Median_s4_p0.3_R100_0a0d590686.json;results_r02/cyclic/final_Median_s5_p0.3_R100_9ddacd374f.json;results_r02/cyclic/final_Median_s6_p0.3_R100_5cdd3be56b.json;results_r02/cyclic/final_Median_s7_p0.3_R100_94e17d9b57.json;results_r02/cyclic/final_Median_s8_p0.3_R100_c6717994d3.json;results_r02/cyclic/final_Median_s9_p0.3_R100_43d19a6c15.json,
Table 9 cyclic,tab:cyclic,Median,ratio 0.4,87.7$\pm$5.7,87.7±5.7,yes,10,Median_s0_p0.4_R100_25599bf7bb;Median_s1_p0.4_R100_3bd48277c9;Median_s2_p0.4_R100_c90cbbf538;Median_s3_p0.4_R100_37fa02edc0;Median_s4_p0.4_R100_2d56af5e19;Median_s5_p0.4_R100_b1be8a4bce;Median_s6_p0.4_R100_a068116716;Median_s7_p0.4_R100_195c401aea;Median_s8_p0.4_R100_24de035b33;Median_s9_p0.4_R100_55d108d55f,results_r02/cyclic/final_Median_s0_p0.4_R100_25599bf7bb.json;results_r02/cyclic/final_Median_s1_p0.4_R100_3bd48277c9.json;results_r02/cyclic/final_Median_s2_p0.4_R100_c90cbbf538.json;results_r02/cyclic/final_Median_s3_p0.4_R100_37fa02edc0.json;results_r02/cyclic/final_Median_s4_p0.4_R100_2d56af5e19.json;results_r02/cyclic/final_Median_s5_p0.4_R100_b1be8a4bce.json;results_r02/cyclic/final_Median_s6_p0.4_R100_a068116716.json;results_r02/cyclic/final_Median_s7_p0.4_R100_195c401aea.json;results_r02/cyclic/final_Median_s8_p0.4_R100_24de035b33.json;results_r02/cyclic/final_Median_s9_p0.4_R100_55d108d55f.json,
Table 9 cyclic,tab:cyclic,Median,ratio 0.5,45.2$\pm$27.3,45.2±27.3,yes,10,Median_s0_p0.5_R100_09552939d3;Median_s1_p0.5_R100_80e1837862;Median_s2_p0.5_R100_3fc8d97aa9;Median_s3_p0.5_R100_937b5581ef;Median_s4_p0.5_R100_eec878d874;Median_s5_p0.5_R100_2b987a919c;Median_s6_p0.5_R100_1503253f06;Median_s7_p0.5_R100_e3760c316e;Median_s8_p0.5_R100_b559539bc8;Median_s9_p0.5_R100_f7dd98c137,results_r02/cyclic/final_Median_s0_p0.5_R100_09552939d3.json;results_r02/cyclic/final_Median_s1_p0.5_R100_80e1837862.json;results_r02/cyclic/final_Median_s2_p0.5_R100_3fc8d97aa9.json;results_r02/cyclic/final_Median_s3_p0.5_R100_937b5581ef.json;results_r02/cyclic/final_Median_s4_p0.5_R100_eec878d874.json;results_r02/cyclic/final_Median_s5_p0.5_R100_2b987a919c.json;results_r02/cyclic/final_Median_s6_p0.5_R100_1503253f06.json;results_r02/cyclic/final_Median_s7_p0.5_R100_e3760c316e.json;results_r02/cyclic/final_Median_s8_p0.5_R100_b559539bc8.json;results_r02/cyclic/final_Median_s9_p0.5_R100_f7dd98c137.json,
Table 9 cyclic,tab:cyclic,Median,ratio 0.6,6.2$\pm$6.1,6.2±6.1,yes,10,Median_s0_p0.6_R100_61d4445ba4;Median_s1_p0.6_R100_163f3320a2;Median_s2_p0.6_R100_14acae91f0;Median_s3_p0.6_R100_bc32216d73;Median_s4_p0.6_R100_6e03bafdd2;Median_s5_p0.6_R100_e33c9bbbf0;Median_s6_p0.6_R100_ef3aed7082;Median_s7_p0.6_R100_f1185ead0f;Median_s8_p0.6_R100_590fc2e965;Median_s9_p0.6_R100_658fe2102b,results_r02/cyclic/final_Median_s0_p0.6_R100_61d4445ba4.json;results_r02/cyclic/final_Median_s1_p0.6_R100_163f3320a2.json;results_r02/cyclic/final_Median_s2_p0.6_R100_14acae91f0.json;results_r02/cyclic/final_Median_s3_p0.6_R100_bc32216d73.json;results_r02/cyclic/final_Median_s4_p0.6_R100_6e03bafdd2.json;results_r02/cyclic/final_Median_s5_p0.6_R100_e33c9bbbf0.json;results_r02/cyclic/final_Median_s6_p0.6_R100_ef3aed7082.json;results_r02/cyclic/final_Median_s7_p0.6_R100_f1185ead0f.json;results_r02/cyclic/final_Median_s8_p0.6_R100_590fc2e965.json;results_r02/cyclic/final_Median_s9_p0.6_R100_658fe2102b.json,
Table 9 cyclic,tab:cyclic,Median,ratio 0.7,2.2$\pm$3.0,2.2±3.0,yes,10,Median_s0_p0.7_R100_61d4ecc6a3;Median_s1_p0.7_R100_003cec811d;Median_s2_p0.7_R100_a559df0752;Median_s3_p0.7_R100_e88df97424;Median_s4_p0.7_R100_1a25ace604;Median_s5_p0.7_R100_7ab84c106e;Median_s6_p0.7_R100_590976edd1;Median_s7_p0.7_R100_5388edd865;Median_s8_p0.7_R100_867a78d83f;Median_s9_p0.7_R100_621315080d,results_r02/cyclic/final_Median_s0_p0.7_R100_61d4ecc6a3.json;results_r02/cyclic/final_Median_s1_p0.7_R100_003cec811d.json;results_r02/cyclic/final_Median_s2_p0.7_R100_a559df0752.json;results_r02/cyclic/final_Median_s3_p0.7_R100_e88df97424.json;results_r02/cyclic/final_Median_s4_p0.7_R100_1a25ace604.json;results_r02/cyclic/final_Median_s5_p0.7_R100_7ab84c106e.json;results_r02/cyclic/final_Median_s6_p0.7_R100_590976edd1.json;results_r02/cyclic/final_Median_s7_p0.7_R100_5388edd865.json;results_r02/cyclic/final_Median_s8_p0.7_R100_867a78d83f.json;results_r02/cyclic/final_Median_s9_p0.7_R100_621315080d.json,
Table 9 cyclic,tab:cyclic,Median,ratio 0.8,0.6$\pm$0.2,0.6±0.2,yes,10,Median_s0_p0.8_R100_abc58b6083;Median_s1_p0.8_R100_c1550a9632;Median_s2_p0.8_R100_5d6df753e4;Median_s3_p0.8_R100_cd55f57866;Median_s4_p0.8_R100_e62bcbc81e;Median_s5_p0.8_R100_542f78bd41;Median_s6_p0.8_R100_d47f2f04ac;Median_s7_p0.8_R100_e6d77e64b7;Median_s8_p0.8_R100_3d90ffb6dc;Median_s9_p0.8_R100_415548db66,results_r02/cyclic/final_Median_s0_p0.8_R100_abc58b6083.json;results_r02/cyclic/final_Median_s1_p0.8_R100_c1550a9632.json;results_r02/cyclic/final_Median_s2_p0.8_R100_5d6df753e4.json;results_r02/cyclic/final_Median_s3_p0.8_R100_cd55f57866.json;results_r02/cyclic/final_Median_s4_p0.8_R100_e62bcbc81e.json;results_r02/cyclic/final_Median_s5_p0.8_R100_542f78bd41.json;results_r02/cyclic/final_Median_s6_p0.8_R100_d47f2f04ac.json;results_r02/cyclic/final_Median_s7_p0.8_R100_e6d77e64b7.json;results_r02/cyclic/final_Median_s8_p0.8_R100_3d90ffb6dc.json;results_r02/cyclic/final_Median_s9_p0.8_R100_415548db66.json,
Table 9 cyclic,tab:cyclic,Median,ratio 0.9,0.7$\pm$0.6,0.7±0.6,yes,10,Median_s0_p0.9_R100_48da7194ff;Median_s1_p0.9_R100_8b911f99e8;Median_s2_p0.9_R100_ae935fd921;Median_s3_p0.9_R100_6ac5b95781;Median_s4_p0.9_R100_b745a97d45;Median_s5_p0.9_R100_a38538cfba;Median_s6_p0.9_R100_312c078641;Median_s7_p0.9_R100_786bef7417;Median_s8_p0.9_R100_cd7a446a55;Median_s9_p0.9_R100_973d03c6d6,results_r02/cyclic/final_Median_s0_p0.9_R100_48da7194ff.json;results_r02/cyclic/final_Median_s1_p0.9_R100_8b911f99e8.json;results_r02/cyclic/final_Median_s2_p0.9_R100_ae935fd921.json;results_r02/cyclic/final_Median_s3_p0.9_R100_6ac5b95781.json;results_r02/cyclic/final_Median_s4_p0.9_R100_b745a97d45.json;results_r02/cyclic/final_Median_s5_p0.9_R100_a38538cfba.json;results_r02/cyclic/final_Median_s6_p0.9_R100_312c078641.json;results_r02/cyclic/final_Median_s7_p0.9_R100_786bef7417.json;results_r02/cyclic/final_Median_s8_p0.9_R100_cd7a446a55.json;results_r02/cyclic/final_Median_s9_p0.9_R100_973d03c6d6.json,
Table 9 cyclic,tab:cyclic,TrimmedMean,ratio 0.0,94.8$\pm$1.4,94.8±1.4,yes,10,TrimmedMean_s0_p0.0_R100_463f6d06aa;TrimmedMean_s1_p0.0_R100_f89ff565f5;TrimmedMean_s2_p0.0_R100_3649821ec3;TrimmedMean_s3_p0.0_R100_6ed1c15673;TrimmedMean_s4_p0.0_R100_c00097a647;TrimmedMean_s5_p0.0_R100_88d63691d7;TrimmedMean_s6_p0.0_R100_136d1f02d3;TrimmedMean_s7_p0.0_R100_eb54da7d4f;TrimmedMean_s8_p0.0_R100_21aabdc01f;TrimmedMean_s9_p0.0_R100_cac75e0596,results_r02/cyclic/final_TrimmedMean_s0_p0.0_R100_463f6d06aa.json;results_r02/cyclic/final_TrimmedMean_s1_p0.0_R100_f89ff565f5.json;results_r02/cyclic/final_TrimmedMean_s2_p0.0_R100_3649821ec3.json;results_r02/cyclic/final_TrimmedMean_s3_p0.0_R100_6ed1c15673.json;results_r02/cyclic/final_TrimmedMean_s4_p0.0_R100_c00097a647.json;results_r02/cyclic/final_TrimmedMean_s5_p0.0_R100_88d63691d7.json;results_r02/cyclic/final_TrimmedMean_s6_p0.0_R100_136d1f02d3.json;results_r02/cyclic/final_TrimmedMean_s7_p0.0_R100_eb54da7d4f.json;results_r02/cyclic/final_TrimmedMean_s8_p0.0_R100_21aabdc01f.json;results_r02/cyclic/final_TrimmedMean_s9_p0.0_R100_cac75e0596.json,
Table 9 cyclic,tab:cyclic,TrimmedMean,ratio 0.1,94.6$\pm$1.6,94.6±1.6,yes,10,TrimmedMean_s0_p0.1_R100_3d2d97979b;TrimmedMean_s1_p0.1_R100_221a66404c;TrimmedMean_s2_p0.1_R100_0dba57b766;TrimmedMean_s3_p0.1_R100_b116b2124d;TrimmedMean_s4_p0.1_R100_81ed1d7281;TrimmedMean_s5_p0.1_R100_2413d02b50;TrimmedMean_s6_p0.1_R100_0e8efe94f6;TrimmedMean_s7_p0.1_R100_186dbb7f66;TrimmedMean_s8_p0.1_R100_c8dd47da9d;TrimmedMean_s9_p0.1_R100_054161a27d,results_r02/cyclic/final_TrimmedMean_s0_p0.1_R100_3d2d97979b.json;results_r02/cyclic/final_TrimmedMean_s1_p0.1_R100_221a66404c.json;results_r02/cyclic/final_TrimmedMean_s2_p0.1_R100_0dba57b766.json;results_r02/cyclic/final_TrimmedMean_s3_p0.1_R100_b116b2124d.json;results_r02/cyclic/final_TrimmedMean_s4_p0.1_R100_81ed1d7281.json;results_r02/cyclic/final_TrimmedMean_s5_p0.1_R100_2413d02b50.json;results_r02/cyclic/final_TrimmedMean_s6_p0.1_R100_0e8efe94f6.json;results_r02/cyclic/final_TrimmedMean_s7_p0.1_R100_186dbb7f66.json;results_r02/cyclic/final_TrimmedMean_s8_p0.1_R100_c8dd47da9d.json;results_r02/cyclic/final_TrimmedMean_s9_p0.1_R100_054161a27d.json,
Table 9 cyclic,tab:cyclic,TrimmedMean,ratio 0.2,94.4$\pm$1.6,94.4±1.6,yes,10,TrimmedMean_s0_p0.2_R100_eaf12028ea;TrimmedMean_s1_p0.2_R100_e0e76d3831;TrimmedMean_s2_p0.2_R100_b98a236064;TrimmedMean_s3_p0.2_R100_44831a9b6b;TrimmedMean_s4_p0.2_R100_ea5d276646;TrimmedMean_s5_p0.2_R100_dbe8e19b5e;TrimmedMean_s6_p0.2_R100_ca43a2fa7b;TrimmedMean_s7_p0.2_R100_55b773ed63;TrimmedMean_s8_p0.2_R100_c5cf87fbc8;TrimmedMean_s9_p0.2_R100_dc73b313dd,results_r02/cyclic/final_TrimmedMean_s0_p0.2_R100_eaf12028ea.json;results_r02/cyclic/final_TrimmedMean_s1_p0.2_R100_e0e76d3831.json;results_r02/cyclic/final_TrimmedMean_s2_p0.2_R100_b98a236064.json;results_r02/cyclic/final_TrimmedMean_s3_p0.2_R100_44831a9b6b.json;results_r02/cyclic/final_TrimmedMean_s4_p0.2_R100_ea5d276646.json;results_r02/cyclic/final_TrimmedMean_s5_p0.2_R100_dbe8e19b5e.json;results_r02/cyclic/final_TrimmedMean_s6_p0.2_R100_ca43a2fa7b.json;results_r02/cyclic/final_TrimmedMean_s7_p0.2_R100_55b773ed63.json;results_r02/cyclic/final_TrimmedMean_s8_p0.2_R100_c5cf87fbc8.json;results_r02/cyclic/final_TrimmedMean_s9_p0.2_R100_dc73b313dd.json,
Table 9 cyclic,tab:cyclic,TrimmedMean,ratio 0.3,92.3$\pm$3.2,92.3±3.2,yes,10,TrimmedMean_s0_p0.3_R100_80203254f2;TrimmedMean_s1_p0.3_R100_7762186c67;TrimmedMean_s2_p0.3_R100_fa84caa773;TrimmedMean_s3_p0.3_R100_ff21a49aa6;TrimmedMean_s4_p0.3_R100_a6431ec59f;TrimmedMean_s5_p0.3_R100_c03fc7b8d1;TrimmedMean_s6_p0.3_R100_e08834bb90;TrimmedMean_s7_p0.3_R100_828569e9c3;TrimmedMean_s8_p0.3_R100_de24e02be8;TrimmedMean_s9_p0.3_R100_3b4f724f3b,results_r02/cyclic/final_TrimmedMean_s0_p0.3_R100_80203254f2.json;results_r02/cyclic/final_TrimmedMean_s1_p0.3_R100_7762186c67.json;results_r02/cyclic/final_TrimmedMean_s2_p0.3_R100_fa84caa773.json;results_r02/cyclic/final_TrimmedMean_s3_p0.3_R100_ff21a49aa6.json;results_r02/cyclic/final_TrimmedMean_s4_p0.3_R100_a6431ec59f.json;results_r02/cyclic/final_TrimmedMean_s5_p0.3_R100_c03fc7b8d1.json;results_r02/cyclic/final_TrimmedMean_s6_p0.3_R100_e08834bb90.json;results_r02/cyclic/final_TrimmedMean_s7_p0.3_R100_828569e9c3.json;results_r02/cyclic/final_TrimmedMean_s8_p0.3_R100_de24e02be8.json;results_r02/cyclic/final_TrimmedMean_s9_p0.3_R100_3b4f724f3b.json,
Table 9 cyclic,tab:cyclic,TrimmedMean,ratio 0.4,87.7$\pm$5.1,87.7±5.1,yes,10,TrimmedMean_s0_p0.4_R100_136aee81b2;TrimmedMean_s1_p0.4_R100_4c520bbb4b;TrimmedMean_s2_p0.4_R100_fc7f5ac99f;TrimmedMean_s3_p0.4_R100_a76ae15007;TrimmedMean_s4_p0.4_R100_df43dca1f9;TrimmedMean_s5_p0.4_R100_276d7fe7e4;TrimmedMean_s6_p0.4_R100_8efb95d7b9;TrimmedMean_s7_p0.4_R100_366f2a21b4;TrimmedMean_s8_p0.4_R100_998c3718a3;TrimmedMean_s9_p0.4_R100_ea771a2699,results_r02/cyclic/final_TrimmedMean_s0_p0.4_R100_136aee81b2.json;results_r02/cyclic/final_TrimmedMean_s1_p0.4_R100_4c520bbb4b.json;results_r02/cyclic/final_TrimmedMean_s2_p0.4_R100_fc7f5ac99f.json;results_r02/cyclic/final_TrimmedMean_s3_p0.4_R100_a76ae15007.json;results_r02/cyclic/final_TrimmedMean_s4_p0.4_R100_df43dca1f9.json;results_r02/cyclic/final_TrimmedMean_s5_p0.4_R100_276d7fe7e4.json;results_r02/cyclic/final_TrimmedMean_s6_p0.4_R100_8efb95d7b9.json;results_r02/cyclic/final_TrimmedMean_s7_p0.4_R100_366f2a21b4.json;results_r02/cyclic/final_TrimmedMean_s8_p0.4_R100_998c3718a3.json;results_r02/cyclic/final_TrimmedMean_s9_p0.4_R100_ea771a2699.json,
Table 9 cyclic,tab:cyclic,TrimmedMean,ratio 0.5,52.9$\pm$23.9,52.9±23.9,yes,10,TrimmedMean_s0_p0.5_R100_6ce54d37cb;TrimmedMean_s1_p0.5_R100_c5d0b1d7a2;TrimmedMean_s2_p0.5_R100_b8ab44e110;TrimmedMean_s3_p0.5_R100_03210512e0;TrimmedMean_s4_p0.5_R100_24d0b785b0;TrimmedMean_s5_p0.5_R100_13125e409f;TrimmedMean_s6_p0.5_R100_f52f0c2ff5;TrimmedMean_s7_p0.5_R100_21e12a153d;TrimmedMean_s8_p0.5_R100_d8c10cf8a0;TrimmedMean_s9_p0.5_R100_d04cb9ee85,results_r02/cyclic/final_TrimmedMean_s0_p0.5_R100_6ce54d37cb.json;results_r02/cyclic/final_TrimmedMean_s1_p0.5_R100_c5d0b1d7a2.json;results_r02/cyclic/final_TrimmedMean_s2_p0.5_R100_b8ab44e110.json;results_r02/cyclic/final_TrimmedMean_s3_p0.5_R100_03210512e0.json;results_r02/cyclic/final_TrimmedMean_s4_p0.5_R100_24d0b785b0.json;results_r02/cyclic/final_TrimmedMean_s5_p0.5_R100_13125e409f.json;results_r02/cyclic/final_TrimmedMean_s6_p0.5_R100_f52f0c2ff5.json;results_r02/cyclic/final_TrimmedMean_s7_p0.5_R100_21e12a153d.json;results_r02/cyclic/final_TrimmedMean_s8_p0.5_R100_d8c10cf8a0.json;results_r02/cyclic/final_TrimmedMean_s9_p0.5_R100_d04cb9ee85.json,
Table 9 cyclic,tab:cyclic,TrimmedMean,ratio 0.6,8.2$\pm$10.9,8.2±10.9,yes,10,TrimmedMean_s0_p0.6_R100_9fde1be344;TrimmedMean_s1_p0.6_R100_d0c212ef37;TrimmedMean_s2_p0.6_R100_d74fc58b11;TrimmedMean_s3_p0.6_R100_698de6e4f4;TrimmedMean_s4_p0.6_R100_e68e91a441;TrimmedMean_s5_p0.6_R100_07c816be24;TrimmedMean_s6_p0.6_R100_6ca5108fbb;TrimmedMean_s7_p0.6_R100_ce6ec5775a;TrimmedMean_s8_p0.6_R100_874dbbb623;TrimmedMean_s9_p0.6_R100_40aaf8fe61,results_r02/cyclic/final_TrimmedMean_s0_p0.6_R100_9fde1be344.json;results_r02/cyclic/final_TrimmedMean_s1_p0.6_R100_d0c212ef37.json;results_r02/cyclic/final_TrimmedMean_s2_p0.6_R100_d74fc58b11.json;results_r02/cyclic/final_TrimmedMean_s3_p0.6_R100_698de6e4f4.json;results_r02/cyclic/final_TrimmedMean_s4_p0.6_R100_e68e91a441.json;results_r02/cyclic/final_TrimmedMean_s5_p0.6_R100_07c816be24.json;results_r02/cyclic/final_TrimmedMean_s6_p0.6_R100_6ca5108fbb.json;results_r02/cyclic/final_TrimmedMean_s7_p0.6_R100_ce6ec5775a.json;results_r02/cyclic/final_TrimmedMean_s8_p0.6_R100_874dbbb623.json;results_r02/cyclic/final_TrimmedMean_s9_p0.6_R100_40aaf8fe61.json,
Table 9 cyclic,tab:cyclic,TrimmedMean,ratio 0.7,2.0$\pm$2.9,2.0±2.9,yes,10,TrimmedMean_s0_p0.7_R100_4624f5b117;TrimmedMean_s1_p0.7_R100_d97792a35b;TrimmedMean_s2_p0.7_R100_3294aab84a;TrimmedMean_s3_p0.7_R100_61d4db56de;TrimmedMean_s4_p0.7_R100_2f4ceb95d7;TrimmedMean_s5_p0.7_R100_88a534cc3f;TrimmedMean_s6_p0.7_R100_fd7693b8ab;TrimmedMean_s7_p0.7_R100_29a2358d7e;TrimmedMean_s8_p0.7_R100_8258dc1d71;TrimmedMean_s9_p0.7_R100_a566d30b46,results_r02/cyclic/final_TrimmedMean_s0_p0.7_R100_4624f5b117.json;results_r02/cyclic/final_TrimmedMean_s1_p0.7_R100_d97792a35b.json;results_r02/cyclic/final_TrimmedMean_s2_p0.7_R100_3294aab84a.json;results_r02/cyclic/final_TrimmedMean_s3_p0.7_R100_61d4db56de.json;results_r02/cyclic/final_TrimmedMean_s4_p0.7_R100_2f4ceb95d7.json;results_r02/cyclic/final_TrimmedMean_s5_p0.7_R100_88a534cc3f.json;results_r02/cyclic/final_TrimmedMean_s6_p0.7_R100_fd7693b8ab.json;results_r02/cyclic/final_TrimmedMean_s7_p0.7_R100_29a2358d7e.json;results_r02/cyclic/final_TrimmedMean_s8_p0.7_R100_8258dc1d71.json;results_r02/cyclic/final_TrimmedMean_s9_p0.7_R100_a566d30b46.json,
Table 9 cyclic,tab:cyclic,TrimmedMean,ratio 0.8,0.9$\pm$0.7,0.9±0.7,yes,10,TrimmedMean_s0_p0.8_R100_2623a4ded0;TrimmedMean_s1_p0.8_R100_65096d11f2;TrimmedMean_s2_p0.8_R100_68171e1f79;TrimmedMean_s3_p0.8_R100_888fdae06c;TrimmedMean_s4_p0.8_R100_1afe6cc268;TrimmedMean_s5_p0.8_R100_9571f359f9;TrimmedMean_s6_p0.8_R100_68aaa49c6c;TrimmedMean_s7_p0.8_R100_e9fb954155;TrimmedMean_s8_p0.8_R100_41c0e82937;TrimmedMean_s9_p0.8_R100_cbd6cba83d,results_r02/cyclic/final_TrimmedMean_s0_p0.8_R100_2623a4ded0.json;results_r02/cyclic/final_TrimmedMean_s1_p0.8_R100_65096d11f2.json;results_r02/cyclic/final_TrimmedMean_s2_p0.8_R100_68171e1f79.json;results_r02/cyclic/final_TrimmedMean_s3_p0.8_R100_888fdae06c.json;results_r02/cyclic/final_TrimmedMean_s4_p0.8_R100_1afe6cc268.json;results_r02/cyclic/final_TrimmedMean_s5_p0.8_R100_9571f359f9.json;results_r02/cyclic/final_TrimmedMean_s6_p0.8_R100_68aaa49c6c.json;results_r02/cyclic/final_TrimmedMean_s7_p0.8_R100_e9fb954155.json;results_r02/cyclic/final_TrimmedMean_s8_p0.8_R100_41c0e82937.json;results_r02/cyclic/final_TrimmedMean_s9_p0.8_R100_cbd6cba83d.json,
Table 9 cyclic,tab:cyclic,TrimmedMean,ratio 0.9,0.7$\pm$0.4,0.7±0.4,yes,10,TrimmedMean_s0_p0.9_R100_c603ab01c8;TrimmedMean_s1_p0.9_R100_277be97210;TrimmedMean_s2_p0.9_R100_24aab8a8ee;TrimmedMean_s3_p0.9_R100_6dcd30d0a3;TrimmedMean_s4_p0.9_R100_53059e3476;TrimmedMean_s5_p0.9_R100_b462e0ab7f;TrimmedMean_s6_p0.9_R100_b0a0215778;TrimmedMean_s7_p0.9_R100_1bb59dc2f4;TrimmedMean_s8_p0.9_R100_d4f387b48a;TrimmedMean_s9_p0.9_R100_382007a54c,results_r02/cyclic/final_TrimmedMean_s0_p0.9_R100_c603ab01c8.json;results_r02/cyclic/final_TrimmedMean_s1_p0.9_R100_277be97210.json;results_r02/cyclic/final_TrimmedMean_s2_p0.9_R100_24aab8a8ee.json;results_r02/cyclic/final_TrimmedMean_s3_p0.9_R100_6dcd30d0a3.json;results_r02/cyclic/final_TrimmedMean_s4_p0.9_R100_53059e3476.json;results_r02/cyclic/final_TrimmedMean_s5_p0.9_R100_b462e0ab7f.json;results_r02/cyclic/final_TrimmedMean_s6_p0.9_R100_b0a0215778.json;results_r02/cyclic/final_TrimmedMean_s7_p0.9_R100_1bb59dc2f4.json;results_r02/cyclic/final_TrimmedMean_s8_p0.9_R100_d4f387b48a.json;results_r02/cyclic/final_TrimmedMean_s9_p0.9_R100_382007a54c.json,
Table 9 cyclic,tab:cyclic,Krum,ratio 0.0,91.6$\pm$5.2,91.6±5.2,yes,10,Krum_s0_p0.0_R100_ffa5e822ac;Krum_s1_p0.0_R100_a63564d907;Krum_s2_p0.0_R100_0dec7e8e10;Krum_s3_p0.0_R100_08faf075af;Krum_s4_p0.0_R100_d372df0306;Krum_s5_p0.0_R100_6ca0554000;Krum_s6_p0.0_R100_0c197746a3;Krum_s7_p0.0_R100_8c519c29a5;Krum_s8_p0.0_R100_576c59095e;Krum_s9_p0.0_R100_074025b5af,results_r02/cyclic/final_Krum_s0_p0.0_R100_ffa5e822ac.json;results_r02/cyclic/final_Krum_s1_p0.0_R100_a63564d907.json;results_r02/cyclic/final_Krum_s2_p0.0_R100_0dec7e8e10.json;results_r02/cyclic/final_Krum_s3_p0.0_R100_08faf075af.json;results_r02/cyclic/final_Krum_s4_p0.0_R100_d372df0306.json;results_r02/cyclic/final_Krum_s5_p0.0_R100_6ca0554000.json;results_r02/cyclic/final_Krum_s6_p0.0_R100_0c197746a3.json;results_r02/cyclic/final_Krum_s7_p0.0_R100_8c519c29a5.json;results_r02/cyclic/final_Krum_s8_p0.0_R100_576c59095e.json;results_r02/cyclic/final_Krum_s9_p0.0_R100_074025b5af.json,
Table 9 cyclic,tab:cyclic,Krum,ratio 0.1,90.9$\pm$3.6,90.9±3.6,yes,10,Krum_s0_p0.1_R100_7cba8a28d0;Krum_s1_p0.1_R100_da52fc613a;Krum_s2_p0.1_R100_e256dabe3c;Krum_s3_p0.1_R100_d592882b91;Krum_s4_p0.1_R100_7f1875f87e;Krum_s5_p0.1_R100_7a85bacd2e;Krum_s6_p0.1_R100_8cc35c4b38;Krum_s7_p0.1_R100_7fac4d953d;Krum_s8_p0.1_R100_a3200e92d8;Krum_s9_p0.1_R100_212e6cdaed,results_r02/cyclic/final_Krum_s0_p0.1_R100_7cba8a28d0.json;results_r02/cyclic/final_Krum_s1_p0.1_R100_da52fc613a.json;results_r02/cyclic/final_Krum_s2_p0.1_R100_e256dabe3c.json;results_r02/cyclic/final_Krum_s3_p0.1_R100_d592882b91.json;results_r02/cyclic/final_Krum_s4_p0.1_R100_7f1875f87e.json;results_r02/cyclic/final_Krum_s5_p0.1_R100_7a85bacd2e.json;results_r02/cyclic/final_Krum_s6_p0.1_R100_8cc35c4b38.json;results_r02/cyclic/final_Krum_s7_p0.1_R100_7fac4d953d.json;results_r02/cyclic/final_Krum_s8_p0.1_R100_a3200e92d8.json;results_r02/cyclic/final_Krum_s9_p0.1_R100_212e6cdaed.json,
Table 9 cyclic,tab:cyclic,Krum,ratio 0.2,91.7$\pm$3.7,91.7±3.7,yes,10,Krum_s0_p0.2_R100_9d6ae0866b;Krum_s1_p0.2_R100_28eac45f89;Krum_s2_p0.2_R100_332d084784;Krum_s3_p0.2_R100_5e67410c56;Krum_s4_p0.2_R100_2f25191bc9;Krum_s5_p0.2_R100_0413fd5ea1;Krum_s6_p0.2_R100_621e131fe3;Krum_s7_p0.2_R100_976949f429;Krum_s8_p0.2_R100_fd40ad4340;Krum_s9_p0.2_R100_2bf87ae13c,results_r02/cyclic/final_Krum_s0_p0.2_R100_9d6ae0866b.json;results_r02/cyclic/final_Krum_s1_p0.2_R100_28eac45f89.json;results_r02/cyclic/final_Krum_s2_p0.2_R100_332d084784.json;results_r02/cyclic/final_Krum_s3_p0.2_R100_5e67410c56.json;results_r02/cyclic/final_Krum_s4_p0.2_R100_2f25191bc9.json;results_r02/cyclic/final_Krum_s5_p0.2_R100_0413fd5ea1.json;results_r02/cyclic/final_Krum_s6_p0.2_R100_621e131fe3.json;results_r02/cyclic/final_Krum_s7_p0.2_R100_976949f429.json;results_r02/cyclic/final_Krum_s8_p0.2_R100_fd40ad4340.json;results_r02/cyclic/final_Krum_s9_p0.2_R100_2bf87ae13c.json,
Table 9 cyclic,tab:cyclic,Krum,ratio 0.3,92.0$\pm$3.3,92.0±3.3,yes,10,Krum_s0_p0.3_R100_209cb84311;Krum_s1_p0.3_R100_7c7db7f369;Krum_s2_p0.3_R100_39cd09473c;Krum_s3_p0.3_R100_3390d8aa53;Krum_s4_p0.3_R100_c93297f9e6;Krum_s5_p0.3_R100_8cf3f10a14;Krum_s6_p0.3_R100_9ebcbb94c3;Krum_s7_p0.3_R100_9a283ed917;Krum_s8_p0.3_R100_8d8a0ede63;Krum_s9_p0.3_R100_f286256ded,results_r02/cyclic/final_Krum_s0_p0.3_R100_209cb84311.json;results_r02/cyclic/final_Krum_s1_p0.3_R100_7c7db7f369.json;results_r02/cyclic/final_Krum_s2_p0.3_R100_39cd09473c.json;results_r02/cyclic/final_Krum_s3_p0.3_R100_3390d8aa53.json;results_r02/cyclic/final_Krum_s4_p0.3_R100_c93297f9e6.json;results_r02/cyclic/final_Krum_s5_p0.3_R100_8cf3f10a14.json;results_r02/cyclic/final_Krum_s6_p0.3_R100_9ebcbb94c3.json;results_r02/cyclic/final_Krum_s7_p0.3_R100_9a283ed917.json;results_r02/cyclic/final_Krum_s8_p0.3_R100_8d8a0ede63.json;results_r02/cyclic/final_Krum_s9_p0.3_R100_f286256ded.json,
Table 9 cyclic,tab:cyclic,Krum,ratio 0.4,83.6$\pm$16.1,83.6±16.1,yes,10,Krum_s0_p0.4_R100_85bb58e9ef;Krum_s1_p0.4_R100_070e1ae280;Krum_s2_p0.4_R100_bdea519f00;Krum_s3_p0.4_R100_6a2844ee76;Krum_s4_p0.4_R100_57eac6169b;Krum_s5_p0.4_R100_bc3b15fb7c;Krum_s6_p0.4_R100_11ac467b3a;Krum_s7_p0.4_R100_3b506fe32d;Krum_s8_p0.4_R100_5efa38f147;Krum_s9_p0.4_R100_b56e54aeef,results_r02/cyclic/final_Krum_s0_p0.4_R100_85bb58e9ef.json;results_r02/cyclic/final_Krum_s1_p0.4_R100_070e1ae280.json;results_r02/cyclic/final_Krum_s2_p0.4_R100_bdea519f00.json;results_r02/cyclic/final_Krum_s3_p0.4_R100_6a2844ee76.json;results_r02/cyclic/final_Krum_s4_p0.4_R100_57eac6169b.json;results_r02/cyclic/final_Krum_s5_p0.4_R100_bc3b15fb7c.json;results_r02/cyclic/final_Krum_s6_p0.4_R100_11ac467b3a.json;results_r02/cyclic/final_Krum_s7_p0.4_R100_3b506fe32d.json;results_r02/cyclic/final_Krum_s8_p0.4_R100_5efa38f147.json;results_r02/cyclic/final_Krum_s9_p0.4_R100_b56e54aeef.json,
Table 9 cyclic,tab:cyclic,Krum,ratio 0.5,32.3$\pm$42.7,32.3±42.7,yes,10,Krum_s0_p0.5_R100_81f17e3655;Krum_s1_p0.5_R100_46274863f2;Krum_s2_p0.5_R100_76a7c01610;Krum_s3_p0.5_R100_f73833a1f7;Krum_s4_p0.5_R100_7d6fa5a0dc;Krum_s5_p0.5_R100_20a274f9f8;Krum_s6_p0.5_R100_1747198853;Krum_s7_p0.5_R100_b695e47056;Krum_s8_p0.5_R100_6d8a6f6101;Krum_s9_p0.5_R100_1578a166f5,results_r02/cyclic/final_Krum_s0_p0.5_R100_81f17e3655.json;results_r02/cyclic/final_Krum_s1_p0.5_R100_46274863f2.json;results_r02/cyclic/final_Krum_s2_p0.5_R100_76a7c01610.json;results_r02/cyclic/final_Krum_s3_p0.5_R100_f73833a1f7.json;results_r02/cyclic/final_Krum_s4_p0.5_R100_7d6fa5a0dc.json;results_r02/cyclic/final_Krum_s5_p0.5_R100_20a274f9f8.json;results_r02/cyclic/final_Krum_s6_p0.5_R100_1747198853.json;results_r02/cyclic/final_Krum_s7_p0.5_R100_b695e47056.json;results_r02/cyclic/final_Krum_s8_p0.5_R100_6d8a6f6101.json;results_r02/cyclic/final_Krum_s9_p0.5_R100_1578a166f5.json,
Table 9 cyclic,tab:cyclic,Krum,ratio 0.6,17.9$\pm$35.9,17.9±35.9,yes,10,Krum_s0_p0.6_R100_992bd10a9c;Krum_s1_p0.6_R100_8db859f9d7;Krum_s2_p0.6_R100_36f2b0ce77;Krum_s3_p0.6_R100_6bf1668d71;Krum_s4_p0.6_R100_3ba15ac402;Krum_s5_p0.6_R100_d12f49817d;Krum_s6_p0.6_R100_859deddf77;Krum_s7_p0.6_R100_509e768c77;Krum_s8_p0.6_R100_79e567d780;Krum_s9_p0.6_R100_bfcd4ea02f,results_r02/cyclic/final_Krum_s0_p0.6_R100_992bd10a9c.json;results_r02/cyclic/final_Krum_s1_p0.6_R100_8db859f9d7.json;results_r02/cyclic/final_Krum_s2_p0.6_R100_36f2b0ce77.json;results_r02/cyclic/final_Krum_s3_p0.6_R100_6bf1668d71.json;results_r02/cyclic/final_Krum_s4_p0.6_R100_3ba15ac402.json;results_r02/cyclic/final_Krum_s5_p0.6_R100_d12f49817d.json;results_r02/cyclic/final_Krum_s6_p0.6_R100_859deddf77.json;results_r02/cyclic/final_Krum_s7_p0.6_R100_509e768c77.json;results_r02/cyclic/final_Krum_s8_p0.6_R100_79e567d780.json;results_r02/cyclic/final_Krum_s9_p0.6_R100_bfcd4ea02f.json,
Table 9 cyclic,tab:cyclic,Krum,ratio 0.7,1.0$\pm$0.6,1.0±0.6,yes,10,Krum_s0_p0.7_R100_dd311e50c5;Krum_s1_p0.7_R100_8ce4a35ceb;Krum_s2_p0.7_R100_1b775cb218;Krum_s3_p0.7_R100_22a09e6fdd;Krum_s4_p0.7_R100_19504cff5f;Krum_s5_p0.7_R100_91c9eb1f6f;Krum_s6_p0.7_R100_a787c483df;Krum_s7_p0.7_R100_63906c5e25;Krum_s8_p0.7_R100_a03a46f9c8;Krum_s9_p0.7_R100_4d9abe4a80,results_r02/cyclic/final_Krum_s0_p0.7_R100_dd311e50c5.json;results_r02/cyclic/final_Krum_s1_p0.7_R100_8ce4a35ceb.json;results_r02/cyclic/final_Krum_s2_p0.7_R100_1b775cb218.json;results_r02/cyclic/final_Krum_s3_p0.7_R100_22a09e6fdd.json;results_r02/cyclic/final_Krum_s4_p0.7_R100_19504cff5f.json;results_r02/cyclic/final_Krum_s5_p0.7_R100_91c9eb1f6f.json;results_r02/cyclic/final_Krum_s6_p0.7_R100_a787c483df.json;results_r02/cyclic/final_Krum_s7_p0.7_R100_63906c5e25.json;results_r02/cyclic/final_Krum_s8_p0.7_R100_a03a46f9c8.json;results_r02/cyclic/final_Krum_s9_p0.7_R100_4d9abe4a80.json,
Table 9 cyclic,tab:cyclic,Krum,ratio 0.8,1.0$\pm$0.5,1.0±0.5,yes,10,Krum_s0_p0.8_R100_dd1dd46ba6;Krum_s1_p0.8_R100_4615402a16;Krum_s2_p0.8_R100_5417a4870e;Krum_s3_p0.8_R100_e561fafbfa;Krum_s4_p0.8_R100_27dcd690a9;Krum_s5_p0.8_R100_5db53f1938;Krum_s6_p0.8_R100_1321b823a1;Krum_s7_p0.8_R100_c9d44ea49d;Krum_s8_p0.8_R100_be01c74136;Krum_s9_p0.8_R100_51800a7ea9,results_r02/cyclic/final_Krum_s0_p0.8_R100_dd1dd46ba6.json;results_r02/cyclic/final_Krum_s1_p0.8_R100_4615402a16.json;results_r02/cyclic/final_Krum_s2_p0.8_R100_5417a4870e.json;results_r02/cyclic/final_Krum_s3_p0.8_R100_e561fafbfa.json;results_r02/cyclic/final_Krum_s4_p0.8_R100_27dcd690a9.json;results_r02/cyclic/final_Krum_s5_p0.8_R100_5db53f1938.json;results_r02/cyclic/final_Krum_s6_p0.8_R100_1321b823a1.json;results_r02/cyclic/final_Krum_s7_p0.8_R100_c9d44ea49d.json;results_r02/cyclic/final_Krum_s8_p0.8_R100_be01c74136.json;results_r02/cyclic/final_Krum_s9_p0.8_R100_51800a7ea9.json,
Table 9 cyclic,tab:cyclic,Krum,ratio 0.9,1.0$\pm$0.9,1.0±0.9,yes,10,Krum_s0_p0.9_R100_72f7390b76;Krum_s1_p0.9_R100_bff86d0663;Krum_s2_p0.9_R100_17df47ba1d;Krum_s3_p0.9_R100_ed8daf71ec;Krum_s4_p0.9_R100_72ececb0bc;Krum_s5_p0.9_R100_f0dc1bc756;Krum_s6_p0.9_R100_4aec927d31;Krum_s7_p0.9_R100_e05373bdf4;Krum_s8_p0.9_R100_898544e967;Krum_s9_p0.9_R100_f6e9a9723a,results_r02/cyclic/final_Krum_s0_p0.9_R100_72f7390b76.json;results_r02/cyclic/final_Krum_s1_p0.9_R100_bff86d0663.json;results_r02/cyclic/final_Krum_s2_p0.9_R100_17df47ba1d.json;results_r02/cyclic/final_Krum_s3_p0.9_R100_ed8daf71ec.json;results_r02/cyclic/final_Krum_s4_p0.9_R100_72ececb0bc.json;results_r02/cyclic/final_Krum_s5_p0.9_R100_f0dc1bc756.json;results_r02/cyclic/final_Krum_s6_p0.9_R100_4aec927d31.json;results_r02/cyclic/final_Krum_s7_p0.9_R100_e05373bdf4.json;results_r02/cyclic/final_Krum_s8_p0.9_R100_898544e967.json;results_r02/cyclic/final_Krum_s9_p0.9_R100_f6e9a9723a.json,
Table 9 cyclic,tab:cyclic,MultiKrum,ratio 0.0,94.8$\pm$1.6,94.8±1.6,yes,10,MultiKrum_s0_p0.0_R100_c8e62cb8e7;MultiKrum_s1_p0.0_R100_d18a95bac1;MultiKrum_s2_p0.0_R100_2fd88edf1e;MultiKrum_s3_p0.0_R100_51a854a6b5;MultiKrum_s4_p0.0_R100_1efb90a3d8;MultiKrum_s5_p0.0_R100_c56dd6e41c;MultiKrum_s6_p0.0_R100_fa56117116;MultiKrum_s7_p0.0_R100_6e7809ebd2;MultiKrum_s8_p0.0_R100_7afb625b8b;MultiKrum_s9_p0.0_R100_c3f9643451,results_r02/cyclic/final_MultiKrum_s0_p0.0_R100_c8e62cb8e7.json;results_r02/cyclic/final_MultiKrum_s1_p0.0_R100_d18a95bac1.json;results_r02/cyclic/final_MultiKrum_s2_p0.0_R100_2fd88edf1e.json;results_r02/cyclic/final_MultiKrum_s3_p0.0_R100_51a854a6b5.json;results_r02/cyclic/final_MultiKrum_s4_p0.0_R100_1efb90a3d8.json;results_r02/cyclic/final_MultiKrum_s5_p0.0_R100_c56dd6e41c.json;results_r02/cyclic/final_MultiKrum_s6_p0.0_R100_fa56117116.json;results_r02/cyclic/final_MultiKrum_s7_p0.0_R100_6e7809ebd2.json;results_r02/cyclic/final_MultiKrum_s8_p0.0_R100_7afb625b8b.json;results_r02/cyclic/final_MultiKrum_s9_p0.0_R100_c3f9643451.json,
Table 9 cyclic,tab:cyclic,MultiKrum,ratio 0.1,94.5$\pm$1.7,94.5±1.7,yes,10,MultiKrum_s0_p0.1_R100_c4c5129c70;MultiKrum_s1_p0.1_R100_7f4e520707;MultiKrum_s2_p0.1_R100_4ddb49be17;MultiKrum_s3_p0.1_R100_8136c4831f;MultiKrum_s4_p0.1_R100_eb2c82f77c;MultiKrum_s5_p0.1_R100_b1d96e4104;MultiKrum_s6_p0.1_R100_b8b737899e;MultiKrum_s7_p0.1_R100_d3193575c6;MultiKrum_s8_p0.1_R100_b9ecbe05f1;MultiKrum_s9_p0.1_R100_4c4c22604f,results_r02/cyclic/final_MultiKrum_s0_p0.1_R100_c4c5129c70.json;results_r02/cyclic/final_MultiKrum_s1_p0.1_R100_7f4e520707.json;results_r02/cyclic/final_MultiKrum_s2_p0.1_R100_4ddb49be17.json;results_r02/cyclic/final_MultiKrum_s3_p0.1_R100_8136c4831f.json;results_r02/cyclic/final_MultiKrum_s4_p0.1_R100_eb2c82f77c.json;results_r02/cyclic/final_MultiKrum_s5_p0.1_R100_b1d96e4104.json;results_r02/cyclic/final_MultiKrum_s6_p0.1_R100_b8b737899e.json;results_r02/cyclic/final_MultiKrum_s7_p0.1_R100_d3193575c6.json;results_r02/cyclic/final_MultiKrum_s8_p0.1_R100_b9ecbe05f1.json;results_r02/cyclic/final_MultiKrum_s9_p0.1_R100_4c4c22604f.json,
Table 9 cyclic,tab:cyclic,MultiKrum,ratio 0.2,91.6$\pm$3.1,91.6±3.1,yes,10,MultiKrum_s0_p0.2_R100_778c939051;MultiKrum_s1_p0.2_R100_a5f86f64bb;MultiKrum_s2_p0.2_R100_6ff2ef7139;MultiKrum_s3_p0.2_R100_f953279168;MultiKrum_s4_p0.2_R100_406067c223;MultiKrum_s5_p0.2_R100_e39176677f;MultiKrum_s6_p0.2_R100_200350233c;MultiKrum_s7_p0.2_R100_fb45f97323;MultiKrum_s8_p0.2_R100_78be744df0;MultiKrum_s9_p0.2_R100_582b26d66b,results_r02/cyclic/final_MultiKrum_s0_p0.2_R100_778c939051.json;results_r02/cyclic/final_MultiKrum_s1_p0.2_R100_a5f86f64bb.json;results_r02/cyclic/final_MultiKrum_s2_p0.2_R100_6ff2ef7139.json;results_r02/cyclic/final_MultiKrum_s3_p0.2_R100_f953279168.json;results_r02/cyclic/final_MultiKrum_s4_p0.2_R100_406067c223.json;results_r02/cyclic/final_MultiKrum_s5_p0.2_R100_e39176677f.json;results_r02/cyclic/final_MultiKrum_s6_p0.2_R100_200350233c.json;results_r02/cyclic/final_MultiKrum_s7_p0.2_R100_fb45f97323.json;results_r02/cyclic/final_MultiKrum_s8_p0.2_R100_78be744df0.json;results_r02/cyclic/final_MultiKrum_s9_p0.2_R100_582b26d66b.json,
Table 9 cyclic,tab:cyclic,MultiKrum,ratio 0.3,75.1$\pm$18.1,75.1±18.1,yes,10,MultiKrum_s0_p0.3_R100_de1040f002;MultiKrum_s1_p0.3_R100_c9fe5c4095;MultiKrum_s2_p0.3_R100_08e7337db7;MultiKrum_s3_p0.3_R100_70241fb5fa;MultiKrum_s4_p0.3_R100_4f20620724;MultiKrum_s5_p0.3_R100_44b236ba39;MultiKrum_s6_p0.3_R100_451331d27e;MultiKrum_s7_p0.3_R100_facd152776;MultiKrum_s8_p0.3_R100_162545b9f9;MultiKrum_s9_p0.3_R100_08aa0da7d3,results_r02/cyclic/final_MultiKrum_s0_p0.3_R100_de1040f002.json;results_r02/cyclic/final_MultiKrum_s1_p0.3_R100_c9fe5c4095.json;results_r02/cyclic/final_MultiKrum_s2_p0.3_R100_08e7337db7.json;results_r02/cyclic/final_MultiKrum_s3_p0.3_R100_70241fb5fa.json;results_r02/cyclic/final_MultiKrum_s4_p0.3_R100_4f20620724.json;results_r02/cyclic/final_MultiKrum_s5_p0.3_R100_44b236ba39.json;results_r02/cyclic/final_MultiKrum_s6_p0.3_R100_451331d27e.json;results_r02/cyclic/final_MultiKrum_s7_p0.3_R100_facd152776.json;results_r02/cyclic/final_MultiKrum_s8_p0.3_R100_162545b9f9.json;results_r02/cyclic/final_MultiKrum_s9_p0.3_R100_08aa0da7d3.json,
Table 9 cyclic,tab:cyclic,MultiKrum,ratio 0.4,55.1$\pm$35.1,55.1±35.1,yes,10,MultiKrum_s0_p0.4_R100_869631297d;MultiKrum_s1_p0.4_R100_2684585e5a;MultiKrum_s2_p0.4_R100_4f8cb4208c;MultiKrum_s3_p0.4_R100_54d5f9f13f;MultiKrum_s4_p0.4_R100_7a50de361b;MultiKrum_s5_p0.4_R100_5c4b1265a1;MultiKrum_s6_p0.4_R100_2503ce8963;MultiKrum_s7_p0.4_R100_e4347899f3;MultiKrum_s8_p0.4_R100_e60efa06fa;MultiKrum_s9_p0.4_R100_0119213304,results_r02/cyclic/final_MultiKrum_s0_p0.4_R100_869631297d.json;results_r02/cyclic/final_MultiKrum_s1_p0.4_R100_2684585e5a.json;results_r02/cyclic/final_MultiKrum_s2_p0.4_R100_4f8cb4208c.json;results_r02/cyclic/final_MultiKrum_s3_p0.4_R100_54d5f9f13f.json;results_r02/cyclic/final_MultiKrum_s4_p0.4_R100_7a50de361b.json;results_r02/cyclic/final_MultiKrum_s5_p0.4_R100_5c4b1265a1.json;results_r02/cyclic/final_MultiKrum_s6_p0.4_R100_2503ce8963.json;results_r02/cyclic/final_MultiKrum_s7_p0.4_R100_e4347899f3.json;results_r02/cyclic/final_MultiKrum_s8_p0.4_R100_e60efa06fa.json;results_r02/cyclic/final_MultiKrum_s9_p0.4_R100_0119213304.json,
Table 9 cyclic,tab:cyclic,MultiKrum,ratio 0.5,39.6$\pm$39.8,39.6±39.8,yes,10,MultiKrum_s0_p0.5_R100_02f7b37181;MultiKrum_s1_p0.5_R100_3758c83a1a;MultiKrum_s2_p0.5_R100_aa1d7d99c1;MultiKrum_s3_p0.5_R100_980d6e9a92;MultiKrum_s4_p0.5_R100_5c8f6798c0;MultiKrum_s5_p0.5_R100_5b2af002d9;MultiKrum_s6_p0.5_R100_06e5276aca;MultiKrum_s7_p0.5_R100_3d3fc281a3;MultiKrum_s8_p0.5_R100_e7c7b68778;MultiKrum_s9_p0.5_R100_8f26d676b4,results_r02/cyclic/final_MultiKrum_s0_p0.5_R100_02f7b37181.json;results_r02/cyclic/final_MultiKrum_s1_p0.5_R100_3758c83a1a.json;results_r02/cyclic/final_MultiKrum_s2_p0.5_R100_aa1d7d99c1.json;results_r02/cyclic/final_MultiKrum_s3_p0.5_R100_980d6e9a92.json;results_r02/cyclic/final_MultiKrum_s4_p0.5_R100_5c8f6798c0.json;results_r02/cyclic/final_MultiKrum_s5_p0.5_R100_5b2af002d9.json;results_r02/cyclic/final_MultiKrum_s6_p0.5_R100_06e5276aca.json;results_r02/cyclic/final_MultiKrum_s7_p0.5_R100_3d3fc281a3.json;results_r02/cyclic/final_MultiKrum_s8_p0.5_R100_e7c7b68778.json;results_r02/cyclic/final_MultiKrum_s9_p0.5_R100_8f26d676b4.json,
Table 9 cyclic,tab:cyclic,MultiKrum,ratio 0.6,40.6$\pm$27.8,40.6±27.8,yes,10,MultiKrum_s0_p0.6_R100_02963635b0;MultiKrum_s1_p0.6_R100_9f89844dd5;MultiKrum_s2_p0.6_R100_55ac67b758;MultiKrum_s3_p0.6_R100_3c97f0cd8b;MultiKrum_s4_p0.6_R100_27aa4e9b9f;MultiKrum_s5_p0.6_R100_bd47f1bc74;MultiKrum_s6_p0.6_R100_cae460ae31;MultiKrum_s7_p0.6_R100_cb533222ab;MultiKrum_s8_p0.6_R100_91caa26a88;MultiKrum_s9_p0.6_R100_a83f27ea49,results_r02/cyclic/final_MultiKrum_s0_p0.6_R100_02963635b0.json;results_r02/cyclic/final_MultiKrum_s1_p0.6_R100_9f89844dd5.json;results_r02/cyclic/final_MultiKrum_s2_p0.6_R100_55ac67b758.json;results_r02/cyclic/final_MultiKrum_s3_p0.6_R100_3c97f0cd8b.json;results_r02/cyclic/final_MultiKrum_s4_p0.6_R100_27aa4e9b9f.json;results_r02/cyclic/final_MultiKrum_s5_p0.6_R100_bd47f1bc74.json;results_r02/cyclic/final_MultiKrum_s6_p0.6_R100_cae460ae31.json;results_r02/cyclic/final_MultiKrum_s7_p0.6_R100_cb533222ab.json;results_r02/cyclic/final_MultiKrum_s8_p0.6_R100_91caa26a88.json;results_r02/cyclic/final_MultiKrum_s9_p0.6_R100_a83f27ea49.json,
Table 9 cyclic,tab:cyclic,MultiKrum,ratio 0.7,24.4$\pm$20.8,24.4±20.8,yes,10,MultiKrum_s0_p0.7_R100_1de53feb78;MultiKrum_s1_p0.7_R100_29e238b6c0;MultiKrum_s2_p0.7_R100_d2fb686819;MultiKrum_s3_p0.7_R100_35d871ffb4;MultiKrum_s4_p0.7_R100_c0cfc27034;MultiKrum_s5_p0.7_R100_43012a1e2c;MultiKrum_s6_p0.7_R100_6287399aee;MultiKrum_s7_p0.7_R100_461025d912;MultiKrum_s8_p0.7_R100_43c44096fd;MultiKrum_s9_p0.7_R100_9af2b84a73,results_r02/cyclic/final_MultiKrum_s0_p0.7_R100_1de53feb78.json;results_r02/cyclic/final_MultiKrum_s1_p0.7_R100_29e238b6c0.json;results_r02/cyclic/final_MultiKrum_s2_p0.7_R100_d2fb686819.json;results_r02/cyclic/final_MultiKrum_s3_p0.7_R100_35d871ffb4.json;results_r02/cyclic/final_MultiKrum_s4_p0.7_R100_c0cfc27034.json;results_r02/cyclic/final_MultiKrum_s5_p0.7_R100_43012a1e2c.json;results_r02/cyclic/final_MultiKrum_s6_p0.7_R100_6287399aee.json;results_r02/cyclic/final_MultiKrum_s7_p0.7_R100_461025d912.json;results_r02/cyclic/final_MultiKrum_s8_p0.7_R100_43c44096fd.json;results_r02/cyclic/final_MultiKrum_s9_p0.7_R100_9af2b84a73.json,
Table 9 cyclic,tab:cyclic,MultiKrum,ratio 0.8,5.5$\pm$11.7,5.5±11.7,yes,10,MultiKrum_s0_p0.8_R100_8814ccdc73;MultiKrum_s1_p0.8_R100_e868d903e1;MultiKrum_s2_p0.8_R100_38d9192a55;MultiKrum_s3_p0.8_R100_3988fca247;MultiKrum_s4_p0.8_R100_55f34f802b;MultiKrum_s5_p0.8_R100_a7481b5d90;MultiKrum_s6_p0.8_R100_336356461c;MultiKrum_s7_p0.8_R100_d5217f38ae;MultiKrum_s8_p0.8_R100_3b8a1d06e6;MultiKrum_s9_p0.8_R100_6c95484456,results_r02/cyclic/final_MultiKrum_s0_p0.8_R100_8814ccdc73.json;results_r02/cyclic/final_MultiKrum_s1_p0.8_R100_e868d903e1.json;results_r02/cyclic/final_MultiKrum_s2_p0.8_R100_38d9192a55.json;results_r02/cyclic/final_MultiKrum_s3_p0.8_R100_3988fca247.json;results_r02/cyclic/final_MultiKrum_s4_p0.8_R100_55f34f802b.json;results_r02/cyclic/final_MultiKrum_s5_p0.8_R100_a7481b5d90.json;results_r02/cyclic/final_MultiKrum_s6_p0.8_R100_336356461c.json;results_r02/cyclic/final_MultiKrum_s7_p0.8_R100_d5217f38ae.json;results_r02/cyclic/final_MultiKrum_s8_p0.8_R100_3b8a1d06e6.json;results_r02/cyclic/final_MultiKrum_s9_p0.8_R100_6c95484456.json,
Table 9 cyclic,tab:cyclic,MultiKrum,ratio 0.9,0.5$\pm$0.4,0.5±0.4,yes,10,MultiKrum_s0_p0.9_R100_d1466aedc9;MultiKrum_s1_p0.9_R100_da9d494d00;MultiKrum_s2_p0.9_R100_30a32a10aa;MultiKrum_s3_p0.9_R100_12ce8516dc;MultiKrum_s4_p0.9_R100_84ecfab58b;MultiKrum_s5_p0.9_R100_0d0c85eff2;MultiKrum_s6_p0.9_R100_08a063f2a4;MultiKrum_s7_p0.9_R100_719a414cab;MultiKrum_s8_p0.9_R100_d1e6a8107e;MultiKrum_s9_p0.9_R100_08804f73e2,results_r02/cyclic/final_MultiKrum_s0_p0.9_R100_d1466aedc9.json;results_r02/cyclic/final_MultiKrum_s1_p0.9_R100_da9d494d00.json;results_r02/cyclic/final_MultiKrum_s2_p0.9_R100_30a32a10aa.json;results_r02/cyclic/final_MultiKrum_s3_p0.9_R100_12ce8516dc.json;results_r02/cyclic/final_MultiKrum_s4_p0.9_R100_84ecfab58b.json;results_r02/cyclic/final_MultiKrum_s5_p0.9_R100_0d0c85eff2.json;results_r02/cyclic/final_MultiKrum_s6_p0.9_R100_08a063f2a4.json;results_r02/cyclic/final_MultiKrum_s7_p0.9_R100_719a414cab.json;results_r02/cyclic/final_MultiKrum_s8_p0.9_R100_d1e6a8107e.json;results_r02/cyclic/final_MultiKrum_s9_p0.9_R100_08804f73e2.json,
Table B2 cyclic macro-F1,tab:cyclic_f1,DyF-ZTL-V,ratio 0.0,88.0$\pm$5.4,88.0±5.4,yes,10,DyF-ZTL-V_s0_p0.0_R100_5934135119;DyF-ZTL-V_s1_p0.0_R100_69f2876d70;DyF-ZTL-V_s2_p0.0_R100_8c01e33713;DyF-ZTL-V_s3_p0.0_R100_ac39a3ec0c;DyF-ZTL-V_s4_p0.0_R100_1083bdb99c;DyF-ZTL-V_s5_p0.0_R100_12f4b44baa;DyF-ZTL-V_s6_p0.0_R100_d27d63fbd1;DyF-ZTL-V_s7_p0.0_R100_8866b649ba;DyF-ZTL-V_s8_p0.0_R100_8e34ba9d54;DyF-ZTL-V_s9_p0.0_R100_c733e037c3,results_r02/cyclic/final_DyF-ZTL-V_s0_p0.0_R100_5934135119.json;results_r02/cyclic/final_DyF-ZTL-V_s1_p0.0_R100_69f2876d70.json;results_r02/cyclic/final_DyF-ZTL-V_s2_p0.0_R100_8c01e33713.json;results_r02/cyclic/final_DyF-ZTL-V_s3_p0.0_R100_ac39a3ec0c.json;results_r02/cyclic/final_DyF-ZTL-V_s4_p0.0_R100_1083bdb99c.json;results_r02/cyclic/final_DyF-ZTL-V_s5_p0.0_R100_12f4b44baa.json;results_r02/cyclic/final_DyF-ZTL-V_s6_p0.0_R100_d27d63fbd1.json;results_r02/cyclic/final_DyF-ZTL-V_s7_p0.0_R100_8866b649ba.json;results_r02/cyclic/final_DyF-ZTL-V_s8_p0.0_R100_8e34ba9d54.json;results_r02/cyclic/final_DyF-ZTL-V_s9_p0.0_R100_c733e037c3.json,
Table B2 cyclic macro-F1,tab:cyclic_f1,DyF-ZTL-V,ratio 0.1,87.9$\pm$5.4,87.9±5.4,yes,10,DyF-ZTL-V_s0_p0.1_R100_857ad988aa;DyF-ZTL-V_s1_p0.1_R100_fc55105344;DyF-ZTL-V_s2_p0.1_R100_94a802a715;DyF-ZTL-V_s3_p0.1_R100_a186aea0d6;DyF-ZTL-V_s4_p0.1_R100_86c1d0be35;DyF-ZTL-V_s5_p0.1_R100_e5e0793d08;DyF-ZTL-V_s6_p0.1_R100_990789029d;DyF-ZTL-V_s7_p0.1_R100_39fbd94ea2;DyF-ZTL-V_s8_p0.1_R100_51480c566d;DyF-ZTL-V_s9_p0.1_R100_4da85b6afd,results_r02/cyclic/final_DyF-ZTL-V_s0_p0.1_R100_857ad988aa.json;results_r02/cyclic/final_DyF-ZTL-V_s1_p0.1_R100_fc55105344.json;results_r02/cyclic/final_DyF-ZTL-V_s2_p0.1_R100_94a802a715.json;results_r02/cyclic/final_DyF-ZTL-V_s3_p0.1_R100_a186aea0d6.json;results_r02/cyclic/final_DyF-ZTL-V_s4_p0.1_R100_86c1d0be35.json;results_r02/cyclic/final_DyF-ZTL-V_s5_p0.1_R100_e5e0793d08.json;results_r02/cyclic/final_DyF-ZTL-V_s6_p0.1_R100_990789029d.json;results_r02/cyclic/final_DyF-ZTL-V_s7_p0.1_R100_39fbd94ea2.json;results_r02/cyclic/final_DyF-ZTL-V_s8_p0.1_R100_51480c566d.json;results_r02/cyclic/final_DyF-ZTL-V_s9_p0.1_R100_4da85b6afd.json,
Table B2 cyclic macro-F1,tab:cyclic_f1,DyF-ZTL-V,ratio 0.2,87.4$\pm$6.0,87.4±6.0,yes,10,DyF-ZTL-V_s0_p0.2_R100_70f55769d2;DyF-ZTL-V_s1_p0.2_R100_c9c4d1ef7b;DyF-ZTL-V_s2_p0.2_R100_7f85b4de6e;DyF-ZTL-V_s3_p0.2_R100_a9734df61c;DyF-ZTL-V_s4_p0.2_R100_c32904e9cf;DyF-ZTL-V_s5_p0.2_R100_c837a4d674;DyF-ZTL-V_s6_p0.2_R100_9ddbd8555b;DyF-ZTL-V_s7_p0.2_R100_96c550bf5d;DyF-ZTL-V_s8_p0.2_R100_98dbd4f2f9;DyF-ZTL-V_s9_p0.2_R100_53c61456c8,results_r02/cyclic/final_DyF-ZTL-V_s0_p0.2_R100_70f55769d2.json;results_r02/cyclic/final_DyF-ZTL-V_s1_p0.2_R100_c9c4d1ef7b.json;results_r02/cyclic/final_DyF-ZTL-V_s2_p0.2_R100_7f85b4de6e.json;results_r02/cyclic/final_DyF-ZTL-V_s3_p0.2_R100_a9734df61c.json;results_r02/cyclic/final_DyF-ZTL-V_s4_p0.2_R100_c32904e9cf.json;results_r02/cyclic/final_DyF-ZTL-V_s5_p0.2_R100_c837a4d674.json;results_r02/cyclic/final_DyF-ZTL-V_s6_p0.2_R100_9ddbd8555b.json;results_r02/cyclic/final_DyF-ZTL-V_s7_p0.2_R100_96c550bf5d.json;results_r02/cyclic/final_DyF-ZTL-V_s8_p0.2_R100_98dbd4f2f9.json;results_r02/cyclic/final_DyF-ZTL-V_s9_p0.2_R100_53c61456c8.json,
Table B2 cyclic macro-F1,tab:cyclic_f1,DyF-ZTL-V,ratio 0.3,86.8$\pm$8.1,86.8±8.1,yes,10,DyF-ZTL-V_s0_p0.3_R100_520bd4f748;DyF-ZTL-V_s1_p0.3_R100_f9a183a3d0;DyF-ZTL-V_s2_p0.3_R100_ce1626f472;DyF-ZTL-V_s3_p0.3_R100_70bb10cb19;DyF-ZTL-V_s4_p0.3_R100_c2aac49d8d;DyF-ZTL-V_s5_p0.3_R100_52b0088e25;DyF-ZTL-V_s6_p0.3_R100_04465d200e;DyF-ZTL-V_s7_p0.3_R100_71021e9bce;DyF-ZTL-V_s8_p0.3_R100_f6e248d8cd;DyF-ZTL-V_s9_p0.3_R100_3f0b3f602f,results_r02/cyclic/final_DyF-ZTL-V_s0_p0.3_R100_520bd4f748.json;results_r02/cyclic/final_DyF-ZTL-V_s1_p0.3_R100_f9a183a3d0.json;results_r02/cyclic/final_DyF-ZTL-V_s2_p0.3_R100_ce1626f472.json;results_r02/cyclic/final_DyF-ZTL-V_s3_p0.3_R100_70bb10cb19.json;results_r02/cyclic/final_DyF-ZTL-V_s4_p0.3_R100_c2aac49d8d.json;results_r02/cyclic/final_DyF-ZTL-V_s5_p0.3_R100_52b0088e25.json;results_r02/cyclic/final_DyF-ZTL-V_s6_p0.3_R100_04465d200e.json;results_r02/cyclic/final_DyF-ZTL-V_s7_p0.3_R100_71021e9bce.json;results_r02/cyclic/final_DyF-ZTL-V_s8_p0.3_R100_f6e248d8cd.json;results_r02/cyclic/final_DyF-ZTL-V_s9_p0.3_R100_3f0b3f602f.json,
Table B2 cyclic macro-F1,tab:cyclic_f1,DyF-ZTL-V,ratio 0.4,89.2$\pm$3.1,89.2±3.1,yes,10,DyF-ZTL-V_s0_p0.4_R100_9d28d361af;DyF-ZTL-V_s1_p0.4_R100_eb956f537a;DyF-ZTL-V_s2_p0.4_R100_439661ae3a;DyF-ZTL-V_s3_p0.4_R100_019e0715d8;DyF-ZTL-V_s4_p0.4_R100_f908bf4b7f;DyF-ZTL-V_s5_p0.4_R100_d0c2d712b5;DyF-ZTL-V_s6_p0.4_R100_8daf7acb3b;DyF-ZTL-V_s7_p0.4_R100_31ba6467ac;DyF-ZTL-V_s8_p0.4_R100_dacb2eb637;DyF-ZTL-V_s9_p0.4_R100_b473bb7c12,results_r02/cyclic/final_DyF-ZTL-V_s0_p0.4_R100_9d28d361af.json;results_r02/cyclic/final_DyF-ZTL-V_s1_p0.4_R100_eb956f537a.json;results_r02/cyclic/final_DyF-ZTL-V_s2_p0.4_R100_439661ae3a.json;results_r02/cyclic/final_DyF-ZTL-V_s3_p0.4_R100_019e0715d8.json;results_r02/cyclic/final_DyF-ZTL-V_s4_p0.4_R100_f908bf4b7f.json;results_r02/cyclic/final_DyF-ZTL-V_s5_p0.4_R100_d0c2d712b5.json;results_r02/cyclic/final_DyF-ZTL-V_s6_p0.4_R100_8daf7acb3b.json;results_r02/cyclic/final_DyF-ZTL-V_s7_p0.4_R100_31ba6467ac.json;results_r02/cyclic/final_DyF-ZTL-V_s8_p0.4_R100_dacb2eb637.json;results_r02/cyclic/final_DyF-ZTL-V_s9_p0.4_R100_b473bb7c12.json,
Table B2 cyclic macro-F1,tab:cyclic_f1,DyF-ZTL-V,ratio 0.5,86.4$\pm$10.5,86.4±10.5,yes,10,DyF-ZTL-V_s0_p0.5_R100_eedf4f14aa;DyF-ZTL-V_s1_p0.5_R100_721d5484b1;DyF-ZTL-V_s2_p0.5_R100_b80a770824;DyF-ZTL-V_s3_p0.5_R100_64fcc3cd14;DyF-ZTL-V_s4_p0.5_R100_2752c2853a;DyF-ZTL-V_s5_p0.5_R100_37cd6d5c21;DyF-ZTL-V_s6_p0.5_R100_c5ce51401b;DyF-ZTL-V_s7_p0.5_R100_2cefea1966;DyF-ZTL-V_s8_p0.5_R100_817d118d5c;DyF-ZTL-V_s9_p0.5_R100_32708bd556,results_r02/cyclic/final_DyF-ZTL-V_s0_p0.5_R100_eedf4f14aa.json;results_r02/cyclic/final_DyF-ZTL-V_s1_p0.5_R100_721d5484b1.json;results_r02/cyclic/final_DyF-ZTL-V_s2_p0.5_R100_b80a770824.json;results_r02/cyclic/final_DyF-ZTL-V_s3_p0.5_R100_64fcc3cd14.json;results_r02/cyclic/final_DyF-ZTL-V_s4_p0.5_R100_2752c2853a.json;results_r02/cyclic/final_DyF-ZTL-V_s5_p0.5_R100_37cd6d5c21.json;results_r02/cyclic/final_DyF-ZTL-V_s6_p0.5_R100_c5ce51401b.json;results_r02/cyclic/final_DyF-ZTL-V_s7_p0.5_R100_2cefea1966.json;results_r02/cyclic/final_DyF-ZTL-V_s8_p0.5_R100_817d118d5c.json;results_r02/cyclic/final_DyF-ZTL-V_s9_p0.5_R100_32708bd556.json,
Table B2 cyclic macro-F1,tab:cyclic_f1,DyF-ZTL-V,ratio 0.6,88.1$\pm$4.7,88.1±4.7,yes,10,DyF-ZTL-V_s0_p0.6_R100_8dfb9fd087;DyF-ZTL-V_s1_p0.6_R100_b6f3beddf0;DyF-ZTL-V_s2_p0.6_R100_f008d8196d;DyF-ZTL-V_s3_p0.6_R100_d45a1728ac;DyF-ZTL-V_s4_p0.6_R100_4a8fe37c6a;DyF-ZTL-V_s5_p0.6_R100_67037f640f;DyF-ZTL-V_s6_p0.6_R100_22d35a4756;DyF-ZTL-V_s7_p0.6_R100_0c7cf4ec36;DyF-ZTL-V_s8_p0.6_R100_44227b3297;DyF-ZTL-V_s9_p0.6_R100_b2a0823186,results_r02/cyclic/final_DyF-ZTL-V_s0_p0.6_R100_8dfb9fd087.json;results_r02/cyclic/final_DyF-ZTL-V_s1_p0.6_R100_b6f3beddf0.json;results_r02/cyclic/final_DyF-ZTL-V_s2_p0.6_R100_f008d8196d.json;results_r02/cyclic/final_DyF-ZTL-V_s3_p0.6_R100_d45a1728ac.json;results_r02/cyclic/final_DyF-ZTL-V_s4_p0.6_R100_4a8fe37c6a.json;results_r02/cyclic/final_DyF-ZTL-V_s5_p0.6_R100_67037f640f.json;results_r02/cyclic/final_DyF-ZTL-V_s6_p0.6_R100_22d35a4756.json;results_r02/cyclic/final_DyF-ZTL-V_s7_p0.6_R100_0c7cf4ec36.json;results_r02/cyclic/final_DyF-ZTL-V_s8_p0.6_R100_44227b3297.json;results_r02/cyclic/final_DyF-ZTL-V_s9_p0.6_R100_b2a0823186.json,
Table B2 cyclic macro-F1,tab:cyclic_f1,DyF-ZTL-V,ratio 0.7,90.0$\pm$1.9,90.0±1.9,yes,10,DyF-ZTL-V_s0_p0.7_R100_b3ea0317cf;DyF-ZTL-V_s1_p0.7_R100_816abc4f13;DyF-ZTL-V_s2_p0.7_R100_160a9d6e55;DyF-ZTL-V_s3_p0.7_R100_665b6b91e1;DyF-ZTL-V_s4_p0.7_R100_0411a99c69;DyF-ZTL-V_s5_p0.7_R100_d1923f9f1a;DyF-ZTL-V_s6_p0.7_R100_b2aeb748cc;DyF-ZTL-V_s7_p0.7_R100_765f086e1d;DyF-ZTL-V_s8_p0.7_R100_735960bb80;DyF-ZTL-V_s9_p0.7_R100_7a9fceec6f,results_r02/cyclic/final_DyF-ZTL-V_s0_p0.7_R100_b3ea0317cf.json;results_r02/cyclic/final_DyF-ZTL-V_s1_p0.7_R100_816abc4f13.json;results_r02/cyclic/final_DyF-ZTL-V_s2_p0.7_R100_160a9d6e55.json;results_r02/cyclic/final_DyF-ZTL-V_s3_p0.7_R100_665b6b91e1.json;results_r02/cyclic/final_DyF-ZTL-V_s4_p0.7_R100_0411a99c69.json;results_r02/cyclic/final_DyF-ZTL-V_s5_p0.7_R100_d1923f9f1a.json;results_r02/cyclic/final_DyF-ZTL-V_s6_p0.7_R100_b2aeb748cc.json;results_r02/cyclic/final_DyF-ZTL-V_s7_p0.7_R100_765f086e1d.json;results_r02/cyclic/final_DyF-ZTL-V_s8_p0.7_R100_735960bb80.json;results_r02/cyclic/final_DyF-ZTL-V_s9_p0.7_R100_7a9fceec6f.json,
Table B2 cyclic macro-F1,tab:cyclic_f1,DyF-ZTL-V,ratio 0.8,89.1$\pm$3.9,89.1±3.9,yes,10,DyF-ZTL-V_s0_p0.8_R100_91b47bcdf3;DyF-ZTL-V_s1_p0.8_R100_0332ae189d;DyF-ZTL-V_s2_p0.8_R100_e541573b8d;DyF-ZTL-V_s3_p0.8_R100_6a5f9ecbf8;DyF-ZTL-V_s4_p0.8_R100_bcba43729f;DyF-ZTL-V_s5_p0.8_R100_ff8c600623;DyF-ZTL-V_s6_p0.8_R100_4f0154a083;DyF-ZTL-V_s7_p0.8_R100_cc80b61264;DyF-ZTL-V_s8_p0.8_R100_9f8a26688c;DyF-ZTL-V_s9_p0.8_R100_98056892a2,results_r02/cyclic/final_DyF-ZTL-V_s0_p0.8_R100_91b47bcdf3.json;results_r02/cyclic/final_DyF-ZTL-V_s1_p0.8_R100_0332ae189d.json;results_r02/cyclic/final_DyF-ZTL-V_s2_p0.8_R100_e541573b8d.json;results_r02/cyclic/final_DyF-ZTL-V_s3_p0.8_R100_6a5f9ecbf8.json;results_r02/cyclic/final_DyF-ZTL-V_s4_p0.8_R100_bcba43729f.json;results_r02/cyclic/final_DyF-ZTL-V_s5_p0.8_R100_ff8c600623.json;results_r02/cyclic/final_DyF-ZTL-V_s6_p0.8_R100_4f0154a083.json;results_r02/cyclic/final_DyF-ZTL-V_s7_p0.8_R100_cc80b61264.json;results_r02/cyclic/final_DyF-ZTL-V_s8_p0.8_R100_9f8a26688c.json;results_r02/cyclic/final_DyF-ZTL-V_s9_p0.8_R100_98056892a2.json,
Table B2 cyclic macro-F1,tab:cyclic_f1,DyF-ZTL-V,ratio 0.9,82.3$\pm$13.3,82.3±13.3,yes,10,DyF-ZTL-V_s0_p0.9_R100_c8309f6961;DyF-ZTL-V_s1_p0.9_R100_01167d2db6;DyF-ZTL-V_s2_p0.9_R100_5c56b78d23;DyF-ZTL-V_s3_p0.9_R100_aa52b462ae;DyF-ZTL-V_s4_p0.9_R100_201c532eae;DyF-ZTL-V_s5_p0.9_R100_ea2fc12103;DyF-ZTL-V_s6_p0.9_R100_75298fce4b;DyF-ZTL-V_s7_p0.9_R100_20385b2d46;DyF-ZTL-V_s8_p0.9_R100_b83a9369b2;DyF-ZTL-V_s9_p0.9_R100_2aa9090c9d,results_r02/cyclic/final_DyF-ZTL-V_s0_p0.9_R100_c8309f6961.json;results_r02/cyclic/final_DyF-ZTL-V_s1_p0.9_R100_01167d2db6.json;results_r02/cyclic/final_DyF-ZTL-V_s2_p0.9_R100_5c56b78d23.json;results_r02/cyclic/final_DyF-ZTL-V_s3_p0.9_R100_aa52b462ae.json;results_r02/cyclic/final_DyF-ZTL-V_s4_p0.9_R100_201c532eae.json;results_r02/cyclic/final_DyF-ZTL-V_s5_p0.9_R100_ea2fc12103.json;results_r02/cyclic/final_DyF-ZTL-V_s6_p0.9_R100_75298fce4b.json;results_r02/cyclic/final_DyF-ZTL-V_s7_p0.9_R100_20385b2d46.json;results_r02/cyclic/final_DyF-ZTL-V_s8_p0.9_R100_b83a9369b2.json;results_r02/cyclic/final_DyF-ZTL-V_s9_p0.9_R100_2aa9090c9d.json,
Table B2 cyclic macro-F1,tab:cyclic_f1,FLTrust,ratio 0.0,88.8$\pm$1.7,88.8±1.7,yes,10,FLTrust_s0_p0.0_R100_1271e24ba8;FLTrust_s1_p0.0_R100_b60f2479bc;FLTrust_s2_p0.0_R100_6978264380;FLTrust_s3_p0.0_R100_5b4dcc15ee;FLTrust_s4_p0.0_R100_ce6cb407a4;FLTrust_s5_p0.0_R100_c93c9feb83;FLTrust_s6_p0.0_R100_45ee0634d2;FLTrust_s7_p0.0_R100_73ba6d46a3;FLTrust_s8_p0.0_R100_814b3613e0;FLTrust_s9_p0.0_R100_aa4b814e5e,results_r02/cyclic/final_FLTrust_s0_p0.0_R100_1271e24ba8.json;results_r02/cyclic/final_FLTrust_s1_p0.0_R100_b60f2479bc.json;results_r02/cyclic/final_FLTrust_s2_p0.0_R100_6978264380.json;results_r02/cyclic/final_FLTrust_s3_p0.0_R100_5b4dcc15ee.json;results_r02/cyclic/final_FLTrust_s4_p0.0_R100_ce6cb407a4.json;results_r02/cyclic/final_FLTrust_s5_p0.0_R100_c93c9feb83.json;results_r02/cyclic/final_FLTrust_s6_p0.0_R100_45ee0634d2.json;results_r02/cyclic/final_FLTrust_s7_p0.0_R100_73ba6d46a3.json;results_r02/cyclic/final_FLTrust_s8_p0.0_R100_814b3613e0.json;results_r02/cyclic/final_FLTrust_s9_p0.0_R100_aa4b814e5e.json,
Table B2 cyclic macro-F1,tab:cyclic_f1,FLTrust,ratio 0.1,88.2$\pm$2.5,88.2±2.5,yes,10,FLTrust_s0_p0.1_R100_11fdc95daa;FLTrust_s1_p0.1_R100_e57cbb4325;FLTrust_s2_p0.1_R100_f8b75cc022;FLTrust_s3_p0.1_R100_f3b6628ae1;FLTrust_s4_p0.1_R100_cf688bb6fd;FLTrust_s5_p0.1_R100_ad2a2c9825;FLTrust_s6_p0.1_R100_7198d30f00;FLTrust_s7_p0.1_R100_c3ce8de4e3;FLTrust_s8_p0.1_R100_359081ee19;FLTrust_s9_p0.1_R100_d5dc57a22f,results_r02/cyclic/final_FLTrust_s0_p0.1_R100_11fdc95daa.json;results_r02/cyclic/final_FLTrust_s1_p0.1_R100_e57cbb4325.json;results_r02/cyclic/final_FLTrust_s2_p0.1_R100_f8b75cc022.json;results_r02/cyclic/final_FLTrust_s3_p0.1_R100_f3b6628ae1.json;results_r02/cyclic/final_FLTrust_s4_p0.1_R100_cf688bb6fd.json;results_r02/cyclic/final_FLTrust_s5_p0.1_R100_ad2a2c9825.json;results_r02/cyclic/final_FLTrust_s6_p0.1_R100_7198d30f00.json;results_r02/cyclic/final_FLTrust_s7_p0.1_R100_c3ce8de4e3.json;results_r02/cyclic/final_FLTrust_s8_p0.1_R100_359081ee19.json;results_r02/cyclic/final_FLTrust_s9_p0.1_R100_d5dc57a22f.json,
Table B2 cyclic macro-F1,tab:cyclic_f1,FLTrust,ratio 0.2,89.0$\pm$1.0,89.0±1.0,yes,10,FLTrust_s0_p0.2_R100_2261185c3c;FLTrust_s1_p0.2_R100_e3598a4a40;FLTrust_s2_p0.2_R100_3dfd03a066;FLTrust_s3_p0.2_R100_913b2d1c9f;FLTrust_s4_p0.2_R100_9dfc63b25a;FLTrust_s5_p0.2_R100_be8787bad5;FLTrust_s6_p0.2_R100_3ad905c688;FLTrust_s7_p0.2_R100_c1acd7001d;FLTrust_s8_p0.2_R100_13de8ca361;FLTrust_s9_p0.2_R100_2b565126dd,results_r02/cyclic/final_FLTrust_s0_p0.2_R100_2261185c3c.json;results_r02/cyclic/final_FLTrust_s1_p0.2_R100_e3598a4a40.json;results_r02/cyclic/final_FLTrust_s2_p0.2_R100_3dfd03a066.json;results_r02/cyclic/final_FLTrust_s3_p0.2_R100_913b2d1c9f.json;results_r02/cyclic/final_FLTrust_s4_p0.2_R100_9dfc63b25a.json;results_r02/cyclic/final_FLTrust_s5_p0.2_R100_be8787bad5.json;results_r02/cyclic/final_FLTrust_s6_p0.2_R100_3ad905c688.json;results_r02/cyclic/final_FLTrust_s7_p0.2_R100_c1acd7001d.json;results_r02/cyclic/final_FLTrust_s8_p0.2_R100_13de8ca361.json;results_r02/cyclic/final_FLTrust_s9_p0.2_R100_2b565126dd.json,
Table B2 cyclic macro-F1,tab:cyclic_f1,FLTrust,ratio 0.3,88.3$\pm$2.0,88.3±2.0,yes,10,FLTrust_s0_p0.3_R100_2a587e54dd;FLTrust_s1_p0.3_R100_fffebfa527;FLTrust_s2_p0.3_R100_c69ab088ac;FLTrust_s3_p0.3_R100_418445c611;FLTrust_s4_p0.3_R100_d5fd4f4748;FLTrust_s5_p0.3_R100_1f60a86aac;FLTrust_s6_p0.3_R100_a947b0b514;FLTrust_s7_p0.3_R100_f8e3db7e9d;FLTrust_s8_p0.3_R100_ab6de07759;FLTrust_s9_p0.3_R100_626f619e52,results_r02/cyclic/final_FLTrust_s0_p0.3_R100_2a587e54dd.json;results_r02/cyclic/final_FLTrust_s1_p0.3_R100_fffebfa527.json;results_r02/cyclic/final_FLTrust_s2_p0.3_R100_c69ab088ac.json;results_r02/cyclic/final_FLTrust_s3_p0.3_R100_418445c611.json;results_r02/cyclic/final_FLTrust_s4_p0.3_R100_d5fd4f4748.json;results_r02/cyclic/final_FLTrust_s5_p0.3_R100_1f60a86aac.json;results_r02/cyclic/final_FLTrust_s6_p0.3_R100_a947b0b514.json;results_r02/cyclic/final_FLTrust_s7_p0.3_R100_f8e3db7e9d.json;results_r02/cyclic/final_FLTrust_s8_p0.3_R100_ab6de07759.json;results_r02/cyclic/final_FLTrust_s9_p0.3_R100_626f619e52.json,
Table B2 cyclic macro-F1,tab:cyclic_f1,FLTrust,ratio 0.4,88.3$\pm$2.2,88.3±2.2,yes,10,FLTrust_s0_p0.4_R100_e67100009e;FLTrust_s1_p0.4_R100_7b0b3f2cec;FLTrust_s2_p0.4_R100_2a4cb83df4;FLTrust_s3_p0.4_R100_e2e43ebff6;FLTrust_s4_p0.4_R100_c5c1bb6649;FLTrust_s5_p0.4_R100_3de8530e02;FLTrust_s6_p0.4_R100_0c0c471968;FLTrust_s7_p0.4_R100_4fda3a3346;FLTrust_s8_p0.4_R100_727c53cf39;FLTrust_s9_p0.4_R100_d0eac898cd,results_r02/cyclic/final_FLTrust_s0_p0.4_R100_e67100009e.json;results_r02/cyclic/final_FLTrust_s1_p0.4_R100_7b0b3f2cec.json;results_r02/cyclic/final_FLTrust_s2_p0.4_R100_2a4cb83df4.json;results_r02/cyclic/final_FLTrust_s3_p0.4_R100_e2e43ebff6.json;results_r02/cyclic/final_FLTrust_s4_p0.4_R100_c5c1bb6649.json;results_r02/cyclic/final_FLTrust_s5_p0.4_R100_3de8530e02.json;results_r02/cyclic/final_FLTrust_s6_p0.4_R100_0c0c471968.json;results_r02/cyclic/final_FLTrust_s7_p0.4_R100_4fda3a3346.json;results_r02/cyclic/final_FLTrust_s8_p0.4_R100_727c53cf39.json;results_r02/cyclic/final_FLTrust_s9_p0.4_R100_d0eac898cd.json,
Table B2 cyclic macro-F1,tab:cyclic_f1,FLTrust,ratio 0.5,87.4$\pm$3.4,87.4±3.4,yes,10,FLTrust_s0_p0.5_R100_892e1f961e;FLTrust_s1_p0.5_R100_04f8aaa568;FLTrust_s2_p0.5_R100_8c9c11fd8d;FLTrust_s3_p0.5_R100_25626e7a92;FLTrust_s4_p0.5_R100_28f0779bac;FLTrust_s5_p0.5_R100_a39c9814db;FLTrust_s6_p0.5_R100_683f452506;FLTrust_s7_p0.5_R100_113ba1dfeb;FLTrust_s8_p0.5_R100_2b7f5178ca;FLTrust_s9_p0.5_R100_079ec14b5c,results_r02/cyclic/final_FLTrust_s0_p0.5_R100_892e1f961e.json;results_r02/cyclic/final_FLTrust_s1_p0.5_R100_04f8aaa568.json;results_r02/cyclic/final_FLTrust_s2_p0.5_R100_8c9c11fd8d.json;results_r02/cyclic/final_FLTrust_s3_p0.5_R100_25626e7a92.json;results_r02/cyclic/final_FLTrust_s4_p0.5_R100_28f0779bac.json;results_r02/cyclic/final_FLTrust_s5_p0.5_R100_a39c9814db.json;results_r02/cyclic/final_FLTrust_s6_p0.5_R100_683f452506.json;results_r02/cyclic/final_FLTrust_s7_p0.5_R100_113ba1dfeb.json;results_r02/cyclic/final_FLTrust_s8_p0.5_R100_2b7f5178ca.json;results_r02/cyclic/final_FLTrust_s9_p0.5_R100_079ec14b5c.json,
Table B2 cyclic macro-F1,tab:cyclic_f1,FLTrust,ratio 0.6,86.1$\pm$3.6,86.1±3.6,yes,10,FLTrust_s0_p0.6_R100_1407687b0c;FLTrust_s1_p0.6_R100_1598a22c8b;FLTrust_s2_p0.6_R100_6d77cc2576;FLTrust_s3_p0.6_R100_b55e324fb2;FLTrust_s4_p0.6_R100_169ac615db;FLTrust_s5_p0.6_R100_4c0a96eb8b;FLTrust_s6_p0.6_R100_5ef8a30ea0;FLTrust_s7_p0.6_R100_e22a32b1d2;FLTrust_s8_p0.6_R100_4a5c0133fb;FLTrust_s9_p0.6_R100_a6879cead4,results_r02/cyclic/final_FLTrust_s0_p0.6_R100_1407687b0c.json;results_r02/cyclic/final_FLTrust_s1_p0.6_R100_1598a22c8b.json;results_r02/cyclic/final_FLTrust_s2_p0.6_R100_6d77cc2576.json;results_r02/cyclic/final_FLTrust_s3_p0.6_R100_b55e324fb2.json;results_r02/cyclic/final_FLTrust_s4_p0.6_R100_169ac615db.json;results_r02/cyclic/final_FLTrust_s5_p0.6_R100_4c0a96eb8b.json;results_r02/cyclic/final_FLTrust_s6_p0.6_R100_5ef8a30ea0.json;results_r02/cyclic/final_FLTrust_s7_p0.6_R100_e22a32b1d2.json;results_r02/cyclic/final_FLTrust_s8_p0.6_R100_4a5c0133fb.json;results_r02/cyclic/final_FLTrust_s9_p0.6_R100_a6879cead4.json,
Table B2 cyclic macro-F1,tab:cyclic_f1,FLTrust,ratio 0.7,85.5$\pm$5.3,85.5±5.3,yes,10,FLTrust_s0_p0.7_R100_301594895e;FLTrust_s1_p0.7_R100_6d9c0244c9;FLTrust_s2_p0.7_R100_cf56dabf6b;FLTrust_s3_p0.7_R100_b510f95559;FLTrust_s4_p0.7_R100_d854e87c87;FLTrust_s5_p0.7_R100_121eb4a2f5;FLTrust_s6_p0.7_R100_24b045190a;FLTrust_s7_p0.7_R100_57ecf5a69c;FLTrust_s8_p0.7_R100_77056b5955;FLTrust_s9_p0.7_R100_5964086b55,results_r02/cyclic/final_FLTrust_s0_p0.7_R100_301594895e.json;results_r02/cyclic/final_FLTrust_s1_p0.7_R100_6d9c0244c9.json;results_r02/cyclic/final_FLTrust_s2_p0.7_R100_cf56dabf6b.json;results_r02/cyclic/final_FLTrust_s3_p0.7_R100_b510f95559.json;results_r02/cyclic/final_FLTrust_s4_p0.7_R100_d854e87c87.json;results_r02/cyclic/final_FLTrust_s5_p0.7_R100_121eb4a2f5.json;results_r02/cyclic/final_FLTrust_s6_p0.7_R100_24b045190a.json;results_r02/cyclic/final_FLTrust_s7_p0.7_R100_57ecf5a69c.json;results_r02/cyclic/final_FLTrust_s8_p0.7_R100_77056b5955.json;results_r02/cyclic/final_FLTrust_s9_p0.7_R100_5964086b55.json,
Table B2 cyclic macro-F1,tab:cyclic_f1,FLTrust,ratio 0.8,84.9$\pm$4.2,84.9±4.2,yes,10,FLTrust_s0_p0.8_R100_e230a1e18c;FLTrust_s1_p0.8_R100_c006539407;FLTrust_s2_p0.8_R100_445800e3a3;FLTrust_s3_p0.8_R100_caf1bd9758;FLTrust_s4_p0.8_R100_1ab2c52c9f;FLTrust_s5_p0.8_R100_284eed6ba1;FLTrust_s6_p0.8_R100_6e38ae2f5e;FLTrust_s7_p0.8_R100_f96f68c559;FLTrust_s8_p0.8_R100_fdd7ed8b5e;FLTrust_s9_p0.8_R100_23bb63cb6a,results_r02/cyclic/final_FLTrust_s0_p0.8_R100_e230a1e18c.json;results_r02/cyclic/final_FLTrust_s1_p0.8_R100_c006539407.json;results_r02/cyclic/final_FLTrust_s2_p0.8_R100_445800e3a3.json;results_r02/cyclic/final_FLTrust_s3_p0.8_R100_caf1bd9758.json;results_r02/cyclic/final_FLTrust_s4_p0.8_R100_1ab2c52c9f.json;results_r02/cyclic/final_FLTrust_s5_p0.8_R100_284eed6ba1.json;results_r02/cyclic/final_FLTrust_s6_p0.8_R100_6e38ae2f5e.json;results_r02/cyclic/final_FLTrust_s7_p0.8_R100_f96f68c559.json;results_r02/cyclic/final_FLTrust_s8_p0.8_R100_fdd7ed8b5e.json;results_r02/cyclic/final_FLTrust_s9_p0.8_R100_23bb63cb6a.json,
Table B2 cyclic macro-F1,tab:cyclic_f1,FLTrust,ratio 0.9,73.9$\pm$13.7,73.9±13.7,yes,10,FLTrust_s0_p0.9_R100_1d711cac0c;FLTrust_s1_p0.9_R100_68d2710ef8;FLTrust_s2_p0.9_R100_331a550900;FLTrust_s3_p0.9_R100_de67d371cb;FLTrust_s4_p0.9_R100_32a885f2c1;FLTrust_s5_p0.9_R100_679a4cd5bf;FLTrust_s6_p0.9_R100_4f44848f42;FLTrust_s7_p0.9_R100_97ffcfa95b;FLTrust_s8_p0.9_R100_01b4aa56a0;FLTrust_s9_p0.9_R100_fb0ef2aacc,results_r02/cyclic/final_FLTrust_s0_p0.9_R100_1d711cac0c.json;results_r02/cyclic/final_FLTrust_s1_p0.9_R100_68d2710ef8.json;results_r02/cyclic/final_FLTrust_s2_p0.9_R100_331a550900.json;results_r02/cyclic/final_FLTrust_s3_p0.9_R100_de67d371cb.json;results_r02/cyclic/final_FLTrust_s4_p0.9_R100_32a885f2c1.json;results_r02/cyclic/final_FLTrust_s5_p0.9_R100_679a4cd5bf.json;results_r02/cyclic/final_FLTrust_s6_p0.9_R100_4f44848f42.json;results_r02/cyclic/final_FLTrust_s7_p0.9_R100_97ffcfa95b.json;results_r02/cyclic/final_FLTrust_s8_p0.9_R100_01b4aa56a0.json;results_r02/cyclic/final_FLTrust_s9_p0.9_R100_fb0ef2aacc.json,
Table B2 cyclic macro-F1,tab:cyclic_f1,DyF-ZTL-v1,ratio 0.0,88.0$\pm$3.4,88.0±3.4,yes,10,DyF-ZTL-v1_s0_p0.0_R100_9896d0158a;DyF-ZTL-v1_s1_p0.0_R100_b0708ac8ab;DyF-ZTL-v1_s2_p0.0_R100_d041ed3eb5;DyF-ZTL-v1_s3_p0.0_R100_ace3bf9976;DyF-ZTL-v1_s4_p0.0_R100_e44acea027;DyF-ZTL-v1_s5_p0.0_R100_d83108c089;DyF-ZTL-v1_s6_p0.0_R100_9801859a00;DyF-ZTL-v1_s7_p0.0_R100_2cf9ec1a24;DyF-ZTL-v1_s8_p0.0_R100_a9b7a22a9b;DyF-ZTL-v1_s9_p0.0_R100_d112ac6448,results_r02/cyclic/final_DyF-ZTL-v1_s0_p0.0_R100_9896d0158a.json;results_r02/cyclic/final_DyF-ZTL-v1_s1_p0.0_R100_b0708ac8ab.json;results_r02/cyclic/final_DyF-ZTL-v1_s2_p0.0_R100_d041ed3eb5.json;results_r02/cyclic/final_DyF-ZTL-v1_s3_p0.0_R100_ace3bf9976.json;results_r02/cyclic/final_DyF-ZTL-v1_s4_p0.0_R100_e44acea027.json;results_r02/cyclic/final_DyF-ZTL-v1_s5_p0.0_R100_d83108c089.json;results_r02/cyclic/final_DyF-ZTL-v1_s6_p0.0_R100_9801859a00.json;results_r02/cyclic/final_DyF-ZTL-v1_s7_p0.0_R100_2cf9ec1a24.json;results_r02/cyclic/final_DyF-ZTL-v1_s8_p0.0_R100_a9b7a22a9b.json;results_r02/cyclic/final_DyF-ZTL-v1_s9_p0.0_R100_d112ac6448.json,
Table B2 cyclic macro-F1,tab:cyclic_f1,DyF-ZTL-v1,ratio 0.1,89.1$\pm$2.1,89.1±2.1,yes,10,DyF-ZTL-v1_s0_p0.1_R100_ae70a20e39;DyF-ZTL-v1_s1_p0.1_R100_294d24a242;DyF-ZTL-v1_s2_p0.1_R100_0fd0674552;DyF-ZTL-v1_s3_p0.1_R100_cef5a18f97;DyF-ZTL-v1_s4_p0.1_R100_175b95a39b;DyF-ZTL-v1_s5_p0.1_R100_0cd1552b38;DyF-ZTL-v1_s6_p0.1_R100_9918adccaf;DyF-ZTL-v1_s7_p0.1_R100_2bb3df5803;DyF-ZTL-v1_s8_p0.1_R100_40dab9c56e;DyF-ZTL-v1_s9_p0.1_R100_d1e6e48482,results_r02/cyclic/final_DyF-ZTL-v1_s0_p0.1_R100_ae70a20e39.json;results_r02/cyclic/final_DyF-ZTL-v1_s1_p0.1_R100_294d24a242.json;results_r02/cyclic/final_DyF-ZTL-v1_s2_p0.1_R100_0fd0674552.json;results_r02/cyclic/final_DyF-ZTL-v1_s3_p0.1_R100_cef5a18f97.json;results_r02/cyclic/final_DyF-ZTL-v1_s4_p0.1_R100_175b95a39b.json;results_r02/cyclic/final_DyF-ZTL-v1_s5_p0.1_R100_0cd1552b38.json;results_r02/cyclic/final_DyF-ZTL-v1_s6_p0.1_R100_9918adccaf.json;results_r02/cyclic/final_DyF-ZTL-v1_s7_p0.1_R100_2bb3df5803.json;results_r02/cyclic/final_DyF-ZTL-v1_s8_p0.1_R100_40dab9c56e.json;results_r02/cyclic/final_DyF-ZTL-v1_s9_p0.1_R100_d1e6e48482.json,
Table B2 cyclic macro-F1,tab:cyclic_f1,DyF-ZTL-v1,ratio 0.2,88.9$\pm$3.6,88.9±3.6,yes,10,DyF-ZTL-v1_s0_p0.2_R100_b679e9d7e3;DyF-ZTL-v1_s1_p0.2_R100_13be3a7b4b;DyF-ZTL-v1_s2_p0.2_R100_f4f7ac7014;DyF-ZTL-v1_s3_p0.2_R100_05db6d8c46;DyF-ZTL-v1_s4_p0.2_R100_3d61ce4bbf;DyF-ZTL-v1_s5_p0.2_R100_54b28e08c3;DyF-ZTL-v1_s6_p0.2_R100_43c29e8632;DyF-ZTL-v1_s7_p0.2_R100_72f3834c99;DyF-ZTL-v1_s8_p0.2_R100_ada52a0453;DyF-ZTL-v1_s9_p0.2_R100_f5ec859696,results_r02/cyclic/final_DyF-ZTL-v1_s0_p0.2_R100_b679e9d7e3.json;results_r02/cyclic/final_DyF-ZTL-v1_s1_p0.2_R100_13be3a7b4b.json;results_r02/cyclic/final_DyF-ZTL-v1_s2_p0.2_R100_f4f7ac7014.json;results_r02/cyclic/final_DyF-ZTL-v1_s3_p0.2_R100_05db6d8c46.json;results_r02/cyclic/final_DyF-ZTL-v1_s4_p0.2_R100_3d61ce4bbf.json;results_r02/cyclic/final_DyF-ZTL-v1_s5_p0.2_R100_54b28e08c3.json;results_r02/cyclic/final_DyF-ZTL-v1_s6_p0.2_R100_43c29e8632.json;results_r02/cyclic/final_DyF-ZTL-v1_s7_p0.2_R100_72f3834c99.json;results_r02/cyclic/final_DyF-ZTL-v1_s8_p0.2_R100_ada52a0453.json;results_r02/cyclic/final_DyF-ZTL-v1_s9_p0.2_R100_f5ec859696.json,
Table B2 cyclic macro-F1,tab:cyclic_f1,DyF-ZTL-v1,ratio 0.3,88.1$\pm$2.8,88.1±2.8,yes,10,DyF-ZTL-v1_s0_p0.3_R100_f565729729;DyF-ZTL-v1_s1_p0.3_R100_b107c9b460;DyF-ZTL-v1_s2_p0.3_R100_bf3268a010;DyF-ZTL-v1_s3_p0.3_R100_edede9410d;DyF-ZTL-v1_s4_p0.3_R100_848cf52505;DyF-ZTL-v1_s5_p0.3_R100_82a564b850;DyF-ZTL-v1_s6_p0.3_R100_3c706e92cf;DyF-ZTL-v1_s7_p0.3_R100_ed582cd641;DyF-ZTL-v1_s8_p0.3_R100_d43a49f47a;DyF-ZTL-v1_s9_p0.3_R100_cf4769dd47,results_r02/cyclic/final_DyF-ZTL-v1_s0_p0.3_R100_f565729729.json;results_r02/cyclic/final_DyF-ZTL-v1_s1_p0.3_R100_b107c9b460.json;results_r02/cyclic/final_DyF-ZTL-v1_s2_p0.3_R100_bf3268a010.json;results_r02/cyclic/final_DyF-ZTL-v1_s3_p0.3_R100_edede9410d.json;results_r02/cyclic/final_DyF-ZTL-v1_s4_p0.3_R100_848cf52505.json;results_r02/cyclic/final_DyF-ZTL-v1_s5_p0.3_R100_82a564b850.json;results_r02/cyclic/final_DyF-ZTL-v1_s6_p0.3_R100_3c706e92cf.json;results_r02/cyclic/final_DyF-ZTL-v1_s7_p0.3_R100_ed582cd641.json;results_r02/cyclic/final_DyF-ZTL-v1_s8_p0.3_R100_d43a49f47a.json;results_r02/cyclic/final_DyF-ZTL-v1_s9_p0.3_R100_cf4769dd47.json,
Table B2 cyclic macro-F1,tab:cyclic_f1,DyF-ZTL-v1,ratio 0.4,88.4$\pm$2.7,88.4±2.7,yes,10,DyF-ZTL-v1_s0_p0.4_R100_38303997e3;DyF-ZTL-v1_s1_p0.4_R100_15439a1535;DyF-ZTL-v1_s2_p0.4_R100_d070485c52;DyF-ZTL-v1_s3_p0.4_R100_6d39dc855d;DyF-ZTL-v1_s4_p0.4_R100_d7bf6561a3;DyF-ZTL-v1_s5_p0.4_R100_5669c10488;DyF-ZTL-v1_s6_p0.4_R100_e466cef47d;DyF-ZTL-v1_s7_p0.4_R100_f658925242;DyF-ZTL-v1_s8_p0.4_R100_dc4210b861;DyF-ZTL-v1_s9_p0.4_R100_cfcbd4ff65,results_r02/cyclic/final_DyF-ZTL-v1_s0_p0.4_R100_38303997e3.json;results_r02/cyclic/final_DyF-ZTL-v1_s1_p0.4_R100_15439a1535.json;results_r02/cyclic/final_DyF-ZTL-v1_s2_p0.4_R100_d070485c52.json;results_r02/cyclic/final_DyF-ZTL-v1_s3_p0.4_R100_6d39dc855d.json;results_r02/cyclic/final_DyF-ZTL-v1_s4_p0.4_R100_d7bf6561a3.json;results_r02/cyclic/final_DyF-ZTL-v1_s5_p0.4_R100_5669c10488.json;results_r02/cyclic/final_DyF-ZTL-v1_s6_p0.4_R100_e466cef47d.json;results_r02/cyclic/final_DyF-ZTL-v1_s7_p0.4_R100_f658925242.json;results_r02/cyclic/final_DyF-ZTL-v1_s8_p0.4_R100_dc4210b861.json;results_r02/cyclic/final_DyF-ZTL-v1_s9_p0.4_R100_cfcbd4ff65.json,
Table B2 cyclic macro-F1,tab:cyclic_f1,DyF-ZTL-v1,ratio 0.5,87.4$\pm$4.7,87.4±4.7,yes,10,DyF-ZTL-v1_s0_p0.5_R100_f5b2d43727;DyF-ZTL-v1_s1_p0.5_R100_6053731ff9;DyF-ZTL-v1_s2_p0.5_R100_dcb7f4a903;DyF-ZTL-v1_s3_p0.5_R100_0568f40fb3;DyF-ZTL-v1_s4_p0.5_R100_55efbd414d;DyF-ZTL-v1_s5_p0.5_R100_280ab2238c;DyF-ZTL-v1_s6_p0.5_R100_08d7dc935b;DyF-ZTL-v1_s7_p0.5_R100_8f8bb60235;DyF-ZTL-v1_s8_p0.5_R100_dbc6d0ce86;DyF-ZTL-v1_s9_p0.5_R100_a327b40034,results_r02/cyclic/final_DyF-ZTL-v1_s0_p0.5_R100_f5b2d43727.json;results_r02/cyclic/final_DyF-ZTL-v1_s1_p0.5_R100_6053731ff9.json;results_r02/cyclic/final_DyF-ZTL-v1_s2_p0.5_R100_dcb7f4a903.json;results_r02/cyclic/final_DyF-ZTL-v1_s3_p0.5_R100_0568f40fb3.json;results_r02/cyclic/final_DyF-ZTL-v1_s4_p0.5_R100_55efbd414d.json;results_r02/cyclic/final_DyF-ZTL-v1_s5_p0.5_R100_280ab2238c.json;results_r02/cyclic/final_DyF-ZTL-v1_s6_p0.5_R100_08d7dc935b.json;results_r02/cyclic/final_DyF-ZTL-v1_s7_p0.5_R100_8f8bb60235.json;results_r02/cyclic/final_DyF-ZTL-v1_s8_p0.5_R100_dbc6d0ce86.json;results_r02/cyclic/final_DyF-ZTL-v1_s9_p0.5_R100_a327b40034.json,
Table B2 cyclic macro-F1,tab:cyclic_f1,DyF-ZTL-v1,ratio 0.6,84.5$\pm$12.4,84.5±12.4,yes,10,DyF-ZTL-v1_s0_p0.6_R100_a913f06ad9;DyF-ZTL-v1_s1_p0.6_R100_c69aabb514;DyF-ZTL-v1_s2_p0.6_R100_448ac7937a;DyF-ZTL-v1_s3_p0.6_R100_81129ca287;DyF-ZTL-v1_s4_p0.6_R100_b508f07d5e;DyF-ZTL-v1_s5_p0.6_R100_230baccd87;DyF-ZTL-v1_s6_p0.6_R100_690ce4459b;DyF-ZTL-v1_s7_p0.6_R100_ee898999b5;DyF-ZTL-v1_s8_p0.6_R100_b720993ac4;DyF-ZTL-v1_s9_p0.6_R100_08cf4847c0,results_r02/cyclic/final_DyF-ZTL-v1_s0_p0.6_R100_a913f06ad9.json;results_r02/cyclic/final_DyF-ZTL-v1_s1_p0.6_R100_c69aabb514.json;results_r02/cyclic/final_DyF-ZTL-v1_s2_p0.6_R100_448ac7937a.json;results_r02/cyclic/final_DyF-ZTL-v1_s3_p0.6_R100_81129ca287.json;results_r02/cyclic/final_DyF-ZTL-v1_s4_p0.6_R100_b508f07d5e.json;results_r02/cyclic/final_DyF-ZTL-v1_s5_p0.6_R100_230baccd87.json;results_r02/cyclic/final_DyF-ZTL-v1_s6_p0.6_R100_690ce4459b.json;results_r02/cyclic/final_DyF-ZTL-v1_s7_p0.6_R100_ee898999b5.json;results_r02/cyclic/final_DyF-ZTL-v1_s8_p0.6_R100_b720993ac4.json;results_r02/cyclic/final_DyF-ZTL-v1_s9_p0.6_R100_08cf4847c0.json,
Table B2 cyclic macro-F1,tab:cyclic_f1,DyF-ZTL-v1,ratio 0.7,83.8$\pm$12.6,83.8±12.6,yes,10,DyF-ZTL-v1_s0_p0.7_R100_a7b9164cfc;DyF-ZTL-v1_s1_p0.7_R100_cddb1b82f8;DyF-ZTL-v1_s2_p0.7_R100_f4241c60d4;DyF-ZTL-v1_s3_p0.7_R100_2b4b0d18e2;DyF-ZTL-v1_s4_p0.7_R100_1961465625;DyF-ZTL-v1_s5_p0.7_R100_57002037a7;DyF-ZTL-v1_s6_p0.7_R100_386069fd4f;DyF-ZTL-v1_s7_p0.7_R100_aafd819eba;DyF-ZTL-v1_s8_p0.7_R100_dcaba2f833;DyF-ZTL-v1_s9_p0.7_R100_1ba2c54f1e,results_r02/cyclic/final_DyF-ZTL-v1_s0_p0.7_R100_a7b9164cfc.json;results_r02/cyclic/final_DyF-ZTL-v1_s1_p0.7_R100_cddb1b82f8.json;results_r02/cyclic/final_DyF-ZTL-v1_s2_p0.7_R100_f4241c60d4.json;results_r02/cyclic/final_DyF-ZTL-v1_s3_p0.7_R100_2b4b0d18e2.json;results_r02/cyclic/final_DyF-ZTL-v1_s4_p0.7_R100_1961465625.json;results_r02/cyclic/final_DyF-ZTL-v1_s5_p0.7_R100_57002037a7.json;results_r02/cyclic/final_DyF-ZTL-v1_s6_p0.7_R100_386069fd4f.json;results_r02/cyclic/final_DyF-ZTL-v1_s7_p0.7_R100_aafd819eba.json;results_r02/cyclic/final_DyF-ZTL-v1_s8_p0.7_R100_dcaba2f833.json;results_r02/cyclic/final_DyF-ZTL-v1_s9_p0.7_R100_1ba2c54f1e.json,
Table B2 cyclic macro-F1,tab:cyclic_f1,DyF-ZTL-v1,ratio 0.8,86.3$\pm$3.4,86.3±3.4,yes,10,DyF-ZTL-v1_s0_p0.8_R100_bfa9111c72;DyF-ZTL-v1_s1_p0.8_R100_37816ae7d1;DyF-ZTL-v1_s2_p0.8_R100_479694898b;DyF-ZTL-v1_s3_p0.8_R100_ad71107ed9;DyF-ZTL-v1_s4_p0.8_R100_56336ad150;DyF-ZTL-v1_s5_p0.8_R100_852871b80d;DyF-ZTL-v1_s6_p0.8_R100_5e966240f1;DyF-ZTL-v1_s7_p0.8_R100_a747e4dffd;DyF-ZTL-v1_s8_p0.8_R100_e950e75624;DyF-ZTL-v1_s9_p0.8_R100_fb9e8ee6c3,results_r02/cyclic/final_DyF-ZTL-v1_s0_p0.8_R100_bfa9111c72.json;results_r02/cyclic/final_DyF-ZTL-v1_s1_p0.8_R100_37816ae7d1.json;results_r02/cyclic/final_DyF-ZTL-v1_s2_p0.8_R100_479694898b.json;results_r02/cyclic/final_DyF-ZTL-v1_s3_p0.8_R100_ad71107ed9.json;results_r02/cyclic/final_DyF-ZTL-v1_s4_p0.8_R100_56336ad150.json;results_r02/cyclic/final_DyF-ZTL-v1_s5_p0.8_R100_852871b80d.json;results_r02/cyclic/final_DyF-ZTL-v1_s6_p0.8_R100_5e966240f1.json;results_r02/cyclic/final_DyF-ZTL-v1_s7_p0.8_R100_a747e4dffd.json;results_r02/cyclic/final_DyF-ZTL-v1_s8_p0.8_R100_e950e75624.json;results_r02/cyclic/final_DyF-ZTL-v1_s9_p0.8_R100_fb9e8ee6c3.json,
Table B2 cyclic macro-F1,tab:cyclic_f1,DyF-ZTL-v1,ratio 0.9,72.3$\pm$14.7,72.3±14.7,yes,10,DyF-ZTL-v1_s0_p0.9_R100_8ba46e2f8e;DyF-ZTL-v1_s1_p0.9_R100_aaff66b8ba;DyF-ZTL-v1_s2_p0.9_R100_c5a9fcc3ac;DyF-ZTL-v1_s3_p0.9_R100_46f526bff6;DyF-ZTL-v1_s4_p0.9_R100_91001b2fa5;DyF-ZTL-v1_s5_p0.9_R100_386666ff77;DyF-ZTL-v1_s6_p0.9_R100_4ac3f2efac;DyF-ZTL-v1_s7_p0.9_R100_a747c90425;DyF-ZTL-v1_s8_p0.9_R100_0df5cf7d5e;DyF-ZTL-v1_s9_p0.9_R100_b8fdf899ef,results_r02/cyclic/final_DyF-ZTL-v1_s0_p0.9_R100_8ba46e2f8e.json;results_r02/cyclic/final_DyF-ZTL-v1_s1_p0.9_R100_aaff66b8ba.json;results_r02/cyclic/final_DyF-ZTL-v1_s2_p0.9_R100_c5a9fcc3ac.json;results_r02/cyclic/final_DyF-ZTL-v1_s3_p0.9_R100_46f526bff6.json;results_r02/cyclic/final_DyF-ZTL-v1_s4_p0.9_R100_91001b2fa5.json;results_r02/cyclic/final_DyF-ZTL-v1_s5_p0.9_R100_386666ff77.json;results_r02/cyclic/final_DyF-ZTL-v1_s6_p0.9_R100_4ac3f2efac.json;results_r02/cyclic/final_DyF-ZTL-v1_s7_p0.9_R100_a747c90425.json;results_r02/cyclic/final_DyF-ZTL-v1_s8_p0.9_R100_0df5cf7d5e.json;results_r02/cyclic/final_DyF-ZTL-v1_s9_p0.9_R100_b8fdf899ef.json,
Table B2 cyclic macro-F1,tab:cyclic_f1,FedAvg,ratio 0.0,58.6$\pm$8.6,58.6±8.6,yes,10,FedAvg_s0_p0.0_R100_9add646d27;FedAvg_s1_p0.0_R100_7ae9638e84;FedAvg_s2_p0.0_R100_3178b8f1fe;FedAvg_s3_p0.0_R100_e425264eaa;FedAvg_s4_p0.0_R100_4e2f8ff346;FedAvg_s5_p0.0_R100_e0bfccaebf;FedAvg_s6_p0.0_R100_da40b2fd5a;FedAvg_s7_p0.0_R100_72763c926c;FedAvg_s8_p0.0_R100_853c41f2a8;FedAvg_s9_p0.0_R100_740fd507a3,results_r02/cyclic/final_FedAvg_s0_p0.0_R100_9add646d27.json;results_r02/cyclic/final_FedAvg_s1_p0.0_R100_7ae9638e84.json;results_r02/cyclic/final_FedAvg_s2_p0.0_R100_3178b8f1fe.json;results_r02/cyclic/final_FedAvg_s3_p0.0_R100_e425264eaa.json;results_r02/cyclic/final_FedAvg_s4_p0.0_R100_4e2f8ff346.json;results_r02/cyclic/final_FedAvg_s5_p0.0_R100_e0bfccaebf.json;results_r02/cyclic/final_FedAvg_s6_p0.0_R100_da40b2fd5a.json;results_r02/cyclic/final_FedAvg_s7_p0.0_R100_72763c926c.json;results_r02/cyclic/final_FedAvg_s8_p0.0_R100_853c41f2a8.json;results_r02/cyclic/final_FedAvg_s9_p0.0_R100_740fd507a3.json,
Table B2 cyclic macro-F1,tab:cyclic_f1,FedAvg,ratio 0.1,58.0$\pm$6.9,58.0±6.9,yes,10,FedAvg_s0_p0.1_R100_dc66ac6689;FedAvg_s1_p0.1_R100_38fee838da;FedAvg_s2_p0.1_R100_be1387cf1a;FedAvg_s3_p0.1_R100_0613eca889;FedAvg_s4_p0.1_R100_d17c95fca0;FedAvg_s5_p0.1_R100_0d9fb04331;FedAvg_s6_p0.1_R100_300cf86d5b;FedAvg_s7_p0.1_R100_858272129b;FedAvg_s8_p0.1_R100_6e1e20f2a3;FedAvg_s9_p0.1_R100_8ec4bf9b05,results_r02/cyclic/final_FedAvg_s0_p0.1_R100_dc66ac6689.json;results_r02/cyclic/final_FedAvg_s1_p0.1_R100_38fee838da.json;results_r02/cyclic/final_FedAvg_s2_p0.1_R100_be1387cf1a.json;results_r02/cyclic/final_FedAvg_s3_p0.1_R100_0613eca889.json;results_r02/cyclic/final_FedAvg_s4_p0.1_R100_d17c95fca0.json;results_r02/cyclic/final_FedAvg_s5_p0.1_R100_0d9fb04331.json;results_r02/cyclic/final_FedAvg_s6_p0.1_R100_300cf86d5b.json;results_r02/cyclic/final_FedAvg_s7_p0.1_R100_858272129b.json;results_r02/cyclic/final_FedAvg_s8_p0.1_R100_6e1e20f2a3.json;results_r02/cyclic/final_FedAvg_s9_p0.1_R100_8ec4bf9b05.json,
Table B2 cyclic macro-F1,tab:cyclic_f1,FedAvg,ratio 0.2,57.6$\pm$7.3,57.6±7.3,yes,10,FedAvg_s0_p0.2_R100_e5fcf7443a;FedAvg_s1_p0.2_R100_1343f46b4f;FedAvg_s2_p0.2_R100_2dee307498;FedAvg_s3_p0.2_R100_f8ce7bc08f;FedAvg_s4_p0.2_R100_ac2f45d4bb;FedAvg_s5_p0.2_R100_c8a5092224;FedAvg_s6_p0.2_R100_1dff9549b6;FedAvg_s7_p0.2_R100_d4feb62cd4;FedAvg_s8_p0.2_R100_ef7041d026;FedAvg_s9_p0.2_R100_bb05f9afe5,results_r02/cyclic/final_FedAvg_s0_p0.2_R100_e5fcf7443a.json;results_r02/cyclic/final_FedAvg_s1_p0.2_R100_1343f46b4f.json;results_r02/cyclic/final_FedAvg_s2_p0.2_R100_2dee307498.json;results_r02/cyclic/final_FedAvg_s3_p0.2_R100_f8ce7bc08f.json;results_r02/cyclic/final_FedAvg_s4_p0.2_R100_ac2f45d4bb.json;results_r02/cyclic/final_FedAvg_s5_p0.2_R100_c8a5092224.json;results_r02/cyclic/final_FedAvg_s6_p0.2_R100_1dff9549b6.json;results_r02/cyclic/final_FedAvg_s7_p0.2_R100_d4feb62cd4.json;results_r02/cyclic/final_FedAvg_s8_p0.2_R100_ef7041d026.json;results_r02/cyclic/final_FedAvg_s9_p0.2_R100_bb05f9afe5.json,
Table B2 cyclic macro-F1,tab:cyclic_f1,FedAvg,ratio 0.3,54.1$\pm$8.6,54.1±8.6,yes,10,FedAvg_s0_p0.3_R100_ff7527c6f7;FedAvg_s1_p0.3_R100_e297e77d8d;FedAvg_s2_p0.3_R100_629aed076f;FedAvg_s3_p0.3_R100_ae26117cc2;FedAvg_s4_p0.3_R100_7804a79329;FedAvg_s5_p0.3_R100_acbdbf036b;FedAvg_s6_p0.3_R100_0f3bf166c7;FedAvg_s7_p0.3_R100_9516e694e6;FedAvg_s8_p0.3_R100_59a0b812e1;FedAvg_s9_p0.3_R100_5b352d9225,results_r02/cyclic/final_FedAvg_s0_p0.3_R100_ff7527c6f7.json;results_r02/cyclic/final_FedAvg_s1_p0.3_R100_e297e77d8d.json;results_r02/cyclic/final_FedAvg_s2_p0.3_R100_629aed076f.json;results_r02/cyclic/final_FedAvg_s3_p0.3_R100_ae26117cc2.json;results_r02/cyclic/final_FedAvg_s4_p0.3_R100_7804a79329.json;results_r02/cyclic/final_FedAvg_s5_p0.3_R100_acbdbf036b.json;results_r02/cyclic/final_FedAvg_s6_p0.3_R100_0f3bf166c7.json;results_r02/cyclic/final_FedAvg_s7_p0.3_R100_9516e694e6.json;results_r02/cyclic/final_FedAvg_s8_p0.3_R100_59a0b812e1.json;results_r02/cyclic/final_FedAvg_s9_p0.3_R100_5b352d9225.json,
Table B2 cyclic macro-F1,tab:cyclic_f1,FedAvg,ratio 0.4,44.5$\pm$17.5,44.5±17.5,yes,10,FedAvg_s0_p0.4_R100_9ee8431c6d;FedAvg_s1_p0.4_R100_3cc8b68bf0;FedAvg_s2_p0.4_R100_1ce1966aa9;FedAvg_s3_p0.4_R100_224ea56ac3;FedAvg_s4_p0.4_R100_b05a36e17e;FedAvg_s5_p0.4_R100_cbcd79ed37;FedAvg_s6_p0.4_R100_1a9f977415;FedAvg_s7_p0.4_R100_9532b62e80;FedAvg_s8_p0.4_R100_d965e691f8;FedAvg_s9_p0.4_R100_5504d85ca7,results_r02/cyclic/final_FedAvg_s0_p0.4_R100_9ee8431c6d.json;results_r02/cyclic/final_FedAvg_s1_p0.4_R100_3cc8b68bf0.json;results_r02/cyclic/final_FedAvg_s2_p0.4_R100_1ce1966aa9.json;results_r02/cyclic/final_FedAvg_s3_p0.4_R100_224ea56ac3.json;results_r02/cyclic/final_FedAvg_s4_p0.4_R100_b05a36e17e.json;results_r02/cyclic/final_FedAvg_s5_p0.4_R100_cbcd79ed37.json;results_r02/cyclic/final_FedAvg_s6_p0.4_R100_1a9f977415.json;results_r02/cyclic/final_FedAvg_s7_p0.4_R100_9532b62e80.json;results_r02/cyclic/final_FedAvg_s8_p0.4_R100_d965e691f8.json;results_r02/cyclic/final_FedAvg_s9_p0.4_R100_5504d85ca7.json,
Table B2 cyclic macro-F1,tab:cyclic_f1,FedAvg,ratio 0.5,31.1$\pm$19.2,31.1±19.2,yes,10,FedAvg_s0_p0.5_R100_8b10206922;FedAvg_s1_p0.5_R100_ce051f5cdb;FedAvg_s2_p0.5_R100_045cbda40c;FedAvg_s3_p0.5_R100_fb3fd9ec25;FedAvg_s4_p0.5_R100_838324112c;FedAvg_s5_p0.5_R100_9193766fd8;FedAvg_s6_p0.5_R100_4a84194664;FedAvg_s7_p0.5_R100_08fecd14d5;FedAvg_s8_p0.5_R100_ebefecbc08;FedAvg_s9_p0.5_R100_db13b49a67,results_r02/cyclic/final_FedAvg_s0_p0.5_R100_8b10206922.json;results_r02/cyclic/final_FedAvg_s1_p0.5_R100_ce051f5cdb.json;results_r02/cyclic/final_FedAvg_s2_p0.5_R100_045cbda40c.json;results_r02/cyclic/final_FedAvg_s3_p0.5_R100_fb3fd9ec25.json;results_r02/cyclic/final_FedAvg_s4_p0.5_R100_838324112c.json;results_r02/cyclic/final_FedAvg_s5_p0.5_R100_9193766fd8.json;results_r02/cyclic/final_FedAvg_s6_p0.5_R100_4a84194664.json;results_r02/cyclic/final_FedAvg_s7_p0.5_R100_08fecd14d5.json;results_r02/cyclic/final_FedAvg_s8_p0.5_R100_ebefecbc08.json;results_r02/cyclic/final_FedAvg_s9_p0.5_R100_db13b49a67.json,
Table B2 cyclic macro-F1,tab:cyclic_f1,FedAvg,ratio 0.6,20.4$\pm$18.3,20.4±18.3,yes,10,FedAvg_s0_p0.6_R100_11df2fc8e5;FedAvg_s1_p0.6_R100_169191ed39;FedAvg_s2_p0.6_R100_b90e318e91;FedAvg_s3_p0.6_R100_d214071280;FedAvg_s4_p0.6_R100_981dbc834e;FedAvg_s5_p0.6_R100_fbe0e0438d;FedAvg_s6_p0.6_R100_c98b0df986;FedAvg_s7_p0.6_R100_ef0575da6d;FedAvg_s8_p0.6_R100_b44a831660;FedAvg_s9_p0.6_R100_8b7c613670,results_r02/cyclic/final_FedAvg_s0_p0.6_R100_11df2fc8e5.json;results_r02/cyclic/final_FedAvg_s1_p0.6_R100_169191ed39.json;results_r02/cyclic/final_FedAvg_s2_p0.6_R100_b90e318e91.json;results_r02/cyclic/final_FedAvg_s3_p0.6_R100_d214071280.json;results_r02/cyclic/final_FedAvg_s4_p0.6_R100_981dbc834e.json;results_r02/cyclic/final_FedAvg_s5_p0.6_R100_fbe0e0438d.json;results_r02/cyclic/final_FedAvg_s6_p0.6_R100_c98b0df986.json;results_r02/cyclic/final_FedAvg_s7_p0.6_R100_ef0575da6d.json;results_r02/cyclic/final_FedAvg_s8_p0.6_R100_b44a831660.json;results_r02/cyclic/final_FedAvg_s9_p0.6_R100_8b7c613670.json,
Table B2 cyclic macro-F1,tab:cyclic_f1,FedAvg,ratio 0.7,4.4$\pm$4.3,4.4±4.3,yes,10,FedAvg_s0_p0.7_R100_920d7bc9ca;FedAvg_s1_p0.7_R100_f34d47a32c;FedAvg_s2_p0.7_R100_4d00930bd7;FedAvg_s3_p0.7_R100_9062ca4f96;FedAvg_s4_p0.7_R100_a983022146;FedAvg_s5_p0.7_R100_f21a7b95f5;FedAvg_s6_p0.7_R100_f11ad81e8c;FedAvg_s7_p0.7_R100_1f18d994ad;FedAvg_s8_p0.7_R100_84661eee55;FedAvg_s9_p0.7_R100_72aae311d1,results_r02/cyclic/final_FedAvg_s0_p0.7_R100_920d7bc9ca.json;results_r02/cyclic/final_FedAvg_s1_p0.7_R100_f34d47a32c.json;results_r02/cyclic/final_FedAvg_s2_p0.7_R100_4d00930bd7.json;results_r02/cyclic/final_FedAvg_s3_p0.7_R100_9062ca4f96.json;results_r02/cyclic/final_FedAvg_s4_p0.7_R100_a983022146.json;results_r02/cyclic/final_FedAvg_s5_p0.7_R100_f21a7b95f5.json;results_r02/cyclic/final_FedAvg_s6_p0.7_R100_f11ad81e8c.json;results_r02/cyclic/final_FedAvg_s7_p0.7_R100_1f18d994ad.json;results_r02/cyclic/final_FedAvg_s8_p0.7_R100_84661eee55.json;results_r02/cyclic/final_FedAvg_s9_p0.7_R100_72aae311d1.json,
Table B2 cyclic macro-F1,tab:cyclic_f1,FedAvg,ratio 0.8,2.6$\pm$1.8,2.6±1.8,yes,10,FedAvg_s0_p0.8_R100_4ed5e2d7ea;FedAvg_s1_p0.8_R100_76a6f3514f;FedAvg_s2_p0.8_R100_89dbe161d9;FedAvg_s3_p0.8_R100_1afa2394bf;FedAvg_s4_p0.8_R100_dfbeb6ab62;FedAvg_s5_p0.8_R100_638021aca6;FedAvg_s6_p0.8_R100_2b49d1ed51;FedAvg_s7_p0.8_R100_81d8948331;FedAvg_s8_p0.8_R100_7a23781bb6;FedAvg_s9_p0.8_R100_f52580d929,results_r02/cyclic/final_FedAvg_s0_p0.8_R100_4ed5e2d7ea.json;results_r02/cyclic/final_FedAvg_s1_p0.8_R100_76a6f3514f.json;results_r02/cyclic/final_FedAvg_s2_p0.8_R100_89dbe161d9.json;results_r02/cyclic/final_FedAvg_s3_p0.8_R100_1afa2394bf.json;results_r02/cyclic/final_FedAvg_s4_p0.8_R100_dfbeb6ab62.json;results_r02/cyclic/final_FedAvg_s5_p0.8_R100_638021aca6.json;results_r02/cyclic/final_FedAvg_s6_p0.8_R100_2b49d1ed51.json;results_r02/cyclic/final_FedAvg_s7_p0.8_R100_81d8948331.json;results_r02/cyclic/final_FedAvg_s8_p0.8_R100_7a23781bb6.json;results_r02/cyclic/final_FedAvg_s9_p0.8_R100_f52580d929.json,
Table B2 cyclic macro-F1,tab:cyclic_f1,FedAvg,ratio 0.9,2.6$\pm$1.3,2.6±1.3,yes,10,FedAvg_s0_p0.9_R100_74d1eeedc8;FedAvg_s1_p0.9_R100_d265a23dad;FedAvg_s2_p0.9_R100_37ecb56de4;FedAvg_s3_p0.9_R100_54c2f9ca2f;FedAvg_s4_p0.9_R100_856e9b97b5;FedAvg_s5_p0.9_R100_b61efdb2e0;FedAvg_s6_p0.9_R100_594b68d8ce;FedAvg_s7_p0.9_R100_edd9d44767;FedAvg_s8_p0.9_R100_43aa83eddb;FedAvg_s9_p0.9_R100_dec2aa88b8,results_r02/cyclic/final_FedAvg_s0_p0.9_R100_74d1eeedc8.json;results_r02/cyclic/final_FedAvg_s1_p0.9_R100_d265a23dad.json;results_r02/cyclic/final_FedAvg_s2_p0.9_R100_37ecb56de4.json;results_r02/cyclic/final_FedAvg_s3_p0.9_R100_54c2f9ca2f.json;results_r02/cyclic/final_FedAvg_s4_p0.9_R100_856e9b97b5.json;results_r02/cyclic/final_FedAvg_s5_p0.9_R100_b61efdb2e0.json;results_r02/cyclic/final_FedAvg_s6_p0.9_R100_594b68d8ce.json;results_r02/cyclic/final_FedAvg_s7_p0.9_R100_edd9d44767.json;results_r02/cyclic/final_FedAvg_s8_p0.9_R100_43aa83eddb.json;results_r02/cyclic/final_FedAvg_s9_p0.9_R100_dec2aa88b8.json,
Table B2 cyclic macro-F1,tab:cyclic_f1,FedProx,ratio 0.0,76.6$\pm$7.7,76.6±7.7,yes,10,FedProx_s0_p0.0_R100_0bb1f4d6f1;FedProx_s1_p0.0_R100_185296e43f;FedProx_s2_p0.0_R100_3931705507;FedProx_s3_p0.0_R100_8b0eeeb444;FedProx_s4_p0.0_R100_e06e4ef35b;FedProx_s5_p0.0_R100_d2ba825913;FedProx_s6_p0.0_R100_ff115c829c;FedProx_s7_p0.0_R100_06377969c5;FedProx_s8_p0.0_R100_cf2a3beb6e;FedProx_s9_p0.0_R100_95cb84145c,results_r02/cyclic/final_FedProx_s0_p0.0_R100_0bb1f4d6f1.json;results_r02/cyclic/final_FedProx_s1_p0.0_R100_185296e43f.json;results_r02/cyclic/final_FedProx_s2_p0.0_R100_3931705507.json;results_r02/cyclic/final_FedProx_s3_p0.0_R100_8b0eeeb444.json;results_r02/cyclic/final_FedProx_s4_p0.0_R100_e06e4ef35b.json;results_r02/cyclic/final_FedProx_s5_p0.0_R100_d2ba825913.json;results_r02/cyclic/final_FedProx_s6_p0.0_R100_ff115c829c.json;results_r02/cyclic/final_FedProx_s7_p0.0_R100_06377969c5.json;results_r02/cyclic/final_FedProx_s8_p0.0_R100_cf2a3beb6e.json;results_r02/cyclic/final_FedProx_s9_p0.0_R100_95cb84145c.json,
Table B2 cyclic macro-F1,tab:cyclic_f1,FedProx,ratio 0.1,77.1$\pm$7.7,77.1±7.7,yes,10,FedProx_s0_p0.1_R100_539d8837df;FedProx_s1_p0.1_R100_c21303317d;FedProx_s2_p0.1_R100_e55f08acb1;FedProx_s3_p0.1_R100_819a0693bb;FedProx_s4_p0.1_R100_43cdbcfa7f;FedProx_s5_p0.1_R100_1ee6802467;FedProx_s6_p0.1_R100_220200798c;FedProx_s7_p0.1_R100_41879ff614;FedProx_s8_p0.1_R100_a5a8f86d4c;FedProx_s9_p0.1_R100_3bc298339c,results_r02/cyclic/final_FedProx_s0_p0.1_R100_539d8837df.json;results_r02/cyclic/final_FedProx_s1_p0.1_R100_c21303317d.json;results_r02/cyclic/final_FedProx_s2_p0.1_R100_e55f08acb1.json;results_r02/cyclic/final_FedProx_s3_p0.1_R100_819a0693bb.json;results_r02/cyclic/final_FedProx_s4_p0.1_R100_43cdbcfa7f.json;results_r02/cyclic/final_FedProx_s5_p0.1_R100_1ee6802467.json;results_r02/cyclic/final_FedProx_s6_p0.1_R100_220200798c.json;results_r02/cyclic/final_FedProx_s7_p0.1_R100_41879ff614.json;results_r02/cyclic/final_FedProx_s8_p0.1_R100_a5a8f86d4c.json;results_r02/cyclic/final_FedProx_s9_p0.1_R100_3bc298339c.json,
Table B2 cyclic macro-F1,tab:cyclic_f1,FedProx,ratio 0.2,76.5$\pm$8.4,76.5±8.4,yes,10,FedProx_s0_p0.2_R100_b1427125f7;FedProx_s1_p0.2_R100_f6884f4a28;FedProx_s2_p0.2_R100_53fb32c026;FedProx_s3_p0.2_R100_abffb8b623;FedProx_s4_p0.2_R100_0dd593a14b;FedProx_s5_p0.2_R100_054fed1e88;FedProx_s6_p0.2_R100_ab14640e39;FedProx_s7_p0.2_R100_bf643a3f53;FedProx_s8_p0.2_R100_a912403708;FedProx_s9_p0.2_R100_f71576d8d2,results_r02/cyclic/final_FedProx_s0_p0.2_R100_b1427125f7.json;results_r02/cyclic/final_FedProx_s1_p0.2_R100_f6884f4a28.json;results_r02/cyclic/final_FedProx_s2_p0.2_R100_53fb32c026.json;results_r02/cyclic/final_FedProx_s3_p0.2_R100_abffb8b623.json;results_r02/cyclic/final_FedProx_s4_p0.2_R100_0dd593a14b.json;results_r02/cyclic/final_FedProx_s5_p0.2_R100_054fed1e88.json;results_r02/cyclic/final_FedProx_s6_p0.2_R100_ab14640e39.json;results_r02/cyclic/final_FedProx_s7_p0.2_R100_bf643a3f53.json;results_r02/cyclic/final_FedProx_s8_p0.2_R100_a912403708.json;results_r02/cyclic/final_FedProx_s9_p0.2_R100_f71576d8d2.json,
Table B2 cyclic macro-F1,tab:cyclic_f1,FedProx,ratio 0.3,71.2$\pm$10.1,71.2±10.1,yes,10,FedProx_s0_p0.3_R100_f3968c6e77;FedProx_s1_p0.3_R100_d7fe615eda;FedProx_s2_p0.3_R100_14aa560b23;FedProx_s3_p0.3_R100_24a86c34e1;FedProx_s4_p0.3_R100_7073e19a5a;FedProx_s5_p0.3_R100_0848dde62f;FedProx_s6_p0.3_R100_7606bfd24d;FedProx_s7_p0.3_R100_21f50518f7;FedProx_s8_p0.3_R100_d805432c17;FedProx_s9_p0.3_R100_a3565042a7,results_r02/cyclic/final_FedProx_s0_p0.3_R100_f3968c6e77.json;results_r02/cyclic/final_FedProx_s1_p0.3_R100_d7fe615eda.json;results_r02/cyclic/final_FedProx_s2_p0.3_R100_14aa560b23.json;results_r02/cyclic/final_FedProx_s3_p0.3_R100_24a86c34e1.json;results_r02/cyclic/final_FedProx_s4_p0.3_R100_7073e19a5a.json;results_r02/cyclic/final_FedProx_s5_p0.3_R100_0848dde62f.json;results_r02/cyclic/final_FedProx_s6_p0.3_R100_7606bfd24d.json;results_r02/cyclic/final_FedProx_s7_p0.3_R100_21f50518f7.json;results_r02/cyclic/final_FedProx_s8_p0.3_R100_d805432c17.json;results_r02/cyclic/final_FedProx_s9_p0.3_R100_a3565042a7.json,
Table B2 cyclic macro-F1,tab:cyclic_f1,FedProx,ratio 0.4,59.2$\pm$19.7,59.2±19.7,yes,10,FedProx_s0_p0.4_R100_4b3fd8cd12;FedProx_s1_p0.4_R100_54d766c4d6;FedProx_s2_p0.4_R100_fa9082ef3b;FedProx_s3_p0.4_R100_99b050acbb;FedProx_s4_p0.4_R100_ed7723234b;FedProx_s5_p0.4_R100_d07906c6ef;FedProx_s6_p0.4_R100_41a749efa8;FedProx_s7_p0.4_R100_7e6709ba22;FedProx_s8_p0.4_R100_0965c76606;FedProx_s9_p0.4_R100_249fd3bac3,results_r02/cyclic/final_FedProx_s0_p0.4_R100_4b3fd8cd12.json;results_r02/cyclic/final_FedProx_s1_p0.4_R100_54d766c4d6.json;results_r02/cyclic/final_FedProx_s2_p0.4_R100_fa9082ef3b.json;results_r02/cyclic/final_FedProx_s3_p0.4_R100_99b050acbb.json;results_r02/cyclic/final_FedProx_s4_p0.4_R100_ed7723234b.json;results_r02/cyclic/final_FedProx_s5_p0.4_R100_d07906c6ef.json;results_r02/cyclic/final_FedProx_s6_p0.4_R100_41a749efa8.json;results_r02/cyclic/final_FedProx_s7_p0.4_R100_7e6709ba22.json;results_r02/cyclic/final_FedProx_s8_p0.4_R100_0965c76606.json;results_r02/cyclic/final_FedProx_s9_p0.4_R100_249fd3bac3.json,
Table B2 cyclic macro-F1,tab:cyclic_f1,FedProx,ratio 0.5,42.9$\pm$21.2,42.9±21.2,yes,10,FedProx_s0_p0.5_R100_7c8b1ea25e;FedProx_s1_p0.5_R100_b5c3cda8fb;FedProx_s2_p0.5_R100_968098d29a;FedProx_s3_p0.5_R100_52e92d1dbe;FedProx_s4_p0.5_R100_eecdbcc362;FedProx_s5_p0.5_R100_9b7b2561b0;FedProx_s6_p0.5_R100_2626694095;FedProx_s7_p0.5_R100_4478d6b4c1;FedProx_s8_p0.5_R100_22cab98ed1;FedProx_s9_p0.5_R100_326589a483,results_r02/cyclic/final_FedProx_s0_p0.5_R100_7c8b1ea25e.json;results_r02/cyclic/final_FedProx_s1_p0.5_R100_b5c3cda8fb.json;results_r02/cyclic/final_FedProx_s2_p0.5_R100_968098d29a.json;results_r02/cyclic/final_FedProx_s3_p0.5_R100_52e92d1dbe.json;results_r02/cyclic/final_FedProx_s4_p0.5_R100_eecdbcc362.json;results_r02/cyclic/final_FedProx_s5_p0.5_R100_9b7b2561b0.json;results_r02/cyclic/final_FedProx_s6_p0.5_R100_2626694095.json;results_r02/cyclic/final_FedProx_s7_p0.5_R100_4478d6b4c1.json;results_r02/cyclic/final_FedProx_s8_p0.5_R100_22cab98ed1.json;results_r02/cyclic/final_FedProx_s9_p0.5_R100_326589a483.json,
Table B2 cyclic macro-F1,tab:cyclic_f1,FedProx,ratio 0.6,20.8$\pm$17.6,20.8±17.6,yes,10,FedProx_s0_p0.6_R100_ea8a5a5fe0;FedProx_s1_p0.6_R100_c76c03e0cc;FedProx_s2_p0.6_R100_b8d205c539;FedProx_s3_p0.6_R100_35a20145c1;FedProx_s4_p0.6_R100_d6d6e73dd4;FedProx_s5_p0.6_R100_278479ea49;FedProx_s6_p0.6_R100_d6f29dd7e6;FedProx_s7_p0.6_R100_9251d508ac;FedProx_s8_p0.6_R100_45eb5e739e;FedProx_s9_p0.6_R100_cd64ad395e,results_r02/cyclic/final_FedProx_s0_p0.6_R100_ea8a5a5fe0.json;results_r02/cyclic/final_FedProx_s1_p0.6_R100_c76c03e0cc.json;results_r02/cyclic/final_FedProx_s2_p0.6_R100_b8d205c539.json;results_r02/cyclic/final_FedProx_s3_p0.6_R100_35a20145c1.json;results_r02/cyclic/final_FedProx_s4_p0.6_R100_d6d6e73dd4.json;results_r02/cyclic/final_FedProx_s5_p0.6_R100_278479ea49.json;results_r02/cyclic/final_FedProx_s6_p0.6_R100_d6f29dd7e6.json;results_r02/cyclic/final_FedProx_s7_p0.6_R100_9251d508ac.json;results_r02/cyclic/final_FedProx_s8_p0.6_R100_45eb5e739e.json;results_r02/cyclic/final_FedProx_s9_p0.6_R100_cd64ad395e.json,
Table B2 cyclic macro-F1,tab:cyclic_f1,FedProx,ratio 0.7,2.8$\pm$3.2,2.8±3.2,yes,10,FedProx_s0_p0.7_R100_83ac634466;FedProx_s1_p0.7_R100_9a88a6dae6;FedProx_s2_p0.7_R100_ca4908f13b;FedProx_s3_p0.7_R100_dd9b5d2e71;FedProx_s4_p0.7_R100_5be66733b1;FedProx_s5_p0.7_R100_2c22937bc2;FedProx_s6_p0.7_R100_60eece628d;FedProx_s7_p0.7_R100_08530e7b72;FedProx_s8_p0.7_R100_1fad5bb48d;FedProx_s9_p0.7_R100_8662d9343e,results_r02/cyclic/final_FedProx_s0_p0.7_R100_83ac634466.json;results_r02/cyclic/final_FedProx_s1_p0.7_R100_9a88a6dae6.json;results_r02/cyclic/final_FedProx_s2_p0.7_R100_ca4908f13b.json;results_r02/cyclic/final_FedProx_s3_p0.7_R100_dd9b5d2e71.json;results_r02/cyclic/final_FedProx_s4_p0.7_R100_5be66733b1.json;results_r02/cyclic/final_FedProx_s5_p0.7_R100_2c22937bc2.json;results_r02/cyclic/final_FedProx_s6_p0.7_R100_60eece628d.json;results_r02/cyclic/final_FedProx_s7_p0.7_R100_08530e7b72.json;results_r02/cyclic/final_FedProx_s8_p0.7_R100_1fad5bb48d.json;results_r02/cyclic/final_FedProx_s9_p0.7_R100_8662d9343e.json,
Table B2 cyclic macro-F1,tab:cyclic_f1,FedProx,ratio 0.8,1.0$\pm$1.1,1.0±1.1,yes,10,FedProx_s0_p0.8_R100_e1f00b5a50;FedProx_s1_p0.8_R100_83c497d5f1;FedProx_s2_p0.8_R100_bc33a6b9cb;FedProx_s3_p0.8_R100_fbcd885908;FedProx_s4_p0.8_R100_ec5378d437;FedProx_s5_p0.8_R100_bb70935a07;FedProx_s6_p0.8_R100_bc13e2999f;FedProx_s7_p0.8_R100_f334384f99;FedProx_s8_p0.8_R100_5875fd5924;FedProx_s9_p0.8_R100_bc7dd5299d,results_r02/cyclic/final_FedProx_s0_p0.8_R100_e1f00b5a50.json;results_r02/cyclic/final_FedProx_s1_p0.8_R100_83c497d5f1.json;results_r02/cyclic/final_FedProx_s2_p0.8_R100_bc33a6b9cb.json;results_r02/cyclic/final_FedProx_s3_p0.8_R100_fbcd885908.json;results_r02/cyclic/final_FedProx_s4_p0.8_R100_ec5378d437.json;results_r02/cyclic/final_FedProx_s5_p0.8_R100_bb70935a07.json;results_r02/cyclic/final_FedProx_s6_p0.8_R100_bc13e2999f.json;results_r02/cyclic/final_FedProx_s7_p0.8_R100_f334384f99.json;results_r02/cyclic/final_FedProx_s8_p0.8_R100_5875fd5924.json;results_r02/cyclic/final_FedProx_s9_p0.8_R100_bc7dd5299d.json,
Table B2 cyclic macro-F1,tab:cyclic_f1,FedProx,ratio 0.9,0.6$\pm$0.4,0.6±0.4,yes,10,FedProx_s0_p0.9_R100_5791f18820;FedProx_s1_p0.9_R100_0266c9f116;FedProx_s2_p0.9_R100_e8e5e8874d;FedProx_s3_p0.9_R100_55c741edd9;FedProx_s4_p0.9_R100_d027ecd338;FedProx_s5_p0.9_R100_2473f6acd1;FedProx_s6_p0.9_R100_dcfac81620;FedProx_s7_p0.9_R100_89c0f14393;FedProx_s8_p0.9_R100_35fbc428dd;FedProx_s9_p0.9_R100_c8ba124c4d,results_r02/cyclic/final_FedProx_s0_p0.9_R100_5791f18820.json;results_r02/cyclic/final_FedProx_s1_p0.9_R100_0266c9f116.json;results_r02/cyclic/final_FedProx_s2_p0.9_R100_e8e5e8874d.json;results_r02/cyclic/final_FedProx_s3_p0.9_R100_55c741edd9.json;results_r02/cyclic/final_FedProx_s4_p0.9_R100_d027ecd338.json;results_r02/cyclic/final_FedProx_s5_p0.9_R100_2473f6acd1.json;results_r02/cyclic/final_FedProx_s6_p0.9_R100_dcfac81620.json;results_r02/cyclic/final_FedProx_s7_p0.9_R100_89c0f14393.json;results_r02/cyclic/final_FedProx_s8_p0.9_R100_35fbc428dd.json;results_r02/cyclic/final_FedProx_s9_p0.9_R100_c8ba124c4d.json,
Table B2 cyclic macro-F1,tab:cyclic_f1,Median,ratio 0.0,81.5$\pm$11.7,81.5±11.7,yes,10,Median_s0_p0.0_R100_4e91370d83;Median_s1_p0.0_R100_c5be37fc6b;Median_s2_p0.0_R100_4e4a99f48e;Median_s3_p0.0_R100_a87bda36b4;Median_s4_p0.0_R100_595bdc0f79;Median_s5_p0.0_R100_389a5e7ce2;Median_s6_p0.0_R100_9a2db0772b;Median_s7_p0.0_R100_48b1a085ee;Median_s8_p0.0_R100_180d6c7de3;Median_s9_p0.0_R100_5dfa91aa3f,results_r02/cyclic/final_Median_s0_p0.0_R100_4e91370d83.json;results_r02/cyclic/final_Median_s1_p0.0_R100_c5be37fc6b.json;results_r02/cyclic/final_Median_s2_p0.0_R100_4e4a99f48e.json;results_r02/cyclic/final_Median_s3_p0.0_R100_a87bda36b4.json;results_r02/cyclic/final_Median_s4_p0.0_R100_595bdc0f79.json;results_r02/cyclic/final_Median_s5_p0.0_R100_389a5e7ce2.json;results_r02/cyclic/final_Median_s6_p0.0_R100_9a2db0772b.json;results_r02/cyclic/final_Median_s7_p0.0_R100_48b1a085ee.json;results_r02/cyclic/final_Median_s8_p0.0_R100_180d6c7de3.json;results_r02/cyclic/final_Median_s9_p0.0_R100_5dfa91aa3f.json,
Table B2 cyclic macro-F1,tab:cyclic_f1,Median,ratio 0.1,78.2$\pm$11.0,78.2±11.0,yes,10,Median_s0_p0.1_R100_9e35c94826;Median_s1_p0.1_R100_7c3a5df70c;Median_s2_p0.1_R100_dcc21ac3ef;Median_s3_p0.1_R100_14f144f102;Median_s4_p0.1_R100_9db1bc5dea;Median_s5_p0.1_R100_4c291b59a6;Median_s6_p0.1_R100_f447bee9e6;Median_s7_p0.1_R100_766ba64dee;Median_s8_p0.1_R100_70c0d41eac;Median_s9_p0.1_R100_c4f62888ea,results_r02/cyclic/final_Median_s0_p0.1_R100_9e35c94826.json;results_r02/cyclic/final_Median_s1_p0.1_R100_7c3a5df70c.json;results_r02/cyclic/final_Median_s2_p0.1_R100_dcc21ac3ef.json;results_r02/cyclic/final_Median_s3_p0.1_R100_14f144f102.json;results_r02/cyclic/final_Median_s4_p0.1_R100_9db1bc5dea.json;results_r02/cyclic/final_Median_s5_p0.1_R100_4c291b59a6.json;results_r02/cyclic/final_Median_s6_p0.1_R100_f447bee9e6.json;results_r02/cyclic/final_Median_s7_p0.1_R100_766ba64dee.json;results_r02/cyclic/final_Median_s8_p0.1_R100_70c0d41eac.json;results_r02/cyclic/final_Median_s9_p0.1_R100_c4f62888ea.json,
Table B2 cyclic macro-F1,tab:cyclic_f1,Median,ratio 0.2,79.9$\pm$7.6,79.9±7.6,yes,10,Median_s0_p0.2_R100_ce98543441;Median_s1_p0.2_R100_d9f76bf7ee;Median_s2_p0.2_R100_0a34c8f82d;Median_s3_p0.2_R100_24ec7378f1;Median_s4_p0.2_R100_390853f318;Median_s5_p0.2_R100_482dab0d82;Median_s6_p0.2_R100_d427f58569;Median_s7_p0.2_R100_3bc95246bb;Median_s8_p0.2_R100_dd1899391d;Median_s9_p0.2_R100_63432ae817,results_r02/cyclic/final_Median_s0_p0.2_R100_ce98543441.json;results_r02/cyclic/final_Median_s1_p0.2_R100_d9f76bf7ee.json;results_r02/cyclic/final_Median_s2_p0.2_R100_0a34c8f82d.json;results_r02/cyclic/final_Median_s3_p0.2_R100_24ec7378f1.json;results_r02/cyclic/final_Median_s4_p0.2_R100_390853f318.json;results_r02/cyclic/final_Median_s5_p0.2_R100_482dab0d82.json;results_r02/cyclic/final_Median_s6_p0.2_R100_d427f58569.json;results_r02/cyclic/final_Median_s7_p0.2_R100_3bc95246bb.json;results_r02/cyclic/final_Median_s8_p0.2_R100_dd1899391d.json;results_r02/cyclic/final_Median_s9_p0.2_R100_63432ae817.json,
Table B2 cyclic macro-F1,tab:cyclic_f1,Median,ratio 0.3,76.2$\pm$11.3,76.2±11.3,yes,10,Median_s0_p0.3_R100_6dd349fca4;Median_s1_p0.3_R100_e2a1cab1d3;Median_s2_p0.3_R100_7ba1fdc711;Median_s3_p0.3_R100_e5916ee687;Median_s4_p0.3_R100_0a0d590686;Median_s5_p0.3_R100_9ddacd374f;Median_s6_p0.3_R100_5cdd3be56b;Median_s7_p0.3_R100_94e17d9b57;Median_s8_p0.3_R100_c6717994d3;Median_s9_p0.3_R100_43d19a6c15,results_r02/cyclic/final_Median_s0_p0.3_R100_6dd349fca4.json;results_r02/cyclic/final_Median_s1_p0.3_R100_e2a1cab1d3.json;results_r02/cyclic/final_Median_s2_p0.3_R100_7ba1fdc711.json;results_r02/cyclic/final_Median_s3_p0.3_R100_e5916ee687.json;results_r02/cyclic/final_Median_s4_p0.3_R100_0a0d590686.json;results_r02/cyclic/final_Median_s5_p0.3_R100_9ddacd374f.json;results_r02/cyclic/final_Median_s6_p0.3_R100_5cdd3be56b.json;results_r02/cyclic/final_Median_s7_p0.3_R100_94e17d9b57.json;results_r02/cyclic/final_Median_s8_p0.3_R100_c6717994d3.json;results_r02/cyclic/final_Median_s9_p0.3_R100_43d19a6c15.json,
Table B2 cyclic macro-F1,tab:cyclic_f1,Median,ratio 0.4,67.3$\pm$12.1,67.3±12.1,yes,10,Median_s0_p0.4_R100_25599bf7bb;Median_s1_p0.4_R100_3bd48277c9;Median_s2_p0.4_R100_c90cbbf538;Median_s3_p0.4_R100_37fa02edc0;Median_s4_p0.4_R100_2d56af5e19;Median_s5_p0.4_R100_b1be8a4bce;Median_s6_p0.4_R100_a068116716;Median_s7_p0.4_R100_195c401aea;Median_s8_p0.4_R100_24de035b33;Median_s9_p0.4_R100_55d108d55f,results_r02/cyclic/final_Median_s0_p0.4_R100_25599bf7bb.json;results_r02/cyclic/final_Median_s1_p0.4_R100_3bd48277c9.json;results_r02/cyclic/final_Median_s2_p0.4_R100_c90cbbf538.json;results_r02/cyclic/final_Median_s3_p0.4_R100_37fa02edc0.json;results_r02/cyclic/final_Median_s4_p0.4_R100_2d56af5e19.json;results_r02/cyclic/final_Median_s5_p0.4_R100_b1be8a4bce.json;results_r02/cyclic/final_Median_s6_p0.4_R100_a068116716.json;results_r02/cyclic/final_Median_s7_p0.4_R100_195c401aea.json;results_r02/cyclic/final_Median_s8_p0.4_R100_24de035b33.json;results_r02/cyclic/final_Median_s9_p0.4_R100_55d108d55f.json,
Table B2 cyclic macro-F1,tab:cyclic_f1,Median,ratio 0.5,35.4$\pm$10.5,35.4±10.5,yes,10,Median_s0_p0.5_R100_09552939d3;Median_s1_p0.5_R100_80e1837862;Median_s2_p0.5_R100_3fc8d97aa9;Median_s3_p0.5_R100_937b5581ef;Median_s4_p0.5_R100_eec878d874;Median_s5_p0.5_R100_2b987a919c;Median_s6_p0.5_R100_1503253f06;Median_s7_p0.5_R100_e3760c316e;Median_s8_p0.5_R100_b559539bc8;Median_s9_p0.5_R100_f7dd98c137,results_r02/cyclic/final_Median_s0_p0.5_R100_09552939d3.json;results_r02/cyclic/final_Median_s1_p0.5_R100_80e1837862.json;results_r02/cyclic/final_Median_s2_p0.5_R100_3fc8d97aa9.json;results_r02/cyclic/final_Median_s3_p0.5_R100_937b5581ef.json;results_r02/cyclic/final_Median_s4_p0.5_R100_eec878d874.json;results_r02/cyclic/final_Median_s5_p0.5_R100_2b987a919c.json;results_r02/cyclic/final_Median_s6_p0.5_R100_1503253f06.json;results_r02/cyclic/final_Median_s7_p0.5_R100_e3760c316e.json;results_r02/cyclic/final_Median_s8_p0.5_R100_b559539bc8.json;results_r02/cyclic/final_Median_s9_p0.5_R100_f7dd98c137.json,
Table B2 cyclic macro-F1,tab:cyclic_f1,Median,ratio 0.6,5.9$\pm$6.3,5.9±6.3,yes,10,Median_s0_p0.6_R100_61d4445ba4;Median_s1_p0.6_R100_163f3320a2;Median_s2_p0.6_R100_14acae91f0;Median_s3_p0.6_R100_bc32216d73;Median_s4_p0.6_R100_6e03bafdd2;Median_s5_p0.6_R100_e33c9bbbf0;Median_s6_p0.6_R100_ef3aed7082;Median_s7_p0.6_R100_f1185ead0f;Median_s8_p0.6_R100_590fc2e965;Median_s9_p0.6_R100_658fe2102b,results_r02/cyclic/final_Median_s0_p0.6_R100_61d4445ba4.json;results_r02/cyclic/final_Median_s1_p0.6_R100_163f3320a2.json;results_r02/cyclic/final_Median_s2_p0.6_R100_14acae91f0.json;results_r02/cyclic/final_Median_s3_p0.6_R100_bc32216d73.json;results_r02/cyclic/final_Median_s4_p0.6_R100_6e03bafdd2.json;results_r02/cyclic/final_Median_s5_p0.6_R100_e33c9bbbf0.json;results_r02/cyclic/final_Median_s6_p0.6_R100_ef3aed7082.json;results_r02/cyclic/final_Median_s7_p0.6_R100_f1185ead0f.json;results_r02/cyclic/final_Median_s8_p0.6_R100_590fc2e965.json;results_r02/cyclic/final_Median_s9_p0.6_R100_658fe2102b.json,
Table B2 cyclic macro-F1,tab:cyclic_f1,Median,ratio 0.7,1.2$\pm$1.3,1.2±1.3,yes,10,Median_s0_p0.7_R100_61d4ecc6a3;Median_s1_p0.7_R100_003cec811d;Median_s2_p0.7_R100_a559df0752;Median_s3_p0.7_R100_e88df97424;Median_s4_p0.7_R100_1a25ace604;Median_s5_p0.7_R100_7ab84c106e;Median_s6_p0.7_R100_590976edd1;Median_s7_p0.7_R100_5388edd865;Median_s8_p0.7_R100_867a78d83f;Median_s9_p0.7_R100_621315080d,results_r02/cyclic/final_Median_s0_p0.7_R100_61d4ecc6a3.json;results_r02/cyclic/final_Median_s1_p0.7_R100_003cec811d.json;results_r02/cyclic/final_Median_s2_p0.7_R100_a559df0752.json;results_r02/cyclic/final_Median_s3_p0.7_R100_e88df97424.json;results_r02/cyclic/final_Median_s4_p0.7_R100_1a25ace604.json;results_r02/cyclic/final_Median_s5_p0.7_R100_7ab84c106e.json;results_r02/cyclic/final_Median_s6_p0.7_R100_590976edd1.json;results_r02/cyclic/final_Median_s7_p0.7_R100_5388edd865.json;results_r02/cyclic/final_Median_s8_p0.7_R100_867a78d83f.json;results_r02/cyclic/final_Median_s9_p0.7_R100_621315080d.json,
Table B2 cyclic macro-F1,tab:cyclic_f1,Median,ratio 0.8,0.3$\pm$0.1,0.3±0.1,yes,10,Median_s0_p0.8_R100_abc58b6083;Median_s1_p0.8_R100_c1550a9632;Median_s2_p0.8_R100_5d6df753e4;Median_s3_p0.8_R100_cd55f57866;Median_s4_p0.8_R100_e62bcbc81e;Median_s5_p0.8_R100_542f78bd41;Median_s6_p0.8_R100_d47f2f04ac;Median_s7_p0.8_R100_e6d77e64b7;Median_s8_p0.8_R100_3d90ffb6dc;Median_s9_p0.8_R100_415548db66,results_r02/cyclic/final_Median_s0_p0.8_R100_abc58b6083.json;results_r02/cyclic/final_Median_s1_p0.8_R100_c1550a9632.json;results_r02/cyclic/final_Median_s2_p0.8_R100_5d6df753e4.json;results_r02/cyclic/final_Median_s3_p0.8_R100_cd55f57866.json;results_r02/cyclic/final_Median_s4_p0.8_R100_e62bcbc81e.json;results_r02/cyclic/final_Median_s5_p0.8_R100_542f78bd41.json;results_r02/cyclic/final_Median_s6_p0.8_R100_d47f2f04ac.json;results_r02/cyclic/final_Median_s7_p0.8_R100_e6d77e64b7.json;results_r02/cyclic/final_Median_s8_p0.8_R100_3d90ffb6dc.json;results_r02/cyclic/final_Median_s9_p0.8_R100_415548db66.json,
Table B2 cyclic macro-F1,tab:cyclic_f1,Median,ratio 0.9,0.3$\pm$0.2,0.3±0.2,yes,10,Median_s0_p0.9_R100_48da7194ff;Median_s1_p0.9_R100_8b911f99e8;Median_s2_p0.9_R100_ae935fd921;Median_s3_p0.9_R100_6ac5b95781;Median_s4_p0.9_R100_b745a97d45;Median_s5_p0.9_R100_a38538cfba;Median_s6_p0.9_R100_312c078641;Median_s7_p0.9_R100_786bef7417;Median_s8_p0.9_R100_cd7a446a55;Median_s9_p0.9_R100_973d03c6d6,results_r02/cyclic/final_Median_s0_p0.9_R100_48da7194ff.json;results_r02/cyclic/final_Median_s1_p0.9_R100_8b911f99e8.json;results_r02/cyclic/final_Median_s2_p0.9_R100_ae935fd921.json;results_r02/cyclic/final_Median_s3_p0.9_R100_6ac5b95781.json;results_r02/cyclic/final_Median_s4_p0.9_R100_b745a97d45.json;results_r02/cyclic/final_Median_s5_p0.9_R100_a38538cfba.json;results_r02/cyclic/final_Median_s6_p0.9_R100_312c078641.json;results_r02/cyclic/final_Median_s7_p0.9_R100_786bef7417.json;results_r02/cyclic/final_Median_s8_p0.9_R100_cd7a446a55.json;results_r02/cyclic/final_Median_s9_p0.9_R100_973d03c6d6.json,
Table B2 cyclic macro-F1,tab:cyclic_f1,TrimmedMean,ratio 0.0,79.7$\pm$8.4,79.7±8.4,yes,10,TrimmedMean_s0_p0.0_R100_463f6d06aa;TrimmedMean_s1_p0.0_R100_f89ff565f5;TrimmedMean_s2_p0.0_R100_3649821ec3;TrimmedMean_s3_p0.0_R100_6ed1c15673;TrimmedMean_s4_p0.0_R100_c00097a647;TrimmedMean_s5_p0.0_R100_88d63691d7;TrimmedMean_s6_p0.0_R100_136d1f02d3;TrimmedMean_s7_p0.0_R100_eb54da7d4f;TrimmedMean_s8_p0.0_R100_21aabdc01f;TrimmedMean_s9_p0.0_R100_cac75e0596,results_r02/cyclic/final_TrimmedMean_s0_p0.0_R100_463f6d06aa.json;results_r02/cyclic/final_TrimmedMean_s1_p0.0_R100_f89ff565f5.json;results_r02/cyclic/final_TrimmedMean_s2_p0.0_R100_3649821ec3.json;results_r02/cyclic/final_TrimmedMean_s3_p0.0_R100_6ed1c15673.json;results_r02/cyclic/final_TrimmedMean_s4_p0.0_R100_c00097a647.json;results_r02/cyclic/final_TrimmedMean_s5_p0.0_R100_88d63691d7.json;results_r02/cyclic/final_TrimmedMean_s6_p0.0_R100_136d1f02d3.json;results_r02/cyclic/final_TrimmedMean_s7_p0.0_R100_eb54da7d4f.json;results_r02/cyclic/final_TrimmedMean_s8_p0.0_R100_21aabdc01f.json;results_r02/cyclic/final_TrimmedMean_s9_p0.0_R100_cac75e0596.json,
Table B2 cyclic macro-F1,tab:cyclic_f1,TrimmedMean,ratio 0.1,78.5$\pm$9.8,78.5±9.8,yes,10,TrimmedMean_s0_p0.1_R100_3d2d97979b;TrimmedMean_s1_p0.1_R100_221a66404c;TrimmedMean_s2_p0.1_R100_0dba57b766;TrimmedMean_s3_p0.1_R100_b116b2124d;TrimmedMean_s4_p0.1_R100_81ed1d7281;TrimmedMean_s5_p0.1_R100_2413d02b50;TrimmedMean_s6_p0.1_R100_0e8efe94f6;TrimmedMean_s7_p0.1_R100_186dbb7f66;TrimmedMean_s8_p0.1_R100_c8dd47da9d;TrimmedMean_s9_p0.1_R100_054161a27d,results_r02/cyclic/final_TrimmedMean_s0_p0.1_R100_3d2d97979b.json;results_r02/cyclic/final_TrimmedMean_s1_p0.1_R100_221a66404c.json;results_r02/cyclic/final_TrimmedMean_s2_p0.1_R100_0dba57b766.json;results_r02/cyclic/final_TrimmedMean_s3_p0.1_R100_b116b2124d.json;results_r02/cyclic/final_TrimmedMean_s4_p0.1_R100_81ed1d7281.json;results_r02/cyclic/final_TrimmedMean_s5_p0.1_R100_2413d02b50.json;results_r02/cyclic/final_TrimmedMean_s6_p0.1_R100_0e8efe94f6.json;results_r02/cyclic/final_TrimmedMean_s7_p0.1_R100_186dbb7f66.json;results_r02/cyclic/final_TrimmedMean_s8_p0.1_R100_c8dd47da9d.json;results_r02/cyclic/final_TrimmedMean_s9_p0.1_R100_054161a27d.json,
Table B2 cyclic macro-F1,tab:cyclic_f1,TrimmedMean,ratio 0.2,79.8$\pm$8.8,79.8±8.8,yes,10,TrimmedMean_s0_p0.2_R100_eaf12028ea;TrimmedMean_s1_p0.2_R100_e0e76d3831;TrimmedMean_s2_p0.2_R100_b98a236064;TrimmedMean_s3_p0.2_R100_44831a9b6b;TrimmedMean_s4_p0.2_R100_ea5d276646;TrimmedMean_s5_p0.2_R100_dbe8e19b5e;TrimmedMean_s6_p0.2_R100_ca43a2fa7b;TrimmedMean_s7_p0.2_R100_55b773ed63;TrimmedMean_s8_p0.2_R100_c5cf87fbc8;TrimmedMean_s9_p0.2_R100_dc73b313dd,results_r02/cyclic/final_TrimmedMean_s0_p0.2_R100_eaf12028ea.json;results_r02/cyclic/final_TrimmedMean_s1_p0.2_R100_e0e76d3831.json;results_r02/cyclic/final_TrimmedMean_s2_p0.2_R100_b98a236064.json;results_r02/cyclic/final_TrimmedMean_s3_p0.2_R100_44831a9b6b.json;results_r02/cyclic/final_TrimmedMean_s4_p0.2_R100_ea5d276646.json;results_r02/cyclic/final_TrimmedMean_s5_p0.2_R100_dbe8e19b5e.json;results_r02/cyclic/final_TrimmedMean_s6_p0.2_R100_ca43a2fa7b.json;results_r02/cyclic/final_TrimmedMean_s7_p0.2_R100_55b773ed63.json;results_r02/cyclic/final_TrimmedMean_s8_p0.2_R100_c5cf87fbc8.json;results_r02/cyclic/final_TrimmedMean_s9_p0.2_R100_dc73b313dd.json,
Table B2 cyclic macro-F1,tab:cyclic_f1,TrimmedMean,ratio 0.3,76.9$\pm$10.6,76.9±10.6,yes,10,TrimmedMean_s0_p0.3_R100_80203254f2;TrimmedMean_s1_p0.3_R100_7762186c67;TrimmedMean_s2_p0.3_R100_fa84caa773;TrimmedMean_s3_p0.3_R100_ff21a49aa6;TrimmedMean_s4_p0.3_R100_a6431ec59f;TrimmedMean_s5_p0.3_R100_c03fc7b8d1;TrimmedMean_s6_p0.3_R100_e08834bb90;TrimmedMean_s7_p0.3_R100_828569e9c3;TrimmedMean_s8_p0.3_R100_de24e02be8;TrimmedMean_s9_p0.3_R100_3b4f724f3b,results_r02/cyclic/final_TrimmedMean_s0_p0.3_R100_80203254f2.json;results_r02/cyclic/final_TrimmedMean_s1_p0.3_R100_7762186c67.json;results_r02/cyclic/final_TrimmedMean_s2_p0.3_R100_fa84caa773.json;results_r02/cyclic/final_TrimmedMean_s3_p0.3_R100_ff21a49aa6.json;results_r02/cyclic/final_TrimmedMean_s4_p0.3_R100_a6431ec59f.json;results_r02/cyclic/final_TrimmedMean_s5_p0.3_R100_c03fc7b8d1.json;results_r02/cyclic/final_TrimmedMean_s6_p0.3_R100_e08834bb90.json;results_r02/cyclic/final_TrimmedMean_s7_p0.3_R100_828569e9c3.json;results_r02/cyclic/final_TrimmedMean_s8_p0.3_R100_de24e02be8.json;results_r02/cyclic/final_TrimmedMean_s9_p0.3_R100_3b4f724f3b.json,
Table B2 cyclic macro-F1,tab:cyclic_f1,TrimmedMean,ratio 0.4,68.5$\pm$12.2,68.5±12.2,yes,10,TrimmedMean_s0_p0.4_R100_136aee81b2;TrimmedMean_s1_p0.4_R100_4c520bbb4b;TrimmedMean_s2_p0.4_R100_fc7f5ac99f;TrimmedMean_s3_p0.4_R100_a76ae15007;TrimmedMean_s4_p0.4_R100_df43dca1f9;TrimmedMean_s5_p0.4_R100_276d7fe7e4;TrimmedMean_s6_p0.4_R100_8efb95d7b9;TrimmedMean_s7_p0.4_R100_366f2a21b4;TrimmedMean_s8_p0.4_R100_998c3718a3;TrimmedMean_s9_p0.4_R100_ea771a2699,results_r02/cyclic/final_TrimmedMean_s0_p0.4_R100_136aee81b2.json;results_r02/cyclic/final_TrimmedMean_s1_p0.4_R100_4c520bbb4b.json;results_r02/cyclic/final_TrimmedMean_s2_p0.4_R100_fc7f5ac99f.json;results_r02/cyclic/final_TrimmedMean_s3_p0.4_R100_a76ae15007.json;results_r02/cyclic/final_TrimmedMean_s4_p0.4_R100_df43dca1f9.json;results_r02/cyclic/final_TrimmedMean_s5_p0.4_R100_276d7fe7e4.json;results_r02/cyclic/final_TrimmedMean_s6_p0.4_R100_8efb95d7b9.json;results_r02/cyclic/final_TrimmedMean_s7_p0.4_R100_366f2a21b4.json;results_r02/cyclic/final_TrimmedMean_s8_p0.4_R100_998c3718a3.json;results_r02/cyclic/final_TrimmedMean_s9_p0.4_R100_ea771a2699.json,
Table B2 cyclic macro-F1,tab:cyclic_f1,TrimmedMean,ratio 0.5,35.7$\pm$18.3,35.7±18.3,yes,10,TrimmedMean_s0_p0.5_R100_6ce54d37cb;TrimmedMean_s1_p0.5_R100_c5d0b1d7a2;TrimmedMean_s2_p0.5_R100_b8ab44e110;TrimmedMean_s3_p0.5_R100_03210512e0;TrimmedMean_s4_p0.5_R100_24d0b785b0;TrimmedMean_s5_p0.5_R100_13125e409f;TrimmedMean_s6_p0.5_R100_f52f0c2ff5;TrimmedMean_s7_p0.5_R100_21e12a153d;TrimmedMean_s8_p0.5_R100_d8c10cf8a0;TrimmedMean_s9_p0.5_R100_d04cb9ee85,results_r02/cyclic/final_TrimmedMean_s0_p0.5_R100_6ce54d37cb.json;results_r02/cyclic/final_TrimmedMean_s1_p0.5_R100_c5d0b1d7a2.json;results_r02/cyclic/final_TrimmedMean_s2_p0.5_R100_b8ab44e110.json;results_r02/cyclic/final_TrimmedMean_s3_p0.5_R100_03210512e0.json;results_r02/cyclic/final_TrimmedMean_s4_p0.5_R100_24d0b785b0.json;results_r02/cyclic/final_TrimmedMean_s5_p0.5_R100_13125e409f.json;results_r02/cyclic/final_TrimmedMean_s6_p0.5_R100_f52f0c2ff5.json;results_r02/cyclic/final_TrimmedMean_s7_p0.5_R100_21e12a153d.json;results_r02/cyclic/final_TrimmedMean_s8_p0.5_R100_d8c10cf8a0.json;results_r02/cyclic/final_TrimmedMean_s9_p0.5_R100_d04cb9ee85.json,
Table B2 cyclic macro-F1,tab:cyclic_f1,TrimmedMean,ratio 0.6,8.9$\pm$6.1,8.9±6.1,yes,10,TrimmedMean_s0_p0.6_R100_9fde1be344;TrimmedMean_s1_p0.6_R100_d0c212ef37;TrimmedMean_s2_p0.6_R100_d74fc58b11;TrimmedMean_s3_p0.6_R100_698de6e4f4;TrimmedMean_s4_p0.6_R100_e68e91a441;TrimmedMean_s5_p0.6_R100_07c816be24;TrimmedMean_s6_p0.6_R100_6ca5108fbb;TrimmedMean_s7_p0.6_R100_ce6ec5775a;TrimmedMean_s8_p0.6_R100_874dbbb623;TrimmedMean_s9_p0.6_R100_40aaf8fe61,results_r02/cyclic/final_TrimmedMean_s0_p0.6_R100_9fde1be344.json;results_r02/cyclic/final_TrimmedMean_s1_p0.6_R100_d0c212ef37.json;results_r02/cyclic/final_TrimmedMean_s2_p0.6_R100_d74fc58b11.json;results_r02/cyclic/final_TrimmedMean_s3_p0.6_R100_698de6e4f4.json;results_r02/cyclic/final_TrimmedMean_s4_p0.6_R100_e68e91a441.json;results_r02/cyclic/final_TrimmedMean_s5_p0.6_R100_07c816be24.json;results_r02/cyclic/final_TrimmedMean_s6_p0.6_R100_6ca5108fbb.json;results_r02/cyclic/final_TrimmedMean_s7_p0.6_R100_ce6ec5775a.json;results_r02/cyclic/final_TrimmedMean_s8_p0.6_R100_874dbbb623.json;results_r02/cyclic/final_TrimmedMean_s9_p0.6_R100_40aaf8fe61.json,
Table B2 cyclic macro-F1,tab:cyclic_f1,TrimmedMean,ratio 0.7,1.6$\pm$1.6,1.6±1.6,yes,10,TrimmedMean_s0_p0.7_R100_4624f5b117;TrimmedMean_s1_p0.7_R100_d97792a35b;TrimmedMean_s2_p0.7_R100_3294aab84a;TrimmedMean_s3_p0.7_R100_61d4db56de;TrimmedMean_s4_p0.7_R100_2f4ceb95d7;TrimmedMean_s5_p0.7_R100_88a534cc3f;TrimmedMean_s6_p0.7_R100_fd7693b8ab;TrimmedMean_s7_p0.7_R100_29a2358d7e;TrimmedMean_s8_p0.7_R100_8258dc1d71;TrimmedMean_s9_p0.7_R100_a566d30b46,results_r02/cyclic/final_TrimmedMean_s0_p0.7_R100_4624f5b117.json;results_r02/cyclic/final_TrimmedMean_s1_p0.7_R100_d97792a35b.json;results_r02/cyclic/final_TrimmedMean_s2_p0.7_R100_3294aab84a.json;results_r02/cyclic/final_TrimmedMean_s3_p0.7_R100_61d4db56de.json;results_r02/cyclic/final_TrimmedMean_s4_p0.7_R100_2f4ceb95d7.json;results_r02/cyclic/final_TrimmedMean_s5_p0.7_R100_88a534cc3f.json;results_r02/cyclic/final_TrimmedMean_s6_p0.7_R100_fd7693b8ab.json;results_r02/cyclic/final_TrimmedMean_s7_p0.7_R100_29a2358d7e.json;results_r02/cyclic/final_TrimmedMean_s8_p0.7_R100_8258dc1d71.json;results_r02/cyclic/final_TrimmedMean_s9_p0.7_R100_a566d30b46.json,
Table B2 cyclic macro-F1,tab:cyclic_f1,TrimmedMean,ratio 0.8,0.4$\pm$0.2,0.4±0.2,yes,10,TrimmedMean_s0_p0.8_R100_2623a4ded0;TrimmedMean_s1_p0.8_R100_65096d11f2;TrimmedMean_s2_p0.8_R100_68171e1f79;TrimmedMean_s3_p0.8_R100_888fdae06c;TrimmedMean_s4_p0.8_R100_1afe6cc268;TrimmedMean_s5_p0.8_R100_9571f359f9;TrimmedMean_s6_p0.8_R100_68aaa49c6c;TrimmedMean_s7_p0.8_R100_e9fb954155;TrimmedMean_s8_p0.8_R100_41c0e82937;TrimmedMean_s9_p0.8_R100_cbd6cba83d,results_r02/cyclic/final_TrimmedMean_s0_p0.8_R100_2623a4ded0.json;results_r02/cyclic/final_TrimmedMean_s1_p0.8_R100_65096d11f2.json;results_r02/cyclic/final_TrimmedMean_s2_p0.8_R100_68171e1f79.json;results_r02/cyclic/final_TrimmedMean_s3_p0.8_R100_888fdae06c.json;results_r02/cyclic/final_TrimmedMean_s4_p0.8_R100_1afe6cc268.json;results_r02/cyclic/final_TrimmedMean_s5_p0.8_R100_9571f359f9.json;results_r02/cyclic/final_TrimmedMean_s6_p0.8_R100_68aaa49c6c.json;results_r02/cyclic/final_TrimmedMean_s7_p0.8_R100_e9fb954155.json;results_r02/cyclic/final_TrimmedMean_s8_p0.8_R100_41c0e82937.json;results_r02/cyclic/final_TrimmedMean_s9_p0.8_R100_cbd6cba83d.json,
Table B2 cyclic macro-F1,tab:cyclic_f1,TrimmedMean,ratio 0.9,0.3$\pm$0.1,0.3±0.1,yes,10,TrimmedMean_s0_p0.9_R100_c603ab01c8;TrimmedMean_s1_p0.9_R100_277be97210;TrimmedMean_s2_p0.9_R100_24aab8a8ee;TrimmedMean_s3_p0.9_R100_6dcd30d0a3;TrimmedMean_s4_p0.9_R100_53059e3476;TrimmedMean_s5_p0.9_R100_b462e0ab7f;TrimmedMean_s6_p0.9_R100_b0a0215778;TrimmedMean_s7_p0.9_R100_1bb59dc2f4;TrimmedMean_s8_p0.9_R100_d4f387b48a;TrimmedMean_s9_p0.9_R100_382007a54c,results_r02/cyclic/final_TrimmedMean_s0_p0.9_R100_c603ab01c8.json;results_r02/cyclic/final_TrimmedMean_s1_p0.9_R100_277be97210.json;results_r02/cyclic/final_TrimmedMean_s2_p0.9_R100_24aab8a8ee.json;results_r02/cyclic/final_TrimmedMean_s3_p0.9_R100_6dcd30d0a3.json;results_r02/cyclic/final_TrimmedMean_s4_p0.9_R100_53059e3476.json;results_r02/cyclic/final_TrimmedMean_s5_p0.9_R100_b462e0ab7f.json;results_r02/cyclic/final_TrimmedMean_s6_p0.9_R100_b0a0215778.json;results_r02/cyclic/final_TrimmedMean_s7_p0.9_R100_1bb59dc2f4.json;results_r02/cyclic/final_TrimmedMean_s8_p0.9_R100_d4f387b48a.json;results_r02/cyclic/final_TrimmedMean_s9_p0.9_R100_382007a54c.json,
Table B2 cyclic macro-F1,tab:cyclic_f1,Krum,ratio 0.0,75.0$\pm$8.9,75.0±8.9,yes,10,Krum_s0_p0.0_R100_ffa5e822ac;Krum_s1_p0.0_R100_a63564d907;Krum_s2_p0.0_R100_0dec7e8e10;Krum_s3_p0.0_R100_08faf075af;Krum_s4_p0.0_R100_d372df0306;Krum_s5_p0.0_R100_6ca0554000;Krum_s6_p0.0_R100_0c197746a3;Krum_s7_p0.0_R100_8c519c29a5;Krum_s8_p0.0_R100_576c59095e;Krum_s9_p0.0_R100_074025b5af,results_r02/cyclic/final_Krum_s0_p0.0_R100_ffa5e822ac.json;results_r02/cyclic/final_Krum_s1_p0.0_R100_a63564d907.json;results_r02/cyclic/final_Krum_s2_p0.0_R100_0dec7e8e10.json;results_r02/cyclic/final_Krum_s3_p0.0_R100_08faf075af.json;results_r02/cyclic/final_Krum_s4_p0.0_R100_d372df0306.json;results_r02/cyclic/final_Krum_s5_p0.0_R100_6ca0554000.json;results_r02/cyclic/final_Krum_s6_p0.0_R100_0c197746a3.json;results_r02/cyclic/final_Krum_s7_p0.0_R100_8c519c29a5.json;results_r02/cyclic/final_Krum_s8_p0.0_R100_576c59095e.json;results_r02/cyclic/final_Krum_s9_p0.0_R100_074025b5af.json,
Table B2 cyclic macro-F1,tab:cyclic_f1,Krum,ratio 0.1,74.1$\pm$9.9,74.1±9.9,yes,10,Krum_s0_p0.1_R100_7cba8a28d0;Krum_s1_p0.1_R100_da52fc613a;Krum_s2_p0.1_R100_e256dabe3c;Krum_s3_p0.1_R100_d592882b91;Krum_s4_p0.1_R100_7f1875f87e;Krum_s5_p0.1_R100_7a85bacd2e;Krum_s6_p0.1_R100_8cc35c4b38;Krum_s7_p0.1_R100_7fac4d953d;Krum_s8_p0.1_R100_a3200e92d8;Krum_s9_p0.1_R100_212e6cdaed,results_r02/cyclic/final_Krum_s0_p0.1_R100_7cba8a28d0.json;results_r02/cyclic/final_Krum_s1_p0.1_R100_da52fc613a.json;results_r02/cyclic/final_Krum_s2_p0.1_R100_e256dabe3c.json;results_r02/cyclic/final_Krum_s3_p0.1_R100_d592882b91.json;results_r02/cyclic/final_Krum_s4_p0.1_R100_7f1875f87e.json;results_r02/cyclic/final_Krum_s5_p0.1_R100_7a85bacd2e.json;results_r02/cyclic/final_Krum_s6_p0.1_R100_8cc35c4b38.json;results_r02/cyclic/final_Krum_s7_p0.1_R100_7fac4d953d.json;results_r02/cyclic/final_Krum_s8_p0.1_R100_a3200e92d8.json;results_r02/cyclic/final_Krum_s9_p0.1_R100_212e6cdaed.json,
Table B2 cyclic macro-F1,tab:cyclic_f1,Krum,ratio 0.2,75.5$\pm$12.1,75.5±12.1,yes,10,Krum_s0_p0.2_R100_9d6ae0866b;Krum_s1_p0.2_R100_28eac45f89;Krum_s2_p0.2_R100_332d084784;Krum_s3_p0.2_R100_5e67410c56;Krum_s4_p0.2_R100_2f25191bc9;Krum_s5_p0.2_R100_0413fd5ea1;Krum_s6_p0.2_R100_621e131fe3;Krum_s7_p0.2_R100_976949f429;Krum_s8_p0.2_R100_fd40ad4340;Krum_s9_p0.2_R100_2bf87ae13c,results_r02/cyclic/final_Krum_s0_p0.2_R100_9d6ae0866b.json;results_r02/cyclic/final_Krum_s1_p0.2_R100_28eac45f89.json;results_r02/cyclic/final_Krum_s2_p0.2_R100_332d084784.json;results_r02/cyclic/final_Krum_s3_p0.2_R100_5e67410c56.json;results_r02/cyclic/final_Krum_s4_p0.2_R100_2f25191bc9.json;results_r02/cyclic/final_Krum_s5_p0.2_R100_0413fd5ea1.json;results_r02/cyclic/final_Krum_s6_p0.2_R100_621e131fe3.json;results_r02/cyclic/final_Krum_s7_p0.2_R100_976949f429.json;results_r02/cyclic/final_Krum_s8_p0.2_R100_fd40ad4340.json;results_r02/cyclic/final_Krum_s9_p0.2_R100_2bf87ae13c.json,
Table B2 cyclic macro-F1,tab:cyclic_f1,Krum,ratio 0.3,75.4$\pm$7.1,75.4±7.1,yes,10,Krum_s0_p0.3_R100_209cb84311;Krum_s1_p0.3_R100_7c7db7f369;Krum_s2_p0.3_R100_39cd09473c;Krum_s3_p0.3_R100_3390d8aa53;Krum_s4_p0.3_R100_c93297f9e6;Krum_s5_p0.3_R100_8cf3f10a14;Krum_s6_p0.3_R100_9ebcbb94c3;Krum_s7_p0.3_R100_9a283ed917;Krum_s8_p0.3_R100_8d8a0ede63;Krum_s9_p0.3_R100_f286256ded,results_r02/cyclic/final_Krum_s0_p0.3_R100_209cb84311.json;results_r02/cyclic/final_Krum_s1_p0.3_R100_7c7db7f369.json;results_r02/cyclic/final_Krum_s2_p0.3_R100_39cd09473c.json;results_r02/cyclic/final_Krum_s3_p0.3_R100_3390d8aa53.json;results_r02/cyclic/final_Krum_s4_p0.3_R100_c93297f9e6.json;results_r02/cyclic/final_Krum_s5_p0.3_R100_8cf3f10a14.json;results_r02/cyclic/final_Krum_s6_p0.3_R100_9ebcbb94c3.json;results_r02/cyclic/final_Krum_s7_p0.3_R100_9a283ed917.json;results_r02/cyclic/final_Krum_s8_p0.3_R100_8d8a0ede63.json;results_r02/cyclic/final_Krum_s9_p0.3_R100_f286256ded.json,
Table B2 cyclic macro-F1,tab:cyclic_f1,Krum,ratio 0.4,65.7$\pm$23.4,65.7±23.4,yes,10,Krum_s0_p0.4_R100_85bb58e9ef;Krum_s1_p0.4_R100_070e1ae280;Krum_s2_p0.4_R100_bdea519f00;Krum_s3_p0.4_R100_6a2844ee76;Krum_s4_p0.4_R100_57eac6169b;Krum_s5_p0.4_R100_bc3b15fb7c;Krum_s6_p0.4_R100_11ac467b3a;Krum_s7_p0.4_R100_3b506fe32d;Krum_s8_p0.4_R100_5efa38f147;Krum_s9_p0.4_R100_b56e54aeef,results_r02/cyclic/final_Krum_s0_p0.4_R100_85bb58e9ef.json;results_r02/cyclic/final_Krum_s1_p0.4_R100_070e1ae280.json;results_r02/cyclic/final_Krum_s2_p0.4_R100_bdea519f00.json;results_r02/cyclic/final_Krum_s3_p0.4_R100_6a2844ee76.json;results_r02/cyclic/final_Krum_s4_p0.4_R100_57eac6169b.json;results_r02/cyclic/final_Krum_s5_p0.4_R100_bc3b15fb7c.json;results_r02/cyclic/final_Krum_s6_p0.4_R100_11ac467b3a.json;results_r02/cyclic/final_Krum_s7_p0.4_R100_3b506fe32d.json;results_r02/cyclic/final_Krum_s8_p0.4_R100_5efa38f147.json;results_r02/cyclic/final_Krum_s9_p0.4_R100_b56e54aeef.json,
Table B2 cyclic macro-F1,tab:cyclic_f1,Krum,ratio 0.5,22.5$\pm$33.1,22.5±33.1,yes,10,Krum_s0_p0.5_R100_81f17e3655;Krum_s1_p0.5_R100_46274863f2;Krum_s2_p0.5_R100_76a7c01610;Krum_s3_p0.5_R100_f73833a1f7;Krum_s4_p0.5_R100_7d6fa5a0dc;Krum_s5_p0.5_R100_20a274f9f8;Krum_s6_p0.5_R100_1747198853;Krum_s7_p0.5_R100_b695e47056;Krum_s8_p0.5_R100_6d8a6f6101;Krum_s9_p0.5_R100_1578a166f5,results_r02/cyclic/final_Krum_s0_p0.5_R100_81f17e3655.json;results_r02/cyclic/final_Krum_s1_p0.5_R100_46274863f2.json;results_r02/cyclic/final_Krum_s2_p0.5_R100_76a7c01610.json;results_r02/cyclic/final_Krum_s3_p0.5_R100_f73833a1f7.json;results_r02/cyclic/final_Krum_s4_p0.5_R100_7d6fa5a0dc.json;results_r02/cyclic/final_Krum_s5_p0.5_R100_20a274f9f8.json;results_r02/cyclic/final_Krum_s6_p0.5_R100_1747198853.json;results_r02/cyclic/final_Krum_s7_p0.5_R100_b695e47056.json;results_r02/cyclic/final_Krum_s8_p0.5_R100_6d8a6f6101.json;results_r02/cyclic/final_Krum_s9_p0.5_R100_1578a166f5.json,
Table B2 cyclic macro-F1,tab:cyclic_f1,Krum,ratio 0.6,13.0$\pm$26.8,13.0±26.8,yes,10,Krum_s0_p0.6_R100_992bd10a9c;Krum_s1_p0.6_R100_8db859f9d7;Krum_s2_p0.6_R100_36f2b0ce77;Krum_s3_p0.6_R100_6bf1668d71;Krum_s4_p0.6_R100_3ba15ac402;Krum_s5_p0.6_R100_d12f49817d;Krum_s6_p0.6_R100_859deddf77;Krum_s7_p0.6_R100_509e768c77;Krum_s8_p0.6_R100_79e567d780;Krum_s9_p0.6_R100_bfcd4ea02f,results_r02/cyclic/final_Krum_s0_p0.6_R100_992bd10a9c.json;results_r02/cyclic/final_Krum_s1_p0.6_R100_8db859f9d7.json;results_r02/cyclic/final_Krum_s2_p0.6_R100_36f2b0ce77.json;results_r02/cyclic/final_Krum_s3_p0.6_R100_6bf1668d71.json;results_r02/cyclic/final_Krum_s4_p0.6_R100_3ba15ac402.json;results_r02/cyclic/final_Krum_s5_p0.6_R100_d12f49817d.json;results_r02/cyclic/final_Krum_s6_p0.6_R100_859deddf77.json;results_r02/cyclic/final_Krum_s7_p0.6_R100_509e768c77.json;results_r02/cyclic/final_Krum_s8_p0.6_R100_79e567d780.json;results_r02/cyclic/final_Krum_s9_p0.6_R100_bfcd4ea02f.json,
Table B2 cyclic macro-F1,tab:cyclic_f1,Krum,ratio 0.7,0.8$\pm$1.3,0.8±1.3,yes,10,Krum_s0_p0.7_R100_dd311e50c5;Krum_s1_p0.7_R100_8ce4a35ceb;Krum_s2_p0.7_R100_1b775cb218;Krum_s3_p0.7_R100_22a09e6fdd;Krum_s4_p0.7_R100_19504cff5f;Krum_s5_p0.7_R100_91c9eb1f6f;Krum_s6_p0.7_R100_a787c483df;Krum_s7_p0.7_R100_63906c5e25;Krum_s8_p0.7_R100_a03a46f9c8;Krum_s9_p0.7_R100_4d9abe4a80,results_r02/cyclic/final_Krum_s0_p0.7_R100_dd311e50c5.json;results_r02/cyclic/final_Krum_s1_p0.7_R100_8ce4a35ceb.json;results_r02/cyclic/final_Krum_s2_p0.7_R100_1b775cb218.json;results_r02/cyclic/final_Krum_s3_p0.7_R100_22a09e6fdd.json;results_r02/cyclic/final_Krum_s4_p0.7_R100_19504cff5f.json;results_r02/cyclic/final_Krum_s5_p0.7_R100_91c9eb1f6f.json;results_r02/cyclic/final_Krum_s6_p0.7_R100_a787c483df.json;results_r02/cyclic/final_Krum_s7_p0.7_R100_63906c5e25.json;results_r02/cyclic/final_Krum_s8_p0.7_R100_a03a46f9c8.json;results_r02/cyclic/final_Krum_s9_p0.7_R100_4d9abe4a80.json,
Table B2 cyclic macro-F1,tab:cyclic_f1,Krum,ratio 0.8,0.5$\pm$0.6,0.5±0.6,yes,10,Krum_s0_p0.8_R100_dd1dd46ba6;Krum_s1_p0.8_R100_4615402a16;Krum_s2_p0.8_R100_5417a4870e;Krum_s3_p0.8_R100_e561fafbfa;Krum_s4_p0.8_R100_27dcd690a9;Krum_s5_p0.8_R100_5db53f1938;Krum_s6_p0.8_R100_1321b823a1;Krum_s7_p0.8_R100_c9d44ea49d;Krum_s8_p0.8_R100_be01c74136;Krum_s9_p0.8_R100_51800a7ea9,results_r02/cyclic/final_Krum_s0_p0.8_R100_dd1dd46ba6.json;results_r02/cyclic/final_Krum_s1_p0.8_R100_4615402a16.json;results_r02/cyclic/final_Krum_s2_p0.8_R100_5417a4870e.json;results_r02/cyclic/final_Krum_s3_p0.8_R100_e561fafbfa.json;results_r02/cyclic/final_Krum_s4_p0.8_R100_27dcd690a9.json;results_r02/cyclic/final_Krum_s5_p0.8_R100_5db53f1938.json;results_r02/cyclic/final_Krum_s6_p0.8_R100_1321b823a1.json;results_r02/cyclic/final_Krum_s7_p0.8_R100_c9d44ea49d.json;results_r02/cyclic/final_Krum_s8_p0.8_R100_be01c74136.json;results_r02/cyclic/final_Krum_s9_p0.8_R100_51800a7ea9.json,
Table B2 cyclic macro-F1,tab:cyclic_f1,Krum,ratio 0.9,0.5$\pm$0.6,0.5±0.6,yes,10,Krum_s0_p0.9_R100_72f7390b76;Krum_s1_p0.9_R100_bff86d0663;Krum_s2_p0.9_R100_17df47ba1d;Krum_s3_p0.9_R100_ed8daf71ec;Krum_s4_p0.9_R100_72ececb0bc;Krum_s5_p0.9_R100_f0dc1bc756;Krum_s6_p0.9_R100_4aec927d31;Krum_s7_p0.9_R100_e05373bdf4;Krum_s8_p0.9_R100_898544e967;Krum_s9_p0.9_R100_f6e9a9723a,results_r02/cyclic/final_Krum_s0_p0.9_R100_72f7390b76.json;results_r02/cyclic/final_Krum_s1_p0.9_R100_bff86d0663.json;results_r02/cyclic/final_Krum_s2_p0.9_R100_17df47ba1d.json;results_r02/cyclic/final_Krum_s3_p0.9_R100_ed8daf71ec.json;results_r02/cyclic/final_Krum_s4_p0.9_R100_72ececb0bc.json;results_r02/cyclic/final_Krum_s5_p0.9_R100_f0dc1bc756.json;results_r02/cyclic/final_Krum_s6_p0.9_R100_4aec927d31.json;results_r02/cyclic/final_Krum_s7_p0.9_R100_e05373bdf4.json;results_r02/cyclic/final_Krum_s8_p0.9_R100_898544e967.json;results_r02/cyclic/final_Krum_s9_p0.9_R100_f6e9a9723a.json,
Table B2 cyclic macro-F1,tab:cyclic_f1,MultiKrum,ratio 0.0,79.2$\pm$8.0,79.2±8.0,yes,10,MultiKrum_s0_p0.0_R100_c8e62cb8e7;MultiKrum_s1_p0.0_R100_d18a95bac1;MultiKrum_s2_p0.0_R100_2fd88edf1e;MultiKrum_s3_p0.0_R100_51a854a6b5;MultiKrum_s4_p0.0_R100_1efb90a3d8;MultiKrum_s5_p0.0_R100_c56dd6e41c;MultiKrum_s6_p0.0_R100_fa56117116;MultiKrum_s7_p0.0_R100_6e7809ebd2;MultiKrum_s8_p0.0_R100_7afb625b8b;MultiKrum_s9_p0.0_R100_c3f9643451,results_r02/cyclic/final_MultiKrum_s0_p0.0_R100_c8e62cb8e7.json;results_r02/cyclic/final_MultiKrum_s1_p0.0_R100_d18a95bac1.json;results_r02/cyclic/final_MultiKrum_s2_p0.0_R100_2fd88edf1e.json;results_r02/cyclic/final_MultiKrum_s3_p0.0_R100_51a854a6b5.json;results_r02/cyclic/final_MultiKrum_s4_p0.0_R100_1efb90a3d8.json;results_r02/cyclic/final_MultiKrum_s5_p0.0_R100_c56dd6e41c.json;results_r02/cyclic/final_MultiKrum_s6_p0.0_R100_fa56117116.json;results_r02/cyclic/final_MultiKrum_s7_p0.0_R100_6e7809ebd2.json;results_r02/cyclic/final_MultiKrum_s8_p0.0_R100_7afb625b8b.json;results_r02/cyclic/final_MultiKrum_s9_p0.0_R100_c3f9643451.json,
Table B2 cyclic macro-F1,tab:cyclic_f1,MultiKrum,ratio 0.1,79.0$\pm$10.4,79.0±10.4,yes,10,MultiKrum_s0_p0.1_R100_c4c5129c70;MultiKrum_s1_p0.1_R100_7f4e520707;MultiKrum_s2_p0.1_R100_4ddb49be17;MultiKrum_s3_p0.1_R100_8136c4831f;MultiKrum_s4_p0.1_R100_eb2c82f77c;MultiKrum_s5_p0.1_R100_b1d96e4104;MultiKrum_s6_p0.1_R100_b8b737899e;MultiKrum_s7_p0.1_R100_d3193575c6;MultiKrum_s8_p0.1_R100_b9ecbe05f1;MultiKrum_s9_p0.1_R100_4c4c22604f,results_r02/cyclic/final_MultiKrum_s0_p0.1_R100_c4c5129c70.json;results_r02/cyclic/final_MultiKrum_s1_p0.1_R100_7f4e520707.json;results_r02/cyclic/final_MultiKrum_s2_p0.1_R100_4ddb49be17.json;results_r02/cyclic/final_MultiKrum_s3_p0.1_R100_8136c4831f.json;results_r02/cyclic/final_MultiKrum_s4_p0.1_R100_eb2c82f77c.json;results_r02/cyclic/final_MultiKrum_s5_p0.1_R100_b1d96e4104.json;results_r02/cyclic/final_MultiKrum_s6_p0.1_R100_b8b737899e.json;results_r02/cyclic/final_MultiKrum_s7_p0.1_R100_d3193575c6.json;results_r02/cyclic/final_MultiKrum_s8_p0.1_R100_b9ecbe05f1.json;results_r02/cyclic/final_MultiKrum_s9_p0.1_R100_4c4c22604f.json,
Table B2 cyclic macro-F1,tab:cyclic_f1,MultiKrum,ratio 0.2,80.3$\pm$3.5,80.3±3.5,yes,10,MultiKrum_s0_p0.2_R100_778c939051;MultiKrum_s1_p0.2_R100_a5f86f64bb;MultiKrum_s2_p0.2_R100_6ff2ef7139;MultiKrum_s3_p0.2_R100_f953279168;MultiKrum_s4_p0.2_R100_406067c223;MultiKrum_s5_p0.2_R100_e39176677f;MultiKrum_s6_p0.2_R100_200350233c;MultiKrum_s7_p0.2_R100_fb45f97323;MultiKrum_s8_p0.2_R100_78be744df0;MultiKrum_s9_p0.2_R100_582b26d66b,results_r02/cyclic/final_MultiKrum_s0_p0.2_R100_778c939051.json;results_r02/cyclic/final_MultiKrum_s1_p0.2_R100_a5f86f64bb.json;results_r02/cyclic/final_MultiKrum_s2_p0.2_R100_6ff2ef7139.json;results_r02/cyclic/final_MultiKrum_s3_p0.2_R100_f953279168.json;results_r02/cyclic/final_MultiKrum_s4_p0.2_R100_406067c223.json;results_r02/cyclic/final_MultiKrum_s5_p0.2_R100_e39176677f.json;results_r02/cyclic/final_MultiKrum_s6_p0.2_R100_200350233c.json;results_r02/cyclic/final_MultiKrum_s7_p0.2_R100_fb45f97323.json;results_r02/cyclic/final_MultiKrum_s8_p0.2_R100_78be744df0.json;results_r02/cyclic/final_MultiKrum_s9_p0.2_R100_582b26d66b.json,
Table B2 cyclic macro-F1,tab:cyclic_f1,MultiKrum,ratio 0.3,68.2$\pm$14.7,68.2±14.7,yes,10,MultiKrum_s0_p0.3_R100_de1040f002;MultiKrum_s1_p0.3_R100_c9fe5c4095;MultiKrum_s2_p0.3_R100_08e7337db7;MultiKrum_s3_p0.3_R100_70241fb5fa;MultiKrum_s4_p0.3_R100_4f20620724;MultiKrum_s5_p0.3_R100_44b236ba39;MultiKrum_s6_p0.3_R100_451331d27e;MultiKrum_s7_p0.3_R100_facd152776;MultiKrum_s8_p0.3_R100_162545b9f9;MultiKrum_s9_p0.3_R100_08aa0da7d3,results_r02/cyclic/final_MultiKrum_s0_p0.3_R100_de1040f002.json;results_r02/cyclic/final_MultiKrum_s1_p0.3_R100_c9fe5c4095.json;results_r02/cyclic/final_MultiKrum_s2_p0.3_R100_08e7337db7.json;results_r02/cyclic/final_MultiKrum_s3_p0.3_R100_70241fb5fa.json;results_r02/cyclic/final_MultiKrum_s4_p0.3_R100_4f20620724.json;results_r02/cyclic/final_MultiKrum_s5_p0.3_R100_44b236ba39.json;results_r02/cyclic/final_MultiKrum_s6_p0.3_R100_451331d27e.json;results_r02/cyclic/final_MultiKrum_s7_p0.3_R100_facd152776.json;results_r02/cyclic/final_MultiKrum_s8_p0.3_R100_162545b9f9.json;results_r02/cyclic/final_MultiKrum_s9_p0.3_R100_08aa0da7d3.json,
Table B2 cyclic macro-F1,tab:cyclic_f1,MultiKrum,ratio 0.4,44.5$\pm$28.0,44.5±28.0,yes,10,MultiKrum_s0_p0.4_R100_869631297d;MultiKrum_s1_p0.4_R100_2684585e5a;MultiKrum_s2_p0.4_R100_4f8cb4208c;MultiKrum_s3_p0.4_R100_54d5f9f13f;MultiKrum_s4_p0.4_R100_7a50de361b;MultiKrum_s5_p0.4_R100_5c4b1265a1;MultiKrum_s6_p0.4_R100_2503ce8963;MultiKrum_s7_p0.4_R100_e4347899f3;MultiKrum_s8_p0.4_R100_e60efa06fa;MultiKrum_s9_p0.4_R100_0119213304,results_r02/cyclic/final_MultiKrum_s0_p0.4_R100_869631297d.json;results_r02/cyclic/final_MultiKrum_s1_p0.4_R100_2684585e5a.json;results_r02/cyclic/final_MultiKrum_s2_p0.4_R100_4f8cb4208c.json;results_r02/cyclic/final_MultiKrum_s3_p0.4_R100_54d5f9f13f.json;results_r02/cyclic/final_MultiKrum_s4_p0.4_R100_7a50de361b.json;results_r02/cyclic/final_MultiKrum_s5_p0.4_R100_5c4b1265a1.json;results_r02/cyclic/final_MultiKrum_s6_p0.4_R100_2503ce8963.json;results_r02/cyclic/final_MultiKrum_s7_p0.4_R100_e4347899f3.json;results_r02/cyclic/final_MultiKrum_s8_p0.4_R100_e60efa06fa.json;results_r02/cyclic/final_MultiKrum_s9_p0.4_R100_0119213304.json,
Table B2 cyclic macro-F1,tab:cyclic_f1,MultiKrum,ratio 0.5,32.5$\pm$28.7,32.5±28.7,yes,10,MultiKrum_s0_p0.5_R100_02f7b37181;MultiKrum_s1_p0.5_R100_3758c83a1a;MultiKrum_s2_p0.5_R100_aa1d7d99c1;MultiKrum_s3_p0.5_R100_980d6e9a92;MultiKrum_s4_p0.5_R100_5c8f6798c0;MultiKrum_s5_p0.5_R100_5b2af002d9;MultiKrum_s6_p0.5_R100_06e5276aca;MultiKrum_s7_p0.5_R100_3d3fc281a3;MultiKrum_s8_p0.5_R100_e7c7b68778;MultiKrum_s9_p0.5_R100_8f26d676b4,results_r02/cyclic/final_MultiKrum_s0_p0.5_R100_02f7b37181.json;results_r02/cyclic/final_MultiKrum_s1_p0.5_R100_3758c83a1a.json;results_r02/cyclic/final_MultiKrum_s2_p0.5_R100_aa1d7d99c1.json;results_r02/cyclic/final_MultiKrum_s3_p0.5_R100_980d6e9a92.json;results_r02/cyclic/final_MultiKrum_s4_p0.5_R100_5c8f6798c0.json;results_r02/cyclic/final_MultiKrum_s5_p0.5_R100_5b2af002d9.json;results_r02/cyclic/final_MultiKrum_s6_p0.5_R100_06e5276aca.json;results_r02/cyclic/final_MultiKrum_s7_p0.5_R100_3d3fc281a3.json;results_r02/cyclic/final_MultiKrum_s8_p0.5_R100_e7c7b68778.json;results_r02/cyclic/final_MultiKrum_s9_p0.5_R100_8f26d676b4.json,
Table B2 cyclic macro-F1,tab:cyclic_f1,MultiKrum,ratio 0.6,20.9$\pm$14.6,20.9±14.6,yes,10,MultiKrum_s0_p0.6_R100_02963635b0;MultiKrum_s1_p0.6_R100_9f89844dd5;MultiKrum_s2_p0.6_R100_55ac67b758;MultiKrum_s3_p0.6_R100_3c97f0cd8b;MultiKrum_s4_p0.6_R100_27aa4e9b9f;MultiKrum_s5_p0.6_R100_bd47f1bc74;MultiKrum_s6_p0.6_R100_cae460ae31;MultiKrum_s7_p0.6_R100_cb533222ab;MultiKrum_s8_p0.6_R100_91caa26a88;MultiKrum_s9_p0.6_R100_a83f27ea49,results_r02/cyclic/final_MultiKrum_s0_p0.6_R100_02963635b0.json;results_r02/cyclic/final_MultiKrum_s1_p0.6_R100_9f89844dd5.json;results_r02/cyclic/final_MultiKrum_s2_p0.6_R100_55ac67b758.json;results_r02/cyclic/final_MultiKrum_s3_p0.6_R100_3c97f0cd8b.json;results_r02/cyclic/final_MultiKrum_s4_p0.6_R100_27aa4e9b9f.json;results_r02/cyclic/final_MultiKrum_s5_p0.6_R100_bd47f1bc74.json;results_r02/cyclic/final_MultiKrum_s6_p0.6_R100_cae460ae31.json;results_r02/cyclic/final_MultiKrum_s7_p0.6_R100_cb533222ab.json;results_r02/cyclic/final_MultiKrum_s8_p0.6_R100_91caa26a88.json;results_r02/cyclic/final_MultiKrum_s9_p0.6_R100_a83f27ea49.json,
Table B2 cyclic macro-F1,tab:cyclic_f1,MultiKrum,ratio 0.7,15.1$\pm$10.2,15.1±10.2,yes,10,MultiKrum_s0_p0.7_R100_1de53feb78;MultiKrum_s1_p0.7_R100_29e238b6c0;MultiKrum_s2_p0.7_R100_d2fb686819;MultiKrum_s3_p0.7_R100_35d871ffb4;MultiKrum_s4_p0.7_R100_c0cfc27034;MultiKrum_s5_p0.7_R100_43012a1e2c;MultiKrum_s6_p0.7_R100_6287399aee;MultiKrum_s7_p0.7_R100_461025d912;MultiKrum_s8_p0.7_R100_43c44096fd;MultiKrum_s9_p0.7_R100_9af2b84a73,results_r02/cyclic/final_MultiKrum_s0_p0.7_R100_1de53feb78.json;results_r02/cyclic/final_MultiKrum_s1_p0.7_R100_29e238b6c0.json;results_r02/cyclic/final_MultiKrum_s2_p0.7_R100_d2fb686819.json;results_r02/cyclic/final_MultiKrum_s3_p0.7_R100_35d871ffb4.json;results_r02/cyclic/final_MultiKrum_s4_p0.7_R100_c0cfc27034.json;results_r02/cyclic/final_MultiKrum_s5_p0.7_R100_43012a1e2c.json;results_r02/cyclic/final_MultiKrum_s6_p0.7_R100_6287399aee.json;results_r02/cyclic/final_MultiKrum_s7_p0.7_R100_461025d912.json;results_r02/cyclic/final_MultiKrum_s8_p0.7_R100_43c44096fd.json;results_r02/cyclic/final_MultiKrum_s9_p0.7_R100_9af2b84a73.json,
Table B2 cyclic macro-F1,tab:cyclic_f1,MultiKrum,ratio 0.8,3.4$\pm$5.3,3.4±5.3,yes,10,MultiKrum_s0_p0.8_R100_8814ccdc73;MultiKrum_s1_p0.8_R100_e868d903e1;MultiKrum_s2_p0.8_R100_38d9192a55;MultiKrum_s3_p0.8_R100_3988fca247;MultiKrum_s4_p0.8_R100_55f34f802b;MultiKrum_s5_p0.8_R100_a7481b5d90;MultiKrum_s6_p0.8_R100_336356461c;MultiKrum_s7_p0.8_R100_d5217f38ae;MultiKrum_s8_p0.8_R100_3b8a1d06e6;MultiKrum_s9_p0.8_R100_6c95484456,results_r02/cyclic/final_MultiKrum_s0_p0.8_R100_8814ccdc73.json;results_r02/cyclic/final_MultiKrum_s1_p0.8_R100_e868d903e1.json;results_r02/cyclic/final_MultiKrum_s2_p0.8_R100_38d9192a55.json;results_r02/cyclic/final_MultiKrum_s3_p0.8_R100_3988fca247.json;results_r02/cyclic/final_MultiKrum_s4_p0.8_R100_55f34f802b.json;results_r02/cyclic/final_MultiKrum_s5_p0.8_R100_a7481b5d90.json;results_r02/cyclic/final_MultiKrum_s6_p0.8_R100_336356461c.json;results_r02/cyclic/final_MultiKrum_s7_p0.8_R100_d5217f38ae.json;results_r02/cyclic/final_MultiKrum_s8_p0.8_R100_3b8a1d06e6.json;results_r02/cyclic/final_MultiKrum_s9_p0.8_R100_6c95484456.json,
Table B2 cyclic macro-F1,tab:cyclic_f1,MultiKrum,ratio 0.9,0.4$\pm$0.8,0.4±0.8,yes,10,MultiKrum_s0_p0.9_R100_d1466aedc9;MultiKrum_s1_p0.9_R100_da9d494d00;MultiKrum_s2_p0.9_R100_30a32a10aa;MultiKrum_s3_p0.9_R100_12ce8516dc;MultiKrum_s4_p0.9_R100_84ecfab58b;MultiKrum_s5_p0.9_R100_0d0c85eff2;MultiKrum_s6_p0.9_R100_08a063f2a4;MultiKrum_s7_p0.9_R100_719a414cab;MultiKrum_s8_p0.9_R100_d1e6a8107e;MultiKrum_s9_p0.9_R100_08804f73e2,results_r02/cyclic/final_MultiKrum_s0_p0.9_R100_d1466aedc9.json;results_r02/cyclic/final_MultiKrum_s1_p0.9_R100_da9d494d00.json;results_r02/cyclic/final_MultiKrum_s2_p0.9_R100_30a32a10aa.json;results_r02/cyclic/final_MultiKrum_s3_p0.9_R100_12ce8516dc.json;results_r02/cyclic/final_MultiKrum_s4_p0.9_R100_84ecfab58b.json;results_r02/cyclic/final_MultiKrum_s5_p0.9_R100_0d0c85eff2.json;results_r02/cyclic/final_MultiKrum_s6_p0.9_R100_08a063f2a4.json;results_r02/cyclic/final_MultiKrum_s7_p0.9_R100_719a414cab.json;results_r02/cyclic/final_MultiKrum_s8_p0.9_R100_d1e6a8107e.json;results_r02/cyclic/final_MultiKrum_s9_p0.9_R100_08804f73e2.json,
Table 10 cyclic paired tests,tab:cyclic_tests,vs FLTrust,ratio 0.0,+0.73 | [+0.38; +1.07] | $<$0.001 | 0.008,+0.73 | [+0.38; +1.07] | $<$0.001 | 0.008,yes,10,DyF-ZTL-V_s0_p0.0_R100_5934135119;DyF-ZTL-V_s1_p0.0_R100_69f2876d70;DyF-ZTL-V_s2_p0.0_R100_8c01e33713;DyF-ZTL-V_s3_p0.0_R100_ac39a3ec0c;DyF-ZTL-V_s4_p0.0_R100_1083bdb99c;DyF-ZTL-V_s5_p0.0_R100_12f4b44baa;DyF-ZTL-V_s6_p0.0_R100_d27d63fbd1;DyF-ZTL-V_s7_p0.0_R100_8866b649ba;DyF-ZTL-V_s8_p0.0_R100_8e34ba9d54;DyF-ZTL-V_s9_p0.0_R100_c733e037c3|FLTrust_s0_p0.0_R100_1271e24ba8;FLTrust_s1_p0.0_R100_b60f2479bc;FLTrust_s2_p0.0_R100_6978264380;FLTrust_s3_p0.0_R100_5b4dcc15ee;FLTrust_s4_p0.0_R100_ce6cb407a4;FLTrust_s5_p0.0_R100_c93c9feb83;FLTrust_s6_p0.0_R100_45ee0634d2;FLTrust_s7_p0.0_R100_73ba6d46a3;FLTrust_s8_p0.0_R100_814b3613e0;FLTrust_s9_p0.0_R100_aa4b814e5e,results_r02/cyclic/final_DyF-ZTL-V_s0_p0.0_R100_5934135119.json;results_r02/cyclic/final_DyF-ZTL-V_s1_p0.0_R100_69f2876d70.json;results_r02/cyclic/final_DyF-ZTL-V_s2_p0.0_R100_8c01e33713.json;results_r02/cyclic/final_DyF-ZTL-V_s3_p0.0_R100_ac39a3ec0c.json;results_r02/cyclic/final_DyF-ZTL-V_s4_p0.0_R100_1083bdb99c.json;results_r02/cyclic/final_DyF-ZTL-V_s5_p0.0_R100_12f4b44baa.json;results_r02/cyclic/final_DyF-ZTL-V_s6_p0.0_R100_d27d63fbd1.json;results_r02/cyclic/final_DyF-ZTL-V_s7_p0.0_R100_8866b649ba.json;results_r02/cyclic/final_DyF-ZTL-V_s8_p0.0_R100_8e34ba9d54.json;results_r02/cyclic/final_DyF-ZTL-V_s9_p0.0_R100_c733e037c3.json;results_r02/cyclic/final_FLTrust_s0_p0.0_R100_1271e24ba8.json;results_r02/cyclic/final_FLTrust_s1_p0.0_R100_b60f2479bc.json;results_r02/cyclic/final_FLTrust_s2_p0.0_R100_6978264380.json;results_r02/cyclic/final_FLTrust_s3_p0.0_R100_5b4dcc15ee.json;results_r02/cyclic/final_FLTrust_s4_p0.0_R100_ce6cb407a4.json;results_r02/cyclic/final_FLTrust_s5_p0.0_R100_c93c9feb83.json;results_r02/cyclic/final_FLTrust_s6_p0.0_R100_45ee0634d2.json;results_r02/cyclic/final_FLTrust_s7_p0.0_R100_73ba6d46a3.json;results_r02/cyclic/final_FLTrust_s8_p0.0_R100_814b3613e0.json;results_r02/cyclic/final_FLTrust_s9_p0.0_R100_aa4b814e5e.json,
Table 10 cyclic paired tests,tab:cyclic_tests,vs FLTrust,ratio 0.1,+0.89 | [+0.39; +1.39] | 0.003 | 0.004,+0.89 | [+0.39; +1.39] | 0.003 | 0.004,yes,10,DyF-ZTL-V_s0_p0.1_R100_857ad988aa;DyF-ZTL-V_s1_p0.1_R100_fc55105344;DyF-ZTL-V_s2_p0.1_R100_94a802a715;DyF-ZTL-V_s3_p0.1_R100_a186aea0d6;DyF-ZTL-V_s4_p0.1_R100_86c1d0be35;DyF-ZTL-V_s5_p0.1_R100_e5e0793d08;DyF-ZTL-V_s6_p0.1_R100_990789029d;DyF-ZTL-V_s7_p0.1_R100_39fbd94ea2;DyF-ZTL-V_s8_p0.1_R100_51480c566d;DyF-ZTL-V_s9_p0.1_R100_4da85b6afd|FLTrust_s0_p0.1_R100_11fdc95daa;FLTrust_s1_p0.1_R100_e57cbb4325;FLTrust_s2_p0.1_R100_f8b75cc022;FLTrust_s3_p0.1_R100_f3b6628ae1;FLTrust_s4_p0.1_R100_cf688bb6fd;FLTrust_s5_p0.1_R100_ad2a2c9825;FLTrust_s6_p0.1_R100_7198d30f00;FLTrust_s7_p0.1_R100_c3ce8de4e3;FLTrust_s8_p0.1_R100_359081ee19;FLTrust_s9_p0.1_R100_d5dc57a22f,results_r02/cyclic/final_DyF-ZTL-V_s0_p0.1_R100_857ad988aa.json;results_r02/cyclic/final_DyF-ZTL-V_s1_p0.1_R100_fc55105344.json;results_r02/cyclic/final_DyF-ZTL-V_s2_p0.1_R100_94a802a715.json;results_r02/cyclic/final_DyF-ZTL-V_s3_p0.1_R100_a186aea0d6.json;results_r02/cyclic/final_DyF-ZTL-V_s4_p0.1_R100_86c1d0be35.json;results_r02/cyclic/final_DyF-ZTL-V_s5_p0.1_R100_e5e0793d08.json;results_r02/cyclic/final_DyF-ZTL-V_s6_p0.1_R100_990789029d.json;results_r02/cyclic/final_DyF-ZTL-V_s7_p0.1_R100_39fbd94ea2.json;results_r02/cyclic/final_DyF-ZTL-V_s8_p0.1_R100_51480c566d.json;results_r02/cyclic/final_DyF-ZTL-V_s9_p0.1_R100_4da85b6afd.json;results_r02/cyclic/final_FLTrust_s0_p0.1_R100_11fdc95daa.json;results_r02/cyclic/final_FLTrust_s1_p0.1_R100_e57cbb4325.json;results_r02/cyclic/final_FLTrust_s2_p0.1_R100_f8b75cc022.json;results_r02/cyclic/final_FLTrust_s3_p0.1_R100_f3b6628ae1.json;results_r02/cyclic/final_FLTrust_s4_p0.1_R100_cf688bb6fd.json;results_r02/cyclic/final_FLTrust_s5_p0.1_R100_ad2a2c9825.json;results_r02/cyclic/final_FLTrust_s6_p0.1_R100_7198d30f00.json;results_r02/cyclic/final_FLTrust_s7_p0.1_R100_c3ce8de4e3.json;results_r02/cyclic/final_FLTrust_s8_p0.1_R100_359081ee19.json;results_r02/cyclic/final_FLTrust_s9_p0.1_R100_d5dc57a22f.json,
Table 10 cyclic paired tests,tab:cyclic_tests,vs FLTrust,ratio 0.2,+0.24 | [-1.12; +1.61] | 0.699 | 0.193,+0.24 | [-1.12; +1.61] | 0.699 | 0.193,yes,10,DyF-ZTL-V_s0_p0.2_R100_70f55769d2;DyF-ZTL-V_s1_p0.2_R100_c9c4d1ef7b;DyF-ZTL-V_s2_p0.2_R100_7f85b4de6e;DyF-ZTL-V_s3_p0.2_R100_a9734df61c;DyF-ZTL-V_s4_p0.2_R100_c32904e9cf;DyF-ZTL-V_s5_p0.2_R100_c837a4d674;DyF-ZTL-V_s6_p0.2_R100_9ddbd8555b;DyF-ZTL-V_s7_p0.2_R100_96c550bf5d;DyF-ZTL-V_s8_p0.2_R100_98dbd4f2f9;DyF-ZTL-V_s9_p0.2_R100_53c61456c8|FLTrust_s0_p0.2_R100_2261185c3c;FLTrust_s1_p0.2_R100_e3598a4a40;FLTrust_s2_p0.2_R100_3dfd03a066;FLTrust_s3_p0.2_R100_913b2d1c9f;FLTrust_s4_p0.2_R100_9dfc63b25a;FLTrust_s5_p0.2_R100_be8787bad5;FLTrust_s6_p0.2_R100_3ad905c688;FLTrust_s7_p0.2_R100_c1acd7001d;FLTrust_s8_p0.2_R100_13de8ca361;FLTrust_s9_p0.2_R100_2b565126dd,results_r02/cyclic/final_DyF-ZTL-V_s0_p0.2_R100_70f55769d2.json;results_r02/cyclic/final_DyF-ZTL-V_s1_p0.2_R100_c9c4d1ef7b.json;results_r02/cyclic/final_DyF-ZTL-V_s2_p0.2_R100_7f85b4de6e.json;results_r02/cyclic/final_DyF-ZTL-V_s3_p0.2_R100_a9734df61c.json;results_r02/cyclic/final_DyF-ZTL-V_s4_p0.2_R100_c32904e9cf.json;results_r02/cyclic/final_DyF-ZTL-V_s5_p0.2_R100_c837a4d674.json;results_r02/cyclic/final_DyF-ZTL-V_s6_p0.2_R100_9ddbd8555b.json;results_r02/cyclic/final_DyF-ZTL-V_s7_p0.2_R100_96c550bf5d.json;results_r02/cyclic/final_DyF-ZTL-V_s8_p0.2_R100_98dbd4f2f9.json;results_r02/cyclic/final_DyF-ZTL-V_s9_p0.2_R100_53c61456c8.json;results_r02/cyclic/final_FLTrust_s0_p0.2_R100_2261185c3c.json;results_r02/cyclic/final_FLTrust_s1_p0.2_R100_e3598a4a40.json;results_r02/cyclic/final_FLTrust_s2_p0.2_R100_3dfd03a066.json;results_r02/cyclic/final_FLTrust_s3_p0.2_R100_913b2d1c9f.json;results_r02/cyclic/final_FLTrust_s4_p0.2_R100_9dfc63b25a.json;results_r02/cyclic/final_FLTrust_s5_p0.2_R100_be8787bad5.json;results_r02/cyclic/final_FLTrust_s6_p0.2_R100_3ad905c688.json;results_r02/cyclic/final_FLTrust_s7_p0.2_R100_c1acd7001d.json;results_r02/cyclic/final_FLTrust_s8_p0.2_R100_13de8ca361.json;results_r02/cyclic/final_FLTrust_s9_p0.2_R100_2b565126dd.json,
Table 10 cyclic paired tests,tab:cyclic_tests,vs FLTrust,ratio 0.3,-0.16 | [-2.58; +2.26] | 0.885 | 0.084,-0.16 | [-2.58; +2.26] | 0.885 | 0.084,yes,10,DyF-ZTL-V_s0_p0.3_R100_520bd4f748;DyF-ZTL-V_s1_p0.3_R100_f9a183a3d0;DyF-ZTL-V_s2_p0.3_R100_ce1626f472;DyF-ZTL-V_s3_p0.3_R100_70bb10cb19;DyF-ZTL-V_s4_p0.3_R100_c2aac49d8d;DyF-ZTL-V_s5_p0.3_R100_52b0088e25;DyF-ZTL-V_s6_p0.3_R100_04465d200e;DyF-ZTL-V_s7_p0.3_R100_71021e9bce;DyF-ZTL-V_s8_p0.3_R100_f6e248d8cd;DyF-ZTL-V_s9_p0.3_R100_3f0b3f602f|FLTrust_s0_p0.3_R100_2a587e54dd;FLTrust_s1_p0.3_R100_fffebfa527;FLTrust_s2_p0.3_R100_c69ab088ac;FLTrust_s3_p0.3_R100_418445c611;FLTrust_s4_p0.3_R100_d5fd4f4748;FLTrust_s5_p0.3_R100_1f60a86aac;FLTrust_s6_p0.3_R100_a947b0b514;FLTrust_s7_p0.3_R100_f8e3db7e9d;FLTrust_s8_p0.3_R100_ab6de07759;FLTrust_s9_p0.3_R100_626f619e52,results_r02/cyclic/final_DyF-ZTL-V_s0_p0.3_R100_520bd4f748.json;results_r02/cyclic/final_DyF-ZTL-V_s1_p0.3_R100_f9a183a3d0.json;results_r02/cyclic/final_DyF-ZTL-V_s2_p0.3_R100_ce1626f472.json;results_r02/cyclic/final_DyF-ZTL-V_s3_p0.3_R100_70bb10cb19.json;results_r02/cyclic/final_DyF-ZTL-V_s4_p0.3_R100_c2aac49d8d.json;results_r02/cyclic/final_DyF-ZTL-V_s5_p0.3_R100_52b0088e25.json;results_r02/cyclic/final_DyF-ZTL-V_s6_p0.3_R100_04465d200e.json;results_r02/cyclic/final_DyF-ZTL-V_s7_p0.3_R100_71021e9bce.json;results_r02/cyclic/final_DyF-ZTL-V_s8_p0.3_R100_f6e248d8cd.json;results_r02/cyclic/final_DyF-ZTL-V_s9_p0.3_R100_3f0b3f602f.json;results_r02/cyclic/final_FLTrust_s0_p0.3_R100_2a587e54dd.json;results_r02/cyclic/final_FLTrust_s1_p0.3_R100_fffebfa527.json;results_r02/cyclic/final_FLTrust_s2_p0.3_R100_c69ab088ac.json;results_r02/cyclic/final_FLTrust_s3_p0.3_R100_418445c611.json;results_r02/cyclic/final_FLTrust_s4_p0.3_R100_d5fd4f4748.json;results_r02/cyclic/final_FLTrust_s5_p0.3_R100_1f60a86aac.json;results_r02/cyclic/final_FLTrust_s6_p0.3_R100_a947b0b514.json;results_r02/cyclic/final_FLTrust_s7_p0.3_R100_f8e3db7e9d.json;results_r02/cyclic/final_FLTrust_s8_p0.3_R100_ab6de07759.json;results_r02/cyclic/final_FLTrust_s9_p0.3_R100_626f619e52.json,
Table 10 cyclic paired tests,tab:cyclic_tests,vs FLTrust,ratio 0.4,+1.10 | [+0.04; +2.16] | 0.043 | 0.021,+1.10 | [+0.04; +2.16] | 0.043 | 0.021,yes,10,DyF-ZTL-V_s0_p0.4_R100_9d28d361af;DyF-ZTL-V_s1_p0.4_R100_eb956f537a;DyF-ZTL-V_s2_p0.4_R100_439661ae3a;DyF-ZTL-V_s3_p0.4_R100_019e0715d8;DyF-ZTL-V_s4_p0.4_R100_f908bf4b7f;DyF-ZTL-V_s5_p0.4_R100_d0c2d712b5;DyF-ZTL-V_s6_p0.4_R100_8daf7acb3b;DyF-ZTL-V_s7_p0.4_R100_31ba6467ac;DyF-ZTL-V_s8_p0.4_R100_dacb2eb637;DyF-ZTL-V_s9_p0.4_R100_b473bb7c12|FLTrust_s0_p0.4_R100_e67100009e;FLTrust_s1_p0.4_R100_7b0b3f2cec;FLTrust_s2_p0.4_R100_2a4cb83df4;FLTrust_s3_p0.4_R100_e2e43ebff6;FLTrust_s4_p0.4_R100_c5c1bb6649;FLTrust_s5_p0.4_R100_3de8530e02;FLTrust_s6_p0.4_R100_0c0c471968;FLTrust_s7_p0.4_R100_4fda3a3346;FLTrust_s8_p0.4_R100_727c53cf39;FLTrust_s9_p0.4_R100_d0eac898cd,results_r02/cyclic/final_DyF-ZTL-V_s0_p0.4_R100_9d28d361af.json;results_r02/cyclic/final_DyF-ZTL-V_s1_p0.4_R100_eb956f537a.json;results_r02/cyclic/final_DyF-ZTL-V_s2_p0.4_R100_439661ae3a.json;results_r02/cyclic/final_DyF-ZTL-V_s3_p0.4_R100_019e0715d8.json;results_r02/cyclic/final_DyF-ZTL-V_s4_p0.4_R100_f908bf4b7f.json;results_r02/cyclic/final_DyF-ZTL-V_s5_p0.4_R100_d0c2d712b5.json;results_r02/cyclic/final_DyF-ZTL-V_s6_p0.4_R100_8daf7acb3b.json;results_r02/cyclic/final_DyF-ZTL-V_s7_p0.4_R100_31ba6467ac.json;results_r02/cyclic/final_DyF-ZTL-V_s8_p0.4_R100_dacb2eb637.json;results_r02/cyclic/final_DyF-ZTL-V_s9_p0.4_R100_b473bb7c12.json;results_r02/cyclic/final_FLTrust_s0_p0.4_R100_e67100009e.json;results_r02/cyclic/final_FLTrust_s1_p0.4_R100_7b0b3f2cec.json;results_r02/cyclic/final_FLTrust_s2_p0.4_R100_2a4cb83df4.json;results_r02/cyclic/final_FLTrust_s3_p0.4_R100_e2e43ebff6.json;results_r02/cyclic/final_FLTrust_s4_p0.4_R100_c5c1bb6649.json;results_r02/cyclic/final_FLTrust_s5_p0.4_R100_3de8530e02.json;results_r02/cyclic/final_FLTrust_s6_p0.4_R100_0c0c471968.json;results_r02/cyclic/final_FLTrust_s7_p0.4_R100_4fda3a3346.json;results_r02/cyclic/final_FLTrust_s8_p0.4_R100_727c53cf39.json;results_r02/cyclic/final_FLTrust_s9_p0.4_R100_d0eac898cd.json,
Table 10 cyclic paired tests,tab:cyclic_tests,vs FLTrust,ratio 0.5,+0.17 | [-2.35; +2.69] | 0.881 | 0.080,+0.17 | [-2.35; +2.69] | 0.881 | 0.080,yes,10,DyF-ZTL-V_s0_p0.5_R100_eedf4f14aa;DyF-ZTL-V_s1_p0.5_R100_721d5484b1;DyF-ZTL-V_s2_p0.5_R100_b80a770824;DyF-ZTL-V_s3_p0.5_R100_64fcc3cd14;DyF-ZTL-V_s4_p0.5_R100_2752c2853a;DyF-ZTL-V_s5_p0.5_R100_37cd6d5c21;DyF-ZTL-V_s6_p0.5_R100_c5ce51401b;DyF-ZTL-V_s7_p0.5_R100_2cefea1966;DyF-ZTL-V_s8_p0.5_R100_817d118d5c;DyF-ZTL-V_s9_p0.5_R100_32708bd556|FLTrust_s0_p0.5_R100_892e1f961e;FLTrust_s1_p0.5_R100_04f8aaa568;FLTrust_s2_p0.5_R100_8c9c11fd8d;FLTrust_s3_p0.5_R100_25626e7a92;FLTrust_s4_p0.5_R100_28f0779bac;FLTrust_s5_p0.5_R100_a39c9814db;FLTrust_s6_p0.5_R100_683f452506;FLTrust_s7_p0.5_R100_113ba1dfeb;FLTrust_s8_p0.5_R100_2b7f5178ca;FLTrust_s9_p0.5_R100_079ec14b5c,results_r02/cyclic/final_DyF-ZTL-V_s0_p0.5_R100_eedf4f14aa.json;results_r02/cyclic/final_DyF-ZTL-V_s1_p0.5_R100_721d5484b1.json;results_r02/cyclic/final_DyF-ZTL-V_s2_p0.5_R100_b80a770824.json;results_r02/cyclic/final_DyF-ZTL-V_s3_p0.5_R100_64fcc3cd14.json;results_r02/cyclic/final_DyF-ZTL-V_s4_p0.5_R100_2752c2853a.json;results_r02/cyclic/final_DyF-ZTL-V_s5_p0.5_R100_37cd6d5c21.json;results_r02/cyclic/final_DyF-ZTL-V_s6_p0.5_R100_c5ce51401b.json;results_r02/cyclic/final_DyF-ZTL-V_s7_p0.5_R100_2cefea1966.json;results_r02/cyclic/final_DyF-ZTL-V_s8_p0.5_R100_817d118d5c.json;results_r02/cyclic/final_DyF-ZTL-V_s9_p0.5_R100_32708bd556.json;results_r02/cyclic/final_FLTrust_s0_p0.5_R100_892e1f961e.json;results_r02/cyclic/final_FLTrust_s1_p0.5_R100_04f8aaa568.json;results_r02/cyclic/final_FLTrust_s2_p0.5_R100_8c9c11fd8d.json;results_r02/cyclic/final_FLTrust_s3_p0.5_R100_25626e7a92.json;results_r02/cyclic/final_FLTrust_s4_p0.5_R100_28f0779bac.json;results_r02/cyclic/final_FLTrust_s5_p0.5_R100_a39c9814db.json;results_r02/cyclic/final_FLTrust_s6_p0.5_R100_683f452506.json;results_r02/cyclic/final_FLTrust_s7_p0.5_R100_113ba1dfeb.json;results_r02/cyclic/final_FLTrust_s8_p0.5_R100_2b7f5178ca.json;results_r02/cyclic/final_FLTrust_s9_p0.5_R100_079ec14b5c.json,
Table 10 cyclic paired tests,tab:cyclic_tests,vs FLTrust,ratio 0.6,+1.17 | [-0.13; +2.47] | 0.072 | 0.049,+1.17 | [-0.13; +2.47] | 0.072 | 0.049,yes,10,DyF-ZTL-V_s0_p0.6_R100_8dfb9fd087;DyF-ZTL-V_s1_p0.6_R100_b6f3beddf0;DyF-ZTL-V_s2_p0.6_R100_f008d8196d;DyF-ZTL-V_s3_p0.6_R100_d45a1728ac;DyF-ZTL-V_s4_p0.6_R100_4a8fe37c6a;DyF-ZTL-V_s5_p0.6_R100_67037f640f;DyF-ZTL-V_s6_p0.6_R100_22d35a4756;DyF-ZTL-V_s7_p0.6_R100_0c7cf4ec36;DyF-ZTL-V_s8_p0.6_R100_44227b3297;DyF-ZTL-V_s9_p0.6_R100_b2a0823186|FLTrust_s0_p0.6_R100_1407687b0c;FLTrust_s1_p0.6_R100_1598a22c8b;FLTrust_s2_p0.6_R100_6d77cc2576;FLTrust_s3_p0.6_R100_b55e324fb2;FLTrust_s4_p0.6_R100_169ac615db;FLTrust_s5_p0.6_R100_4c0a96eb8b;FLTrust_s6_p0.6_R100_5ef8a30ea0;FLTrust_s7_p0.6_R100_e22a32b1d2;FLTrust_s8_p0.6_R100_4a5c0133fb;FLTrust_s9_p0.6_R100_a6879cead4,results_r02/cyclic/final_DyF-ZTL-V_s0_p0.6_R100_8dfb9fd087.json;results_r02/cyclic/final_DyF-ZTL-V_s1_p0.6_R100_b6f3beddf0.json;results_r02/cyclic/final_DyF-ZTL-V_s2_p0.6_R100_f008d8196d.json;results_r02/cyclic/final_DyF-ZTL-V_s3_p0.6_R100_d45a1728ac.json;results_r02/cyclic/final_DyF-ZTL-V_s4_p0.6_R100_4a8fe37c6a.json;results_r02/cyclic/final_DyF-ZTL-V_s5_p0.6_R100_67037f640f.json;results_r02/cyclic/final_DyF-ZTL-V_s6_p0.6_R100_22d35a4756.json;results_r02/cyclic/final_DyF-ZTL-V_s7_p0.6_R100_0c7cf4ec36.json;results_r02/cyclic/final_DyF-ZTL-V_s8_p0.6_R100_44227b3297.json;results_r02/cyclic/final_DyF-ZTL-V_s9_p0.6_R100_b2a0823186.json;results_r02/cyclic/final_FLTrust_s0_p0.6_R100_1407687b0c.json;results_r02/cyclic/final_FLTrust_s1_p0.6_R100_1598a22c8b.json;results_r02/cyclic/final_FLTrust_s2_p0.6_R100_6d77cc2576.json;results_r02/cyclic/final_FLTrust_s3_p0.6_R100_b55e324fb2.json;results_r02/cyclic/final_FLTrust_s4_p0.6_R100_169ac615db.json;results_r02/cyclic/final_FLTrust_s5_p0.6_R100_4c0a96eb8b.json;results_r02/cyclic/final_FLTrust_s6_p0.6_R100_5ef8a30ea0.json;results_r02/cyclic/final_FLTrust_s7_p0.6_R100_e22a32b1d2.json;results_r02/cyclic/final_FLTrust_s8_p0.6_R100_4a5c0133fb.json;results_r02/cyclic/final_FLTrust_s9_p0.6_R100_a6879cead4.json,
Table 10 cyclic paired tests,tab:cyclic_tests,vs FLTrust,ratio 0.7,+3.31 | [-1.98; +8.60] | 0.190 | 0.006,+3.31 | [-1.98; +8.60] | 0.190 | 0.006,yes,10,DyF-ZTL-V_s0_p0.7_R100_b3ea0317cf;DyF-ZTL-V_s1_p0.7_R100_816abc4f13;DyF-ZTL-V_s2_p0.7_R100_160a9d6e55;DyF-ZTL-V_s3_p0.7_R100_665b6b91e1;DyF-ZTL-V_s4_p0.7_R100_0411a99c69;DyF-ZTL-V_s5_p0.7_R100_d1923f9f1a;DyF-ZTL-V_s6_p0.7_R100_b2aeb748cc;DyF-ZTL-V_s7_p0.7_R100_765f086e1d;DyF-ZTL-V_s8_p0.7_R100_735960bb80;DyF-ZTL-V_s9_p0.7_R100_7a9fceec6f|FLTrust_s0_p0.7_R100_301594895e;FLTrust_s1_p0.7_R100_6d9c0244c9;FLTrust_s2_p0.7_R100_cf56dabf6b;FLTrust_s3_p0.7_R100_b510f95559;FLTrust_s4_p0.7_R100_d854e87c87;FLTrust_s5_p0.7_R100_121eb4a2f5;FLTrust_s6_p0.7_R100_24b045190a;FLTrust_s7_p0.7_R100_57ecf5a69c;FLTrust_s8_p0.7_R100_77056b5955;FLTrust_s9_p0.7_R100_5964086b55,results_r02/cyclic/final_DyF-ZTL-V_s0_p0.7_R100_b3ea0317cf.json;results_r02/cyclic/final_DyF-ZTL-V_s1_p0.7_R100_816abc4f13.json;results_r02/cyclic/final_DyF-ZTL-V_s2_p0.7_R100_160a9d6e55.json;results_r02/cyclic/final_DyF-ZTL-V_s3_p0.7_R100_665b6b91e1.json;results_r02/cyclic/final_DyF-ZTL-V_s4_p0.7_R100_0411a99c69.json;results_r02/cyclic/final_DyF-ZTL-V_s5_p0.7_R100_d1923f9f1a.json;results_r02/cyclic/final_DyF-ZTL-V_s6_p0.7_R100_b2aeb748cc.json;results_r02/cyclic/final_DyF-ZTL-V_s7_p0.7_R100_765f086e1d.json;results_r02/cyclic/final_DyF-ZTL-V_s8_p0.7_R100_735960bb80.json;results_r02/cyclic/final_DyF-ZTL-V_s9_p0.7_R100_7a9fceec6f.json;results_r02/cyclic/final_FLTrust_s0_p0.7_R100_301594895e.json;results_r02/cyclic/final_FLTrust_s1_p0.7_R100_6d9c0244c9.json;results_r02/cyclic/final_FLTrust_s2_p0.7_R100_cf56dabf6b.json;results_r02/cyclic/final_FLTrust_s3_p0.7_R100_b510f95559.json;results_r02/cyclic/final_FLTrust_s4_p0.7_R100_d854e87c87.json;results_r02/cyclic/final_FLTrust_s5_p0.7_R100_121eb4a2f5.json;results_r02/cyclic/final_FLTrust_s6_p0.7_R100_24b045190a.json;results_r02/cyclic/final_FLTrust_s7_p0.7_R100_57ecf5a69c.json;results_r02/cyclic/final_FLTrust_s8_p0.7_R100_77056b5955.json;results_r02/cyclic/final_FLTrust_s9_p0.7_R100_5964086b55.json,
Table 10 cyclic paired tests,tab:cyclic_tests,vs FLTrust,ratio 0.8,+1.31 | [+0.37; +2.26] | 0.012 | 0.020,+1.31 | [+0.37; +2.26] | 0.012 | 0.020,yes,10,DyF-ZTL-V_s0_p0.8_R100_91b47bcdf3;DyF-ZTL-V_s1_p0.8_R100_0332ae189d;DyF-ZTL-V_s2_p0.8_R100_e541573b8d;DyF-ZTL-V_s3_p0.8_R100_6a5f9ecbf8;DyF-ZTL-V_s4_p0.8_R100_bcba43729f;DyF-ZTL-V_s5_p0.8_R100_ff8c600623;DyF-ZTL-V_s6_p0.8_R100_4f0154a083;DyF-ZTL-V_s7_p0.8_R100_cc80b61264;DyF-ZTL-V_s8_p0.8_R100_9f8a26688c;DyF-ZTL-V_s9_p0.8_R100_98056892a2|FLTrust_s0_p0.8_R100_e230a1e18c;FLTrust_s1_p0.8_R100_c006539407;FLTrust_s2_p0.8_R100_445800e3a3;FLTrust_s3_p0.8_R100_caf1bd9758;FLTrust_s4_p0.8_R100_1ab2c52c9f;FLTrust_s5_p0.8_R100_284eed6ba1;FLTrust_s6_p0.8_R100_6e38ae2f5e;FLTrust_s7_p0.8_R100_f96f68c559;FLTrust_s8_p0.8_R100_fdd7ed8b5e;FLTrust_s9_p0.8_R100_23bb63cb6a,results_r02/cyclic/final_DyF-ZTL-V_s0_p0.8_R100_91b47bcdf3.json;results_r02/cyclic/final_DyF-ZTL-V_s1_p0.8_R100_0332ae189d.json;results_r02/cyclic/final_DyF-ZTL-V_s2_p0.8_R100_e541573b8d.json;results_r02/cyclic/final_DyF-ZTL-V_s3_p0.8_R100_6a5f9ecbf8.json;results_r02/cyclic/final_DyF-ZTL-V_s4_p0.8_R100_bcba43729f.json;results_r02/cyclic/final_DyF-ZTL-V_s5_p0.8_R100_ff8c600623.json;results_r02/cyclic/final_DyF-ZTL-V_s6_p0.8_R100_4f0154a083.json;results_r02/cyclic/final_DyF-ZTL-V_s7_p0.8_R100_cc80b61264.json;results_r02/cyclic/final_DyF-ZTL-V_s8_p0.8_R100_9f8a26688c.json;results_r02/cyclic/final_DyF-ZTL-V_s9_p0.8_R100_98056892a2.json;results_r02/cyclic/final_FLTrust_s0_p0.8_R100_e230a1e18c.json;results_r02/cyclic/final_FLTrust_s1_p0.8_R100_c006539407.json;results_r02/cyclic/final_FLTrust_s2_p0.8_R100_445800e3a3.json;results_r02/cyclic/final_FLTrust_s3_p0.8_R100_caf1bd9758.json;results_r02/cyclic/final_FLTrust_s4_p0.8_R100_1ab2c52c9f.json;results_r02/cyclic/final_FLTrust_s5_p0.8_R100_284eed6ba1.json;results_r02/cyclic/final_FLTrust_s6_p0.8_R100_6e38ae2f5e.json;results_r02/cyclic/final_FLTrust_s7_p0.8_R100_f96f68c559.json;results_r02/cyclic/final_FLTrust_s8_p0.8_R100_fdd7ed8b5e.json;results_r02/cyclic/final_FLTrust_s9_p0.8_R100_23bb63cb6a.json,
Table 10 cyclic paired tests,tab:cyclic_tests,vs FLTrust,ratio 0.9,+3.91 | [-1.42; +9.24] | 0.132 | 0.049,+3.91 | [-1.42; +9.24] | 0.132 | 0.049,yes,10,DyF-ZTL-V_s0_p0.9_R100_c8309f6961;DyF-ZTL-V_s1_p0.9_R100_01167d2db6;DyF-ZTL-V_s2_p0.9_R100_5c56b78d23;DyF-ZTL-V_s3_p0.9_R100_aa52b462ae;DyF-ZTL-V_s4_p0.9_R100_201c532eae;DyF-ZTL-V_s5_p0.9_R100_ea2fc12103;DyF-ZTL-V_s6_p0.9_R100_75298fce4b;DyF-ZTL-V_s7_p0.9_R100_20385b2d46;DyF-ZTL-V_s8_p0.9_R100_b83a9369b2;DyF-ZTL-V_s9_p0.9_R100_2aa9090c9d|FLTrust_s0_p0.9_R100_1d711cac0c;FLTrust_s1_p0.9_R100_68d2710ef8;FLTrust_s2_p0.9_R100_331a550900;FLTrust_s3_p0.9_R100_de67d371cb;FLTrust_s4_p0.9_R100_32a885f2c1;FLTrust_s5_p0.9_R100_679a4cd5bf;FLTrust_s6_p0.9_R100_4f44848f42;FLTrust_s7_p0.9_R100_97ffcfa95b;FLTrust_s8_p0.9_R100_01b4aa56a0;FLTrust_s9_p0.9_R100_fb0ef2aacc,results_r02/cyclic/final_DyF-ZTL-V_s0_p0.9_R100_c8309f6961.json;results_r02/cyclic/final_DyF-ZTL-V_s1_p0.9_R100_01167d2db6.json;results_r02/cyclic/final_DyF-ZTL-V_s2_p0.9_R100_5c56b78d23.json;results_r02/cyclic/final_DyF-ZTL-V_s3_p0.9_R100_aa52b462ae.json;results_r02/cyclic/final_DyF-ZTL-V_s4_p0.9_R100_201c532eae.json;results_r02/cyclic/final_DyF-ZTL-V_s5_p0.9_R100_ea2fc12103.json;results_r02/cyclic/final_DyF-ZTL-V_s6_p0.9_R100_75298fce4b.json;results_r02/cyclic/final_DyF-ZTL-V_s7_p0.9_R100_20385b2d46.json;results_r02/cyclic/final_DyF-ZTL-V_s8_p0.9_R100_b83a9369b2.json;results_r02/cyclic/final_DyF-ZTL-V_s9_p0.9_R100_2aa9090c9d.json;results_r02/cyclic/final_FLTrust_s0_p0.9_R100_1d711cac0c.json;results_r02/cyclic/final_FLTrust_s1_p0.9_R100_68d2710ef8.json;results_r02/cyclic/final_FLTrust_s2_p0.9_R100_331a550900.json;results_r02/cyclic/final_FLTrust_s3_p0.9_R100_de67d371cb.json;results_r02/cyclic/final_FLTrust_s4_p0.9_R100_32a885f2c1.json;results_r02/cyclic/final_FLTrust_s5_p0.9_R100_679a4cd5bf.json;results_r02/cyclic/final_FLTrust_s6_p0.9_R100_4f44848f42.json;results_r02/cyclic/final_FLTrust_s7_p0.9_R100_97ffcfa95b.json;results_r02/cyclic/final_FLTrust_s8_p0.9_R100_01b4aa56a0.json;results_r02/cyclic/final_FLTrust_s9_p0.9_R100_fb0ef2aacc.json,
Table 10 cyclic paired tests,tab:cyclic_tests,vs DyF-ZTL-v1,ratio 0.0,+0.34 | [-0.11; +0.80] | 0.118 | 0.193,+0.34 | [-0.11; +0.80] | 0.118 | 0.193,yes,10,DyF-ZTL-V_s0_p0.0_R100_5934135119;DyF-ZTL-V_s1_p0.0_R100_69f2876d70;DyF-ZTL-V_s2_p0.0_R100_8c01e33713;DyF-ZTL-V_s3_p0.0_R100_ac39a3ec0c;DyF-ZTL-V_s4_p0.0_R100_1083bdb99c;DyF-ZTL-V_s5_p0.0_R100_12f4b44baa;DyF-ZTL-V_s6_p0.0_R100_d27d63fbd1;DyF-ZTL-V_s7_p0.0_R100_8866b649ba;DyF-ZTL-V_s8_p0.0_R100_8e34ba9d54;DyF-ZTL-V_s9_p0.0_R100_c733e037c3|DyF-ZTL-v1_s0_p0.0_R100_9896d0158a;DyF-ZTL-v1_s1_p0.0_R100_b0708ac8ab;DyF-ZTL-v1_s2_p0.0_R100_d041ed3eb5;DyF-ZTL-v1_s3_p0.0_R100_ace3bf9976;DyF-ZTL-v1_s4_p0.0_R100_e44acea027;DyF-ZTL-v1_s5_p0.0_R100_d83108c089;DyF-ZTL-v1_s6_p0.0_R100_9801859a00;DyF-ZTL-v1_s7_p0.0_R100_2cf9ec1a24;DyF-ZTL-v1_s8_p0.0_R100_a9b7a22a9b;DyF-ZTL-v1_s9_p0.0_R100_d112ac6448,results_r02/cyclic/final_DyF-ZTL-V_s0_p0.0_R100_5934135119.json;results_r02/cyclic/final_DyF-ZTL-V_s1_p0.0_R100_69f2876d70.json;results_r02/cyclic/final_DyF-ZTL-V_s2_p0.0_R100_8c01e33713.json;results_r02/cyclic/final_DyF-ZTL-V_s3_p0.0_R100_ac39a3ec0c.json;results_r02/cyclic/final_DyF-ZTL-V_s4_p0.0_R100_1083bdb99c.json;results_r02/cyclic/final_DyF-ZTL-V_s5_p0.0_R100_12f4b44baa.json;results_r02/cyclic/final_DyF-ZTL-V_s6_p0.0_R100_d27d63fbd1.json;results_r02/cyclic/final_DyF-ZTL-V_s7_p0.0_R100_8866b649ba.json;results_r02/cyclic/final_DyF-ZTL-V_s8_p0.0_R100_8e34ba9d54.json;results_r02/cyclic/final_DyF-ZTL-V_s9_p0.0_R100_c733e037c3.json;results_r02/cyclic/final_DyF-ZTL-v1_s0_p0.0_R100_9896d0158a.json;results_r02/cyclic/final_DyF-ZTL-v1_s1_p0.0_R100_b0708ac8ab.json;results_r02/cyclic/final_DyF-ZTL-v1_s2_p0.0_R100_d041ed3eb5.json;results_r02/cyclic/final_DyF-ZTL-v1_s3_p0.0_R100_ace3bf9976.json;results_r02/cyclic/final_DyF-ZTL-v1_s4_p0.0_R100_e44acea027.json;results_r02/cyclic/final_DyF-ZTL-v1_s5_p0.0_R100_d83108c089.json;results_r02/cyclic/final_DyF-ZTL-v1_s6_p0.0_R100_9801859a00.json;results_r02/cyclic/final_DyF-ZTL-v1_s7_p0.0_R100_2cf9ec1a24.json;results_r02/cyclic/final_DyF-ZTL-v1_s8_p0.0_R100_a9b7a22a9b.json;results_r02/cyclic/final_DyF-ZTL-v1_s9_p0.0_R100_d112ac6448.json,
Table 10 cyclic paired tests,tab:cyclic_tests,vs DyF-ZTL-v1,ratio 0.1,+0.34 | [-0.21; +0.89] | 0.193 | 0.232,+0.34 | [-0.21; +0.89] | 0.193 | 0.232,yes,10,DyF-ZTL-V_s0_p0.1_R100_857ad988aa;DyF-ZTL-V_s1_p0.1_R100_fc55105344;DyF-ZTL-V_s2_p0.1_R100_94a802a715;DyF-ZTL-V_s3_p0.1_R100_a186aea0d6;DyF-ZTL-V_s4_p0.1_R100_86c1d0be35;DyF-ZTL-V_s5_p0.1_R100_e5e0793d08;DyF-ZTL-V_s6_p0.1_R100_990789029d;DyF-ZTL-V_s7_p0.1_R100_39fbd94ea2;DyF-ZTL-V_s8_p0.1_R100_51480c566d;DyF-ZTL-V_s9_p0.1_R100_4da85b6afd|DyF-ZTL-v1_s0_p0.1_R100_ae70a20e39;DyF-ZTL-v1_s1_p0.1_R100_294d24a242;DyF-ZTL-v1_s2_p0.1_R100_0fd0674552;DyF-ZTL-v1_s3_p0.1_R100_cef5a18f97;DyF-ZTL-v1_s4_p0.1_R100_175b95a39b;DyF-ZTL-v1_s5_p0.1_R100_0cd1552b38;DyF-ZTL-v1_s6_p0.1_R100_9918adccaf;DyF-ZTL-v1_s7_p0.1_R100_2bb3df5803;DyF-ZTL-v1_s8_p0.1_R100_40dab9c56e;DyF-ZTL-v1_s9_p0.1_R100_d1e6e48482,results_r02/cyclic/final_DyF-ZTL-V_s0_p0.1_R100_857ad988aa.json;results_r02/cyclic/final_DyF-ZTL-V_s1_p0.1_R100_fc55105344.json;results_r02/cyclic/final_DyF-ZTL-V_s2_p0.1_R100_94a802a715.json;results_r02/cyclic/final_DyF-ZTL-V_s3_p0.1_R100_a186aea0d6.json;results_r02/cyclic/final_DyF-ZTL-V_s4_p0.1_R100_86c1d0be35.json;results_r02/cyclic/final_DyF-ZTL-V_s5_p0.1_R100_e5e0793d08.json;results_r02/cyclic/final_DyF-ZTL-V_s6_p0.1_R100_990789029d.json;results_r02/cyclic/final_DyF-ZTL-V_s7_p0.1_R100_39fbd94ea2.json;results_r02/cyclic/final_DyF-ZTL-V_s8_p0.1_R100_51480c566d.json;results_r02/cyclic/final_DyF-ZTL-V_s9_p0.1_R100_4da85b6afd.json;results_r02/cyclic/final_DyF-ZTL-v1_s0_p0.1_R100_ae70a20e39.json;results_r02/cyclic/final_DyF-ZTL-v1_s1_p0.1_R100_294d24a242.json;results_r02/cyclic/final_DyF-ZTL-v1_s2_p0.1_R100_0fd0674552.json;results_r02/cyclic/final_DyF-ZTL-v1_s3_p0.1_R100_cef5a18f97.json;results_r02/cyclic/final_DyF-ZTL-v1_s4_p0.1_R100_175b95a39b.json;results_r02/cyclic/final_DyF-ZTL-v1_s5_p0.1_R100_0cd1552b38.json;results_r02/cyclic/final_DyF-ZTL-v1_s6_p0.1_R100_9918adccaf.json;results_r02/cyclic/final_DyF-ZTL-v1_s7_p0.1_R100_2bb3df5803.json;results_r02/cyclic/final_DyF-ZTL-v1_s8_p0.1_R100_40dab9c56e.json;results_r02/cyclic/final_DyF-ZTL-v1_s9_p0.1_R100_d1e6e48482.json,
Table 10 cyclic paired tests,tab:cyclic_tests,vs DyF-ZTL-v1,ratio 0.2,-0.37 | [-1.64; +0.89] | 0.521 | 0.846,-0.37 | [-1.64; +0.89] | 0.521 | 0.846,yes,10,DyF-ZTL-V_s0_p0.2_R100_70f55769d2;DyF-ZTL-V_s1_p0.2_R100_c9c4d1ef7b;DyF-ZTL-V_s2_p0.2_R100_7f85b4de6e;DyF-ZTL-V_s3_p0.2_R100_a9734df61c;DyF-ZTL-V_s4_p0.2_R100_c32904e9cf;DyF-ZTL-V_s5_p0.2_R100_c837a4d674;DyF-ZTL-V_s6_p0.2_R100_9ddbd8555b;DyF-ZTL-V_s7_p0.2_R100_96c550bf5d;DyF-ZTL-V_s8_p0.2_R100_98dbd4f2f9;DyF-ZTL-V_s9_p0.2_R100_53c61456c8|DyF-ZTL-v1_s0_p0.2_R100_b679e9d7e3;DyF-ZTL-v1_s1_p0.2_R100_13be3a7b4b;DyF-ZTL-v1_s2_p0.2_R100_f4f7ac7014;DyF-ZTL-v1_s3_p0.2_R100_05db6d8c46;DyF-ZTL-v1_s4_p0.2_R100_3d61ce4bbf;DyF-ZTL-v1_s5_p0.2_R100_54b28e08c3;DyF-ZTL-v1_s6_p0.2_R100_43c29e8632;DyF-ZTL-v1_s7_p0.2_R100_72f3834c99;DyF-ZTL-v1_s8_p0.2_R100_ada52a0453;DyF-ZTL-v1_s9_p0.2_R100_f5ec859696,results_r02/cyclic/final_DyF-ZTL-V_s0_p0.2_R100_70f55769d2.json;results_r02/cyclic/final_DyF-ZTL-V_s1_p0.2_R100_c9c4d1ef7b.json;results_r02/cyclic/final_DyF-ZTL-V_s2_p0.2_R100_7f85b4de6e.json;results_r02/cyclic/final_DyF-ZTL-V_s3_p0.2_R100_a9734df61c.json;results_r02/cyclic/final_DyF-ZTL-V_s4_p0.2_R100_c32904e9cf.json;results_r02/cyclic/final_DyF-ZTL-V_s5_p0.2_R100_c837a4d674.json;results_r02/cyclic/final_DyF-ZTL-V_s6_p0.2_R100_9ddbd8555b.json;results_r02/cyclic/final_DyF-ZTL-V_s7_p0.2_R100_96c550bf5d.json;results_r02/cyclic/final_DyF-ZTL-V_s8_p0.2_R100_98dbd4f2f9.json;results_r02/cyclic/final_DyF-ZTL-V_s9_p0.2_R100_53c61456c8.json;results_r02/cyclic/final_DyF-ZTL-v1_s0_p0.2_R100_b679e9d7e3.json;results_r02/cyclic/final_DyF-ZTL-v1_s1_p0.2_R100_13be3a7b4b.json;results_r02/cyclic/final_DyF-ZTL-v1_s2_p0.2_R100_f4f7ac7014.json;results_r02/cyclic/final_DyF-ZTL-v1_s3_p0.2_R100_05db6d8c46.json;results_r02/cyclic/final_DyF-ZTL-v1_s4_p0.2_R100_3d61ce4bbf.json;results_r02/cyclic/final_DyF-ZTL-v1_s5_p0.2_R100_54b28e08c3.json;results_r02/cyclic/final_DyF-ZTL-v1_s6_p0.2_R100_43c29e8632.json;results_r02/cyclic/final_DyF-ZTL-v1_s7_p0.2_R100_72f3834c99.json;results_r02/cyclic/final_DyF-ZTL-v1_s8_p0.2_R100_ada52a0453.json;results_r02/cyclic/final_DyF-ZTL-v1_s9_p0.2_R100_f5ec859696.json,
Table 10 cyclic paired tests,tab:cyclic_tests,vs DyF-ZTL-v1,ratio 0.3,-0.69 | [-2.93; +1.56] | 0.508 | 0.492,-0.69 | [-2.93; +1.56] | 0.508 | 0.492,yes,10,DyF-ZTL-V_s0_p0.3_R100_520bd4f748;DyF-ZTL-V_s1_p0.3_R100_f9a183a3d0;DyF-ZTL-V_s2_p0.3_R100_ce1626f472;DyF-ZTL-V_s3_p0.3_R100_70bb10cb19;DyF-ZTL-V_s4_p0.3_R100_c2aac49d8d;DyF-ZTL-V_s5_p0.3_R100_52b0088e25;DyF-ZTL-V_s6_p0.3_R100_04465d200e;DyF-ZTL-V_s7_p0.3_R100_71021e9bce;DyF-ZTL-V_s8_p0.3_R100_f6e248d8cd;DyF-ZTL-V_s9_p0.3_R100_3f0b3f602f|DyF-ZTL-v1_s0_p0.3_R100_f565729729;DyF-ZTL-v1_s1_p0.3_R100_b107c9b460;DyF-ZTL-v1_s2_p0.3_R100_bf3268a010;DyF-ZTL-v1_s3_p0.3_R100_edede9410d;DyF-ZTL-v1_s4_p0.3_R100_848cf52505;DyF-ZTL-v1_s5_p0.3_R100_82a564b850;DyF-ZTL-v1_s6_p0.3_R100_3c706e92cf;DyF-ZTL-v1_s7_p0.3_R100_ed582cd641;DyF-ZTL-v1_s8_p0.3_R100_d43a49f47a;DyF-ZTL-v1_s9_p0.3_R100_cf4769dd47,results_r02/cyclic/final_DyF-ZTL-V_s0_p0.3_R100_520bd4f748.json;results_r02/cyclic/final_DyF-ZTL-V_s1_p0.3_R100_f9a183a3d0.json;results_r02/cyclic/final_DyF-ZTL-V_s2_p0.3_R100_ce1626f472.json;results_r02/cyclic/final_DyF-ZTL-V_s3_p0.3_R100_70bb10cb19.json;results_r02/cyclic/final_DyF-ZTL-V_s4_p0.3_R100_c2aac49d8d.json;results_r02/cyclic/final_DyF-ZTL-V_s5_p0.3_R100_52b0088e25.json;results_r02/cyclic/final_DyF-ZTL-V_s6_p0.3_R100_04465d200e.json;results_r02/cyclic/final_DyF-ZTL-V_s7_p0.3_R100_71021e9bce.json;results_r02/cyclic/final_DyF-ZTL-V_s8_p0.3_R100_f6e248d8cd.json;results_r02/cyclic/final_DyF-ZTL-V_s9_p0.3_R100_3f0b3f602f.json;results_r02/cyclic/final_DyF-ZTL-v1_s0_p0.3_R100_f565729729.json;results_r02/cyclic/final_DyF-ZTL-v1_s1_p0.3_R100_b107c9b460.json;results_r02/cyclic/final_DyF-ZTL-v1_s2_p0.3_R100_bf3268a010.json;results_r02/cyclic/final_DyF-ZTL-v1_s3_p0.3_R100_edede9410d.json;results_r02/cyclic/final_DyF-ZTL-v1_s4_p0.3_R100_848cf52505.json;results_r02/cyclic/final_DyF-ZTL-v1_s5_p0.3_R100_82a564b850.json;results_r02/cyclic/final_DyF-ZTL-v1_s6_p0.3_R100_3c706e92cf.json;results_r02/cyclic/final_DyF-ZTL-v1_s7_p0.3_R100_ed582cd641.json;results_r02/cyclic/final_DyF-ZTL-v1_s8_p0.3_R100_d43a49f47a.json;results_r02/cyclic/final_DyF-ZTL-v1_s9_p0.3_R100_cf4769dd47.json,
Table 10 cyclic paired tests,tab:cyclic_tests,vs DyF-ZTL-v1,ratio 0.4,+0.37 | [-0.49; +1.22] | 0.358 | 0.150,+0.37 | [-0.49; +1.22] | 0.358 | 0.150,yes,10,DyF-ZTL-V_s0_p0.4_R100_9d28d361af;DyF-ZTL-V_s1_p0.4_R100_eb956f537a;DyF-ZTL-V_s2_p0.4_R100_439661ae3a;DyF-ZTL-V_s3_p0.4_R100_019e0715d8;DyF-ZTL-V_s4_p0.4_R100_f908bf4b7f;DyF-ZTL-V_s5_p0.4_R100_d0c2d712b5;DyF-ZTL-V_s6_p0.4_R100_8daf7acb3b;DyF-ZTL-V_s7_p0.4_R100_31ba6467ac;DyF-ZTL-V_s8_p0.4_R100_dacb2eb637;DyF-ZTL-V_s9_p0.4_R100_b473bb7c12|DyF-ZTL-v1_s0_p0.4_R100_38303997e3;DyF-ZTL-v1_s1_p0.4_R100_15439a1535;DyF-ZTL-v1_s2_p0.4_R100_d070485c52;DyF-ZTL-v1_s3_p0.4_R100_6d39dc855d;DyF-ZTL-v1_s4_p0.4_R100_d7bf6561a3;DyF-ZTL-v1_s5_p0.4_R100_5669c10488;DyF-ZTL-v1_s6_p0.4_R100_e466cef47d;DyF-ZTL-v1_s7_p0.4_R100_f658925242;DyF-ZTL-v1_s8_p0.4_R100_dc4210b861;DyF-ZTL-v1_s9_p0.4_R100_cfcbd4ff65,results_r02/cyclic/final_DyF-ZTL-V_s0_p0.4_R100_9d28d361af.json;results_r02/cyclic/final_DyF-ZTL-V_s1_p0.4_R100_eb956f537a.json;results_r02/cyclic/final_DyF-ZTL-V_s2_p0.4_R100_439661ae3a.json;results_r02/cyclic/final_DyF-ZTL-V_s3_p0.4_R100_019e0715d8.json;results_r02/cyclic/final_DyF-ZTL-V_s4_p0.4_R100_f908bf4b7f.json;results_r02/cyclic/final_DyF-ZTL-V_s5_p0.4_R100_d0c2d712b5.json;results_r02/cyclic/final_DyF-ZTL-V_s6_p0.4_R100_8daf7acb3b.json;results_r02/cyclic/final_DyF-ZTL-V_s7_p0.4_R100_31ba6467ac.json;results_r02/cyclic/final_DyF-ZTL-V_s8_p0.4_R100_dacb2eb637.json;results_r02/cyclic/final_DyF-ZTL-V_s9_p0.4_R100_b473bb7c12.json;results_r02/cyclic/final_DyF-ZTL-v1_s0_p0.4_R100_38303997e3.json;results_r02/cyclic/final_DyF-ZTL-v1_s1_p0.4_R100_15439a1535.json;results_r02/cyclic/final_DyF-ZTL-v1_s2_p0.4_R100_d070485c52.json;results_r02/cyclic/final_DyF-ZTL-v1_s3_p0.4_R100_6d39dc855d.json;results_r02/cyclic/final_DyF-ZTL-v1_s4_p0.4_R100_d7bf6561a3.json;results_r02/cyclic/final_DyF-ZTL-v1_s5_p0.4_R100_5669c10488.json;results_r02/cyclic/final_DyF-ZTL-v1_s6_p0.4_R100_e466cef47d.json;results_r02/cyclic/final_DyF-ZTL-v1_s7_p0.4_R100_f658925242.json;results_r02/cyclic/final_DyF-ZTL-v1_s8_p0.4_R100_dc4210b861.json;results_r02/cyclic/final_DyF-ZTL-v1_s9_p0.4_R100_cfcbd4ff65.json,
Table 10 cyclic paired tests,tab:cyclic_tests,vs DyF-ZTL-v1,ratio 0.5,-0.63 | [-3.64; +2.37] | 0.645 | 0.160,-0.63 | [-3.64; +2.37] | 0.645 | 0.160,yes,10,DyF-ZTL-V_s0_p0.5_R100_eedf4f14aa;DyF-ZTL-V_s1_p0.5_R100_721d5484b1;DyF-ZTL-V_s2_p0.5_R100_b80a770824;DyF-ZTL-V_s3_p0.5_R100_64fcc3cd14;DyF-ZTL-V_s4_p0.5_R100_2752c2853a;DyF-ZTL-V_s5_p0.5_R100_37cd6d5c21;DyF-ZTL-V_s6_p0.5_R100_c5ce51401b;DyF-ZTL-V_s7_p0.5_R100_2cefea1966;DyF-ZTL-V_s8_p0.5_R100_817d118d5c;DyF-ZTL-V_s9_p0.5_R100_32708bd556|DyF-ZTL-v1_s0_p0.5_R100_f5b2d43727;DyF-ZTL-v1_s1_p0.5_R100_6053731ff9;DyF-ZTL-v1_s2_p0.5_R100_dcb7f4a903;DyF-ZTL-v1_s3_p0.5_R100_0568f40fb3;DyF-ZTL-v1_s4_p0.5_R100_55efbd414d;DyF-ZTL-v1_s5_p0.5_R100_280ab2238c;DyF-ZTL-v1_s6_p0.5_R100_08d7dc935b;DyF-ZTL-v1_s7_p0.5_R100_8f8bb60235;DyF-ZTL-v1_s8_p0.5_R100_dbc6d0ce86;DyF-ZTL-v1_s9_p0.5_R100_a327b40034,results_r02/cyclic/final_DyF-ZTL-V_s0_p0.5_R100_eedf4f14aa.json;results_r02/cyclic/final_DyF-ZTL-V_s1_p0.5_R100_721d5484b1.json;results_r02/cyclic/final_DyF-ZTL-V_s2_p0.5_R100_b80a770824.json;results_r02/cyclic/final_DyF-ZTL-V_s3_p0.5_R100_64fcc3cd14.json;results_r02/cyclic/final_DyF-ZTL-V_s4_p0.5_R100_2752c2853a.json;results_r02/cyclic/final_DyF-ZTL-V_s5_p0.5_R100_37cd6d5c21.json;results_r02/cyclic/final_DyF-ZTL-V_s6_p0.5_R100_c5ce51401b.json;results_r02/cyclic/final_DyF-ZTL-V_s7_p0.5_R100_2cefea1966.json;results_r02/cyclic/final_DyF-ZTL-V_s8_p0.5_R100_817d118d5c.json;results_r02/cyclic/final_DyF-ZTL-V_s9_p0.5_R100_32708bd556.json;results_r02/cyclic/final_DyF-ZTL-v1_s0_p0.5_R100_f5b2d43727.json;results_r02/cyclic/final_DyF-ZTL-v1_s1_p0.5_R100_6053731ff9.json;results_r02/cyclic/final_DyF-ZTL-v1_s2_p0.5_R100_dcb7f4a903.json;results_r02/cyclic/final_DyF-ZTL-v1_s3_p0.5_R100_0568f40fb3.json;results_r02/cyclic/final_DyF-ZTL-v1_s4_p0.5_R100_55efbd414d.json;results_r02/cyclic/final_DyF-ZTL-v1_s5_p0.5_R100_280ab2238c.json;results_r02/cyclic/final_DyF-ZTL-v1_s6_p0.5_R100_08d7dc935b.json;results_r02/cyclic/final_DyF-ZTL-v1_s7_p0.5_R100_8f8bb60235.json;results_r02/cyclic/final_DyF-ZTL-v1_s8_p0.5_R100_dbc6d0ce86.json;results_r02/cyclic/final_DyF-ZTL-v1_s9_p0.5_R100_a327b40034.json,
Table 10 cyclic paired tests,tab:cyclic_tests,vs DyF-ZTL-v1,ratio 0.6,+1.45 | [-1.69; +4.58] | 0.323 | 0.432,+1.45 | [-1.69; +4.58] | 0.323 | 0.432,yes,10,DyF-ZTL-V_s0_p0.6_R100_8dfb9fd087;DyF-ZTL-V_s1_p0.6_R100_b6f3beddf0;DyF-ZTL-V_s2_p0.6_R100_f008d8196d;DyF-ZTL-V_s3_p0.6_R100_d45a1728ac;DyF-ZTL-V_s4_p0.6_R100_4a8fe37c6a;DyF-ZTL-V_s5_p0.6_R100_67037f640f;DyF-ZTL-V_s6_p0.6_R100_22d35a4756;DyF-ZTL-V_s7_p0.6_R100_0c7cf4ec36;DyF-ZTL-V_s8_p0.6_R100_44227b3297;DyF-ZTL-V_s9_p0.6_R100_b2a0823186|DyF-ZTL-v1_s0_p0.6_R100_a913f06ad9;DyF-ZTL-v1_s1_p0.6_R100_c69aabb514;DyF-ZTL-v1_s2_p0.6_R100_448ac7937a;DyF-ZTL-v1_s3_p0.6_R100_81129ca287;DyF-ZTL-v1_s4_p0.6_R100_b508f07d5e;DyF-ZTL-v1_s5_p0.6_R100_230baccd87;DyF-ZTL-v1_s6_p0.6_R100_690ce4459b;DyF-ZTL-v1_s7_p0.6_R100_ee898999b5;DyF-ZTL-v1_s8_p0.6_R100_b720993ac4;DyF-ZTL-v1_s9_p0.6_R100_08cf4847c0,results_r02/cyclic/final_DyF-ZTL-V_s0_p0.6_R100_8dfb9fd087.json;results_r02/cyclic/final_DyF-ZTL-V_s1_p0.6_R100_b6f3beddf0.json;results_r02/cyclic/final_DyF-ZTL-V_s2_p0.6_R100_f008d8196d.json;results_r02/cyclic/final_DyF-ZTL-V_s3_p0.6_R100_d45a1728ac.json;results_r02/cyclic/final_DyF-ZTL-V_s4_p0.6_R100_4a8fe37c6a.json;results_r02/cyclic/final_DyF-ZTL-V_s5_p0.6_R100_67037f640f.json;results_r02/cyclic/final_DyF-ZTL-V_s6_p0.6_R100_22d35a4756.json;results_r02/cyclic/final_DyF-ZTL-V_s7_p0.6_R100_0c7cf4ec36.json;results_r02/cyclic/final_DyF-ZTL-V_s8_p0.6_R100_44227b3297.json;results_r02/cyclic/final_DyF-ZTL-V_s9_p0.6_R100_b2a0823186.json;results_r02/cyclic/final_DyF-ZTL-v1_s0_p0.6_R100_a913f06ad9.json;results_r02/cyclic/final_DyF-ZTL-v1_s1_p0.6_R100_c69aabb514.json;results_r02/cyclic/final_DyF-ZTL-v1_s2_p0.6_R100_448ac7937a.json;results_r02/cyclic/final_DyF-ZTL-v1_s3_p0.6_R100_81129ca287.json;results_r02/cyclic/final_DyF-ZTL-v1_s4_p0.6_R100_b508f07d5e.json;results_r02/cyclic/final_DyF-ZTL-v1_s5_p0.6_R100_230baccd87.json;results_r02/cyclic/final_DyF-ZTL-v1_s6_p0.6_R100_690ce4459b.json;results_r02/cyclic/final_DyF-ZTL-v1_s7_p0.6_R100_ee898999b5.json;results_r02/cyclic/final_DyF-ZTL-v1_s8_p0.6_R100_b720993ac4.json;results_r02/cyclic/final_DyF-ZTL-v1_s9_p0.6_R100_08cf4847c0.json,
Table 10 cyclic paired tests,tab:cyclic_tests,vs DyF-ZTL-v1,ratio 0.7,+1.86 | [-0.46; +4.17] | 0.103 | 0.020,+1.86 | [-0.46; +4.17] | 0.103 | 0.020,yes,10,DyF-ZTL-V_s0_p0.7_R100_b3ea0317cf;DyF-ZTL-V_s1_p0.7_R100_816abc4f13;DyF-ZTL-V_s2_p0.7_R100_160a9d6e55;DyF-ZTL-V_s3_p0.7_R100_665b6b91e1;DyF-ZTL-V_s4_p0.7_R100_0411a99c69;DyF-ZTL-V_s5_p0.7_R100_d1923f9f1a;DyF-ZTL-V_s6_p0.7_R100_b2aeb748cc;DyF-ZTL-V_s7_p0.7_R100_765f086e1d;DyF-ZTL-V_s8_p0.7_R100_735960bb80;DyF-ZTL-V_s9_p0.7_R100_7a9fceec6f|DyF-ZTL-v1_s0_p0.7_R100_a7b9164cfc;DyF-ZTL-v1_s1_p0.7_R100_cddb1b82f8;DyF-ZTL-v1_s2_p0.7_R100_f4241c60d4;DyF-ZTL-v1_s3_p0.7_R100_2b4b0d18e2;DyF-ZTL-v1_s4_p0.7_R100_1961465625;DyF-ZTL-v1_s5_p0.7_R100_57002037a7;DyF-ZTL-v1_s6_p0.7_R100_386069fd4f;DyF-ZTL-v1_s7_p0.7_R100_aafd819eba;DyF-ZTL-v1_s8_p0.7_R100_dcaba2f833;DyF-ZTL-v1_s9_p0.7_R100_1ba2c54f1e,results_r02/cyclic/final_DyF-ZTL-V_s0_p0.7_R100_b3ea0317cf.json;results_r02/cyclic/final_DyF-ZTL-V_s1_p0.7_R100_816abc4f13.json;results_r02/cyclic/final_DyF-ZTL-V_s2_p0.7_R100_160a9d6e55.json;results_r02/cyclic/final_DyF-ZTL-V_s3_p0.7_R100_665b6b91e1.json;results_r02/cyclic/final_DyF-ZTL-V_s4_p0.7_R100_0411a99c69.json;results_r02/cyclic/final_DyF-ZTL-V_s5_p0.7_R100_d1923f9f1a.json;results_r02/cyclic/final_DyF-ZTL-V_s6_p0.7_R100_b2aeb748cc.json;results_r02/cyclic/final_DyF-ZTL-V_s7_p0.7_R100_765f086e1d.json;results_r02/cyclic/final_DyF-ZTL-V_s8_p0.7_R100_735960bb80.json;results_r02/cyclic/final_DyF-ZTL-V_s9_p0.7_R100_7a9fceec6f.json;results_r02/cyclic/final_DyF-ZTL-v1_s0_p0.7_R100_a7b9164cfc.json;results_r02/cyclic/final_DyF-ZTL-v1_s1_p0.7_R100_cddb1b82f8.json;results_r02/cyclic/final_DyF-ZTL-v1_s2_p0.7_R100_f4241c60d4.json;results_r02/cyclic/final_DyF-ZTL-v1_s3_p0.7_R100_2b4b0d18e2.json;results_r02/cyclic/final_DyF-ZTL-v1_s4_p0.7_R100_1961465625.json;results_r02/cyclic/final_DyF-ZTL-v1_s5_p0.7_R100_57002037a7.json;results_r02/cyclic/final_DyF-ZTL-v1_s6_p0.7_R100_386069fd4f.json;results_r02/cyclic/final_DyF-ZTL-v1_s7_p0.7_R100_aafd819eba.json;results_r02/cyclic/final_DyF-ZTL-v1_s8_p0.7_R100_dcaba2f833.json;results_r02/cyclic/final_DyF-ZTL-v1_s9_p0.7_R100_1ba2c54f1e.json,
Table 10 cyclic paired tests,tab:cyclic_tests,vs DyF-ZTL-v1,ratio 0.8,+1.18 | [-0.28; +2.65] | 0.101 | 0.064,+1.18 | [-0.28; +2.65] | 0.101 | 0.064,yes,10,DyF-ZTL-V_s0_p0.8_R100_91b47bcdf3;DyF-ZTL-V_s1_p0.8_R100_0332ae189d;DyF-ZTL-V_s2_p0.8_R100_e541573b8d;DyF-ZTL-V_s3_p0.8_R100_6a5f9ecbf8;DyF-ZTL-V_s4_p0.8_R100_bcba43729f;DyF-ZTL-V_s5_p0.8_R100_ff8c600623;DyF-ZTL-V_s6_p0.8_R100_4f0154a083;DyF-ZTL-V_s7_p0.8_R100_cc80b61264;DyF-ZTL-V_s8_p0.8_R100_9f8a26688c;DyF-ZTL-V_s9_p0.8_R100_98056892a2|DyF-ZTL-v1_s0_p0.8_R100_bfa9111c72;DyF-ZTL-v1_s1_p0.8_R100_37816ae7d1;DyF-ZTL-v1_s2_p0.8_R100_479694898b;DyF-ZTL-v1_s3_p0.8_R100_ad71107ed9;DyF-ZTL-v1_s4_p0.8_R100_56336ad150;DyF-ZTL-v1_s5_p0.8_R100_852871b80d;DyF-ZTL-v1_s6_p0.8_R100_5e966240f1;DyF-ZTL-v1_s7_p0.8_R100_a747e4dffd;DyF-ZTL-v1_s8_p0.8_R100_e950e75624;DyF-ZTL-v1_s9_p0.8_R100_fb9e8ee6c3,results_r02/cyclic/final_DyF-ZTL-V_s0_p0.8_R100_91b47bcdf3.json;results_r02/cyclic/final_DyF-ZTL-V_s1_p0.8_R100_0332ae189d.json;results_r02/cyclic/final_DyF-ZTL-V_s2_p0.8_R100_e541573b8d.json;results_r02/cyclic/final_DyF-ZTL-V_s3_p0.8_R100_6a5f9ecbf8.json;results_r02/cyclic/final_DyF-ZTL-V_s4_p0.8_R100_bcba43729f.json;results_r02/cyclic/final_DyF-ZTL-V_s5_p0.8_R100_ff8c600623.json;results_r02/cyclic/final_DyF-ZTL-V_s6_p0.8_R100_4f0154a083.json;results_r02/cyclic/final_DyF-ZTL-V_s7_p0.8_R100_cc80b61264.json;results_r02/cyclic/final_DyF-ZTL-V_s8_p0.8_R100_9f8a26688c.json;results_r02/cyclic/final_DyF-ZTL-V_s9_p0.8_R100_98056892a2.json;results_r02/cyclic/final_DyF-ZTL-v1_s0_p0.8_R100_bfa9111c72.json;results_r02/cyclic/final_DyF-ZTL-v1_s1_p0.8_R100_37816ae7d1.json;results_r02/cyclic/final_DyF-ZTL-v1_s2_p0.8_R100_479694898b.json;results_r02/cyclic/final_DyF-ZTL-v1_s3_p0.8_R100_ad71107ed9.json;results_r02/cyclic/final_DyF-ZTL-v1_s4_p0.8_R100_56336ad150.json;results_r02/cyclic/final_DyF-ZTL-v1_s5_p0.8_R100_852871b80d.json;results_r02/cyclic/final_DyF-ZTL-v1_s6_p0.8_R100_5e966240f1.json;results_r02/cyclic/final_DyF-ZTL-v1_s7_p0.8_R100_a747e4dffd.json;results_r02/cyclic/final_DyF-ZTL-v1_s8_p0.8_R100_e950e75624.json;results_r02/cyclic/final_DyF-ZTL-v1_s9_p0.8_R100_fb9e8ee6c3.json,
Table 10 cyclic paired tests,tab:cyclic_tests,vs DyF-ZTL-v1,ratio 0.9,+2.98 | [-1.33; +7.29] | 0.152 | 0.049,+2.98 | [-1.33; +7.29] | 0.152 | 0.049,yes,10,DyF-ZTL-V_s0_p0.9_R100_c8309f6961;DyF-ZTL-V_s1_p0.9_R100_01167d2db6;DyF-ZTL-V_s2_p0.9_R100_5c56b78d23;DyF-ZTL-V_s3_p0.9_R100_aa52b462ae;DyF-ZTL-V_s4_p0.9_R100_201c532eae;DyF-ZTL-V_s5_p0.9_R100_ea2fc12103;DyF-ZTL-V_s6_p0.9_R100_75298fce4b;DyF-ZTL-V_s7_p0.9_R100_20385b2d46;DyF-ZTL-V_s8_p0.9_R100_b83a9369b2;DyF-ZTL-V_s9_p0.9_R100_2aa9090c9d|DyF-ZTL-v1_s0_p0.9_R100_8ba46e2f8e;DyF-ZTL-v1_s1_p0.9_R100_aaff66b8ba;DyF-ZTL-v1_s2_p0.9_R100_c5a9fcc3ac;DyF-ZTL-v1_s3_p0.9_R100_46f526bff6;DyF-ZTL-v1_s4_p0.9_R100_91001b2fa5;DyF-ZTL-v1_s5_p0.9_R100_386666ff77;DyF-ZTL-v1_s6_p0.9_R100_4ac3f2efac;DyF-ZTL-v1_s7_p0.9_R100_a747c90425;DyF-ZTL-v1_s8_p0.9_R100_0df5cf7d5e;DyF-ZTL-v1_s9_p0.9_R100_b8fdf899ef,results_r02/cyclic/final_DyF-ZTL-V_s0_p0.9_R100_c8309f6961.json;results_r02/cyclic/final_DyF-ZTL-V_s1_p0.9_R100_01167d2db6.json;results_r02/cyclic/final_DyF-ZTL-V_s2_p0.9_R100_5c56b78d23.json;results_r02/cyclic/final_DyF-ZTL-V_s3_p0.9_R100_aa52b462ae.json;results_r02/cyclic/final_DyF-ZTL-V_s4_p0.9_R100_201c532eae.json;results_r02/cyclic/final_DyF-ZTL-V_s5_p0.9_R100_ea2fc12103.json;results_r02/cyclic/final_DyF-ZTL-V_s6_p0.9_R100_75298fce4b.json;results_r02/cyclic/final_DyF-ZTL-V_s7_p0.9_R100_20385b2d46.json;results_r02/cyclic/final_DyF-ZTL-V_s8_p0.9_R100_b83a9369b2.json;results_r02/cyclic/final_DyF-ZTL-V_s9_p0.9_R100_2aa9090c9d.json;results_r02/cyclic/final_DyF-ZTL-v1_s0_p0.9_R100_8ba46e2f8e.json;results_r02/cyclic/final_DyF-ZTL-v1_s1_p0.9_R100_aaff66b8ba.json;results_r02/cyclic/final_DyF-ZTL-v1_s2_p0.9_R100_c5a9fcc3ac.json;results_r02/cyclic/final_DyF-ZTL-v1_s3_p0.9_R100_46f526bff6.json;results_r02/cyclic/final_DyF-ZTL-v1_s4_p0.9_R100_91001b2fa5.json;results_r02/cyclic/final_DyF-ZTL-v1_s5_p0.9_R100_386666ff77.json;results_r02/cyclic/final_DyF-ZTL-v1_s6_p0.9_R100_4ac3f2efac.json;results_r02/cyclic/final_DyF-ZTL-v1_s7_p0.9_R100_a747c90425.json;results_r02/cyclic/final_DyF-ZTL-v1_s8_p0.9_R100_0df5cf7d5e.json;results_r02/cyclic/final_DyF-ZTL-v1_s9_p0.9_R100_b8fdf899ef.json,
Table 11 admission,tab:admission,ratio 0.1,Mal. rej.,100.0$\pm$0.0,100.0±0.0,yes,10,DyF-ZTL-V_s0_p0.1_R100_857ad988aa;DyF-ZTL-V_s1_p0.1_R100_fc55105344;DyF-ZTL-V_s2_p0.1_R100_94a802a715;DyF-ZTL-V_s3_p0.1_R100_a186aea0d6;DyF-ZTL-V_s4_p0.1_R100_86c1d0be35;DyF-ZTL-V_s5_p0.1_R100_e5e0793d08;DyF-ZTL-V_s6_p0.1_R100_990789029d;DyF-ZTL-V_s7_p0.1_R100_39fbd94ea2;DyF-ZTL-V_s8_p0.1_R100_51480c566d;DyF-ZTL-V_s9_p0.1_R100_4da85b6afd,results_r02/cyclic/decisions_DyF-ZTL-V_s0_p0.1_R100_857ad988aa.csv;results_r02/cyclic/decisions_DyF-ZTL-V_s1_p0.1_R100_fc55105344.csv;results_r02/cyclic/decisions_DyF-ZTL-V_s2_p0.1_R100_94a802a715.csv;results_r02/cyclic/decisions_DyF-ZTL-V_s3_p0.1_R100_a186aea0d6.csv;results_r02/cyclic/decisions_DyF-ZTL-V_s4_p0.1_R100_86c1d0be35.csv;results_r02/cyclic/decisions_DyF-ZTL-V_s5_p0.1_R100_e5e0793d08.csv;results_r02/cyclic/decisions_DyF-ZTL-V_s6_p0.1_R100_990789029d.csv;results_r02/cyclic/decisions_DyF-ZTL-V_s7_p0.1_R100_39fbd94ea2.csv;results_r02/cyclic/decisions_DyF-ZTL-V_s8_p0.1_R100_51480c566d.csv;results_r02/cyclic/decisions_DyF-ZTL-V_s9_p0.1_R100_4da85b6afd.csv,
Table 11 admission,tab:admission,ratio 0.1,Honest rej.,10.2$\pm$4.4,10.2±4.4,yes,10,DyF-ZTL-V_s0_p0.1_R100_857ad988aa;DyF-ZTL-V_s1_p0.1_R100_fc55105344;DyF-ZTL-V_s2_p0.1_R100_94a802a715;DyF-ZTL-V_s3_p0.1_R100_a186aea0d6;DyF-ZTL-V_s4_p0.1_R100_86c1d0be35;DyF-ZTL-V_s5_p0.1_R100_e5e0793d08;DyF-ZTL-V_s6_p0.1_R100_990789029d;DyF-ZTL-V_s7_p0.1_R100_39fbd94ea2;DyF-ZTL-V_s8_p0.1_R100_51480c566d;DyF-ZTL-V_s9_p0.1_R100_4da85b6afd,results_r02/cyclic/decisions_DyF-ZTL-V_s0_p0.1_R100_857ad988aa.csv;results_r02/cyclic/decisions_DyF-ZTL-V_s1_p0.1_R100_fc55105344.csv;results_r02/cyclic/decisions_DyF-ZTL-V_s2_p0.1_R100_94a802a715.csv;results_r02/cyclic/decisions_DyF-ZTL-V_s3_p0.1_R100_a186aea0d6.csv;results_r02/cyclic/decisions_DyF-ZTL-V_s4_p0.1_R100_86c1d0be35.csv;results_r02/cyclic/decisions_DyF-ZTL-V_s5_p0.1_R100_e5e0793d08.csv;results_r02/cyclic/decisions_DyF-ZTL-V_s6_p0.1_R100_990789029d.csv;results_r02/cyclic/decisions_DyF-ZTL-V_s7_p0.1_R100_39fbd94ea2.csv;results_r02/cyclic/decisions_DyF-ZTL-V_s8_p0.1_R100_51480c566d.csv;results_r02/cyclic/decisions_DyF-ZTL-V_s9_p0.1_R100_4da85b6afd.csv,
Table 11 admission,tab:admission,ratio 0.1,Admitted / round,16.2$\pm$0.8,16.2±0.8,yes,10,DyF-ZTL-V_s0_p0.1_R100_857ad988aa;DyF-ZTL-V_s1_p0.1_R100_fc55105344;DyF-ZTL-V_s2_p0.1_R100_94a802a715;DyF-ZTL-V_s3_p0.1_R100_a186aea0d6;DyF-ZTL-V_s4_p0.1_R100_86c1d0be35;DyF-ZTL-V_s5_p0.1_R100_e5e0793d08;DyF-ZTL-V_s6_p0.1_R100_990789029d;DyF-ZTL-V_s7_p0.1_R100_39fbd94ea2;DyF-ZTL-V_s8_p0.1_R100_51480c566d;DyF-ZTL-V_s9_p0.1_R100_4da85b6afd,results_r02/cyclic/decisions_DyF-ZTL-V_s0_p0.1_R100_857ad988aa.csv;results_r02/cyclic/decisions_DyF-ZTL-V_s1_p0.1_R100_fc55105344.csv;results_r02/cyclic/decisions_DyF-ZTL-V_s2_p0.1_R100_94a802a715.csv;results_r02/cyclic/decisions_DyF-ZTL-V_s3_p0.1_R100_a186aea0d6.csv;results_r02/cyclic/decisions_DyF-ZTL-V_s4_p0.1_R100_86c1d0be35.csv;results_r02/cyclic/decisions_DyF-ZTL-V_s5_p0.1_R100_e5e0793d08.csv;results_r02/cyclic/decisions_DyF-ZTL-V_s6_p0.1_R100_990789029d.csv;results_r02/cyclic/decisions_DyF-ZTL-V_s7_p0.1_R100_39fbd94ea2.csv;results_r02/cyclic/decisions_DyF-ZTL-V_s8_p0.1_R100_51480c566d.csv;results_r02/cyclic/decisions_DyF-ZTL-V_s9_p0.1_R100_4da85b6afd.csv,
Table 11 admission,tab:admission,ratio 0.1,Prec. reject,54$\pm$13,,pipeline,10,DyF-ZTL-V_s0_p0.1_R100_857ad988aa;DyF-ZTL-V_s1_p0.1_R100_fc55105344;DyF-ZTL-V_s2_p0.1_R100_94a802a715;DyF-ZTL-V_s3_p0.1_R100_a186aea0d6;DyF-ZTL-V_s4_p0.1_R100_86c1d0be35;DyF-ZTL-V_s5_p0.1_R100_e5e0793d08;DyF-ZTL-V_s6_p0.1_R100_990789029d;DyF-ZTL-V_s7_p0.1_R100_39fbd94ea2;DyF-ZTL-V_s8_p0.1_R100_51480c566d;DyF-ZTL-V_s9_p0.1_R100_4da85b6afd,results_r02/analysis/admission_runs.csv,"analyze_r02.admission_metrics on decisions_*.csv (precision, weight share, rehabilitation time)"
Table 11 admission,tab:admission,ratio 0.1,Attacker weight,0.0$\pm$0.0,,pipeline,10,DyF-ZTL-V_s0_p0.1_R100_857ad988aa;DyF-ZTL-V_s1_p0.1_R100_fc55105344;DyF-ZTL-V_s2_p0.1_R100_94a802a715;DyF-ZTL-V_s3_p0.1_R100_a186aea0d6;DyF-ZTL-V_s4_p0.1_R100_86c1d0be35;DyF-ZTL-V_s5_p0.1_R100_e5e0793d08;DyF-ZTL-V_s6_p0.1_R100_990789029d;DyF-ZTL-V_s7_p0.1_R100_39fbd94ea2;DyF-ZTL-V_s8_p0.1_R100_51480c566d;DyF-ZTL-V_s9_p0.1_R100_4da85b6afd,results_r02/analysis/admission_runs.csv,"analyze_r02.admission_metrics on decisions_*.csv (precision, weight share, rehabilitation time)"
Table 11 admission,tab:admission,ratio 0.1,Rounds to rehab.,11.1$\pm$7.8,,pipeline,10,DyF-ZTL-V_s0_p0.1_R100_857ad988aa;DyF-ZTL-V_s1_p0.1_R100_fc55105344;DyF-ZTL-V_s2_p0.1_R100_94a802a715;DyF-ZTL-V_s3_p0.1_R100_a186aea0d6;DyF-ZTL-V_s4_p0.1_R100_86c1d0be35;DyF-ZTL-V_s5_p0.1_R100_e5e0793d08;DyF-ZTL-V_s6_p0.1_R100_990789029d;DyF-ZTL-V_s7_p0.1_R100_39fbd94ea2;DyF-ZTL-V_s8_p0.1_R100_51480c566d;DyF-ZTL-V_s9_p0.1_R100_4da85b6afd,results_r02/analysis/admission_runs.csv,"analyze_r02.admission_metrics on decisions_*.csv (precision, weight share, rehabilitation time)"
Table 11 admission,tab:admission,ratio 0.1,FLTrust mal. rej.,35.6$\pm$16.2,,pipeline,10,FLTrust_s0_p0.1_R100_11fdc95daa;FLTrust_s1_p0.1_R100_e57cbb4325;FLTrust_s2_p0.1_R100_f8b75cc022;FLTrust_s3_p0.1_R100_f3b6628ae1;FLTrust_s4_p0.1_R100_cf688bb6fd;FLTrust_s5_p0.1_R100_ad2a2c9825;FLTrust_s6_p0.1_R100_7198d30f00;FLTrust_s7_p0.1_R100_c3ce8de4e3;FLTrust_s8_p0.1_R100_359081ee19;FLTrust_s9_p0.1_R100_d5dc57a22f,results_r02/analysis/admission_runs.csv,FLTrust: zero-weight / post-grace rates from decisions_*.csv via analyze_r02.admission_metrics
Table 11 admission,tab:admission,ratio 0.1,FLTrust honest rej.,17.9$\pm$4.8,,pipeline,10,FLTrust_s0_p0.1_R100_11fdc95daa;FLTrust_s1_p0.1_R100_e57cbb4325;FLTrust_s2_p0.1_R100_f8b75cc022;FLTrust_s3_p0.1_R100_f3b6628ae1;FLTrust_s4_p0.1_R100_cf688bb6fd;FLTrust_s5_p0.1_R100_ad2a2c9825;FLTrust_s6_p0.1_R100_7198d30f00;FLTrust_s7_p0.1_R100_c3ce8de4e3;FLTrust_s8_p0.1_R100_359081ee19;FLTrust_s9_p0.1_R100_d5dc57a22f,results_r02/analysis/admission_runs.csv,FLTrust: zero-weight / post-grace rates from decisions_*.csv via analyze_r02.admission_metrics
Table 11 admission,tab:admission,ratio 0.1,FLTrust att. weight,3.8$\pm$2.2,,pipeline,10,FLTrust_s0_p0.1_R100_11fdc95daa;FLTrust_s1_p0.1_R100_e57cbb4325;FLTrust_s2_p0.1_R100_f8b75cc022;FLTrust_s3_p0.1_R100_f3b6628ae1;FLTrust_s4_p0.1_R100_cf688bb6fd;FLTrust_s5_p0.1_R100_ad2a2c9825;FLTrust_s6_p0.1_R100_7198d30f00;FLTrust_s7_p0.1_R100_c3ce8de4e3;FLTrust_s8_p0.1_R100_359081ee19;FLTrust_s9_p0.1_R100_d5dc57a22f,results_r02/analysis/admission_runs.csv,FLTrust: zero-weight / post-grace rates from decisions_*.csv via analyze_r02.admission_metrics
Table 11 admission,tab:admission,ratio 0.1,v1 honest rej.,21.6$\pm$12.0,,pipeline,10,DyF-ZTL-v1_s0_p0.1_R100_ae70a20e39;DyF-ZTL-v1_s1_p0.1_R100_294d24a242;DyF-ZTL-v1_s2_p0.1_R100_0fd0674552;DyF-ZTL-v1_s3_p0.1_R100_cef5a18f97;DyF-ZTL-v1_s4_p0.1_R100_175b95a39b;DyF-ZTL-v1_s5_p0.1_R100_0cd1552b38;DyF-ZTL-v1_s6_p0.1_R100_9918adccaf;DyF-ZTL-v1_s7_p0.1_R100_2bb3df5803;DyF-ZTL-v1_s8_p0.1_R100_40dab9c56e;DyF-ZTL-v1_s9_p0.1_R100_d1e6e48482,results_r02/analysis/admission_runs.csv,v1: zero-weight / post-grace rates from decisions_*.csv via analyze_r02.admission_metrics
Table 11 admission,tab:admission,ratio 0.2,Mal. rej.,98.5$\pm$3.5,98.5±3.5,yes,10,DyF-ZTL-V_s0_p0.2_R100_70f55769d2;DyF-ZTL-V_s1_p0.2_R100_c9c4d1ef7b;DyF-ZTL-V_s2_p0.2_R100_7f85b4de6e;DyF-ZTL-V_s3_p0.2_R100_a9734df61c;DyF-ZTL-V_s4_p0.2_R100_c32904e9cf;DyF-ZTL-V_s5_p0.2_R100_c837a4d674;DyF-ZTL-V_s6_p0.2_R100_9ddbd8555b;DyF-ZTL-V_s7_p0.2_R100_96c550bf5d;DyF-ZTL-V_s8_p0.2_R100_98dbd4f2f9;DyF-ZTL-V_s9_p0.2_R100_53c61456c8,results_r02/cyclic/decisions_DyF-ZTL-V_s0_p0.2_R100_70f55769d2.csv;results_r02/cyclic/decisions_DyF-ZTL-V_s1_p0.2_R100_c9c4d1ef7b.csv;results_r02/cyclic/decisions_DyF-ZTL-V_s2_p0.2_R100_7f85b4de6e.csv;results_r02/cyclic/decisions_DyF-ZTL-V_s3_p0.2_R100_a9734df61c.csv;results_r02/cyclic/decisions_DyF-ZTL-V_s4_p0.2_R100_c32904e9cf.csv;results_r02/cyclic/decisions_DyF-ZTL-V_s5_p0.2_R100_c837a4d674.csv;results_r02/cyclic/decisions_DyF-ZTL-V_s6_p0.2_R100_9ddbd8555b.csv;results_r02/cyclic/decisions_DyF-ZTL-V_s7_p0.2_R100_96c550bf5d.csv;results_r02/cyclic/decisions_DyF-ZTL-V_s8_p0.2_R100_98dbd4f2f9.csv;results_r02/cyclic/decisions_DyF-ZTL-V_s9_p0.2_R100_53c61456c8.csv,
Table 11 admission,tab:admission,ratio 0.2,Honest rej.,10.3$\pm$5.7,10.3±5.7,yes,10,DyF-ZTL-V_s0_p0.2_R100_70f55769d2;DyF-ZTL-V_s1_p0.2_R100_c9c4d1ef7b;DyF-ZTL-V_s2_p0.2_R100_7f85b4de6e;DyF-ZTL-V_s3_p0.2_R100_a9734df61c;DyF-ZTL-V_s4_p0.2_R100_c32904e9cf;DyF-ZTL-V_s5_p0.2_R100_c837a4d674;DyF-ZTL-V_s6_p0.2_R100_9ddbd8555b;DyF-ZTL-V_s7_p0.2_R100_96c550bf5d;DyF-ZTL-V_s8_p0.2_R100_98dbd4f2f9;DyF-ZTL-V_s9_p0.2_R100_53c61456c8,results_r02/cyclic/decisions_DyF-ZTL-V_s0_p0.2_R100_70f55769d2.csv;results_r02/cyclic/decisions_DyF-ZTL-V_s1_p0.2_R100_c9c4d1ef7b.csv;results_r02/cyclic/decisions_DyF-ZTL-V_s2_p0.2_R100_7f85b4de6e.csv;results_r02/cyclic/decisions_DyF-ZTL-V_s3_p0.2_R100_a9734df61c.csv;results_r02/cyclic/decisions_DyF-ZTL-V_s4_p0.2_R100_c32904e9cf.csv;results_r02/cyclic/decisions_DyF-ZTL-V_s5_p0.2_R100_c837a4d674.csv;results_r02/cyclic/decisions_DyF-ZTL-V_s6_p0.2_R100_9ddbd8555b.csv;results_r02/cyclic/decisions_DyF-ZTL-V_s7_p0.2_R100_96c550bf5d.csv;results_r02/cyclic/decisions_DyF-ZTL-V_s8_p0.2_R100_98dbd4f2f9.csv;results_r02/cyclic/decisions_DyF-ZTL-V_s9_p0.2_R100_53c61456c8.csv,
Table 11 admission,tab:admission,ratio 0.2,Admitted / round,14.4$\pm$1.0,14.4±1.0,yes,10,DyF-ZTL-V_s0_p0.2_R100_70f55769d2;DyF-ZTL-V_s1_p0.2_R100_c9c4d1ef7b;DyF-ZTL-V_s2_p0.2_R100_7f85b4de6e;DyF-ZTL-V_s3_p0.2_R100_a9734df61c;DyF-ZTL-V_s4_p0.2_R100_c32904e9cf;DyF-ZTL-V_s5_p0.2_R100_c837a4d674;DyF-ZTL-V_s6_p0.2_R100_9ddbd8555b;DyF-ZTL-V_s7_p0.2_R100_96c550bf5d;DyF-ZTL-V_s8_p0.2_R100_98dbd4f2f9;DyF-ZTL-V_s9_p0.2_R100_53c61456c8,results_r02/cyclic/decisions_DyF-ZTL-V_s0_p0.2_R100_70f55769d2.csv;results_r02/cyclic/decisions_DyF-ZTL-V_s1_p0.2_R100_c9c4d1ef7b.csv;results_r02/cyclic/decisions_DyF-ZTL-V_s2_p0.2_R100_7f85b4de6e.csv;results_r02/cyclic/decisions_DyF-ZTL-V_s3_p0.2_R100_a9734df61c.csv;results_r02/cyclic/decisions_DyF-ZTL-V_s4_p0.2_R100_c32904e9cf.csv;results_r02/cyclic/decisions_DyF-ZTL-V_s5_p0.2_R100_c837a4d674.csv;results_r02/cyclic/decisions_DyF-ZTL-V_s6_p0.2_R100_9ddbd8555b.csv;results_r02/cyclic/decisions_DyF-ZTL-V_s7_p0.2_R100_96c550bf5d.csv;results_r02/cyclic/decisions_DyF-ZTL-V_s8_p0.2_R100_98dbd4f2f9.csv;results_r02/cyclic/decisions_DyF-ZTL-V_s9_p0.2_R100_53c61456c8.csv,
Table 11 admission,tab:admission,ratio 0.2,Prec. reject,72$\pm$11,,pipeline,10,DyF-ZTL-V_s0_p0.2_R100_70f55769d2;DyF-ZTL-V_s1_p0.2_R100_c9c4d1ef7b;DyF-ZTL-V_s2_p0.2_R100_7f85b4de6e;DyF-ZTL-V_s3_p0.2_R100_a9734df61c;DyF-ZTL-V_s4_p0.2_R100_c32904e9cf;DyF-ZTL-V_s5_p0.2_R100_c837a4d674;DyF-ZTL-V_s6_p0.2_R100_9ddbd8555b;DyF-ZTL-V_s7_p0.2_R100_96c550bf5d;DyF-ZTL-V_s8_p0.2_R100_98dbd4f2f9;DyF-ZTL-V_s9_p0.2_R100_53c61456c8,results_r02/analysis/admission_runs.csv,"analyze_r02.admission_metrics on decisions_*.csv (precision, weight share, rehabilitation time)"
Table 11 admission,tab:admission,ratio 0.2,Attacker weight,0.4$\pm$0.9,,pipeline,10,DyF-ZTL-V_s0_p0.2_R100_70f55769d2;DyF-ZTL-V_s1_p0.2_R100_c9c4d1ef7b;DyF-ZTL-V_s2_p0.2_R100_7f85b4de6e;DyF-ZTL-V_s3_p0.2_R100_a9734df61c;DyF-ZTL-V_s4_p0.2_R100_c32904e9cf;DyF-ZTL-V_s5_p0.2_R100_c837a4d674;DyF-ZTL-V_s6_p0.2_R100_9ddbd8555b;DyF-ZTL-V_s7_p0.2_R100_96c550bf5d;DyF-ZTL-V_s8_p0.2_R100_98dbd4f2f9;DyF-ZTL-V_s9_p0.2_R100_53c61456c8,results_r02/analysis/admission_runs.csv,"analyze_r02.admission_metrics on decisions_*.csv (precision, weight share, rehabilitation time)"
Table 11 admission,tab:admission,ratio 0.2,Rounds to rehab.,10.6$\pm$10.1,,pipeline,10,DyF-ZTL-V_s0_p0.2_R100_70f55769d2;DyF-ZTL-V_s1_p0.2_R100_c9c4d1ef7b;DyF-ZTL-V_s2_p0.2_R100_7f85b4de6e;DyF-ZTL-V_s3_p0.2_R100_a9734df61c;DyF-ZTL-V_s4_p0.2_R100_c32904e9cf;DyF-ZTL-V_s5_p0.2_R100_c837a4d674;DyF-ZTL-V_s6_p0.2_R100_9ddbd8555b;DyF-ZTL-V_s7_p0.2_R100_96c550bf5d;DyF-ZTL-V_s8_p0.2_R100_98dbd4f2f9;DyF-ZTL-V_s9_p0.2_R100_53c61456c8,results_r02/analysis/admission_runs.csv,"analyze_r02.admission_metrics on decisions_*.csv (precision, weight share, rehabilitation time)"
Table 11 admission,tab:admission,ratio 0.2,FLTrust mal. rej.,43.4$\pm$13.1,,pipeline,10,FLTrust_s0_p0.2_R100_2261185c3c;FLTrust_s1_p0.2_R100_e3598a4a40;FLTrust_s2_p0.2_R100_3dfd03a066;FLTrust_s3_p0.2_R100_913b2d1c9f;FLTrust_s4_p0.2_R100_9dfc63b25a;FLTrust_s5_p0.2_R100_be8787bad5;FLTrust_s6_p0.2_R100_3ad905c688;FLTrust_s7_p0.2_R100_c1acd7001d;FLTrust_s8_p0.2_R100_13de8ca361;FLTrust_s9_p0.2_R100_2b565126dd,results_r02/analysis/admission_runs.csv,FLTrust: zero-weight / post-grace rates from decisions_*.csv via analyze_r02.admission_metrics
Table 11 admission,tab:admission,ratio 0.2,FLTrust honest rej.,15.3$\pm$4.4,,pipeline,10,FLTrust_s0_p0.2_R100_2261185c3c;FLTrust_s1_p0.2_R100_e3598a4a40;FLTrust_s2_p0.2_R100_3dfd03a066;FLTrust_s3_p0.2_R100_913b2d1c9f;FLTrust_s4_p0.2_R100_9dfc63b25a;FLTrust_s5_p0.2_R100_be8787bad5;FLTrust_s6_p0.2_R100_3ad905c688;FLTrust_s7_p0.2_R100_c1acd7001d;FLTrust_s8_p0.2_R100_13de8ca361;FLTrust_s9_p0.2_R100_2b565126dd,results_r02/analysis/admission_runs.csv,FLTrust: zero-weight / post-grace rates from decisions_*.csv via analyze_r02.admission_metrics
Table 11 admission,tab:admission,ratio 0.2,FLTrust att. weight,6.0$\pm$2.4,,pipeline,10,FLTrust_s0_p0.2_R100_2261185c3c;FLTrust_s1_p0.2_R100_e3598a4a40;FLTrust_s2_p0.2_R100_3dfd03a066;FLTrust_s3_p0.2_R100_913b2d1c9f;FLTrust_s4_p0.2_R100_9dfc63b25a;FLTrust_s5_p0.2_R100_be8787bad5;FLTrust_s6_p0.2_R100_3ad905c688;FLTrust_s7_p0.2_R100_c1acd7001d;FLTrust_s8_p0.2_R100_13de8ca361;FLTrust_s9_p0.2_R100_2b565126dd,results_r02/analysis/admission_runs.csv,FLTrust: zero-weight / post-grace rates from decisions_*.csv via analyze_r02.admission_metrics
Table 11 admission,tab:admission,ratio 0.2,v1 honest rej.,21.2$\pm$11.4,,pipeline,10,DyF-ZTL-v1_s0_p0.2_R100_b679e9d7e3;DyF-ZTL-v1_s1_p0.2_R100_13be3a7b4b;DyF-ZTL-v1_s2_p0.2_R100_f4f7ac7014;DyF-ZTL-v1_s3_p0.2_R100_05db6d8c46;DyF-ZTL-v1_s4_p0.2_R100_3d61ce4bbf;DyF-ZTL-v1_s5_p0.2_R100_54b28e08c3;DyF-ZTL-v1_s6_p0.2_R100_43c29e8632;DyF-ZTL-v1_s7_p0.2_R100_72f3834c99;DyF-ZTL-v1_s8_p0.2_R100_ada52a0453;DyF-ZTL-v1_s9_p0.2_R100_f5ec859696,results_r02/analysis/admission_runs.csv,v1: zero-weight / post-grace rates from decisions_*.csv via analyze_r02.admission_metrics
Table 11 admission,tab:admission,ratio 0.3,Mal. rej.,97.7$\pm$5.7,97.7±5.7,yes,10,DyF-ZTL-V_s0_p0.3_R100_520bd4f748;DyF-ZTL-V_s1_p0.3_R100_f9a183a3d0;DyF-ZTL-V_s2_p0.3_R100_ce1626f472;DyF-ZTL-V_s3_p0.3_R100_70bb10cb19;DyF-ZTL-V_s4_p0.3_R100_c2aac49d8d;DyF-ZTL-V_s5_p0.3_R100_52b0088e25;DyF-ZTL-V_s6_p0.3_R100_04465d200e;DyF-ZTL-V_s7_p0.3_R100_71021e9bce;DyF-ZTL-V_s8_p0.3_R100_f6e248d8cd;DyF-ZTL-V_s9_p0.3_R100_3f0b3f602f,results_r02/cyclic/decisions_DyF-ZTL-V_s0_p0.3_R100_520bd4f748.csv;results_r02/cyclic/decisions_DyF-ZTL-V_s1_p0.3_R100_f9a183a3d0.csv;results_r02/cyclic/decisions_DyF-ZTL-V_s2_p0.3_R100_ce1626f472.csv;results_r02/cyclic/decisions_DyF-ZTL-V_s3_p0.3_R100_70bb10cb19.csv;results_r02/cyclic/decisions_DyF-ZTL-V_s4_p0.3_R100_c2aac49d8d.csv;results_r02/cyclic/decisions_DyF-ZTL-V_s5_p0.3_R100_52b0088e25.csv;results_r02/cyclic/decisions_DyF-ZTL-V_s6_p0.3_R100_04465d200e.csv;results_r02/cyclic/decisions_DyF-ZTL-V_s7_p0.3_R100_71021e9bce.csv;results_r02/cyclic/decisions_DyF-ZTL-V_s8_p0.3_R100_f6e248d8cd.csv;results_r02/cyclic/decisions_DyF-ZTL-V_s9_p0.3_R100_3f0b3f602f.csv,
Table 11 admission,tab:admission,ratio 0.3,Honest rej.,10.8$\pm$8.5,10.8±8.5,yes,10,DyF-ZTL-V_s0_p0.3_R100_520bd4f748;DyF-ZTL-V_s1_p0.3_R100_f9a183a3d0;DyF-ZTL-V_s2_p0.3_R100_ce1626f472;DyF-ZTL-V_s3_p0.3_R100_70bb10cb19;DyF-ZTL-V_s4_p0.3_R100_c2aac49d8d;DyF-ZTL-V_s5_p0.3_R100_52b0088e25;DyF-ZTL-V_s6_p0.3_R100_04465d200e;DyF-ZTL-V_s7_p0.3_R100_71021e9bce;DyF-ZTL-V_s8_p0.3_R100_f6e248d8cd;DyF-ZTL-V_s9_p0.3_R100_3f0b3f602f,results_r02/cyclic/decisions_DyF-ZTL-V_s0_p0.3_R100_520bd4f748.csv;results_r02/cyclic/decisions_DyF-ZTL-V_s1_p0.3_R100_f9a183a3d0.csv;results_r02/cyclic/decisions_DyF-ZTL-V_s2_p0.3_R100_ce1626f472.csv;results_r02/cyclic/decisions_DyF-ZTL-V_s3_p0.3_R100_70bb10cb19.csv;results_r02/cyclic/decisions_DyF-ZTL-V_s4_p0.3_R100_c2aac49d8d.csv;results_r02/cyclic/decisions_DyF-ZTL-V_s5_p0.3_R100_52b0088e25.csv;results_r02/cyclic/decisions_DyF-ZTL-V_s6_p0.3_R100_04465d200e.csv;results_r02/cyclic/decisions_DyF-ZTL-V_s7_p0.3_R100_71021e9bce.csv;results_r02/cyclic/decisions_DyF-ZTL-V_s8_p0.3_R100_f6e248d8cd.csv;results_r02/cyclic/decisions_DyF-ZTL-V_s9_p0.3_R100_3f0b3f602f.csv,
Table 11 admission,tab:admission,ratio 0.3,Admitted / round,12.6$\pm$1.4,12.6±1.4,yes,10,DyF-ZTL-V_s0_p0.3_R100_520bd4f748;DyF-ZTL-V_s1_p0.3_R100_f9a183a3d0;DyF-ZTL-V_s2_p0.3_R100_ce1626f472;DyF-ZTL-V_s3_p0.3_R100_70bb10cb19;DyF-ZTL-V_s4_p0.3_R100_c2aac49d8d;DyF-ZTL-V_s5_p0.3_R100_52b0088e25;DyF-ZTL-V_s6_p0.3_R100_04465d200e;DyF-ZTL-V_s7_p0.3_R100_71021e9bce;DyF-ZTL-V_s8_p0.3_R100_f6e248d8cd;DyF-ZTL-V_s9_p0.3_R100_3f0b3f602f,results_r02/cyclic/decisions_DyF-ZTL-V_s0_p0.3_R100_520bd4f748.csv;results_r02/cyclic/decisions_DyF-ZTL-V_s1_p0.3_R100_f9a183a3d0.csv;results_r02/cyclic/decisions_DyF-ZTL-V_s2_p0.3_R100_ce1626f472.csv;results_r02/cyclic/decisions_DyF-ZTL-V_s3_p0.3_R100_70bb10cb19.csv;results_r02/cyclic/decisions_DyF-ZTL-V_s4_p0.3_R100_c2aac49d8d.csv;results_r02/cyclic/decisions_DyF-ZTL-V_s5_p0.3_R100_52b0088e25.csv;results_r02/cyclic/decisions_DyF-ZTL-V_s6_p0.3_R100_04465d200e.csv;results_r02/cyclic/decisions_DyF-ZTL-V_s7_p0.3_R100_71021e9bce.csv;results_r02/cyclic/decisions_DyF-ZTL-V_s8_p0.3_R100_f6e248d8cd.csv;results_r02/cyclic/decisions_DyF-ZTL-V_s9_p0.3_R100_3f0b3f602f.csv,
Table 11 admission,tab:admission,ratio 0.3,Prec. reject,82$\pm$12,,pipeline,10,DyF-ZTL-V_s0_p0.3_R100_520bd4f748;DyF-ZTL-V_s1_p0.3_R100_f9a183a3d0;DyF-ZTL-V_s2_p0.3_R100_ce1626f472;DyF-ZTL-V_s3_p0.3_R100_70bb10cb19;DyF-ZTL-V_s4_p0.3_R100_c2aac49d8d;DyF-ZTL-V_s5_p0.3_R100_52b0088e25;DyF-ZTL-V_s6_p0.3_R100_04465d200e;DyF-ZTL-V_s7_p0.3_R100_71021e9bce;DyF-ZTL-V_s8_p0.3_R100_f6e248d8cd;DyF-ZTL-V_s9_p0.3_R100_3f0b3f602f,results_r02/analysis/admission_runs.csv,"analyze_r02.admission_metrics on decisions_*.csv (precision, weight share, rehabilitation time)"
Table 11 admission,tab:admission,ratio 0.3,Attacker weight,0.9$\pm$2.3,,pipeline,10,DyF-ZTL-V_s0_p0.3_R100_520bd4f748;DyF-ZTL-V_s1_p0.3_R100_f9a183a3d0;DyF-ZTL-V_s2_p0.3_R100_ce1626f472;DyF-ZTL-V_s3_p0.3_R100_70bb10cb19;DyF-ZTL-V_s4_p0.3_R100_c2aac49d8d;DyF-ZTL-V_s5_p0.3_R100_52b0088e25;DyF-ZTL-V_s6_p0.3_R100_04465d200e;DyF-ZTL-V_s7_p0.3_R100_71021e9bce;DyF-ZTL-V_s8_p0.3_R100_f6e248d8cd;DyF-ZTL-V_s9_p0.3_R100_3f0b3f602f,results_r02/analysis/admission_runs.csv,"analyze_r02.admission_metrics on decisions_*.csv (precision, weight share, rehabilitation time)"
Table 11 admission,tab:admission,ratio 0.3,Rounds to rehab.,9.6$\pm$3.8,,pipeline,10,DyF-ZTL-V_s0_p0.3_R100_520bd4f748;DyF-ZTL-V_s1_p0.3_R100_f9a183a3d0;DyF-ZTL-V_s2_p0.3_R100_ce1626f472;DyF-ZTL-V_s3_p0.3_R100_70bb10cb19;DyF-ZTL-V_s4_p0.3_R100_c2aac49d8d;DyF-ZTL-V_s5_p0.3_R100_52b0088e25;DyF-ZTL-V_s6_p0.3_R100_04465d200e;DyF-ZTL-V_s7_p0.3_R100_71021e9bce;DyF-ZTL-V_s8_p0.3_R100_f6e248d8cd;DyF-ZTL-V_s9_p0.3_R100_3f0b3f602f,results_r02/analysis/admission_runs.csv,"analyze_r02.admission_metrics on decisions_*.csv (precision, weight share, rehabilitation time)"
Table 11 admission,tab:admission,ratio 0.3,FLTrust mal. rej.,48.0$\pm$14.0,,pipeline,10,FLTrust_s0_p0.3_R100_2a587e54dd;FLTrust_s1_p0.3_R100_fffebfa527;FLTrust_s2_p0.3_R100_c69ab088ac;FLTrust_s3_p0.3_R100_418445c611;FLTrust_s4_p0.3_R100_d5fd4f4748;FLTrust_s5_p0.3_R100_1f60a86aac;FLTrust_s6_p0.3_R100_a947b0b514;FLTrust_s7_p0.3_R100_f8e3db7e9d;FLTrust_s8_p0.3_R100_ab6de07759;FLTrust_s9_p0.3_R100_626f619e52,results_r02/analysis/admission_runs.csv,FLTrust: zero-weight / post-grace rates from decisions_*.csv via analyze_r02.admission_metrics
Table 11 admission,tab:admission,ratio 0.3,FLTrust honest rej.,14.3$\pm$7.2,,pipeline,10,FLTrust_s0_p0.3_R100_2a587e54dd;FLTrust_s1_p0.3_R100_fffebfa527;FLTrust_s2_p0.3_R100_c69ab088ac;FLTrust_s3_p0.3_R100_418445c611;FLTrust_s4_p0.3_R100_d5fd4f4748;FLTrust_s5_p0.3_R100_1f60a86aac;FLTrust_s6_p0.3_R100_a947b0b514;FLTrust_s7_p0.3_R100_f8e3db7e9d;FLTrust_s8_p0.3_R100_ab6de07759;FLTrust_s9_p0.3_R100_626f619e52,results_r02/analysis/admission_runs.csv,FLTrust: zero-weight / post-grace rates from decisions_*.csv via analyze_r02.admission_metrics
Table 11 admission,tab:admission,ratio 0.3,FLTrust att. weight,8.3$\pm$3.4,,pipeline,10,FLTrust_s0_p0.3_R100_2a587e54dd;FLTrust_s1_p0.3_R100_fffebfa527;FLTrust_s2_p0.3_R100_c69ab088ac;FLTrust_s3_p0.3_R100_418445c611;FLTrust_s4_p0.3_R100_d5fd4f4748;FLTrust_s5_p0.3_R100_1f60a86aac;FLTrust_s6_p0.3_R100_a947b0b514;FLTrust_s7_p0.3_R100_f8e3db7e9d;FLTrust_s8_p0.3_R100_ab6de07759;FLTrust_s9_p0.3_R100_626f619e52,results_r02/analysis/admission_runs.csv,FLTrust: zero-weight / post-grace rates from decisions_*.csv via analyze_r02.admission_metrics
Table 11 admission,tab:admission,ratio 0.3,v1 honest rej.,19.8$\pm$12.9,,pipeline,10,DyF-ZTL-v1_s0_p0.3_R100_f565729729;DyF-ZTL-v1_s1_p0.3_R100_b107c9b460;DyF-ZTL-v1_s2_p0.3_R100_bf3268a010;DyF-ZTL-v1_s3_p0.3_R100_edede9410d;DyF-ZTL-v1_s4_p0.3_R100_848cf52505;DyF-ZTL-v1_s5_p0.3_R100_82a564b850;DyF-ZTL-v1_s6_p0.3_R100_3c706e92cf;DyF-ZTL-v1_s7_p0.3_R100_ed582cd641;DyF-ZTL-v1_s8_p0.3_R100_d43a49f47a;DyF-ZTL-v1_s9_p0.3_R100_cf4769dd47,results_r02/analysis/admission_runs.csv,v1: zero-weight / post-grace rates from decisions_*.csv via analyze_r02.admission_metrics
Table 11 admission,tab:admission,ratio 0.4,Mal. rej.,98.3$\pm$4.3,98.3±4.3,yes,10,DyF-ZTL-V_s0_p0.4_R100_9d28d361af;DyF-ZTL-V_s1_p0.4_R100_eb956f537a;DyF-ZTL-V_s2_p0.4_R100_439661ae3a;DyF-ZTL-V_s3_p0.4_R100_019e0715d8;DyF-ZTL-V_s4_p0.4_R100_f908bf4b7f;DyF-ZTL-V_s5_p0.4_R100_d0c2d712b5;DyF-ZTL-V_s6_p0.4_R100_8daf7acb3b;DyF-ZTL-V_s7_p0.4_R100_31ba6467ac;DyF-ZTL-V_s8_p0.4_R100_dacb2eb637;DyF-ZTL-V_s9_p0.4_R100_b473bb7c12,results_r02/cyclic/decisions_DyF-ZTL-V_s0_p0.4_R100_9d28d361af.csv;results_r02/cyclic/decisions_DyF-ZTL-V_s1_p0.4_R100_eb956f537a.csv;results_r02/cyclic/decisions_DyF-ZTL-V_s2_p0.4_R100_439661ae3a.csv;results_r02/cyclic/decisions_DyF-ZTL-V_s3_p0.4_R100_019e0715d8.csv;results_r02/cyclic/decisions_DyF-ZTL-V_s4_p0.4_R100_f908bf4b7f.csv;results_r02/cyclic/decisions_DyF-ZTL-V_s5_p0.4_R100_d0c2d712b5.csv;results_r02/cyclic/decisions_DyF-ZTL-V_s6_p0.4_R100_8daf7acb3b.csv;results_r02/cyclic/decisions_DyF-ZTL-V_s7_p0.4_R100_31ba6467ac.csv;results_r02/cyclic/decisions_DyF-ZTL-V_s8_p0.4_R100_dacb2eb637.csv;results_r02/cyclic/decisions_DyF-ZTL-V_s9_p0.4_R100_b473bb7c12.csv,
Table 11 admission,tab:admission,ratio 0.4,Honest rej.,10.5$\pm$7.5,10.5±7.5,yes,10,DyF-ZTL-V_s0_p0.4_R100_9d28d361af;DyF-ZTL-V_s1_p0.4_R100_eb956f537a;DyF-ZTL-V_s2_p0.4_R100_439661ae3a;DyF-ZTL-V_s3_p0.4_R100_019e0715d8;DyF-ZTL-V_s4_p0.4_R100_f908bf4b7f;DyF-ZTL-V_s5_p0.4_R100_d0c2d712b5;DyF-ZTL-V_s6_p0.4_R100_8daf7acb3b;DyF-ZTL-V_s7_p0.4_R100_31ba6467ac;DyF-ZTL-V_s8_p0.4_R100_dacb2eb637;DyF-ZTL-V_s9_p0.4_R100_b473bb7c12,results_r02/cyclic/decisions_DyF-ZTL-V_s0_p0.4_R100_9d28d361af.csv;results_r02/cyclic/decisions_DyF-ZTL-V_s1_p0.4_R100_eb956f537a.csv;results_r02/cyclic/decisions_DyF-ZTL-V_s2_p0.4_R100_439661ae3a.csv;results_r02/cyclic/decisions_DyF-ZTL-V_s3_p0.4_R100_019e0715d8.csv;results_r02/cyclic/decisions_DyF-ZTL-V_s4_p0.4_R100_f908bf4b7f.csv;results_r02/cyclic/decisions_DyF-ZTL-V_s5_p0.4_R100_d0c2d712b5.csv;results_r02/cyclic/decisions_DyF-ZTL-V_s6_p0.4_R100_8daf7acb3b.csv;results_r02/cyclic/decisions_DyF-ZTL-V_s7_p0.4_R100_31ba6467ac.csv;results_r02/cyclic/decisions_DyF-ZTL-V_s8_p0.4_R100_dacb2eb637.csv;results_r02/cyclic/decisions_DyF-ZTL-V_s9_p0.4_R100_b473bb7c12.csv,
Table 11 admission,tab:admission,ratio 0.4,Admitted / round,10.9$\pm$1.1,10.9±1.1,yes,10,DyF-ZTL-V_s0_p0.4_R100_9d28d361af;DyF-ZTL-V_s1_p0.4_R100_eb956f537a;DyF-ZTL-V_s2_p0.4_R100_439661ae3a;DyF-ZTL-V_s3_p0.4_R100_019e0715d8;DyF-ZTL-V_s4_p0.4_R100_f908bf4b7f;DyF-ZTL-V_s5_p0.4_R100_d0c2d712b5;DyF-ZTL-V_s6_p0.4_R100_8daf7acb3b;DyF-ZTL-V_s7_p0.4_R100_31ba6467ac;DyF-ZTL-V_s8_p0.4_R100_dacb2eb637;DyF-ZTL-V_s9_p0.4_R100_b473bb7c12,results_r02/cyclic/decisions_DyF-ZTL-V_s0_p0.4_R100_9d28d361af.csv;results_r02/cyclic/decisions_DyF-ZTL-V_s1_p0.4_R100_eb956f537a.csv;results_r02/cyclic/decisions_DyF-ZTL-V_s2_p0.4_R100_439661ae3a.csv;results_r02/cyclic/decisions_DyF-ZTL-V_s3_p0.4_R100_019e0715d8.csv;results_r02/cyclic/decisions_DyF-ZTL-V_s4_p0.4_R100_f908bf4b7f.csv;results_r02/cyclic/decisions_DyF-ZTL-V_s5_p0.4_R100_d0c2d712b5.csv;results_r02/cyclic/decisions_DyF-ZTL-V_s6_p0.4_R100_8daf7acb3b.csv;results_r02/cyclic/decisions_DyF-ZTL-V_s7_p0.4_R100_31ba6467ac.csv;results_r02/cyclic/decisions_DyF-ZTL-V_s8_p0.4_R100_dacb2eb637.csv;results_r02/cyclic/decisions_DyF-ZTL-V_s9_p0.4_R100_b473bb7c12.csv,
Table 11 admission,tab:admission,ratio 0.4,Prec. reject,87$\pm$8,,pipeline,10,DyF-ZTL-V_s0_p0.4_R100_9d28d361af;DyF-ZTL-V_s1_p0.4_R100_eb956f537a;DyF-ZTL-V_s2_p0.4_R100_439661ae3a;DyF-ZTL-V_s3_p0.4_R100_019e0715d8;DyF-ZTL-V_s4_p0.4_R100_f908bf4b7f;DyF-ZTL-V_s5_p0.4_R100_d0c2d712b5;DyF-ZTL-V_s6_p0.4_R100_8daf7acb3b;DyF-ZTL-V_s7_p0.4_R100_31ba6467ac;DyF-ZTL-V_s8_p0.4_R100_dacb2eb637;DyF-ZTL-V_s9_p0.4_R100_b473bb7c12,results_r02/analysis/admission_runs.csv,"analyze_r02.admission_metrics on decisions_*.csv (precision, weight share, rehabilitation time)"
Table 11 admission,tab:admission,ratio 0.4,Attacker weight,1.1$\pm$2.8,,pipeline,10,DyF-ZTL-V_s0_p0.4_R100_9d28d361af;DyF-ZTL-V_s1_p0.4_R100_eb956f537a;DyF-ZTL-V_s2_p0.4_R100_439661ae3a;DyF-ZTL-V_s3_p0.4_R100_019e0715d8;DyF-ZTL-V_s4_p0.4_R100_f908bf4b7f;DyF-ZTL-V_s5_p0.4_R100_d0c2d712b5;DyF-ZTL-V_s6_p0.4_R100_8daf7acb3b;DyF-ZTL-V_s7_p0.4_R100_31ba6467ac;DyF-ZTL-V_s8_p0.4_R100_dacb2eb637;DyF-ZTL-V_s9_p0.4_R100_b473bb7c12,results_r02/analysis/admission_runs.csv,"analyze_r02.admission_metrics on decisions_*.csv (precision, weight share, rehabilitation time)"
Table 11 admission,tab:admission,ratio 0.4,Rounds to rehab.,13.6$\pm$21.5,,pipeline,10,DyF-ZTL-V_s0_p0.4_R100_9d28d361af;DyF-ZTL-V_s1_p0.4_R100_eb956f537a;DyF-ZTL-V_s2_p0.4_R100_439661ae3a;DyF-ZTL-V_s3_p0.4_R100_019e0715d8;DyF-ZTL-V_s4_p0.4_R100_f908bf4b7f;DyF-ZTL-V_s5_p0.4_R100_d0c2d712b5;DyF-ZTL-V_s6_p0.4_R100_8daf7acb3b;DyF-ZTL-V_s7_p0.4_R100_31ba6467ac;DyF-ZTL-V_s8_p0.4_R100_dacb2eb637;DyF-ZTL-V_s9_p0.4_R100_b473bb7c12,results_r02/analysis/admission_runs.csv,"analyze_r02.admission_metrics on decisions_*.csv (precision, weight share, rehabilitation time)"
Table 11 admission,tab:admission,ratio 0.4,FLTrust mal. rej.,55.2$\pm$7.9,,pipeline,10,FLTrust_s0_p0.4_R100_e67100009e;FLTrust_s1_p0.4_R100_7b0b3f2cec;FLTrust_s2_p0.4_R100_2a4cb83df4;FLTrust_s3_p0.4_R100_e2e43ebff6;FLTrust_s4_p0.4_R100_c5c1bb6649;FLTrust_s5_p0.4_R100_3de8530e02;FLTrust_s6_p0.4_R100_0c0c471968;FLTrust_s7_p0.4_R100_4fda3a3346;FLTrust_s8_p0.4_R100_727c53cf39;FLTrust_s9_p0.4_R100_d0eac898cd,results_r02/analysis/admission_runs.csv,FLTrust: zero-weight / post-grace rates from decisions_*.csv via analyze_r02.admission_metrics
Table 11 admission,tab:admission,ratio 0.4,FLTrust honest rej.,12.8$\pm$7.0,,pipeline,10,FLTrust_s0_p0.4_R100_e67100009e;FLTrust_s1_p0.4_R100_7b0b3f2cec;FLTrust_s2_p0.4_R100_2a4cb83df4;FLTrust_s3_p0.4_R100_e2e43ebff6;FLTrust_s4_p0.4_R100_c5c1bb6649;FLTrust_s5_p0.4_R100_3de8530e02;FLTrust_s6_p0.4_R100_0c0c471968;FLTrust_s7_p0.4_R100_4fda3a3346;FLTrust_s8_p0.4_R100_727c53cf39;FLTrust_s9_p0.4_R100_d0eac898cd,results_r02/analysis/admission_runs.csv,FLTrust: zero-weight / post-grace rates from decisions_*.csv via analyze_r02.admission_metrics
Table 11 admission,tab:admission,ratio 0.4,FLTrust att. weight,10.1$\pm$2.1,,pipeline,10,FLTrust_s0_p0.4_R100_e67100009e;FLTrust_s1_p0.4_R100_7b0b3f2cec;FLTrust_s2_p0.4_R100_2a4cb83df4;FLTrust_s3_p0.4_R100_e2e43ebff6;FLTrust_s4_p0.4_R100_c5c1bb6649;FLTrust_s5_p0.4_R100_3de8530e02;FLTrust_s6_p0.4_R100_0c0c471968;FLTrust_s7_p0.4_R100_4fda3a3346;FLTrust_s8_p0.4_R100_727c53cf39;FLTrust_s9_p0.4_R100_d0eac898cd,results_r02/analysis/admission_runs.csv,FLTrust: zero-weight / post-grace rates from decisions_*.csv via analyze_r02.admission_metrics
Table 11 admission,tab:admission,ratio 0.4,v1 honest rej.,22.0$\pm$16.0,,pipeline,10,DyF-ZTL-v1_s0_p0.4_R100_38303997e3;DyF-ZTL-v1_s1_p0.4_R100_15439a1535;DyF-ZTL-v1_s2_p0.4_R100_d070485c52;DyF-ZTL-v1_s3_p0.4_R100_6d39dc855d;DyF-ZTL-v1_s4_p0.4_R100_d7bf6561a3;DyF-ZTL-v1_s5_p0.4_R100_5669c10488;DyF-ZTL-v1_s6_p0.4_R100_e466cef47d;DyF-ZTL-v1_s7_p0.4_R100_f658925242;DyF-ZTL-v1_s8_p0.4_R100_dc4210b861;DyF-ZTL-v1_s9_p0.4_R100_cfcbd4ff65,results_r02/analysis/admission_runs.csv,v1: zero-weight / post-grace rates from decisions_*.csv via analyze_r02.admission_metrics
Table 11 admission,tab:admission,ratio 0.5,Mal. rej.,98.4$\pm$3.4,98.4±3.4,yes,10,DyF-ZTL-V_s0_p0.5_R100_eedf4f14aa;DyF-ZTL-V_s1_p0.5_R100_721d5484b1;DyF-ZTL-V_s2_p0.5_R100_b80a770824;DyF-ZTL-V_s3_p0.5_R100_64fcc3cd14;DyF-ZTL-V_s4_p0.5_R100_2752c2853a;DyF-ZTL-V_s5_p0.5_R100_37cd6d5c21;DyF-ZTL-V_s6_p0.5_R100_c5ce51401b;DyF-ZTL-V_s7_p0.5_R100_2cefea1966;DyF-ZTL-V_s8_p0.5_R100_817d118d5c;DyF-ZTL-V_s9_p0.5_R100_32708bd556,results_r02/cyclic/decisions_DyF-ZTL-V_s0_p0.5_R100_eedf4f14aa.csv;results_r02/cyclic/decisions_DyF-ZTL-V_s1_p0.5_R100_721d5484b1.csv;results_r02/cyclic/decisions_DyF-ZTL-V_s2_p0.5_R100_b80a770824.csv;results_r02/cyclic/decisions_DyF-ZTL-V_s3_p0.5_R100_64fcc3cd14.csv;results_r02/cyclic/decisions_DyF-ZTL-V_s4_p0.5_R100_2752c2853a.csv;results_r02/cyclic/decisions_DyF-ZTL-V_s5_p0.5_R100_37cd6d5c21.csv;results_r02/cyclic/decisions_DyF-ZTL-V_s6_p0.5_R100_c5ce51401b.csv;results_r02/cyclic/decisions_DyF-ZTL-V_s7_p0.5_R100_2cefea1966.csv;results_r02/cyclic/decisions_DyF-ZTL-V_s8_p0.5_R100_817d118d5c.csv;results_r02/cyclic/decisions_DyF-ZTL-V_s9_p0.5_R100_32708bd556.csv,
Table 11 admission,tab:admission,ratio 0.5,Honest rej.,11.0$\pm$9.7,11.0±9.7,yes,10,DyF-ZTL-V_s0_p0.5_R100_eedf4f14aa;DyF-ZTL-V_s1_p0.5_R100_721d5484b1;DyF-ZTL-V_s2_p0.5_R100_b80a770824;DyF-ZTL-V_s3_p0.5_R100_64fcc3cd14;DyF-ZTL-V_s4_p0.5_R100_2752c2853a;DyF-ZTL-V_s5_p0.5_R100_37cd6d5c21;DyF-ZTL-V_s6_p0.5_R100_c5ce51401b;DyF-ZTL-V_s7_p0.5_R100_2cefea1966;DyF-ZTL-V_s8_p0.5_R100_817d118d5c;DyF-ZTL-V_s9_p0.5_R100_32708bd556,results_r02/cyclic/decisions_DyF-ZTL-V_s0_p0.5_R100_eedf4f14aa.csv;results_r02/cyclic/decisions_DyF-ZTL-V_s1_p0.5_R100_721d5484b1.csv;results_r02/cyclic/decisions_DyF-ZTL-V_s2_p0.5_R100_b80a770824.csv;results_r02/cyclic/decisions_DyF-ZTL-V_s3_p0.5_R100_64fcc3cd14.csv;results_r02/cyclic/decisions_DyF-ZTL-V_s4_p0.5_R100_2752c2853a.csv;results_r02/cyclic/decisions_DyF-ZTL-V_s5_p0.5_R100_37cd6d5c21.csv;results_r02/cyclic/decisions_DyF-ZTL-V_s6_p0.5_R100_c5ce51401b.csv;results_r02/cyclic/decisions_DyF-ZTL-V_s7_p0.5_R100_2cefea1966.csv;results_r02/cyclic/decisions_DyF-ZTL-V_s8_p0.5_R100_817d118d5c.csv;results_r02/cyclic/decisions_DyF-ZTL-V_s9_p0.5_R100_32708bd556.csv,
Table 11 admission,tab:admission,ratio 0.5,Admitted / round,9.1$\pm$1.1,9.1±1.1,yes,10,DyF-ZTL-V_s0_p0.5_R100_eedf4f14aa;DyF-ZTL-V_s1_p0.5_R100_721d5484b1;DyF-ZTL-V_s2_p0.5_R100_b80a770824;DyF-ZTL-V_s3_p0.5_R100_64fcc3cd14;DyF-ZTL-V_s4_p0.5_R100_2752c2853a;DyF-ZTL-V_s5_p0.5_R100_37cd6d5c21;DyF-ZTL-V_s6_p0.5_R100_c5ce51401b;DyF-ZTL-V_s7_p0.5_R100_2cefea1966;DyF-ZTL-V_s8_p0.5_R100_817d118d5c;DyF-ZTL-V_s9_p0.5_R100_32708bd556,results_r02/cyclic/decisions_DyF-ZTL-V_s0_p0.5_R100_eedf4f14aa.csv;results_r02/cyclic/decisions_DyF-ZTL-V_s1_p0.5_R100_721d5484b1.csv;results_r02/cyclic/decisions_DyF-ZTL-V_s2_p0.5_R100_b80a770824.csv;results_r02/cyclic/decisions_DyF-ZTL-V_s3_p0.5_R100_64fcc3cd14.csv;results_r02/cyclic/decisions_DyF-ZTL-V_s4_p0.5_R100_2752c2853a.csv;results_r02/cyclic/decisions_DyF-ZTL-V_s5_p0.5_R100_37cd6d5c21.csv;results_r02/cyclic/decisions_DyF-ZTL-V_s6_p0.5_R100_c5ce51401b.csv;results_r02/cyclic/decisions_DyF-ZTL-V_s7_p0.5_R100_2cefea1966.csv;results_r02/cyclic/decisions_DyF-ZTL-V_s8_p0.5_R100_817d118d5c.csv;results_r02/cyclic/decisions_DyF-ZTL-V_s9_p0.5_R100_32708bd556.csv,
Table 11 admission,tab:admission,ratio 0.5,Prec. reject,91$\pm$8,,pipeline,10,DyF-ZTL-V_s0_p0.5_R100_eedf4f14aa;DyF-ZTL-V_s1_p0.5_R100_721d5484b1;DyF-ZTL-V_s2_p0.5_R100_b80a770824;DyF-ZTL-V_s3_p0.5_R100_64fcc3cd14;DyF-ZTL-V_s4_p0.5_R100_2752c2853a;DyF-ZTL-V_s5_p0.5_R100_37cd6d5c21;DyF-ZTL-V_s6_p0.5_R100_c5ce51401b;DyF-ZTL-V_s7_p0.5_R100_2cefea1966;DyF-ZTL-V_s8_p0.5_R100_817d118d5c;DyF-ZTL-V_s9_p0.5_R100_32708bd556,results_r02/analysis/admission_runs.csv,"analyze_r02.admission_metrics on decisions_*.csv (precision, weight share, rehabilitation time)"
Table 11 admission,tab:admission,ratio 0.5,Attacker weight,1.5$\pm$3.1,,pipeline,10,DyF-ZTL-V_s0_p0.5_R100_eedf4f14aa;DyF-ZTL-V_s1_p0.5_R100_721d5484b1;DyF-ZTL-V_s2_p0.5_R100_b80a770824;DyF-ZTL-V_s3_p0.5_R100_64fcc3cd14;DyF-ZTL-V_s4_p0.5_R100_2752c2853a;DyF-ZTL-V_s5_p0.5_R100_37cd6d5c21;DyF-ZTL-V_s6_p0.5_R100_c5ce51401b;DyF-ZTL-V_s7_p0.5_R100_2cefea1966;DyF-ZTL-V_s8_p0.5_R100_817d118d5c;DyF-ZTL-V_s9_p0.5_R100_32708bd556,results_r02/analysis/admission_runs.csv,"analyze_r02.admission_metrics on decisions_*.csv (precision, weight share, rehabilitation time)"
Table 11 admission,tab:admission,ratio 0.5,Rounds to rehab.,7.4$\pm$5.0,,pipeline,10,DyF-ZTL-V_s0_p0.5_R100_eedf4f14aa;DyF-ZTL-V_s1_p0.5_R100_721d5484b1;DyF-ZTL-V_s2_p0.5_R100_b80a770824;DyF-ZTL-V_s3_p0.5_R100_64fcc3cd14;DyF-ZTL-V_s4_p0.5_R100_2752c2853a;DyF-ZTL-V_s5_p0.5_R100_37cd6d5c21;DyF-ZTL-V_s6_p0.5_R100_c5ce51401b;DyF-ZTL-V_s7_p0.5_R100_2cefea1966;DyF-ZTL-V_s8_p0.5_R100_817d118d5c;DyF-ZTL-V_s9_p0.5_R100_32708bd556,results_r02/analysis/admission_runs.csv,"analyze_r02.admission_metrics on decisions_*.csv (precision, weight share, rehabilitation time)"
Table 11 admission,tab:admission,ratio 0.5,FLTrust mal. rej.,59.8$\pm$8.7,,pipeline,10,FLTrust_s0_p0.5_R100_892e1f961e;FLTrust_s1_p0.5_R100_04f8aaa568;FLTrust_s2_p0.5_R100_8c9c11fd8d;FLTrust_s3_p0.5_R100_25626e7a92;FLTrust_s4_p0.5_R100_28f0779bac;FLTrust_s5_p0.5_R100_a39c9814db;FLTrust_s6_p0.5_R100_683f452506;FLTrust_s7_p0.5_R100_113ba1dfeb;FLTrust_s8_p0.5_R100_2b7f5178ca;FLTrust_s9_p0.5_R100_079ec14b5c,results_r02/analysis/admission_runs.csv,FLTrust: zero-weight / post-grace rates from decisions_*.csv via analyze_r02.admission_metrics
Table 11 admission,tab:admission,ratio 0.5,FLTrust honest rej.,10.5$\pm$7.3,,pipeline,10,FLTrust_s0_p0.5_R100_892e1f961e;FLTrust_s1_p0.5_R100_04f8aaa568;FLTrust_s2_p0.5_R100_8c9c11fd8d;FLTrust_s3_p0.5_R100_25626e7a92;FLTrust_s4_p0.5_R100_28f0779bac;FLTrust_s5_p0.5_R100_a39c9814db;FLTrust_s6_p0.5_R100_683f452506;FLTrust_s7_p0.5_R100_113ba1dfeb;FLTrust_s8_p0.5_R100_2b7f5178ca;FLTrust_s9_p0.5_R100_079ec14b5c,results_r02/analysis/admission_runs.csv,FLTrust: zero-weight / post-grace rates from decisions_*.csv via analyze_r02.admission_metrics
Table 11 admission,tab:admission,ratio 0.5,FLTrust att. weight,11.4$\pm$3.3,,pipeline,10,FLTrust_s0_p0.5_R100_892e1f961e;FLTrust_s1_p0.5_R100_04f8aaa568;FLTrust_s2_p0.5_R100_8c9c11fd8d;FLTrust_s3_p0.5_R100_25626e7a92;FLTrust_s4_p0.5_R100_28f0779bac;FLTrust_s5_p0.5_R100_a39c9814db;FLTrust_s6_p0.5_R100_683f452506;FLTrust_s7_p0.5_R100_113ba1dfeb;FLTrust_s8_p0.5_R100_2b7f5178ca;FLTrust_s9_p0.5_R100_079ec14b5c,results_r02/analysis/admission_runs.csv,FLTrust: zero-weight / post-grace rates from decisions_*.csv via analyze_r02.admission_metrics
Table 11 admission,tab:admission,ratio 0.5,v1 honest rej.,22.7$\pm$15.2,,pipeline,10,DyF-ZTL-v1_s0_p0.5_R100_f5b2d43727;DyF-ZTL-v1_s1_p0.5_R100_6053731ff9;DyF-ZTL-v1_s2_p0.5_R100_dcb7f4a903;DyF-ZTL-v1_s3_p0.5_R100_0568f40fb3;DyF-ZTL-v1_s4_p0.5_R100_55efbd414d;DyF-ZTL-v1_s5_p0.5_R100_280ab2238c;DyF-ZTL-v1_s6_p0.5_R100_08d7dc935b;DyF-ZTL-v1_s7_p0.5_R100_8f8bb60235;DyF-ZTL-v1_s8_p0.5_R100_dbc6d0ce86;DyF-ZTL-v1_s9_p0.5_R100_a327b40034,results_r02/analysis/admission_runs.csv,v1: zero-weight / post-grace rates from decisions_*.csv via analyze_r02.admission_metrics
Table 11 admission,tab:admission,ratio 0.6,Mal. rej.,98.8$\pm$2.4,98.8±2.4,yes,10,DyF-ZTL-V_s0_p0.6_R100_8dfb9fd087;DyF-ZTL-V_s1_p0.6_R100_b6f3beddf0;DyF-ZTL-V_s2_p0.6_R100_f008d8196d;DyF-ZTL-V_s3_p0.6_R100_d45a1728ac;DyF-ZTL-V_s4_p0.6_R100_4a8fe37c6a;DyF-ZTL-V_s5_p0.6_R100_67037f640f;DyF-ZTL-V_s6_p0.6_R100_22d35a4756;DyF-ZTL-V_s7_p0.6_R100_0c7cf4ec36;DyF-ZTL-V_s8_p0.6_R100_44227b3297;DyF-ZTL-V_s9_p0.6_R100_b2a0823186,results_r02/cyclic/decisions_DyF-ZTL-V_s0_p0.6_R100_8dfb9fd087.csv;results_r02/cyclic/decisions_DyF-ZTL-V_s1_p0.6_R100_b6f3beddf0.csv;results_r02/cyclic/decisions_DyF-ZTL-V_s2_p0.6_R100_f008d8196d.csv;results_r02/cyclic/decisions_DyF-ZTL-V_s3_p0.6_R100_d45a1728ac.csv;results_r02/cyclic/decisions_DyF-ZTL-V_s4_p0.6_R100_4a8fe37c6a.csv;results_r02/cyclic/decisions_DyF-ZTL-V_s5_p0.6_R100_67037f640f.csv;results_r02/cyclic/decisions_DyF-ZTL-V_s6_p0.6_R100_22d35a4756.csv;results_r02/cyclic/decisions_DyF-ZTL-V_s7_p0.6_R100_0c7cf4ec36.csv;results_r02/cyclic/decisions_DyF-ZTL-V_s8_p0.6_R100_44227b3297.csv;results_r02/cyclic/decisions_DyF-ZTL-V_s9_p0.6_R100_b2a0823186.csv,
Table 11 admission,tab:admission,ratio 0.6,Honest rej.,10.1$\pm$8.5,10.1±8.5,yes,10,DyF-ZTL-V_s0_p0.6_R100_8dfb9fd087;DyF-ZTL-V_s1_p0.6_R100_b6f3beddf0;DyF-ZTL-V_s2_p0.6_R100_f008d8196d;DyF-ZTL-V_s3_p0.6_R100_d45a1728ac;DyF-ZTL-V_s4_p0.6_R100_4a8fe37c6a;DyF-ZTL-V_s5_p0.6_R100_67037f640f;DyF-ZTL-V_s6_p0.6_R100_22d35a4756;DyF-ZTL-V_s7_p0.6_R100_0c7cf4ec36;DyF-ZTL-V_s8_p0.6_R100_44227b3297;DyF-ZTL-V_s9_p0.6_R100_b2a0823186,results_r02/cyclic/decisions_DyF-ZTL-V_s0_p0.6_R100_8dfb9fd087.csv;results_r02/cyclic/decisions_DyF-ZTL-V_s1_p0.6_R100_b6f3beddf0.csv;results_r02/cyclic/decisions_DyF-ZTL-V_s2_p0.6_R100_f008d8196d.csv;results_r02/cyclic/decisions_DyF-ZTL-V_s3_p0.6_R100_d45a1728ac.csv;results_r02/cyclic/decisions_DyF-ZTL-V_s4_p0.6_R100_4a8fe37c6a.csv;results_r02/cyclic/decisions_DyF-ZTL-V_s5_p0.6_R100_67037f640f.csv;results_r02/cyclic/decisions_DyF-ZTL-V_s6_p0.6_R100_22d35a4756.csv;results_r02/cyclic/decisions_DyF-ZTL-V_s7_p0.6_R100_0c7cf4ec36.csv;results_r02/cyclic/decisions_DyF-ZTL-V_s8_p0.6_R100_44227b3297.csv;results_r02/cyclic/decisions_DyF-ZTL-V_s9_p0.6_R100_b2a0823186.csv,
Table 11 admission,tab:admission,ratio 0.6,Admitted / round,7.3$\pm$0.8,7.3±0.8,yes,10,DyF-ZTL-V_s0_p0.6_R100_8dfb9fd087;DyF-ZTL-V_s1_p0.6_R100_b6f3beddf0;DyF-ZTL-V_s2_p0.6_R100_f008d8196d;DyF-ZTL-V_s3_p0.6_R100_d45a1728ac;DyF-ZTL-V_s4_p0.6_R100_4a8fe37c6a;DyF-ZTL-V_s5_p0.6_R100_67037f640f;DyF-ZTL-V_s6_p0.6_R100_22d35a4756;DyF-ZTL-V_s7_p0.6_R100_0c7cf4ec36;DyF-ZTL-V_s8_p0.6_R100_44227b3297;DyF-ZTL-V_s9_p0.6_R100_b2a0823186,results_r02/cyclic/decisions_DyF-ZTL-V_s0_p0.6_R100_8dfb9fd087.csv;results_r02/cyclic/decisions_DyF-ZTL-V_s1_p0.6_R100_b6f3beddf0.csv;results_r02/cyclic/decisions_DyF-ZTL-V_s2_p0.6_R100_f008d8196d.csv;results_r02/cyclic/decisions_DyF-ZTL-V_s3_p0.6_R100_d45a1728ac.csv;results_r02/cyclic/decisions_DyF-ZTL-V_s4_p0.6_R100_4a8fe37c6a.csv;results_r02/cyclic/decisions_DyF-ZTL-V_s5_p0.6_R100_67037f640f.csv;results_r02/cyclic/decisions_DyF-ZTL-V_s6_p0.6_R100_22d35a4756.csv;results_r02/cyclic/decisions_DyF-ZTL-V_s7_p0.6_R100_0c7cf4ec36.csv;results_r02/cyclic/decisions_DyF-ZTL-V_s8_p0.6_R100_44227b3297.csv;results_r02/cyclic/decisions_DyF-ZTL-V_s9_p0.6_R100_b2a0823186.csv,
Table 11 admission,tab:admission,ratio 0.6,Prec. reject,94$\pm$5,,pipeline,10,DyF-ZTL-V_s0_p0.6_R100_8dfb9fd087;DyF-ZTL-V_s1_p0.6_R100_b6f3beddf0;DyF-ZTL-V_s2_p0.6_R100_f008d8196d;DyF-ZTL-V_s3_p0.6_R100_d45a1728ac;DyF-ZTL-V_s4_p0.6_R100_4a8fe37c6a;DyF-ZTL-V_s5_p0.6_R100_67037f640f;DyF-ZTL-V_s6_p0.6_R100_22d35a4756;DyF-ZTL-V_s7_p0.6_R100_0c7cf4ec36;DyF-ZTL-V_s8_p0.6_R100_44227b3297;DyF-ZTL-V_s9_p0.6_R100_b2a0823186,results_r02/analysis/admission_runs.csv,"analyze_r02.admission_metrics on decisions_*.csv (precision, weight share, rehabilitation time)"
Table 11 admission,tab:admission,ratio 0.6,Attacker weight,1.6$\pm$3.3,,pipeline,10,DyF-ZTL-V_s0_p0.6_R100_8dfb9fd087;DyF-ZTL-V_s1_p0.6_R100_b6f3beddf0;DyF-ZTL-V_s2_p0.6_R100_f008d8196d;DyF-ZTL-V_s3_p0.6_R100_d45a1728ac;DyF-ZTL-V_s4_p0.6_R100_4a8fe37c6a;DyF-ZTL-V_s5_p0.6_R100_67037f640f;DyF-ZTL-V_s6_p0.6_R100_22d35a4756;DyF-ZTL-V_s7_p0.6_R100_0c7cf4ec36;DyF-ZTL-V_s8_p0.6_R100_44227b3297;DyF-ZTL-V_s9_p0.6_R100_b2a0823186,results_r02/analysis/admission_runs.csv,"analyze_r02.admission_metrics on decisions_*.csv (precision, weight share, rehabilitation time)"
Table 11 admission,tab:admission,ratio 0.6,Rounds to rehab.,12.1$\pm$17.5,,pipeline,10,DyF-ZTL-V_s0_p0.6_R100_8dfb9fd087;DyF-ZTL-V_s1_p0.6_R100_b6f3beddf0;DyF-ZTL-V_s2_p0.6_R100_f008d8196d;DyF-ZTL-V_s3_p0.6_R100_d45a1728ac;DyF-ZTL-V_s4_p0.6_R100_4a8fe37c6a;DyF-ZTL-V_s5_p0.6_R100_67037f640f;DyF-ZTL-V_s6_p0.6_R100_22d35a4756;DyF-ZTL-V_s7_p0.6_R100_0c7cf4ec36;DyF-ZTL-V_s8_p0.6_R100_44227b3297;DyF-ZTL-V_s9_p0.6_R100_b2a0823186,results_r02/analysis/admission_runs.csv,"analyze_r02.admission_metrics on decisions_*.csv (precision, weight share, rehabilitation time)"
Table 11 admission,tab:admission,ratio 0.6,FLTrust mal. rej.,62.0$\pm$6.9,,pipeline,10,FLTrust_s0_p0.6_R100_1407687b0c;FLTrust_s1_p0.6_R100_1598a22c8b;FLTrust_s2_p0.6_R100_6d77cc2576;FLTrust_s3_p0.6_R100_b55e324fb2;FLTrust_s4_p0.6_R100_169ac615db;FLTrust_s5_p0.6_R100_4c0a96eb8b;FLTrust_s6_p0.6_R100_5ef8a30ea0;FLTrust_s7_p0.6_R100_e22a32b1d2;FLTrust_s8_p0.6_R100_4a5c0133fb;FLTrust_s9_p0.6_R100_a6879cead4,results_r02/analysis/admission_runs.csv,FLTrust: zero-weight / post-grace rates from decisions_*.csv via analyze_r02.admission_metrics
Table 11 admission,tab:admission,ratio 0.6,FLTrust honest rej.,9.8$\pm$4.7,,pipeline,10,FLTrust_s0_p0.6_R100_1407687b0c;FLTrust_s1_p0.6_R100_1598a22c8b;FLTrust_s2_p0.6_R100_6d77cc2576;FLTrust_s3_p0.6_R100_b55e324fb2;FLTrust_s4_p0.6_R100_169ac615db;FLTrust_s5_p0.6_R100_4c0a96eb8b;FLTrust_s6_p0.6_R100_5ef8a30ea0;FLTrust_s7_p0.6_R100_e22a32b1d2;FLTrust_s8_p0.6_R100_4a5c0133fb;FLTrust_s9_p0.6_R100_a6879cead4,results_r02/analysis/admission_runs.csv,FLTrust: zero-weight / post-grace rates from decisions_*.csv via analyze_r02.admission_metrics
Table 11 admission,tab:admission,ratio 0.6,FLTrust att. weight,13.7$\pm$4.0,,pipeline,10,FLTrust_s0_p0.6_R100_1407687b0c;FLTrust_s1_p0.6_R100_1598a22c8b;FLTrust_s2_p0.6_R100_6d77cc2576;FLTrust_s3_p0.6_R100_b55e324fb2;FLTrust_s4_p0.6_R100_169ac615db;FLTrust_s5_p0.6_R100_4c0a96eb8b;FLTrust_s6_p0.6_R100_5ef8a30ea0;FLTrust_s7_p0.6_R100_e22a32b1d2;FLTrust_s8_p0.6_R100_4a5c0133fb;FLTrust_s9_p0.6_R100_a6879cead4,results_r02/analysis/admission_runs.csv,FLTrust: zero-weight / post-grace rates from decisions_*.csv via analyze_r02.admission_metrics
Table 11 admission,tab:admission,ratio 0.6,v1 honest rej.,27.1$\pm$25.8,,pipeline,10,DyF-ZTL-v1_s0_p0.6_R100_a913f06ad9;DyF-ZTL-v1_s1_p0.6_R100_c69aabb514;DyF-ZTL-v1_s2_p0.6_R100_448ac7937a;DyF-ZTL-v1_s3_p0.6_R100_81129ca287;DyF-ZTL-v1_s4_p0.6_R100_b508f07d5e;DyF-ZTL-v1_s5_p0.6_R100_230baccd87;DyF-ZTL-v1_s6_p0.6_R100_690ce4459b;DyF-ZTL-v1_s7_p0.6_R100_ee898999b5;DyF-ZTL-v1_s8_p0.6_R100_b720993ac4;DyF-ZTL-v1_s9_p0.6_R100_08cf4847c0,results_r02/analysis/admission_runs.csv,v1: zero-weight / post-grace rates from decisions_*.csv via analyze_r02.admission_metrics
Table 11 admission,tab:admission,ratio 0.7,Mal. rej.,99.1$\pm$2.1,99.1±2.1,yes,10,DyF-ZTL-V_s0_p0.7_R100_b3ea0317cf;DyF-ZTL-V_s1_p0.7_R100_816abc4f13;DyF-ZTL-V_s2_p0.7_R100_160a9d6e55;DyF-ZTL-V_s3_p0.7_R100_665b6b91e1;DyF-ZTL-V_s4_p0.7_R100_0411a99c69;DyF-ZTL-V_s5_p0.7_R100_d1923f9f1a;DyF-ZTL-V_s6_p0.7_R100_b2aeb748cc;DyF-ZTL-V_s7_p0.7_R100_765f086e1d;DyF-ZTL-V_s8_p0.7_R100_735960bb80;DyF-ZTL-V_s9_p0.7_R100_7a9fceec6f,results_r02/cyclic/decisions_DyF-ZTL-V_s0_p0.7_R100_b3ea0317cf.csv;results_r02/cyclic/decisions_DyF-ZTL-V_s1_p0.7_R100_816abc4f13.csv;results_r02/cyclic/decisions_DyF-ZTL-V_s2_p0.7_R100_160a9d6e55.csv;results_r02/cyclic/decisions_DyF-ZTL-V_s3_p0.7_R100_665b6b91e1.csv;results_r02/cyclic/decisions_DyF-ZTL-V_s4_p0.7_R100_0411a99c69.csv;results_r02/cyclic/decisions_DyF-ZTL-V_s5_p0.7_R100_d1923f9f1a.csv;results_r02/cyclic/decisions_DyF-ZTL-V_s6_p0.7_R100_b2aeb748cc.csv;results_r02/cyclic/decisions_DyF-ZTL-V_s7_p0.7_R100_765f086e1d.csv;results_r02/cyclic/decisions_DyF-ZTL-V_s8_p0.7_R100_735960bb80.csv;results_r02/cyclic/decisions_DyF-ZTL-V_s9_p0.7_R100_7a9fceec6f.csv,
Table 11 admission,tab:admission,ratio 0.7,Honest rej.,11.4$\pm$10.3,11.4±10.3,yes,10,DyF-ZTL-V_s0_p0.7_R100_b3ea0317cf;DyF-ZTL-V_s1_p0.7_R100_816abc4f13;DyF-ZTL-V_s2_p0.7_R100_160a9d6e55;DyF-ZTL-V_s3_p0.7_R100_665b6b91e1;DyF-ZTL-V_s4_p0.7_R100_0411a99c69;DyF-ZTL-V_s5_p0.7_R100_d1923f9f1a;DyF-ZTL-V_s6_p0.7_R100_b2aeb748cc;DyF-ZTL-V_s7_p0.7_R100_765f086e1d;DyF-ZTL-V_s8_p0.7_R100_735960bb80;DyF-ZTL-V_s9_p0.7_R100_7a9fceec6f,results_r02/cyclic/decisions_DyF-ZTL-V_s0_p0.7_R100_b3ea0317cf.csv;results_r02/cyclic/decisions_DyF-ZTL-V_s1_p0.7_R100_816abc4f13.csv;results_r02/cyclic/decisions_DyF-ZTL-V_s2_p0.7_R100_160a9d6e55.csv;results_r02/cyclic/decisions_DyF-ZTL-V_s3_p0.7_R100_665b6b91e1.csv;results_r02/cyclic/decisions_DyF-ZTL-V_s4_p0.7_R100_0411a99c69.csv;results_r02/cyclic/decisions_DyF-ZTL-V_s5_p0.7_R100_d1923f9f1a.csv;results_r02/cyclic/decisions_DyF-ZTL-V_s6_p0.7_R100_b2aeb748cc.csv;results_r02/cyclic/decisions_DyF-ZTL-V_s7_p0.7_R100_765f086e1d.csv;results_r02/cyclic/decisions_DyF-ZTL-V_s8_p0.7_R100_735960bb80.csv;results_r02/cyclic/decisions_DyF-ZTL-V_s9_p0.7_R100_7a9fceec6f.csv,
Table 11 admission,tab:admission,ratio 0.7,Admitted / round,5.4$\pm$0.8,5.4±0.8,yes,10,DyF-ZTL-V_s0_p0.7_R100_b3ea0317cf;DyF-ZTL-V_s1_p0.7_R100_816abc4f13;DyF-ZTL-V_s2_p0.7_R100_160a9d6e55;DyF-ZTL-V_s3_p0.7_R100_665b6b91e1;DyF-ZTL-V_s4_p0.7_R100_0411a99c69;DyF-ZTL-V_s5_p0.7_R100_d1923f9f1a;DyF-ZTL-V_s6_p0.7_R100_b2aeb748cc;DyF-ZTL-V_s7_p0.7_R100_765f086e1d;DyF-ZTL-V_s8_p0.7_R100_735960bb80;DyF-ZTL-V_s9_p0.7_R100_7a9fceec6f,results_r02/cyclic/decisions_DyF-ZTL-V_s0_p0.7_R100_b3ea0317cf.csv;results_r02/cyclic/decisions_DyF-ZTL-V_s1_p0.7_R100_816abc4f13.csv;results_r02/cyclic/decisions_DyF-ZTL-V_s2_p0.7_R100_160a9d6e55.csv;results_r02/cyclic/decisions_DyF-ZTL-V_s3_p0.7_R100_665b6b91e1.csv;results_r02/cyclic/decisions_DyF-ZTL-V_s4_p0.7_R100_0411a99c69.csv;results_r02/cyclic/decisions_DyF-ZTL-V_s5_p0.7_R100_d1923f9f1a.csv;results_r02/cyclic/decisions_DyF-ZTL-V_s6_p0.7_R100_b2aeb748cc.csv;results_r02/cyclic/decisions_DyF-ZTL-V_s7_p0.7_R100_765f086e1d.csv;results_r02/cyclic/decisions_DyF-ZTL-V_s8_p0.7_R100_735960bb80.csv;results_r02/cyclic/decisions_DyF-ZTL-V_s9_p0.7_R100_7a9fceec6f.csv,
Table 11 admission,tab:admission,ratio 0.7,Prec. reject,95$\pm$4,,pipeline,10,DyF-ZTL-V_s0_p0.7_R100_b3ea0317cf;DyF-ZTL-V_s1_p0.7_R100_816abc4f13;DyF-ZTL-V_s2_p0.7_R100_160a9d6e55;DyF-ZTL-V_s3_p0.7_R100_665b6b91e1;DyF-ZTL-V_s4_p0.7_R100_0411a99c69;DyF-ZTL-V_s5_p0.7_R100_d1923f9f1a;DyF-ZTL-V_s6_p0.7_R100_b2aeb748cc;DyF-ZTL-V_s7_p0.7_R100_765f086e1d;DyF-ZTL-V_s8_p0.7_R100_735960bb80;DyF-ZTL-V_s9_p0.7_R100_7a9fceec6f,results_r02/analysis/admission_runs.csv,"analyze_r02.admission_metrics on decisions_*.csv (precision, weight share, rehabilitation time)"
Table 11 admission,tab:admission,ratio 0.7,Attacker weight,2.0$\pm$4.2,,pipeline,10,DyF-ZTL-V_s0_p0.7_R100_b3ea0317cf;DyF-ZTL-V_s1_p0.7_R100_816abc4f13;DyF-ZTL-V_s2_p0.7_R100_160a9d6e55;DyF-ZTL-V_s3_p0.7_R100_665b6b91e1;DyF-ZTL-V_s4_p0.7_R100_0411a99c69;DyF-ZTL-V_s5_p0.7_R100_d1923f9f1a;DyF-ZTL-V_s6_p0.7_R100_b2aeb748cc;DyF-ZTL-V_s7_p0.7_R100_765f086e1d;DyF-ZTL-V_s8_p0.7_R100_735960bb80;DyF-ZTL-V_s9_p0.7_R100_7a9fceec6f,results_r02/analysis/admission_runs.csv,"analyze_r02.admission_metrics on decisions_*.csv (precision, weight share, rehabilitation time)"
Table 11 admission,tab:admission,ratio 0.7,Rounds to rehab.,7.6$\pm$5.2,,pipeline,10,DyF-ZTL-V_s0_p0.7_R100_b3ea0317cf;DyF-ZTL-V_s1_p0.7_R100_816abc4f13;DyF-ZTL-V_s2_p0.7_R100_160a9d6e55;DyF-ZTL-V_s3_p0.7_R100_665b6b91e1;DyF-ZTL-V_s4_p0.7_R100_0411a99c69;DyF-ZTL-V_s5_p0.7_R100_d1923f9f1a;DyF-ZTL-V_s6_p0.7_R100_b2aeb748cc;DyF-ZTL-V_s7_p0.7_R100_765f086e1d;DyF-ZTL-V_s8_p0.7_R100_735960bb80;DyF-ZTL-V_s9_p0.7_R100_7a9fceec6f,results_r02/analysis/admission_runs.csv,"analyze_r02.admission_metrics on decisions_*.csv (precision, weight share, rehabilitation time)"
Table 11 admission,tab:admission,ratio 0.7,FLTrust mal. rej.,65.1$\pm$8.7,,pipeline,10,FLTrust_s0_p0.7_R100_301594895e;FLTrust_s1_p0.7_R100_6d9c0244c9;FLTrust_s2_p0.7_R100_cf56dabf6b;FLTrust_s3_p0.7_R100_b510f95559;FLTrust_s4_p0.7_R100_d854e87c87;FLTrust_s5_p0.7_R100_121eb4a2f5;FLTrust_s6_p0.7_R100_24b045190a;FLTrust_s7_p0.7_R100_57ecf5a69c;FLTrust_s8_p0.7_R100_77056b5955;FLTrust_s9_p0.7_R100_5964086b55,results_r02/analysis/admission_runs.csv,FLTrust: zero-weight / post-grace rates from decisions_*.csv via analyze_r02.admission_metrics
Table 11 admission,tab:admission,ratio 0.7,FLTrust honest rej.,8.3$\pm$4.3,,pipeline,10,FLTrust_s0_p0.7_R100_301594895e;FLTrust_s1_p0.7_R100_6d9c0244c9;FLTrust_s2_p0.7_R100_cf56dabf6b;FLTrust_s3_p0.7_R100_b510f95559;FLTrust_s4_p0.7_R100_d854e87c87;FLTrust_s5_p0.7_R100_121eb4a2f5;FLTrust_s6_p0.7_R100_24b045190a;FLTrust_s7_p0.7_R100_57ecf5a69c;FLTrust_s8_p0.7_R100_77056b5955;FLTrust_s9_p0.7_R100_5964086b55,results_r02/analysis/admission_runs.csv,FLTrust: zero-weight / post-grace rates from decisions_*.csv via analyze_r02.admission_metrics
Table 11 admission,tab:admission,ratio 0.7,FLTrust att. weight,16.7$\pm$5.5,,pipeline,10,FLTrust_s0_p0.7_R100_301594895e;FLTrust_s1_p0.7_R100_6d9c0244c9;FLTrust_s2_p0.7_R100_cf56dabf6b;FLTrust_s3_p0.7_R100_b510f95559;FLTrust_s4_p0.7_R100_d854e87c87;FLTrust_s5_p0.7_R100_121eb4a2f5;FLTrust_s6_p0.7_R100_24b045190a;FLTrust_s7_p0.7_R100_57ecf5a69c;FLTrust_s8_p0.7_R100_77056b5955;FLTrust_s9_p0.7_R100_5964086b55,results_r02/analysis/admission_runs.csv,FLTrust: zero-weight / post-grace rates from decisions_*.csv via analyze_r02.admission_metrics
Table 11 admission,tab:admission,ratio 0.7,v1 honest rej.,25.1$\pm$25.0,,pipeline,10,DyF-ZTL-v1_s0_p0.7_R100_a7b9164cfc;DyF-ZTL-v1_s1_p0.7_R100_cddb1b82f8;DyF-ZTL-v1_s2_p0.7_R100_f4241c60d4;DyF-ZTL-v1_s3_p0.7_R100_2b4b0d18e2;DyF-ZTL-v1_s4_p0.7_R100_1961465625;DyF-ZTL-v1_s5_p0.7_R100_57002037a7;DyF-ZTL-v1_s6_p0.7_R100_386069fd4f;DyF-ZTL-v1_s7_p0.7_R100_aafd819eba;DyF-ZTL-v1_s8_p0.7_R100_dcaba2f833;DyF-ZTL-v1_s9_p0.7_R100_1ba2c54f1e,results_r02/analysis/admission_runs.csv,v1: zero-weight / post-grace rates from decisions_*.csv via analyze_r02.admission_metrics
Table 11 admission,tab:admission,ratio 0.8,Mal. rej.,99.2$\pm$1.9,99.2±1.9,yes,10,DyF-ZTL-V_s0_p0.8_R100_91b47bcdf3;DyF-ZTL-V_s1_p0.8_R100_0332ae189d;DyF-ZTL-V_s2_p0.8_R100_e541573b8d;DyF-ZTL-V_s3_p0.8_R100_6a5f9ecbf8;DyF-ZTL-V_s4_p0.8_R100_bcba43729f;DyF-ZTL-V_s5_p0.8_R100_ff8c600623;DyF-ZTL-V_s6_p0.8_R100_4f0154a083;DyF-ZTL-V_s7_p0.8_R100_cc80b61264;DyF-ZTL-V_s8_p0.8_R100_9f8a26688c;DyF-ZTL-V_s9_p0.8_R100_98056892a2,results_r02/cyclic/decisions_DyF-ZTL-V_s0_p0.8_R100_91b47bcdf3.csv;results_r02/cyclic/decisions_DyF-ZTL-V_s1_p0.8_R100_0332ae189d.csv;results_r02/cyclic/decisions_DyF-ZTL-V_s2_p0.8_R100_e541573b8d.csv;results_r02/cyclic/decisions_DyF-ZTL-V_s3_p0.8_R100_6a5f9ecbf8.csv;results_r02/cyclic/decisions_DyF-ZTL-V_s4_p0.8_R100_bcba43729f.csv;results_r02/cyclic/decisions_DyF-ZTL-V_s5_p0.8_R100_ff8c600623.csv;results_r02/cyclic/decisions_DyF-ZTL-V_s6_p0.8_R100_4f0154a083.csv;results_r02/cyclic/decisions_DyF-ZTL-V_s7_p0.8_R100_cc80b61264.csv;results_r02/cyclic/decisions_DyF-ZTL-V_s8_p0.8_R100_9f8a26688c.csv;results_r02/cyclic/decisions_DyF-ZTL-V_s9_p0.8_R100_98056892a2.csv,
Table 11 admission,tab:admission,ratio 0.8,Honest rej.,14.1$\pm$11.9,14.2±11.9,yes,10,DyF-ZTL-V_s0_p0.8_R100_91b47bcdf3;DyF-ZTL-V_s1_p0.8_R100_0332ae189d;DyF-ZTL-V_s2_p0.8_R100_e541573b8d;DyF-ZTL-V_s3_p0.8_R100_6a5f9ecbf8;DyF-ZTL-V_s4_p0.8_R100_bcba43729f;DyF-ZTL-V_s5_p0.8_R100_ff8c600623;DyF-ZTL-V_s6_p0.8_R100_4f0154a083;DyF-ZTL-V_s7_p0.8_R100_cc80b61264;DyF-ZTL-V_s8_p0.8_R100_9f8a26688c;DyF-ZTL-V_s9_p0.8_R100_98056892a2,results_r02/cyclic/decisions_DyF-ZTL-V_s0_p0.8_R100_91b47bcdf3.csv;results_r02/cyclic/decisions_DyF-ZTL-V_s1_p0.8_R100_0332ae189d.csv;results_r02/cyclic/decisions_DyF-ZTL-V_s2_p0.8_R100_e541573b8d.csv;results_r02/cyclic/decisions_DyF-ZTL-V_s3_p0.8_R100_6a5f9ecbf8.csv;results_r02/cyclic/decisions_DyF-ZTL-V_s4_p0.8_R100_bcba43729f.csv;results_r02/cyclic/decisions_DyF-ZTL-V_s5_p0.8_R100_ff8c600623.csv;results_r02/cyclic/decisions_DyF-ZTL-V_s6_p0.8_R100_4f0154a083.csv;results_r02/cyclic/decisions_DyF-ZTL-V_s7_p0.8_R100_cc80b61264.csv;results_r02/cyclic/decisions_DyF-ZTL-V_s8_p0.8_R100_9f8a26688c.csv;results_r02/cyclic/decisions_DyF-ZTL-V_s9_p0.8_R100_98056892a2.csv,
Table 11 admission,tab:admission,ratio 0.8,Admitted / round,3.6$\pm$0.6,3.6±0.6,yes,10,DyF-ZTL-V_s0_p0.8_R100_91b47bcdf3;DyF-ZTL-V_s1_p0.8_R100_0332ae189d;DyF-ZTL-V_s2_p0.8_R100_e541573b8d;DyF-ZTL-V_s3_p0.8_R100_6a5f9ecbf8;DyF-ZTL-V_s4_p0.8_R100_bcba43729f;DyF-ZTL-V_s5_p0.8_R100_ff8c600623;DyF-ZTL-V_s6_p0.8_R100_4f0154a083;DyF-ZTL-V_s7_p0.8_R100_cc80b61264;DyF-ZTL-V_s8_p0.8_R100_9f8a26688c;DyF-ZTL-V_s9_p0.8_R100_98056892a2,results_r02/cyclic/decisions_DyF-ZTL-V_s0_p0.8_R100_91b47bcdf3.csv;results_r02/cyclic/decisions_DyF-ZTL-V_s1_p0.8_R100_0332ae189d.csv;results_r02/cyclic/decisions_DyF-ZTL-V_s2_p0.8_R100_e541573b8d.csv;results_r02/cyclic/decisions_DyF-ZTL-V_s3_p0.8_R100_6a5f9ecbf8.csv;results_r02/cyclic/decisions_DyF-ZTL-V_s4_p0.8_R100_bcba43729f.csv;results_r02/cyclic/decisions_DyF-ZTL-V_s5_p0.8_R100_ff8c600623.csv;results_r02/cyclic/decisions_DyF-ZTL-V_s6_p0.8_R100_4f0154a083.csv;results_r02/cyclic/decisions_DyF-ZTL-V_s7_p0.8_R100_cc80b61264.csv;results_r02/cyclic/decisions_DyF-ZTL-V_s8_p0.8_R100_9f8a26688c.csv;results_r02/cyclic/decisions_DyF-ZTL-V_s9_p0.8_R100_98056892a2.csv,
Table 11 admission,tab:admission,ratio 0.8,Prec. reject,97$\pm$3,,pipeline,10,DyF-ZTL-V_s0_p0.8_R100_91b47bcdf3;DyF-ZTL-V_s1_p0.8_R100_0332ae189d;DyF-ZTL-V_s2_p0.8_R100_e541573b8d;DyF-ZTL-V_s3_p0.8_R100_6a5f9ecbf8;DyF-ZTL-V_s4_p0.8_R100_bcba43729f;DyF-ZTL-V_s5_p0.8_R100_ff8c600623;DyF-ZTL-V_s6_p0.8_R100_4f0154a083;DyF-ZTL-V_s7_p0.8_R100_cc80b61264;DyF-ZTL-V_s8_p0.8_R100_9f8a26688c;DyF-ZTL-V_s9_p0.8_R100_98056892a2,results_r02/analysis/admission_runs.csv,"analyze_r02.admission_metrics on decisions_*.csv (precision, weight share, rehabilitation time)"
Table 11 admission,tab:admission,ratio 0.8,Attacker weight,2.6$\pm$6.6,,pipeline,10,DyF-ZTL-V_s0_p0.8_R100_91b47bcdf3;DyF-ZTL-V_s1_p0.8_R100_0332ae189d;DyF-ZTL-V_s2_p0.8_R100_e541573b8d;DyF-ZTL-V_s3_p0.8_R100_6a5f9ecbf8;DyF-ZTL-V_s4_p0.8_R100_bcba43729f;DyF-ZTL-V_s5_p0.8_R100_ff8c600623;DyF-ZTL-V_s6_p0.8_R100_4f0154a083;DyF-ZTL-V_s7_p0.8_R100_cc80b61264;DyF-ZTL-V_s8_p0.8_R100_9f8a26688c;DyF-ZTL-V_s9_p0.8_R100_98056892a2,results_r02/analysis/admission_runs.csv,"analyze_r02.admission_metrics on decisions_*.csv (precision, weight share, rehabilitation time)"
Table 11 admission,tab:admission,ratio 0.8,Rounds to rehab.,8.3$\pm$7.3,,pipeline,10,DyF-ZTL-V_s0_p0.8_R100_91b47bcdf3;DyF-ZTL-V_s1_p0.8_R100_0332ae189d;DyF-ZTL-V_s2_p0.8_R100_e541573b8d;DyF-ZTL-V_s3_p0.8_R100_6a5f9ecbf8;DyF-ZTL-V_s4_p0.8_R100_bcba43729f;DyF-ZTL-V_s5_p0.8_R100_ff8c600623;DyF-ZTL-V_s6_p0.8_R100_4f0154a083;DyF-ZTL-V_s7_p0.8_R100_cc80b61264;DyF-ZTL-V_s8_p0.8_R100_9f8a26688c;DyF-ZTL-V_s9_p0.8_R100_98056892a2,results_r02/analysis/admission_runs.csv,"analyze_r02.admission_metrics on decisions_*.csv (precision, weight share, rehabilitation time)"
Table 11 admission,tab:admission,ratio 0.8,FLTrust mal. rej.,68.9$\pm$8.7,,pipeline,10,FLTrust_s0_p0.8_R100_e230a1e18c;FLTrust_s1_p0.8_R100_c006539407;FLTrust_s2_p0.8_R100_445800e3a3;FLTrust_s3_p0.8_R100_caf1bd9758;FLTrust_s4_p0.8_R100_1ab2c52c9f;FLTrust_s5_p0.8_R100_284eed6ba1;FLTrust_s6_p0.8_R100_6e38ae2f5e;FLTrust_s7_p0.8_R100_f96f68c559;FLTrust_s8_p0.8_R100_fdd7ed8b5e;FLTrust_s9_p0.8_R100_23bb63cb6a,results_r02/analysis/admission_runs.csv,FLTrust: zero-weight / post-grace rates from decisions_*.csv via analyze_r02.admission_metrics
Table 11 admission,tab:admission,ratio 0.8,FLTrust honest rej.,8.5$\pm$5.2,,pipeline,10,FLTrust_s0_p0.8_R100_e230a1e18c;FLTrust_s1_p0.8_R100_c006539407;FLTrust_s2_p0.8_R100_445800e3a3;FLTrust_s3_p0.8_R100_caf1bd9758;FLTrust_s4_p0.8_R100_1ab2c52c9f;FLTrust_s5_p0.8_R100_284eed6ba1;FLTrust_s6_p0.8_R100_6e38ae2f5e;FLTrust_s7_p0.8_R100_f96f68c559;FLTrust_s8_p0.8_R100_fdd7ed8b5e;FLTrust_s9_p0.8_R100_23bb63cb6a,results_r02/analysis/admission_runs.csv,FLTrust: zero-weight / post-grace rates from decisions_*.csv via analyze_r02.admission_metrics
Table 11 admission,tab:admission,ratio 0.8,FLTrust att. weight,20.6$\pm$6.0,,pipeline,10,FLTrust_s0_p0.8_R100_e230a1e18c;FLTrust_s1_p0.8_R100_c006539407;FLTrust_s2_p0.8_R100_445800e3a3;FLTrust_s3_p0.8_R100_caf1bd9758;FLTrust_s4_p0.8_R100_1ab2c52c9f;FLTrust_s5_p0.8_R100_284eed6ba1;FLTrust_s6_p0.8_R100_6e38ae2f5e;FLTrust_s7_p0.8_R100_f96f68c559;FLTrust_s8_p0.8_R100_fdd7ed8b5e;FLTrust_s9_p0.8_R100_23bb63cb6a,results_r02/analysis/admission_runs.csv,FLTrust: zero-weight / post-grace rates from decisions_*.csv via analyze_r02.admission_metrics
Table 11 admission,tab:admission,ratio 0.8,v1 honest rej.,25.6$\pm$13.6,,pipeline,10,DyF-ZTL-v1_s0_p0.8_R100_bfa9111c72;DyF-ZTL-v1_s1_p0.8_R100_37816ae7d1;DyF-ZTL-v1_s2_p0.8_R100_479694898b;DyF-ZTL-v1_s3_p0.8_R100_ad71107ed9;DyF-ZTL-v1_s4_p0.8_R100_56336ad150;DyF-ZTL-v1_s5_p0.8_R100_852871b80d;DyF-ZTL-v1_s6_p0.8_R100_5e966240f1;DyF-ZTL-v1_s7_p0.8_R100_a747e4dffd;DyF-ZTL-v1_s8_p0.8_R100_e950e75624;DyF-ZTL-v1_s9_p0.8_R100_fb9e8ee6c3,results_r02/analysis/admission_runs.csv,v1: zero-weight / post-grace rates from decisions_*.csv via analyze_r02.admission_metrics
Table 11 admission,tab:admission,ratio 0.9,Mal. rej.,99.4$\pm$1.6,99.4±1.6,yes,10,DyF-ZTL-V_s0_p0.9_R100_c8309f6961;DyF-ZTL-V_s1_p0.9_R100_01167d2db6;DyF-ZTL-V_s2_p0.9_R100_5c56b78d23;DyF-ZTL-V_s3_p0.9_R100_aa52b462ae;DyF-ZTL-V_s4_p0.9_R100_201c532eae;DyF-ZTL-V_s5_p0.9_R100_ea2fc12103;DyF-ZTL-V_s6_p0.9_R100_75298fce4b;DyF-ZTL-V_s7_p0.9_R100_20385b2d46;DyF-ZTL-V_s8_p0.9_R100_b83a9369b2;DyF-ZTL-V_s9_p0.9_R100_2aa9090c9d,results_r02/cyclic/decisions_DyF-ZTL-V_s0_p0.9_R100_c8309f6961.csv;results_r02/cyclic/decisions_DyF-ZTL-V_s1_p0.9_R100_01167d2db6.csv;results_r02/cyclic/decisions_DyF-ZTL-V_s2_p0.9_R100_5c56b78d23.csv;results_r02/cyclic/decisions_DyF-ZTL-V_s3_p0.9_R100_aa52b462ae.csv;results_r02/cyclic/decisions_DyF-ZTL-V_s4_p0.9_R100_201c532eae.csv;results_r02/cyclic/decisions_DyF-ZTL-V_s5_p0.9_R100_ea2fc12103.csv;results_r02/cyclic/decisions_DyF-ZTL-V_s6_p0.9_R100_75298fce4b.csv;results_r02/cyclic/decisions_DyF-ZTL-V_s7_p0.9_R100_20385b2d46.csv;results_r02/cyclic/decisions_DyF-ZTL-V_s8_p0.9_R100_b83a9369b2.csv;results_r02/cyclic/decisions_DyF-ZTL-V_s9_p0.9_R100_2aa9090c9d.csv,
Table 11 admission,tab:admission,ratio 0.9,Honest rej.,23.4$\pm$26.1,23.4±26.1,yes,10,DyF-ZTL-V_s0_p0.9_R100_c8309f6961;DyF-ZTL-V_s1_p0.9_R100_01167d2db6;DyF-ZTL-V_s2_p0.9_R100_5c56b78d23;DyF-ZTL-V_s3_p0.9_R100_aa52b462ae;DyF-ZTL-V_s4_p0.9_R100_201c532eae;DyF-ZTL-V_s5_p0.9_R100_ea2fc12103;DyF-ZTL-V_s6_p0.9_R100_75298fce4b;DyF-ZTL-V_s7_p0.9_R100_20385b2d46;DyF-ZTL-V_s8_p0.9_R100_b83a9369b2;DyF-ZTL-V_s9_p0.9_R100_2aa9090c9d,results_r02/cyclic/decisions_DyF-ZTL-V_s0_p0.9_R100_c8309f6961.csv;results_r02/cyclic/decisions_DyF-ZTL-V_s1_p0.9_R100_01167d2db6.csv;results_r02/cyclic/decisions_DyF-ZTL-V_s2_p0.9_R100_5c56b78d23.csv;results_r02/cyclic/decisions_DyF-ZTL-V_s3_p0.9_R100_aa52b462ae.csv;results_r02/cyclic/decisions_DyF-ZTL-V_s4_p0.9_R100_201c532eae.csv;results_r02/cyclic/decisions_DyF-ZTL-V_s5_p0.9_R100_ea2fc12103.csv;results_r02/cyclic/decisions_DyF-ZTL-V_s6_p0.9_R100_75298fce4b.csv;results_r02/cyclic/decisions_DyF-ZTL-V_s7_p0.9_R100_20385b2d46.csv;results_r02/cyclic/decisions_DyF-ZTL-V_s8_p0.9_R100_b83a9369b2.csv;results_r02/cyclic/decisions_DyF-ZTL-V_s9_p0.9_R100_2aa9090c9d.csv,
Table 11 admission,tab:admission,ratio 0.9,Admitted / round,1.6$\pm$0.6,1.6±0.6,yes,10,DyF-ZTL-V_s0_p0.9_R100_c8309f6961;DyF-ZTL-V_s1_p0.9_R100_01167d2db6;DyF-ZTL-V_s2_p0.9_R100_5c56b78d23;DyF-ZTL-V_s3_p0.9_R100_aa52b462ae;DyF-ZTL-V_s4_p0.9_R100_201c532eae;DyF-ZTL-V_s5_p0.9_R100_ea2fc12103;DyF-ZTL-V_s6_p0.9_R100_75298fce4b;DyF-ZTL-V_s7_p0.9_R100_20385b2d46;DyF-ZTL-V_s8_p0.9_R100_b83a9369b2;DyF-ZTL-V_s9_p0.9_R100_2aa9090c9d,results_r02/cyclic/decisions_DyF-ZTL-V_s0_p0.9_R100_c8309f6961.csv;results_r02/cyclic/decisions_DyF-ZTL-V_s1_p0.9_R100_01167d2db6.csv;results_r02/cyclic/decisions_DyF-ZTL-V_s2_p0.9_R100_5c56b78d23.csv;results_r02/cyclic/decisions_DyF-ZTL-V_s3_p0.9_R100_aa52b462ae.csv;results_r02/cyclic/decisions_DyF-ZTL-V_s4_p0.9_R100_201c532eae.csv;results_r02/cyclic/decisions_DyF-ZTL-V_s5_p0.9_R100_ea2fc12103.csv;results_r02/cyclic/decisions_DyF-ZTL-V_s6_p0.9_R100_75298fce4b.csv;results_r02/cyclic/decisions_DyF-ZTL-V_s7_p0.9_R100_20385b2d46.csv;results_r02/cyclic/decisions_DyF-ZTL-V_s8_p0.9_R100_b83a9369b2.csv;results_r02/cyclic/decisions_DyF-ZTL-V_s9_p0.9_R100_2aa9090c9d.csv,
Table 11 admission,tab:admission,ratio 0.9,Prec. reject,98$\pm$3,,pipeline,10,DyF-ZTL-V_s0_p0.9_R100_c8309f6961;DyF-ZTL-V_s1_p0.9_R100_01167d2db6;DyF-ZTL-V_s2_p0.9_R100_5c56b78d23;DyF-ZTL-V_s3_p0.9_R100_aa52b462ae;DyF-ZTL-V_s4_p0.9_R100_201c532eae;DyF-ZTL-V_s5_p0.9_R100_ea2fc12103;DyF-ZTL-V_s6_p0.9_R100_75298fce4b;DyF-ZTL-V_s7_p0.9_R100_20385b2d46;DyF-ZTL-V_s8_p0.9_R100_b83a9369b2;DyF-ZTL-V_s9_p0.9_R100_2aa9090c9d,results_r02/analysis/admission_runs.csv,"analyze_r02.admission_metrics on decisions_*.csv (precision, weight share, rehabilitation time)"
Table 11 admission,tab:admission,ratio 0.9,Attacker weight,4.4$\pm$11.3,,pipeline,10,DyF-ZTL-V_s0_p0.9_R100_c8309f6961;DyF-ZTL-V_s1_p0.9_R100_01167d2db6;DyF-ZTL-V_s2_p0.9_R100_5c56b78d23;DyF-ZTL-V_s3_p0.9_R100_aa52b462ae;DyF-ZTL-V_s4_p0.9_R100_201c532eae;DyF-ZTL-V_s5_p0.9_R100_ea2fc12103;DyF-ZTL-V_s6_p0.9_R100_75298fce4b;DyF-ZTL-V_s7_p0.9_R100_20385b2d46;DyF-ZTL-V_s8_p0.9_R100_b83a9369b2;DyF-ZTL-V_s9_p0.9_R100_2aa9090c9d,results_r02/analysis/admission_runs.csv,"analyze_r02.admission_metrics on decisions_*.csv (precision, weight share, rehabilitation time)"
Table 11 admission,tab:admission,ratio 0.9,Rounds to rehab.,6.9$\pm$1.7,,pipeline,10,DyF-ZTL-V_s0_p0.9_R100_c8309f6961;DyF-ZTL-V_s1_p0.9_R100_01167d2db6;DyF-ZTL-V_s2_p0.9_R100_5c56b78d23;DyF-ZTL-V_s3_p0.9_R100_aa52b462ae;DyF-ZTL-V_s4_p0.9_R100_201c532eae;DyF-ZTL-V_s5_p0.9_R100_ea2fc12103;DyF-ZTL-V_s6_p0.9_R100_75298fce4b;DyF-ZTL-V_s7_p0.9_R100_20385b2d46;DyF-ZTL-V_s8_p0.9_R100_b83a9369b2;DyF-ZTL-V_s9_p0.9_R100_2aa9090c9d,results_r02/analysis/admission_runs.csv,"analyze_r02.admission_metrics on decisions_*.csv (precision, weight share, rehabilitation time)"
Table 11 admission,tab:admission,ratio 0.9,FLTrust mal. rej.,71.5$\pm$7.1,,pipeline,10,FLTrust_s0_p0.9_R100_1d711cac0c;FLTrust_s1_p0.9_R100_68d2710ef8;FLTrust_s2_p0.9_R100_331a550900;FLTrust_s3_p0.9_R100_de67d371cb;FLTrust_s4_p0.9_R100_32a885f2c1;FLTrust_s5_p0.9_R100_679a4cd5bf;FLTrust_s6_p0.9_R100_4f44848f42;FLTrust_s7_p0.9_R100_97ffcfa95b;FLTrust_s8_p0.9_R100_01b4aa56a0;FLTrust_s9_p0.9_R100_fb0ef2aacc,results_r02/analysis/admission_runs.csv,FLTrust: zero-weight / post-grace rates from decisions_*.csv via analyze_r02.admission_metrics
Table 11 admission,tab:admission,ratio 0.9,FLTrust honest rej.,7.6$\pm$7.3,,pipeline,10,FLTrust_s0_p0.9_R100_1d711cac0c;FLTrust_s1_p0.9_R100_68d2710ef8;FLTrust_s2_p0.9_R100_331a550900;FLTrust_s3_p0.9_R100_de67d371cb;FLTrust_s4_p0.9_R100_32a885f2c1;FLTrust_s5_p0.9_R100_679a4cd5bf;FLTrust_s6_p0.9_R100_4f44848f42;FLTrust_s7_p0.9_R100_97ffcfa95b;FLTrust_s8_p0.9_R100_01b4aa56a0;FLTrust_s9_p0.9_R100_fb0ef2aacc,results_r02/analysis/admission_runs.csv,FLTrust: zero-weight / post-grace rates from decisions_*.csv via analyze_r02.admission_metrics
Table 11 admission,tab:admission,ratio 0.9,FLTrust att. weight,27.2$\pm$5.3,,pipeline,10,FLTrust_s0_p0.9_R100_1d711cac0c;FLTrust_s1_p0.9_R100_68d2710ef8;FLTrust_s2_p0.9_R100_331a550900;FLTrust_s3_p0.9_R100_de67d371cb;FLTrust_s4_p0.9_R100_32a885f2c1;FLTrust_s5_p0.9_R100_679a4cd5bf;FLTrust_s6_p0.9_R100_4f44848f42;FLTrust_s7_p0.9_R100_97ffcfa95b;FLTrust_s8_p0.9_R100_01b4aa56a0;FLTrust_s9_p0.9_R100_fb0ef2aacc,results_r02/analysis/admission_runs.csv,FLTrust: zero-weight / post-grace rates from decisions_*.csv via analyze_r02.admission_metrics
Table 11 admission,tab:admission,ratio 0.9,v1 honest rej.,28.4$\pm$37.2,,pipeline,10,DyF-ZTL-v1_s0_p0.9_R100_8ba46e2f8e;DyF-ZTL-v1_s1_p0.9_R100_aaff66b8ba;DyF-ZTL-v1_s2_p0.9_R100_c5a9fcc3ac;DyF-ZTL-v1_s3_p0.9_R100_46f526bff6;DyF-ZTL-v1_s4_p0.9_R100_91001b2fa5;DyF-ZTL-v1_s5_p0.9_R100_386666ff77;DyF-ZTL-v1_s6_p0.9_R100_4ac3f2efac;DyF-ZTL-v1_s7_p0.9_R100_a747c90425;DyF-ZTL-v1_s8_p0.9_R100_0df5cf7d5e;DyF-ZTL-v1_s9_p0.9_R100_b8fdf899ef,results_r02/analysis/admission_runs.csv,v1: zero-weight / post-grace rates from decisions_*.csv via analyze_r02.admission_metrics
Table 12 attacks,tab:attacks,Targeted flip (attack $\to$ normal) / 0.2,DyF-ZTL-V,95.5$\pm$2.6 [8$\pm$9],95.5±2.6 [attack->normal 8±9],yes,5,DyF-ZTL-V_s0_p0.2_R100_52e132fd05;DyF-ZTL-V_s1_p0.2_R100_68b691efb0;DyF-ZTL-V_s2_p0.2_R100_531360939d;DyF-ZTL-V_s3_p0.2_R100_5ab99089d6;DyF-ZTL-V_s4_p0.2_R100_a61756cde5,results_r02/attacks/final_DyF-ZTL-V_s0_p0.2_R100_52e132fd05.json;results_r02/attacks/final_DyF-ZTL-V_s1_p0.2_R100_68b691efb0.json;results_r02/attacks/final_DyF-ZTL-V_s2_p0.2_R100_531360939d.json;results_r02/attacks/final_DyF-ZTL-V_s3_p0.2_R100_5ab99089d6.json;results_r02/attacks/final_DyF-ZTL-V_s4_p0.2_R100_a61756cde5.json,
Table 12 attacks,tab:attacks,Targeted flip (attack $\to$ normal) / 0.2,FLTrust,95.6$\pm$1.1 [5$\pm$5],95.6±1.1 [attack->normal 5±5],yes,5,FLTrust_s0_p0.2_R100_85795e1d1b;FLTrust_s1_p0.2_R100_a752bc14a5;FLTrust_s2_p0.2_R100_20b3a5df41;FLTrust_s3_p0.2_R100_00298cf678;FLTrust_s4_p0.2_R100_ee54808182,results_r02/attacks/final_FLTrust_s0_p0.2_R100_85795e1d1b.json;results_r02/attacks/final_FLTrust_s1_p0.2_R100_a752bc14a5.json;results_r02/attacks/final_FLTrust_s2_p0.2_R100_20b3a5df41.json;results_r02/attacks/final_FLTrust_s3_p0.2_R100_00298cf678.json;results_r02/attacks/final_FLTrust_s4_p0.2_R100_ee54808182.json,
Table 12 attacks,tab:attacks,Targeted flip (attack $\to$ normal) / 0.2,FuzzyFLTrust,96.2$\pm$0.3 [3$\pm$3],96.2±0.3 [attack->normal 3±3],yes,5,FuzzyFLTrust_s0_p0.2_R100_aebc3abb2c;FuzzyFLTrust_s1_p0.2_R100_6db7822a8c;FuzzyFLTrust_s2_p0.2_R100_055c8ee636;FuzzyFLTrust_s3_p0.2_R100_42355dd3ff;FuzzyFLTrust_s4_p0.2_R100_3e1b7d85f9,results_r02/attacks/final_FuzzyFLTrust_s0_p0.2_R100_aebc3abb2c.json;results_r02/attacks/final_FuzzyFLTrust_s1_p0.2_R100_6db7822a8c.json;results_r02/attacks/final_FuzzyFLTrust_s2_p0.2_R100_055c8ee636.json;results_r02/attacks/final_FuzzyFLTrust_s3_p0.2_R100_42355dd3ff.json;results_r02/attacks/final_FuzzyFLTrust_s4_p0.2_R100_3e1b7d85f9.json,
Table 12 attacks,tab:attacks,Targeted flip (attack $\to$ normal) / 0.2,Median,88.7$\pm$6.2 [30$\pm$22],88.7±6.2 [attack->normal 30±22],yes,5,Median_s0_p0.2_R100_e593dc1f21;Median_s1_p0.2_R100_292a65da3d;Median_s2_p0.2_R100_809f37f52f;Median_s3_p0.2_R100_dd9eff9c87;Median_s4_p0.2_R100_7fd79d181d,results_r02/attacks/final_Median_s0_p0.2_R100_e593dc1f21.json;results_r02/attacks/final_Median_s1_p0.2_R100_292a65da3d.json;results_r02/attacks/final_Median_s2_p0.2_R100_809f37f52f.json;results_r02/attacks/final_Median_s3_p0.2_R100_dd9eff9c87.json;results_r02/attacks/final_Median_s4_p0.2_R100_7fd79d181d.json,
Table 12 attacks,tab:attacks,Targeted flip (attack $\to$ normal) / 0.2,FedAvg,83.2$\pm$0.6 [49$\pm$2],83.2±0.6 [attack->normal 49±2],yes,5,FedAvg_s0_p0.2_R100_008beced31;FedAvg_s1_p0.2_R100_a2c8e49ec1;FedAvg_s2_p0.2_R100_5694df56e3;FedAvg_s3_p0.2_R100_685d26dd42;FedAvg_s4_p0.2_R100_7d81462ff3,results_r02/attacks/final_FedAvg_s0_p0.2_R100_008beced31.json;results_r02/attacks/final_FedAvg_s1_p0.2_R100_a2c8e49ec1.json;results_r02/attacks/final_FedAvg_s2_p0.2_R100_5694df56e3.json;results_r02/attacks/final_FedAvg_s3_p0.2_R100_685d26dd42.json;results_r02/attacks/final_FedAvg_s4_p0.2_R100_7d81462ff3.json,
Table 12 attacks,tab:attacks,Targeted flip (attack $\to$ normal) / 0.4,DyF-ZTL-V,96.3$\pm$1.3 [5$\pm$5],96.3±1.3 [attack->normal 5±5],yes,5,DyF-ZTL-V_s0_p0.4_R100_299eb8d982;DyF-ZTL-V_s1_p0.4_R100_30e825511a;DyF-ZTL-V_s2_p0.4_R100_7ba2066474;DyF-ZTL-V_s3_p0.4_R100_db91ea58a2;DyF-ZTL-V_s4_p0.4_R100_e59b77580e,results_r02/attacks/final_DyF-ZTL-V_s0_p0.4_R100_299eb8d982.json;results_r02/attacks/final_DyF-ZTL-V_s1_p0.4_R100_30e825511a.json;results_r02/attacks/final_DyF-ZTL-V_s2_p0.4_R100_7ba2066474.json;results_r02/attacks/final_DyF-ZTL-V_s3_p0.4_R100_db91ea58a2.json;results_r02/attacks/final_DyF-ZTL-V_s4_p0.4_R100_e59b77580e.json,
Table 12 attacks,tab:attacks,Targeted flip (attack $\to$ normal) / 0.4,FLTrust,93.3$\pm$2.7 [13$\pm$12],93.3±2.7 [attack->normal 13±12],yes,5,FLTrust_s0_p0.4_R100_a2f65bc71f;FLTrust_s1_p0.4_R100_4b1ec7a787;FLTrust_s2_p0.4_R100_7f09e91094;FLTrust_s3_p0.4_R100_ff53d62c2c;FLTrust_s4_p0.4_R100_3e2384b5af,results_r02/attacks/final_FLTrust_s0_p0.4_R100_a2f65bc71f.json;results_r02/attacks/final_FLTrust_s1_p0.4_R100_4b1ec7a787.json;results_r02/attacks/final_FLTrust_s2_p0.4_R100_7f09e91094.json;results_r02/attacks/final_FLTrust_s3_p0.4_R100_ff53d62c2c.json;results_r02/attacks/final_FLTrust_s4_p0.4_R100_3e2384b5af.json,
Table 12 attacks,tab:attacks,Targeted flip (attack $\to$ normal) / 0.4,FuzzyFLTrust,96.0$\pm$1.5 [6$\pm$7],96.0±1.5 [attack->normal 6±7],yes,5,FuzzyFLTrust_s0_p0.4_R100_5d9022819d;FuzzyFLTrust_s1_p0.4_R100_c953cb01b8;FuzzyFLTrust_s2_p0.4_R100_011f300c42;FuzzyFLTrust_s3_p0.4_R100_bc606ce9d5;FuzzyFLTrust_s4_p0.4_R100_ee558a94cf,results_r02/attacks/final_FuzzyFLTrust_s0_p0.4_R100_5d9022819d.json;results_r02/attacks/final_FuzzyFLTrust_s1_p0.4_R100_c953cb01b8.json;results_r02/attacks/final_FuzzyFLTrust_s2_p0.4_R100_011f300c42.json;results_r02/attacks/final_FuzzyFLTrust_s3_p0.4_R100_bc606ce9d5.json;results_r02/attacks/final_FuzzyFLTrust_s4_p0.4_R100_ee558a94cf.json,
Table 12 attacks,tab:attacks,Targeted flip (attack $\to$ normal) / 0.4,Median,76.6$\pm$8.5 [73$\pm$29],76.6±8.5 [attack->normal 73±29],yes,5,Median_s0_p0.4_R100_498f4fb34d;Median_s1_p0.4_R100_99b38e3f2d;Median_s2_p0.4_R100_fcfe0a45e9;Median_s3_p0.4_R100_61c1e97c2f;Median_s4_p0.4_R100_97a13dbce7,results_r02/attacks/final_Median_s0_p0.4_R100_498f4fb34d.json;results_r02/attacks/final_Median_s1_p0.4_R100_99b38e3f2d.json;results_r02/attacks/final_Median_s2_p0.4_R100_fcfe0a45e9.json;results_r02/attacks/final_Median_s3_p0.4_R100_61c1e97c2f.json;results_r02/attacks/final_Median_s4_p0.4_R100_97a13dbce7.json,
Table 12 attacks,tab:attacks,Targeted flip (attack $\to$ normal) / 0.4,FedAvg,79.0$\pm$3.7 [64$\pm$14],79.0±3.7 [attack->normal 64±14],yes,5,FedAvg_s0_p0.4_R100_aca951fa81;FedAvg_s1_p0.4_R100_a82f3cded5;FedAvg_s2_p0.4_R100_eadf9d4efd;FedAvg_s3_p0.4_R100_f34baf55f8;FedAvg_s4_p0.4_R100_9be94b9901,results_r02/attacks/final_FedAvg_s0_p0.4_R100_aca951fa81.json;results_r02/attacks/final_FedAvg_s1_p0.4_R100_a82f3cded5.json;results_r02/attacks/final_FedAvg_s2_p0.4_R100_eadf9d4efd.json;results_r02/attacks/final_FedAvg_s3_p0.4_R100_f34baf55f8.json;results_r02/attacks/final_FedAvg_s4_p0.4_R100_9be94b9901.json,
Table 12 attacks,tab:attacks,"Backdoor (trigger, unboosted) / 0.2",DyF-ZTL-V,97.2$\pm$0.2 (7$\pm$4),97.2±0.2 (ASR 7±4),yes,5,DyF-ZTL-V_s0_p0.2_R100_6dd233014e;DyF-ZTL-V_s1_p0.2_R100_7db24500f1;DyF-ZTL-V_s2_p0.2_R100_a101378bb5;DyF-ZTL-V_s3_p0.2_R100_2a105edd55;DyF-ZTL-V_s4_p0.2_R100_71c9662241,results_r02/attacks/final_DyF-ZTL-V_s0_p0.2_R100_6dd233014e.json;results_r02/attacks/final_DyF-ZTL-V_s1_p0.2_R100_7db24500f1.json;results_r02/attacks/final_DyF-ZTL-V_s2_p0.2_R100_a101378bb5.json;results_r02/attacks/final_DyF-ZTL-V_s3_p0.2_R100_2a105edd55.json;results_r02/attacks/final_DyF-ZTL-V_s4_p0.2_R100_71c9662241.json,
Table 12 attacks,tab:attacks,"Backdoor (trigger, unboosted) / 0.2",FLTrust,96.1$\pm$0.2 (9$\pm$6),96.1±0.2 (ASR 9±6),yes,5,FLTrust_s0_p0.2_R100_b5adb07ac3;FLTrust_s1_p0.2_R100_dea1578984;FLTrust_s2_p0.2_R100_0bc5e61442;FLTrust_s3_p0.2_R100_5a187c1db9;FLTrust_s4_p0.2_R100_731a874af7,results_r02/attacks/final_FLTrust_s0_p0.2_R100_b5adb07ac3.json;results_r02/attacks/final_FLTrust_s1_p0.2_R100_dea1578984.json;results_r02/attacks/final_FLTrust_s2_p0.2_R100_0bc5e61442.json;results_r02/attacks/final_FLTrust_s3_p0.2_R100_5a187c1db9.json;results_r02/attacks/final_FLTrust_s4_p0.2_R100_731a874af7.json,
Table 12 attacks,tab:attacks,"Backdoor (trigger, unboosted) / 0.2",FuzzyFLTrust,96.7$\pm$0.3 (23$\pm$41),96.7±0.3 (ASR 23±41),yes,5,FuzzyFLTrust_s0_p0.2_R100_cb5488d1b6;FuzzyFLTrust_s1_p0.2_R100_6a4e94df9d;FuzzyFLTrust_s2_p0.2_R100_950712dacb;FuzzyFLTrust_s3_p0.2_R100_8fc95ffddd;FuzzyFLTrust_s4_p0.2_R100_1b6fc344c0,results_r02/attacks/final_FuzzyFLTrust_s0_p0.2_R100_cb5488d1b6.json;results_r02/attacks/final_FuzzyFLTrust_s1_p0.2_R100_6a4e94df9d.json;results_r02/attacks/final_FuzzyFLTrust_s2_p0.2_R100_950712dacb.json;results_r02/attacks/final_FuzzyFLTrust_s3_p0.2_R100_8fc95ffddd.json;results_r02/attacks/final_FuzzyFLTrust_s4_p0.2_R100_1b6fc344c0.json,
Table 12 attacks,tab:attacks,"Backdoor (trigger, unboosted) / 0.2",Median,95.5$\pm$1.2 (77$\pm$19),95.5±1.2 (ASR 77±19),yes,5,Median_s0_p0.2_R100_48c3528e62;Median_s1_p0.2_R100_2d16fc7a0b;Median_s2_p0.2_R100_1ff729077d;Median_s3_p0.2_R100_8ea413c54e;Median_s4_p0.2_R100_888b79ee0b,results_r02/attacks/final_Median_s0_p0.2_R100_48c3528e62.json;results_r02/attacks/final_Median_s1_p0.2_R100_2d16fc7a0b.json;results_r02/attacks/final_Median_s2_p0.2_R100_1ff729077d.json;results_r02/attacks/final_Median_s3_p0.2_R100_8ea413c54e.json;results_r02/attacks/final_Median_s4_p0.2_R100_888b79ee0b.json,
Table 12 attacks,tab:attacks,"Backdoor (trigger, unboosted) / 0.2",FedAvg,86.2$\pm$4.4 (11$\pm$14),86.2±4.4 (ASR 11±14),yes,5,FedAvg_s0_p0.2_R100_5359ff34ee;FedAvg_s1_p0.2_R100_8edca95270;FedAvg_s2_p0.2_R100_33524fe9d9;FedAvg_s3_p0.2_R100_695e8f7188;FedAvg_s4_p0.2_R100_fc080bf7a1,results_r02/attacks/final_FedAvg_s0_p0.2_R100_5359ff34ee.json;results_r02/attacks/final_FedAvg_s1_p0.2_R100_8edca95270.json;results_r02/attacks/final_FedAvg_s2_p0.2_R100_33524fe9d9.json;results_r02/attacks/final_FedAvg_s3_p0.2_R100_695e8f7188.json;results_r02/attacks/final_FedAvg_s4_p0.2_R100_fc080bf7a1.json,
Table 12 attacks,tab:attacks,"Backdoor (trigger, unboosted) / 0.4",DyF-ZTL-V,97.0$\pm$0.4 (88$\pm$14),97.0±0.4 (ASR 88±14),yes,5,DyF-ZTL-V_s0_p0.4_R100_9bde105592;DyF-ZTL-V_s1_p0.4_R100_73b955d3f3;DyF-ZTL-V_s2_p0.4_R100_d2a556b942;DyF-ZTL-V_s3_p0.4_R100_fb1f77760b;DyF-ZTL-V_s4_p0.4_R100_9b6aa5e191,results_r02/attacks/final_DyF-ZTL-V_s0_p0.4_R100_9bde105592.json;results_r02/attacks/final_DyF-ZTL-V_s1_p0.4_R100_73b955d3f3.json;results_r02/attacks/final_DyF-ZTL-V_s2_p0.4_R100_d2a556b942.json;results_r02/attacks/final_DyF-ZTL-V_s3_p0.4_R100_fb1f77760b.json;results_r02/attacks/final_DyF-ZTL-V_s4_p0.4_R100_9b6aa5e191.json,
Table 12 attacks,tab:attacks,"Backdoor (trigger, unboosted) / 0.4",FLTrust,96.1$\pm$0.2 (43$\pm$48),96.1±0.2 (ASR 43±48),yes,5,FLTrust_s0_p0.4_R100_e48fcdb6a1;FLTrust_s1_p0.4_R100_78322cd8c4;FLTrust_s2_p0.4_R100_ec6465781c;FLTrust_s3_p0.4_R100_5d3917d157;FLTrust_s4_p0.4_R100_0681c62daf,results_r02/attacks/final_FLTrust_s0_p0.4_R100_e48fcdb6a1.json;results_r02/attacks/final_FLTrust_s1_p0.4_R100_78322cd8c4.json;results_r02/attacks/final_FLTrust_s2_p0.4_R100_ec6465781c.json;results_r02/attacks/final_FLTrust_s3_p0.4_R100_5d3917d157.json;results_r02/attacks/final_FLTrust_s4_p0.4_R100_0681c62daf.json,
Table 12 attacks,tab:attacks,"Backdoor (trigger, unboosted) / 0.4",FuzzyFLTrust,96.5$\pm$0.3 (54$\pm$49),96.5±0.3 (ASR 54±49),yes,5,FuzzyFLTrust_s0_p0.4_R100_e946beb790;FuzzyFLTrust_s1_p0.4_R100_2c2fba5396;FuzzyFLTrust_s2_p0.4_R100_91758ef7f0;FuzzyFLTrust_s3_p0.4_R100_eb282e3387;FuzzyFLTrust_s4_p0.4_R100_1b17ea4f5a,results_r02/attacks/final_FuzzyFLTrust_s0_p0.4_R100_e946beb790.json;results_r02/attacks/final_FuzzyFLTrust_s1_p0.4_R100_2c2fba5396.json;results_r02/attacks/final_FuzzyFLTrust_s2_p0.4_R100_91758ef7f0.json;results_r02/attacks/final_FuzzyFLTrust_s3_p0.4_R100_eb282e3387.json;results_r02/attacks/final_FuzzyFLTrust_s4_p0.4_R100_1b17ea4f5a.json,
Table 12 attacks,tab:attacks,"Backdoor (trigger, unboosted) / 0.4",Median,95.1$\pm$1.2 (99$\pm$0),95.1±1.2 (ASR 99±0),yes,5,Median_s0_p0.4_R100_c7f99892d5;Median_s1_p0.4_R100_4fc7c0f5b3;Median_s2_p0.4_R100_e2824d1f8d;Median_s3_p0.4_R100_62bc9d735a;Median_s4_p0.4_R100_dc2731e9f1,results_r02/attacks/final_Median_s0_p0.4_R100_c7f99892d5.json;results_r02/attacks/final_Median_s1_p0.4_R100_4fc7c0f5b3.json;results_r02/attacks/final_Median_s2_p0.4_R100_e2824d1f8d.json;results_r02/attacks/final_Median_s3_p0.4_R100_62bc9d735a.json;results_r02/attacks/final_Median_s4_p0.4_R100_dc2731e9f1.json,
Table 12 attacks,tab:attacks,"Backdoor (trigger, unboosted) / 0.4",FedAvg,87.3$\pm$4.0 (62$\pm$30),87.3±4.0 (ASR 62±30),yes,5,FedAvg_s0_p0.4_R100_5e33d09c30;FedAvg_s1_p0.4_R100_a24285cf03;FedAvg_s2_p0.4_R100_d390f47a7c;FedAvg_s3_p0.4_R100_dcdb966519;FedAvg_s4_p0.4_R100_d19087f202,results_r02/attacks/final_FedAvg_s0_p0.4_R100_5e33d09c30.json;results_r02/attacks/final_FedAvg_s1_p0.4_R100_a24285cf03.json;results_r02/attacks/final_FedAvg_s2_p0.4_R100_d390f47a7c.json;results_r02/attacks/final_FedAvg_s3_p0.4_R100_dcdb966519.json;results_r02/attacks/final_FedAvg_s4_p0.4_R100_d19087f202.json,
Table 12 attacks,tab:attacks,Boosted backdoor (model replacement) / 0.2,DyF-ZTL-V,95.5$\pm$2.6 (6$\pm$9),95.5±2.6 (ASR 6±9),yes,5,DyF-ZTL-V_s0_p0.2_R100_6962814876;DyF-ZTL-V_s1_p0.2_R100_6ee42a7a97;DyF-ZTL-V_s2_p0.2_R100_0d42e2fc9b;DyF-ZTL-V_s3_p0.2_R100_df35dee2f2;DyF-ZTL-V_s4_p0.2_R100_76b4d76f07,results_r02/attacks/final_DyF-ZTL-V_s0_p0.2_R100_6962814876.json;results_r02/attacks/final_DyF-ZTL-V_s1_p0.2_R100_6ee42a7a97.json;results_r02/attacks/final_DyF-ZTL-V_s2_p0.2_R100_0d42e2fc9b.json;results_r02/attacks/final_DyF-ZTL-V_s3_p0.2_R100_df35dee2f2.json;results_r02/attacks/final_DyF-ZTL-V_s4_p0.2_R100_76b4d76f07.json,
Table 12 attacks,tab:attacks,Boosted backdoor (model replacement) / 0.2,FLTrust,95.9$\pm$0.8 (9$\pm$10),95.9±0.8 (ASR 9±10),yes,5,FLTrust_s0_p0.2_R100_ce9d5f82c9;FLTrust_s1_p0.2_R100_e5e4441a24;FLTrust_s2_p0.2_R100_d48104a02d;FLTrust_s3_p0.2_R100_41175ea2d8;FLTrust_s4_p0.2_R100_62c90bac91,results_r02/attacks/final_FLTrust_s0_p0.2_R100_ce9d5f82c9.json;results_r02/attacks/final_FLTrust_s1_p0.2_R100_e5e4441a24.json;results_r02/attacks/final_FLTrust_s2_p0.2_R100_d48104a02d.json;results_r02/attacks/final_FLTrust_s3_p0.2_R100_41175ea2d8.json;results_r02/attacks/final_FLTrust_s4_p0.2_R100_62c90bac91.json,
Table 12 attacks,tab:attacks,Boosted backdoor (model replacement) / 0.2,FuzzyFLTrust,96.7$\pm$0.3 (23$\pm$42),96.7±0.3 (ASR 23±42),yes,5,FuzzyFLTrust_s0_p0.2_R100_ea1a5f96ce;FuzzyFLTrust_s1_p0.2_R100_c957ad6c69;FuzzyFLTrust_s2_p0.2_R100_2a625752be;FuzzyFLTrust_s3_p0.2_R100_976cf05674;FuzzyFLTrust_s4_p0.2_R100_2011aab178,results_r02/attacks/final_FuzzyFLTrust_s0_p0.2_R100_ea1a5f96ce.json;results_r02/attacks/final_FuzzyFLTrust_s1_p0.2_R100_c957ad6c69.json;results_r02/attacks/final_FuzzyFLTrust_s2_p0.2_R100_2a625752be.json;results_r02/attacks/final_FuzzyFLTrust_s3_p0.2_R100_976cf05674.json;results_r02/attacks/final_FuzzyFLTrust_s4_p0.2_R100_2011aab178.json,
Table 12 attacks,tab:attacks,Boosted backdoor (model replacement) / 0.2,Median,95.8$\pm$1.1 (81$\pm$15),95.8±1.1 (ASR 81±15),yes,5,Median_s0_p0.2_R100_b803789f5d;Median_s1_p0.2_R100_4b585a5f05;Median_s2_p0.2_R100_cd103f6f50;Median_s3_p0.2_R100_9c1afbe510;Median_s4_p0.2_R100_53a2bc4120,results_r02/attacks/final_Median_s0_p0.2_R100_b803789f5d.json;results_r02/attacks/final_Median_s1_p0.2_R100_4b585a5f05.json;results_r02/attacks/final_Median_s2_p0.2_R100_cd103f6f50.json;results_r02/attacks/final_Median_s3_p0.2_R100_9c1afbe510.json;results_r02/attacks/final_Median_s4_p0.2_R100_53a2bc4120.json,
Table 12 attacks,tab:attacks,Boosted backdoor (model replacement) / 0.2,FedAvg,91.0$\pm$2.6 (97$\pm$5),91.0±2.6 (ASR 97±5),yes,5,FedAvg_s0_p0.2_R100_d4aae072df;FedAvg_s1_p0.2_R100_0bdf49af85;FedAvg_s2_p0.2_R100_6afe894947;FedAvg_s3_p0.2_R100_0ab28c9185;FedAvg_s4_p0.2_R100_f6789ee2c9,results_r02/attacks/final_FedAvg_s0_p0.2_R100_d4aae072df.json;results_r02/attacks/final_FedAvg_s1_p0.2_R100_0bdf49af85.json;results_r02/attacks/final_FedAvg_s2_p0.2_R100_6afe894947.json;results_r02/attacks/final_FedAvg_s3_p0.2_R100_0ab28c9185.json;results_r02/attacks/final_FedAvg_s4_p0.2_R100_f6789ee2c9.json,
Table 12 attacks,tab:attacks,Boosted backdoor (model replacement) / 0.4,DyF-ZTL-V,96.3$\pm$1.3 (2$\pm$3),96.3±1.3 (ASR 2±3),yes,5,DyF-ZTL-V_s0_p0.4_R100_77ef919e08;DyF-ZTL-V_s1_p0.4_R100_6cdedee99f;DyF-ZTL-V_s2_p0.4_R100_a9dc4fe049;DyF-ZTL-V_s3_p0.4_R100_527172babf;DyF-ZTL-V_s4_p0.4_R100_4be5592645,results_r02/attacks/final_DyF-ZTL-V_s0_p0.4_R100_77ef919e08.json;results_r02/attacks/final_DyF-ZTL-V_s1_p0.4_R100_6cdedee99f.json;results_r02/attacks/final_DyF-ZTL-V_s2_p0.4_R100_a9dc4fe049.json;results_r02/attacks/final_DyF-ZTL-V_s3_p0.4_R100_527172babf.json;results_r02/attacks/final_DyF-ZTL-V_s4_p0.4_R100_4be5592645.json,
Table 12 attacks,tab:attacks,Boosted backdoor (model replacement) / 0.4,FLTrust,95.8$\pm$0.6 (54$\pm$39),95.8±0.6 (ASR 54±39),yes,5,FLTrust_s0_p0.4_R100_d55360ec49;FLTrust_s1_p0.4_R100_acb402b89f;FLTrust_s2_p0.4_R100_0125cf93cb;FLTrust_s3_p0.4_R100_9201c561df;FLTrust_s4_p0.4_R100_fe4a8215ef,results_r02/attacks/final_FLTrust_s0_p0.4_R100_d55360ec49.json;results_r02/attacks/final_FLTrust_s1_p0.4_R100_acb402b89f.json;results_r02/attacks/final_FLTrust_s2_p0.4_R100_0125cf93cb.json;results_r02/attacks/final_FLTrust_s3_p0.4_R100_9201c561df.json;results_r02/attacks/final_FLTrust_s4_p0.4_R100_fe4a8215ef.json,
Table 12 attacks,tab:attacks,Boosted backdoor (model replacement) / 0.4,FuzzyFLTrust,96.5$\pm$0.3 (54$\pm$49),96.5±0.3 (ASR 54±49),yes,5,FuzzyFLTrust_s0_p0.4_R100_f53b12b5a5;FuzzyFLTrust_s1_p0.4_R100_66b84e0500;FuzzyFLTrust_s2_p0.4_R100_15de9a7850;FuzzyFLTrust_s3_p0.4_R100_9108c62c64;FuzzyFLTrust_s4_p0.4_R100_04d8092450,results_r02/attacks/final_FuzzyFLTrust_s0_p0.4_R100_f53b12b5a5.json;results_r02/attacks/final_FuzzyFLTrust_s1_p0.4_R100_66b84e0500.json;results_r02/attacks/final_FuzzyFLTrust_s2_p0.4_R100_15de9a7850.json;results_r02/attacks/final_FuzzyFLTrust_s3_p0.4_R100_9108c62c64.json;results_r02/attacks/final_FuzzyFLTrust_s4_p0.4_R100_04d8092450.json,
Table 12 attacks,tab:attacks,Boosted backdoor (model replacement) / 0.4,Median,95.5$\pm$1.2 (100$\pm$1),95.5±1.2 (ASR 100±1),yes,5,Median_s0_p0.4_R100_3ac8bd11b0;Median_s1_p0.4_R100_9ae29a3171;Median_s2_p0.4_R100_57d4d1feca;Median_s3_p0.4_R100_69ea87de77;Median_s4_p0.4_R100_b6d8015025,results_r02/attacks/final_Median_s0_p0.4_R100_3ac8bd11b0.json;results_r02/attacks/final_Median_s1_p0.4_R100_9ae29a3171.json;results_r02/attacks/final_Median_s2_p0.4_R100_57d4d1feca.json;results_r02/attacks/final_Median_s3_p0.4_R100_69ea87de77.json;results_r02/attacks/final_Median_s4_p0.4_R100_b6d8015025.json,
Table 12 attacks,tab:attacks,Boosted backdoor (model replacement) / 0.4,FedAvg,89.1$\pm$5.4 (98$\pm$4),89.1±5.4 (ASR 98±4),yes,5,FedAvg_s0_p0.4_R100_b4c52dd04c;FedAvg_s1_p0.4_R100_ada6b60645;FedAvg_s2_p0.4_R100_ed8ffd22dd;FedAvg_s3_p0.4_R100_2d34c2b1c3;FedAvg_s4_p0.4_R100_ef56b3b1d5,results_r02/attacks/final_FedAvg_s0_p0.4_R100_b4c52dd04c.json;results_r02/attacks/final_FedAvg_s1_p0.4_R100_ada6b60645.json;results_r02/attacks/final_FedAvg_s2_p0.4_R100_ed8ffd22dd.json;results_r02/attacks/final_FedAvg_s3_p0.4_R100_2d34c2b1c3.json;results_r02/attacks/final_FedAvg_s4_p0.4_R100_ef56b3b1d5.json,
Table 12 attacks,tab:attacks,Adaptive flip (validation-aware) / 0.2,DyF-ZTL-V,97.2$\pm$0.3,97.2±0.3,yes,5,DyF-ZTL-V_s0_p0.2_R100_483d84aab5;DyF-ZTL-V_s1_p0.2_R100_71bbff3555;DyF-ZTL-V_s2_p0.2_R100_bb0259484c;DyF-ZTL-V_s3_p0.2_R100_ee9719bdc4;DyF-ZTL-V_s4_p0.2_R100_7ff0dee387,results_r02/attacks/final_DyF-ZTL-V_s0_p0.2_R100_483d84aab5.json;results_r02/attacks/final_DyF-ZTL-V_s1_p0.2_R100_71bbff3555.json;results_r02/attacks/final_DyF-ZTL-V_s2_p0.2_R100_bb0259484c.json;results_r02/attacks/final_DyF-ZTL-V_s3_p0.2_R100_ee9719bdc4.json;results_r02/attacks/final_DyF-ZTL-V_s4_p0.2_R100_7ff0dee387.json,
Table 12 attacks,tab:attacks,Adaptive flip (validation-aware) / 0.2,FLTrust,96.1$\pm$0.4,96.1±0.4,yes,5,FLTrust_s0_p0.2_R100_9df1eeb122;FLTrust_s1_p0.2_R100_7cb42bb528;FLTrust_s2_p0.2_R100_ce1777326d;FLTrust_s3_p0.2_R100_76e8294450;FLTrust_s4_p0.2_R100_fd4ed06f87,results_r02/attacks/final_FLTrust_s0_p0.2_R100_9df1eeb122.json;results_r02/attacks/final_FLTrust_s1_p0.2_R100_7cb42bb528.json;results_r02/attacks/final_FLTrust_s2_p0.2_R100_ce1777326d.json;results_r02/attacks/final_FLTrust_s3_p0.2_R100_76e8294450.json;results_r02/attacks/final_FLTrust_s4_p0.2_R100_fd4ed06f87.json,
Table 12 attacks,tab:attacks,Adaptive flip (validation-aware) / 0.2,FuzzyFLTrust,97.0$\pm$0.2,97.0±0.2,yes,5,FuzzyFLTrust_s0_p0.2_R100_4077863d4e;FuzzyFLTrust_s1_p0.2_R100_0e2db7562d;FuzzyFLTrust_s2_p0.2_R100_9f2ef3a92e;FuzzyFLTrust_s3_p0.2_R100_11d4ff93f1;FuzzyFLTrust_s4_p0.2_R100_ad8e267c9d,results_r02/attacks/final_FuzzyFLTrust_s0_p0.2_R100_4077863d4e.json;results_r02/attacks/final_FuzzyFLTrust_s1_p0.2_R100_0e2db7562d.json;results_r02/attacks/final_FuzzyFLTrust_s2_p0.2_R100_9f2ef3a92e.json;results_r02/attacks/final_FuzzyFLTrust_s3_p0.2_R100_11d4ff93f1.json;results_r02/attacks/final_FuzzyFLTrust_s4_p0.2_R100_ad8e267c9d.json,
Table 12 attacks,tab:attacks,Adaptive flip (validation-aware) / 0.2,Median,95.3$\pm$1.3,95.3±1.3,yes,5,Median_s0_p0.2_R100_bd830e0dc4;Median_s1_p0.2_R100_f3d45a046f;Median_s2_p0.2_R100_5d6a7feb40;Median_s3_p0.2_R100_11866dab0b;Median_s4_p0.2_R100_972f92cf1e,results_r02/attacks/final_Median_s0_p0.2_R100_bd830e0dc4.json;results_r02/attacks/final_Median_s1_p0.2_R100_f3d45a046f.json;results_r02/attacks/final_Median_s2_p0.2_R100_5d6a7feb40.json;results_r02/attacks/final_Median_s3_p0.2_R100_11866dab0b.json;results_r02/attacks/final_Median_s4_p0.2_R100_972f92cf1e.json,
Table 12 attacks,tab:attacks,Adaptive flip (validation-aware) / 0.2,FedAvg,86.9$\pm$3.7,86.9±3.7,yes,5,FedAvg_s0_p0.2_R100_b9bf02f9f0;FedAvg_s1_p0.2_R100_a3f816ab6b;FedAvg_s2_p0.2_R100_50e780bf92;FedAvg_s3_p0.2_R100_07fcefd905;FedAvg_s4_p0.2_R100_06739aefda,results_r02/attacks/final_FedAvg_s0_p0.2_R100_b9bf02f9f0.json;results_r02/attacks/final_FedAvg_s1_p0.2_R100_a3f816ab6b.json;results_r02/attacks/final_FedAvg_s2_p0.2_R100_50e780bf92.json;results_r02/attacks/final_FedAvg_s3_p0.2_R100_07fcefd905.json;results_r02/attacks/final_FedAvg_s4_p0.2_R100_06739aefda.json,
Table 12 attacks,tab:attacks,Adaptive flip (validation-aware) / 0.4,DyF-ZTL-V,97.1$\pm$0.5,97.1±0.5,yes,5,DyF-ZTL-V_s0_p0.4_R100_ad05a5416e;DyF-ZTL-V_s1_p0.4_R100_7fe28bdc97;DyF-ZTL-V_s2_p0.4_R100_48bdc2c694;DyF-ZTL-V_s3_p0.4_R100_9df6a60b68;DyF-ZTL-V_s4_p0.4_R100_ff00428b3f,results_r02/attacks/final_DyF-ZTL-V_s0_p0.4_R100_ad05a5416e.json;results_r02/attacks/final_DyF-ZTL-V_s1_p0.4_R100_7fe28bdc97.json;results_r02/attacks/final_DyF-ZTL-V_s2_p0.4_R100_48bdc2c694.json;results_r02/attacks/final_DyF-ZTL-V_s3_p0.4_R100_9df6a60b68.json;results_r02/attacks/final_DyF-ZTL-V_s4_p0.4_R100_ff00428b3f.json,
Table 12 attacks,tab:attacks,Adaptive flip (validation-aware) / 0.4,FLTrust,96.1$\pm$0.2,96.1±0.2,yes,5,FLTrust_s0_p0.4_R100_8e9b947f07;FLTrust_s1_p0.4_R100_a8dc5f3e9f;FLTrust_s2_p0.4_R100_a946795a48;FLTrust_s3_p0.4_R100_4b3e30d59c;FLTrust_s4_p0.4_R100_174a601819,results_r02/attacks/final_FLTrust_s0_p0.4_R100_8e9b947f07.json;results_r02/attacks/final_FLTrust_s1_p0.4_R100_a8dc5f3e9f.json;results_r02/attacks/final_FLTrust_s2_p0.4_R100_a946795a48.json;results_r02/attacks/final_FLTrust_s3_p0.4_R100_4b3e30d59c.json;results_r02/attacks/final_FLTrust_s4_p0.4_R100_174a601819.json,
Table 12 attacks,tab:attacks,Adaptive flip (validation-aware) / 0.4,FuzzyFLTrust,96.8$\pm$0.4,96.8±0.4,yes,5,FuzzyFLTrust_s0_p0.4_R100_304a03b55b;FuzzyFLTrust_s1_p0.4_R100_83e0032270;FuzzyFLTrust_s2_p0.4_R100_419d758fd4;FuzzyFLTrust_s3_p0.4_R100_38bf2107d1;FuzzyFLTrust_s4_p0.4_R100_8bbc6fe28c,results_r02/attacks/final_FuzzyFLTrust_s0_p0.4_R100_304a03b55b.json;results_r02/attacks/final_FuzzyFLTrust_s1_p0.4_R100_83e0032270.json;results_r02/attacks/final_FuzzyFLTrust_s2_p0.4_R100_419d758fd4.json;results_r02/attacks/final_FuzzyFLTrust_s3_p0.4_R100_38bf2107d1.json;results_r02/attacks/final_FuzzyFLTrust_s4_p0.4_R100_8bbc6fe28c.json,
Table 12 attacks,tab:attacks,Adaptive flip (validation-aware) / 0.4,Median,95.4$\pm$1.3,95.4±1.3,yes,5,Median_s0_p0.4_R100_b1ba9f6bff;Median_s1_p0.4_R100_5cbc77386e;Median_s2_p0.4_R100_6d9f84f136;Median_s3_p0.4_R100_f03a6dacd8;Median_s4_p0.4_R100_61e882ec2a,results_r02/attacks/final_Median_s0_p0.4_R100_b1ba9f6bff.json;results_r02/attacks/final_Median_s1_p0.4_R100_5cbc77386e.json;results_r02/attacks/final_Median_s2_p0.4_R100_6d9f84f136.json;results_r02/attacks/final_Median_s3_p0.4_R100_f03a6dacd8.json;results_r02/attacks/final_Median_s4_p0.4_R100_61e882ec2a.json,
Table 12 attacks,tab:attacks,Adaptive flip (validation-aware) / 0.4,FedAvg,88.4$\pm$4.6,88.4±4.6,yes,5,FedAvg_s0_p0.4_R100_ccdcbff1b6;FedAvg_s1_p0.4_R100_5c8eac8723;FedAvg_s2_p0.4_R100_2b9db65e00;FedAvg_s3_p0.4_R100_ff01cec4a5;FedAvg_s4_p0.4_R100_eb67c50988,results_r02/attacks/final_FedAvg_s0_p0.4_R100_ccdcbff1b6.json;results_r02/attacks/final_FedAvg_s1_p0.4_R100_5c8eac8723.json;results_r02/attacks/final_FedAvg_s2_p0.4_R100_2b9db65e00.json;results_r02/attacks/final_FedAvg_s3_p0.4_R100_ff01cec4a5.json;results_r02/attacks/final_FedAvg_s4_p0.4_R100_eb67c50988.json,
Table 12 attacks,tab:attacks,Adaptive backdoor (validation-aware) / 0.2,DyF-ZTL-V,97.2$\pm$0.2 (4$\pm$3),97.2±0.2 (ASR 4±3),yes,5,DyF-ZTL-V_s0_p0.2_R100_239ecbd4d9;DyF-ZTL-V_s1_p0.2_R100_bf36eaa25b;DyF-ZTL-V_s2_p0.2_R100_c282dd43e9;DyF-ZTL-V_s3_p0.2_R100_c210963c57;DyF-ZTL-V_s4_p0.2_R100_6347b9fc03,results_r02/attacks/final_DyF-ZTL-V_s0_p0.2_R100_239ecbd4d9.json;results_r02/attacks/final_DyF-ZTL-V_s1_p0.2_R100_bf36eaa25b.json;results_r02/attacks/final_DyF-ZTL-V_s2_p0.2_R100_c282dd43e9.json;results_r02/attacks/final_DyF-ZTL-V_s3_p0.2_R100_c210963c57.json;results_r02/attacks/final_DyF-ZTL-V_s4_p0.2_R100_6347b9fc03.json,
Table 12 attacks,tab:attacks,Adaptive backdoor (validation-aware) / 0.2,FLTrust,96.0$\pm$0.5 (5$\pm$4),96.0±0.5 (ASR 5±4),yes,5,FLTrust_s0_p0.2_R100_3bcc7fb441;FLTrust_s1_p0.2_R100_137cc2e75f;FLTrust_s2_p0.2_R100_d0fe56c517;FLTrust_s3_p0.2_R100_33e96f2fdd;FLTrust_s4_p0.2_R100_f4c98dfae6,results_r02/attacks/final_FLTrust_s0_p0.2_R100_3bcc7fb441.json;results_r02/attacks/final_FLTrust_s1_p0.2_R100_137cc2e75f.json;results_r02/attacks/final_FLTrust_s2_p0.2_R100_d0fe56c517.json;results_r02/attacks/final_FLTrust_s3_p0.2_R100_33e96f2fdd.json;results_r02/attacks/final_FLTrust_s4_p0.2_R100_f4c98dfae6.json,
Table 12 attacks,tab:attacks,Adaptive backdoor (validation-aware) / 0.2,FuzzyFLTrust,96.7$\pm$0.3 (3$\pm$2),96.7±0.3 (ASR 3±2),yes,5,FuzzyFLTrust_s0_p0.2_R100_8805ea4128;FuzzyFLTrust_s1_p0.2_R100_a75089f2ae;FuzzyFLTrust_s2_p0.2_R100_656814ddfa;FuzzyFLTrust_s3_p0.2_R100_84c17887d2;FuzzyFLTrust_s4_p0.2_R100_92aa3ff41d,results_r02/attacks/final_FuzzyFLTrust_s0_p0.2_R100_8805ea4128.json;results_r02/attacks/final_FuzzyFLTrust_s1_p0.2_R100_a75089f2ae.json;results_r02/attacks/final_FuzzyFLTrust_s2_p0.2_R100_656814ddfa.json;results_r02/attacks/final_FuzzyFLTrust_s3_p0.2_R100_84c17887d2.json;results_r02/attacks/final_FuzzyFLTrust_s4_p0.2_R100_92aa3ff41d.json,
Table 12 attacks,tab:attacks,Adaptive backdoor (validation-aware) / 0.2,Median,93.2$\pm$4.1 (6$\pm$5),93.2±4.1 (ASR 6±5),yes,5,Median_s0_p0.2_R100_11437dd21a;Median_s1_p0.2_R100_1313f53431;Median_s2_p0.2_R100_1e5cc62794;Median_s3_p0.2_R100_bf595f4f7b;Median_s4_p0.2_R100_04ae54ed5a,results_r02/attacks/final_Median_s0_p0.2_R100_11437dd21a.json;results_r02/attacks/final_Median_s1_p0.2_R100_1313f53431.json;results_r02/attacks/final_Median_s2_p0.2_R100_1e5cc62794.json;results_r02/attacks/final_Median_s3_p0.2_R100_bf595f4f7b.json;results_r02/attacks/final_Median_s4_p0.2_R100_04ae54ed5a.json,
Table 12 attacks,tab:attacks,Adaptive backdoor (validation-aware) / 0.2,FedAvg,85.7$\pm$3.7 (3$\pm$2),85.7±3.7 (ASR 3±2),yes,5,FedAvg_s0_p0.2_R100_1ed2031dda;FedAvg_s1_p0.2_R100_67cf17fa5a;FedAvg_s2_p0.2_R100_6d309a1591;FedAvg_s3_p0.2_R100_cf873ccfb7;FedAvg_s4_p0.2_R100_c24aba7d94,results_r02/attacks/final_FedAvg_s0_p0.2_R100_1ed2031dda.json;results_r02/attacks/final_FedAvg_s1_p0.2_R100_67cf17fa5a.json;results_r02/attacks/final_FedAvg_s2_p0.2_R100_6d309a1591.json;results_r02/attacks/final_FedAvg_s3_p0.2_R100_cf873ccfb7.json;results_r02/attacks/final_FedAvg_s4_p0.2_R100_c24aba7d94.json,
Table 12 attacks,tab:attacks,Adaptive backdoor (validation-aware) / 0.4,DyF-ZTL-V,97.1$\pm$0.4 (9$\pm$3),97.1±0.4 (ASR 9±3),yes,5,DyF-ZTL-V_s0_p0.4_R100_770e03a489;DyF-ZTL-V_s1_p0.4_R100_d9211ad805;DyF-ZTL-V_s2_p0.4_R100_5922a5dfbd;DyF-ZTL-V_s3_p0.4_R100_b15cfec7c6;DyF-ZTL-V_s4_p0.4_R100_2b16f425f4,results_r02/attacks/final_DyF-ZTL-V_s0_p0.4_R100_770e03a489.json;results_r02/attacks/final_DyF-ZTL-V_s1_p0.4_R100_d9211ad805.json;results_r02/attacks/final_DyF-ZTL-V_s2_p0.4_R100_5922a5dfbd.json;results_r02/attacks/final_DyF-ZTL-V_s3_p0.4_R100_b15cfec7c6.json;results_r02/attacks/final_DyF-ZTL-V_s4_p0.4_R100_2b16f425f4.json,
Table 12 attacks,tab:attacks,Adaptive backdoor (validation-aware) / 0.4,FLTrust,95.8$\pm$1.1 (13$\pm$6),95.8±1.1 (ASR 13±6),yes,5,FLTrust_s0_p0.4_R100_1501678a88;FLTrust_s1_p0.4_R100_6936e9b58d;FLTrust_s2_p0.4_R100_a596429377;FLTrust_s3_p0.4_R100_5483757ffa;FLTrust_s4_p0.4_R100_dc010e81ea,results_r02/attacks/final_FLTrust_s0_p0.4_R100_1501678a88.json;results_r02/attacks/final_FLTrust_s1_p0.4_R100_6936e9b58d.json;results_r02/attacks/final_FLTrust_s2_p0.4_R100_a596429377.json;results_r02/attacks/final_FLTrust_s3_p0.4_R100_5483757ffa.json;results_r02/attacks/final_FLTrust_s4_p0.4_R100_dc010e81ea.json,
Table 12 attacks,tab:attacks,Adaptive backdoor (validation-aware) / 0.4,FuzzyFLTrust,96.6$\pm$0.4 (22$\pm$29),96.6±0.4 (ASR 22±29),yes,5,FuzzyFLTrust_s0_p0.4_R100_a82b76c223;FuzzyFLTrust_s1_p0.4_R100_179e8f5ad9;FuzzyFLTrust_s2_p0.4_R100_92836b69da;FuzzyFLTrust_s3_p0.4_R100_faeaa7ef0e;FuzzyFLTrust_s4_p0.4_R100_8eb08a8699,results_r02/attacks/final_FuzzyFLTrust_s0_p0.4_R100_a82b76c223.json;results_r02/attacks/final_FuzzyFLTrust_s1_p0.4_R100_179e8f5ad9.json;results_r02/attacks/final_FuzzyFLTrust_s2_p0.4_R100_92836b69da.json;results_r02/attacks/final_FuzzyFLTrust_s3_p0.4_R100_faeaa7ef0e.json;results_r02/attacks/final_FuzzyFLTrust_s4_p0.4_R100_8eb08a8699.json,
Table 12 attacks,tab:attacks,Adaptive backdoor (validation-aware) / 0.4,Median,94.0$\pm$3.1 (33$\pm$29),94.0±3.1 (ASR 33±29),yes,5,Median_s0_p0.4_R100_c56f539233;Median_s1_p0.4_R100_3a390ca6b9;Median_s2_p0.4_R100_d1531d6635;Median_s3_p0.4_R100_261c99d6be;Median_s4_p0.4_R100_41d163c36d,results_r02/attacks/final_Median_s0_p0.4_R100_c56f539233.json;results_r02/attacks/final_Median_s1_p0.4_R100_3a390ca6b9.json;results_r02/attacks/final_Median_s2_p0.4_R100_d1531d6635.json;results_r02/attacks/final_Median_s3_p0.4_R100_261c99d6be.json;results_r02/attacks/final_Median_s4_p0.4_R100_41d163c36d.json,
Table 12 attacks,tab:attacks,Adaptive backdoor (validation-aware) / 0.4,FedAvg,86.5$\pm$3.9 (7$\pm$6),86.5±3.9 (ASR 7±6),yes,5,FedAvg_s0_p0.4_R100_6211474678;FedAvg_s1_p0.4_R100_29799c13d3;FedAvg_s2_p0.4_R100_da14ec78c0;FedAvg_s3_p0.4_R100_9d3bb61244;FedAvg_s4_p0.4_R100_a382874506,results_r02/attacks/final_FedAvg_s0_p0.4_R100_6211474678.json;results_r02/attacks/final_FedAvg_s1_p0.4_R100_29799c13d3.json;results_r02/attacks/final_FedAvg_s2_p0.4_R100_da14ec78c0.json;results_r02/attacks/final_FedAvg_s3_p0.4_R100_9d3bb61244.json;results_r02/attacks/final_FedAvg_s4_p0.4_R100_a382874506.json,
Table 12 attacks,tab:attacks,Sleeper (honest for 20 rounds) / 0.2,DyF-ZTL-V,95.8$\pm$2.3,95.8±2.3,yes,5,DyF-ZTL-V_s0_p0.2_R100_1e8a694d2d;DyF-ZTL-V_s1_p0.2_R100_290be6efe3;DyF-ZTL-V_s2_p0.2_R100_23c9524573;DyF-ZTL-V_s3_p0.2_R100_0d956b7ff3;DyF-ZTL-V_s4_p0.2_R100_2a9dc0489b,results_r02/attacks/final_DyF-ZTL-V_s0_p0.2_R100_1e8a694d2d.json;results_r02/attacks/final_DyF-ZTL-V_s1_p0.2_R100_290be6efe3.json;results_r02/attacks/final_DyF-ZTL-V_s2_p0.2_R100_23c9524573.json;results_r02/attacks/final_DyF-ZTL-V_s3_p0.2_R100_0d956b7ff3.json;results_r02/attacks/final_DyF-ZTL-V_s4_p0.2_R100_2a9dc0489b.json,
Table 12 attacks,tab:attacks,Sleeper (honest for 20 rounds) / 0.2,FLTrust,94.9$\pm$2.7,94.9±2.7,yes,5,FLTrust_s0_p0.2_R100_4537c85a3a;FLTrust_s1_p0.2_R100_84707f964b;FLTrust_s2_p0.2_R100_6889da16ec;FLTrust_s3_p0.2_R100_4cd91a06dc;FLTrust_s4_p0.2_R100_d9777bf3e8,results_r02/attacks/final_FLTrust_s0_p0.2_R100_4537c85a3a.json;results_r02/attacks/final_FLTrust_s1_p0.2_R100_84707f964b.json;results_r02/attacks/final_FLTrust_s2_p0.2_R100_6889da16ec.json;results_r02/attacks/final_FLTrust_s3_p0.2_R100_4cd91a06dc.json;results_r02/attacks/final_FLTrust_s4_p0.2_R100_d9777bf3e8.json,
Table 12 attacks,tab:attacks,Sleeper (honest for 20 rounds) / 0.2,FuzzyFLTrust,--,,yes,0,,,not run for this control
Table 12 attacks,tab:attacks,Sleeper (honest for 20 rounds) / 0.2,Median,--,,yes,0,,,not run for this control
Table 12 attacks,tab:attacks,Sleeper (honest for 20 rounds) / 0.2,FedAvg,84.5$\pm$2.8,84.5±2.8,yes,5,FedAvg_s0_p0.2_R100_e8e4ee053e;FedAvg_s1_p0.2_R100_4deee7611f;FedAvg_s2_p0.2_R100_55b86ae8fc;FedAvg_s3_p0.2_R100_506351a0fa;FedAvg_s4_p0.2_R100_a23d895936,results_r02/attacks/final_FedAvg_s0_p0.2_R100_e8e4ee053e.json;results_r02/attacks/final_FedAvg_s1_p0.2_R100_4deee7611f.json;results_r02/attacks/final_FedAvg_s2_p0.2_R100_55b86ae8fc.json;results_r02/attacks/final_FedAvg_s3_p0.2_R100_506351a0fa.json;results_r02/attacks/final_FedAvg_s4_p0.2_R100_a23d895936.json,
Table 12 attacks,tab:attacks,Sleeper (honest for 20 rounds) / 0.4,DyF-ZTL-V,94.6$\pm$4.6,94.6±4.6,yes,5,DyF-ZTL-V_s0_p0.4_R100_2f58770fb9;DyF-ZTL-V_s1_p0.4_R100_23ef603231;DyF-ZTL-V_s2_p0.4_R100_bdbea97cf3;DyF-ZTL-V_s3_p0.4_R100_5f6c8d7083;DyF-ZTL-V_s4_p0.4_R100_22d0e27325,results_r02/attacks/final_DyF-ZTL-V_s0_p0.4_R100_2f58770fb9.json;results_r02/attacks/final_DyF-ZTL-V_s1_p0.4_R100_23ef603231.json;results_r02/attacks/final_DyF-ZTL-V_s2_p0.4_R100_bdbea97cf3.json;results_r02/attacks/final_DyF-ZTL-V_s3_p0.4_R100_5f6c8d7083.json;results_r02/attacks/final_DyF-ZTL-V_s4_p0.4_R100_22d0e27325.json,
Table 12 attacks,tab:attacks,Sleeper (honest for 20 rounds) / 0.4,FLTrust,96.1$\pm$0.1,96.1±0.1,yes,5,FLTrust_s0_p0.4_R100_b77cf27f6d;FLTrust_s1_p0.4_R100_c91b4ce342;FLTrust_s2_p0.4_R100_a2ffe841b8;FLTrust_s3_p0.4_R100_7db0bca572;FLTrust_s4_p0.4_R100_a67cc4471c,results_r02/attacks/final_FLTrust_s0_p0.4_R100_b77cf27f6d.json;results_r02/attacks/final_FLTrust_s1_p0.4_R100_c91b4ce342.json;results_r02/attacks/final_FLTrust_s2_p0.4_R100_a2ffe841b8.json;results_r02/attacks/final_FLTrust_s3_p0.4_R100_7db0bca572.json;results_r02/attacks/final_FLTrust_s4_p0.4_R100_a67cc4471c.json,
Table 12 attacks,tab:attacks,Sleeper (honest for 20 rounds) / 0.4,FuzzyFLTrust,--,,yes,0,,,not run for this control
Table 12 attacks,tab:attacks,Sleeper (honest for 20 rounds) / 0.4,Median,--,,yes,0,,,not run for this control
Table 12 attacks,tab:attacks,Sleeper (honest for 20 rounds) / 0.4,FedAvg,67.6$\pm$31.8,67.6±31.8,yes,5,FedAvg_s0_p0.4_R100_6a1af2a576;FedAvg_s1_p0.4_R100_28561f3a50;FedAvg_s2_p0.4_R100_2a0091731a;FedAvg_s3_p0.4_R100_410807deef;FedAvg_s4_p0.4_R100_de440702ac,results_r02/attacks/final_FedAvg_s0_p0.4_R100_6a1af2a576.json;results_r02/attacks/final_FedAvg_s1_p0.4_R100_28561f3a50.json;results_r02/attacks/final_FedAvg_s2_p0.4_R100_2a0091731a.json;results_r02/attacks/final_FedAvg_s3_p0.4_R100_410807deef.json;results_r02/attacks/final_FedAvg_s4_p0.4_R100_de440702ac.json,
Table 12 attacks,tab:attacks,Rotating attackers (every 10 rounds) / 0.2,DyF-ZTL-V,97.2$\pm$0.3,97.2±0.3,yes,5,DyF-ZTL-V_s0_p0.2_R100_4819ba98ea;DyF-ZTL-V_s1_p0.2_R100_c6caeb7fa8;DyF-ZTL-V_s2_p0.2_R100_a42490fd28;DyF-ZTL-V_s3_p0.2_R100_e91bd00525;DyF-ZTL-V_s4_p0.2_R100_2d448399ff,results_r02/attacks/final_DyF-ZTL-V_s0_p0.2_R100_4819ba98ea.json;results_r02/attacks/final_DyF-ZTL-V_s1_p0.2_R100_c6caeb7fa8.json;results_r02/attacks/final_DyF-ZTL-V_s2_p0.2_R100_a42490fd28.json;results_r02/attacks/final_DyF-ZTL-V_s3_p0.2_R100_e91bd00525.json;results_r02/attacks/final_DyF-ZTL-V_s4_p0.2_R100_2d448399ff.json,
Table 12 attacks,tab:attacks,Rotating attackers (every 10 rounds) / 0.2,FLTrust,96.0$\pm$0.3,96.0±0.3,yes,5,FLTrust_s0_p0.2_R100_037fbc9daa;FLTrust_s1_p0.2_R100_852b40a6be;FLTrust_s2_p0.2_R100_d0abf04c06;FLTrust_s3_p0.2_R100_03ea85f8fe;FLTrust_s4_p0.2_R100_adb599c966,results_r02/attacks/final_FLTrust_s0_p0.2_R100_037fbc9daa.json;results_r02/attacks/final_FLTrust_s1_p0.2_R100_852b40a6be.json;results_r02/attacks/final_FLTrust_s2_p0.2_R100_d0abf04c06.json;results_r02/attacks/final_FLTrust_s3_p0.2_R100_03ea85f8fe.json;results_r02/attacks/final_FLTrust_s4_p0.2_R100_adb599c966.json,
Table 12 attacks,tab:attacks,Rotating attackers (every 10 rounds) / 0.2,FuzzyFLTrust,--,,yes,0,,,not run for this control
Table 12 attacks,tab:attacks,Rotating attackers (every 10 rounds) / 0.2,Median,--,,yes,0,,,not run for this control
Table 12 attacks,tab:attacks,Rotating attackers (every 10 rounds) / 0.2,FedAvg,82.7$\pm$0.4,82.7±0.4,yes,5,FedAvg_s0_p0.2_R100_b5cb61332e;FedAvg_s1_p0.2_R100_dfe478eb34;FedAvg_s2_p0.2_R100_31cd2b23f2;FedAvg_s3_p0.2_R100_b293a38681;FedAvg_s4_p0.2_R100_4b59b36088,results_r02/attacks/final_FedAvg_s0_p0.2_R100_b5cb61332e.json;results_r02/attacks/final_FedAvg_s1_p0.2_R100_dfe478eb34.json;results_r02/attacks/final_FedAvg_s2_p0.2_R100_31cd2b23f2.json;results_r02/attacks/final_FedAvg_s3_p0.2_R100_b293a38681.json;results_r02/attacks/final_FedAvg_s4_p0.2_R100_4b59b36088.json,
Table 12 attacks,tab:attacks,Rotating attackers (every 10 rounds) / 0.4,DyF-ZTL-V,97.0$\pm$0.4,97.0±0.4,yes,5,DyF-ZTL-V_s0_p0.4_R100_960fa45392;DyF-ZTL-V_s1_p0.4_R100_0aa2fdbcf3;DyF-ZTL-V_s2_p0.4_R100_ec98218f3b;DyF-ZTL-V_s3_p0.4_R100_59dffb072e;DyF-ZTL-V_s4_p0.4_R100_ca7b3672c7,results_r02/attacks/final_DyF-ZTL-V_s0_p0.4_R100_960fa45392.json;results_r02/attacks/final_DyF-ZTL-V_s1_p0.4_R100_0aa2fdbcf3.json;results_r02/attacks/final_DyF-ZTL-V_s2_p0.4_R100_ec98218f3b.json;results_r02/attacks/final_DyF-ZTL-V_s3_p0.4_R100_59dffb072e.json;results_r02/attacks/final_DyF-ZTL-V_s4_p0.4_R100_ca7b3672c7.json,
Table 12 attacks,tab:attacks,Rotating attackers (every 10 rounds) / 0.4,FLTrust,95.9$\pm$0.3,95.9±0.3,yes,5,FLTrust_s0_p0.4_R100_17facf1611;FLTrust_s1_p0.4_R100_bb4997dbef;FLTrust_s2_p0.4_R100_3ec6620b00;FLTrust_s3_p0.4_R100_e65f11db77;FLTrust_s4_p0.4_R100_440c51bddf,results_r02/attacks/final_FLTrust_s0_p0.4_R100_17facf1611.json;results_r02/attacks/final_FLTrust_s1_p0.4_R100_bb4997dbef.json;results_r02/attacks/final_FLTrust_s2_p0.4_R100_3ec6620b00.json;results_r02/attacks/final_FLTrust_s3_p0.4_R100_e65f11db77.json;results_r02/attacks/final_FLTrust_s4_p0.4_R100_440c51bddf.json,
Table 12 attacks,tab:attacks,Rotating attackers (every 10 rounds) / 0.4,FuzzyFLTrust,--,,yes,0,,,not run for this control
Table 12 attacks,tab:attacks,Rotating attackers (every 10 rounds) / 0.4,Median,--,,yes,0,,,not run for this control
Table 12 attacks,tab:attacks,Rotating attackers (every 10 rounds) / 0.4,FedAvg,74.8$\pm$15.3,74.8±15.3,yes,5,FedAvg_s0_p0.4_R100_fafb32b4fd;FedAvg_s1_p0.4_R100_135df956a8;FedAvg_s2_p0.4_R100_c3e9731527;FedAvg_s3_p0.4_R100_a2e658d267;FedAvg_s4_p0.4_R100_6471174d61,results_r02/attacks/final_FedAvg_s0_p0.4_R100_fafb32b4fd.json;results_r02/attacks/final_FedAvg_s1_p0.4_R100_135df956a8.json;results_r02/attacks/final_FedAvg_s2_p0.4_R100_c3e9731527.json;results_r02/attacks/final_FedAvg_s3_p0.4_R100_a2e658d267.json;results_r02/attacks/final_FedAvg_s4_p0.4_R100_6471174d61.json,
Table 12 attacks,tab:attacks,Partial participation (10 of 20) / 0.2,DyF-ZTL-V,96.4$\pm$1.4,96.4±1.4,yes,5,DyF-ZTL-V_s0_p0.2_R100_506026e154;DyF-ZTL-V_s1_p0.2_R100_aa69493cad;DyF-ZTL-V_s2_p0.2_R100_b719869331;DyF-ZTL-V_s3_p0.2_R100_3738f78d65;DyF-ZTL-V_s4_p0.2_R100_42ea68065f,results_r02/attacks/final_DyF-ZTL-V_s0_p0.2_R100_506026e154.json;results_r02/attacks/final_DyF-ZTL-V_s1_p0.2_R100_aa69493cad.json;results_r02/attacks/final_DyF-ZTL-V_s2_p0.2_R100_b719869331.json;results_r02/attacks/final_DyF-ZTL-V_s3_p0.2_R100_3738f78d65.json;results_r02/attacks/final_DyF-ZTL-V_s4_p0.2_R100_42ea68065f.json,
Table 12 attacks,tab:attacks,Partial participation (10 of 20) / 0.2,FLTrust,96.0$\pm$0.3,96.0±0.3,yes,5,FLTrust_s0_p0.2_R100_3a44fc5383;FLTrust_s1_p0.2_R100_4988940d7e;FLTrust_s2_p0.2_R100_fba107b6bc;FLTrust_s3_p0.2_R100_e2fc363a6c;FLTrust_s4_p0.2_R100_ddfe023e7c,results_r02/attacks/final_FLTrust_s0_p0.2_R100_3a44fc5383.json;results_r02/attacks/final_FLTrust_s1_p0.2_R100_4988940d7e.json;results_r02/attacks/final_FLTrust_s2_p0.2_R100_fba107b6bc.json;results_r02/attacks/final_FLTrust_s3_p0.2_R100_e2fc363a6c.json;results_r02/attacks/final_FLTrust_s4_p0.2_R100_ddfe023e7c.json,
Table 12 attacks,tab:attacks,Partial participation (10 of 20) / 0.2,FuzzyFLTrust,--,,yes,0,,,not run for this control
Table 12 attacks,tab:attacks,Partial participation (10 of 20) / 0.2,Median,--,,yes,0,,,not run for this control
Table 12 attacks,tab:attacks,Partial participation (10 of 20) / 0.2,FedAvg,85.0$\pm$7.5,85.0±7.5,yes,5,FedAvg_s0_p0.2_R100_28217986b2;FedAvg_s1_p0.2_R100_ec7610e0eb;FedAvg_s2_p0.2_R100_daf7ad7fa1;FedAvg_s3_p0.2_R100_1cc868327c;FedAvg_s4_p0.2_R100_937bad8e60,results_r02/attacks/final_FedAvg_s0_p0.2_R100_28217986b2.json;results_r02/attacks/final_FedAvg_s1_p0.2_R100_ec7610e0eb.json;results_r02/attacks/final_FedAvg_s2_p0.2_R100_daf7ad7fa1.json;results_r02/attacks/final_FedAvg_s3_p0.2_R100_1cc868327c.json;results_r02/attacks/final_FedAvg_s4_p0.2_R100_937bad8e60.json,
Table 12 attacks,tab:attacks,Partial participation (10 of 20) / 0.4,DyF-ZTL-V,97.1$\pm$0.4,97.1±0.4,yes,5,DyF-ZTL-V_s0_p0.4_R100_04ac0912dc;DyF-ZTL-V_s1_p0.4_R100_ae0b707085;DyF-ZTL-V_s2_p0.4_R100_afddb7c15a;DyF-ZTL-V_s3_p0.4_R100_fe9b81157b;DyF-ZTL-V_s4_p0.4_R100_6888280b9a,results_r02/attacks/final_DyF-ZTL-V_s0_p0.4_R100_04ac0912dc.json;results_r02/attacks/final_DyF-ZTL-V_s1_p0.4_R100_ae0b707085.json;results_r02/attacks/final_DyF-ZTL-V_s2_p0.4_R100_afddb7c15a.json;results_r02/attacks/final_DyF-ZTL-V_s3_p0.4_R100_fe9b81157b.json;results_r02/attacks/final_DyF-ZTL-V_s4_p0.4_R100_6888280b9a.json,
Table 12 attacks,tab:attacks,Partial participation (10 of 20) / 0.4,FLTrust,96.0$\pm$0.3,96.0±0.3,yes,5,FLTrust_s0_p0.4_R100_c301d9f55d;FLTrust_s1_p0.4_R100_155803cfec;FLTrust_s2_p0.4_R100_4b38afbafe;FLTrust_s3_p0.4_R100_e38decbc1e;FLTrust_s4_p0.4_R100_aedf297ad1,results_r02/attacks/final_FLTrust_s0_p0.4_R100_c301d9f55d.json;results_r02/attacks/final_FLTrust_s1_p0.4_R100_155803cfec.json;results_r02/attacks/final_FLTrust_s2_p0.4_R100_4b38afbafe.json;results_r02/attacks/final_FLTrust_s3_p0.4_R100_e38decbc1e.json;results_r02/attacks/final_FLTrust_s4_p0.4_R100_aedf297ad1.json,
Table 12 attacks,tab:attacks,Partial participation (10 of 20) / 0.4,FuzzyFLTrust,--,,yes,0,,,not run for this control
Table 12 attacks,tab:attacks,Partial participation (10 of 20) / 0.4,Median,--,,yes,0,,,not run for this control
Table 12 attacks,tab:attacks,Partial participation (10 of 20) / 0.4,FedAvg,66.2$\pm$31.9,66.2±31.9,yes,5,FedAvg_s0_p0.4_R100_17ac38d6da;FedAvg_s1_p0.4_R100_bf6c66f9d0;FedAvg_s2_p0.4_R100_3e550e87b8;FedAvg_s3_p0.4_R100_4395e16d18;FedAvg_s4_p0.4_R100_b2044ff5e8,results_r02/attacks/final_FedAvg_s0_p0.4_R100_17ac38d6da.json;results_r02/attacks/final_FedAvg_s1_p0.4_R100_bf6c66f9d0.json;results_r02/attacks/final_FedAvg_s2_p0.4_R100_3e550e87b8.json;results_r02/attacks/final_FedAvg_s3_p0.4_R100_4395e16d18.json;results_r02/attacks/final_FedAvg_s4_p0.4_R100_b2044ff5e8.json,
Table 13 engine,tab:engine,DyF-ZTL-v1,Clean acc.,96.5$\pm$0.4,96.5±0.4,yes,10,DyF-ZTL-v1_s0_p0.0_R100_03d836afa7;DyF-ZTL-v1_s1_p0.0_R100_5bb99c99fc;DyF-ZTL-v1_s2_p0.0_R100_879fd9fbf9;DyF-ZTL-v1_s3_p0.0_R100_38831b5aa0;DyF-ZTL-v1_s4_p0.0_R100_edb115f3c1;DyF-ZTL-v1_s5_p0.0_R100_01dd5acff7;DyF-ZTL-v1_s6_p0.0_R100_53a8508d9a;DyF-ZTL-v1_s7_p0.0_R100_6486111f4f;DyF-ZTL-v1_s8_p0.0_R100_6f56c50223;DyF-ZTL-v1_s9_p0.0_R100_f0bbea3fba,results_r02/main/final_DyF-ZTL-v1_s0_p0.0_R100_03d836afa7.json;results_r02/main/final_DyF-ZTL-v1_s1_p0.0_R100_5bb99c99fc.json;results_r02/main/final_DyF-ZTL-v1_s2_p0.0_R100_879fd9fbf9.json;results_r02/main/final_DyF-ZTL-v1_s3_p0.0_R100_38831b5aa0.json;results_r02/main/final_DyF-ZTL-v1_s4_p0.0_R100_edb115f3c1.json;results_r02/main/final_DyF-ZTL-v1_s5_p0.0_R100_01dd5acff7.json;results_r02/main/final_DyF-ZTL-v1_s6_p0.0_R100_53a8508d9a.json;results_r02/main/final_DyF-ZTL-v1_s7_p0.0_R100_6486111f4f.json;results_r02/main/final_DyF-ZTL-v1_s8_p0.0_R100_6f56c50223.json;results_r02/main/final_DyF-ZTL-v1_s9_p0.0_R100_f0bbea3fba.json,
Table 13 engine,tab:engine,DyF-ZTL-v1,Cyclic 0.8 acc.,95.2$\pm$1.7 (10),95.2±1.7,yes,10,DyF-ZTL-v1_s0_p0.8_R100_bfa9111c72;DyF-ZTL-v1_s1_p0.8_R100_37816ae7d1;DyF-ZTL-v1_s2_p0.8_R100_479694898b;DyF-ZTL-v1_s3_p0.8_R100_ad71107ed9;DyF-ZTL-v1_s4_p0.8_R100_56336ad150;DyF-ZTL-v1_s5_p0.8_R100_852871b80d;DyF-ZTL-v1_s6_p0.8_R100_5e966240f1;DyF-ZTL-v1_s7_p0.8_R100_a747e4dffd;DyF-ZTL-v1_s8_p0.8_R100_e950e75624;DyF-ZTL-v1_s9_p0.8_R100_fb9e8ee6c3,results_r02/cyclic/final_DyF-ZTL-v1_s0_p0.8_R100_bfa9111c72.json;results_r02/cyclic/final_DyF-ZTL-v1_s1_p0.8_R100_37816ae7d1.json;results_r02/cyclic/final_DyF-ZTL-v1_s2_p0.8_R100_479694898b.json;results_r02/cyclic/final_DyF-ZTL-v1_s3_p0.8_R100_ad71107ed9.json;results_r02/cyclic/final_DyF-ZTL-v1_s4_p0.8_R100_56336ad150.json;results_r02/cyclic/final_DyF-ZTL-v1_s5_p0.8_R100_852871b80d.json;results_r02/cyclic/final_DyF-ZTL-v1_s6_p0.8_R100_5e966240f1.json;results_r02/cyclic/final_DyF-ZTL-v1_s7_p0.8_R100_a747e4dffd.json;results_r02/cyclic/final_DyF-ZTL-v1_s8_p0.8_R100_e950e75624.json;results_r02/cyclic/final_DyF-ZTL-v1_s9_p0.8_R100_fb9e8ee6c3.json,
Table 13 engine,tab:engine,DyF-ZTL-v1,Targeted 0.4 acc.,96.3$\pm$0.8 (5),96.3±0.8,yes,5,DyF-ZTL-v1_s0_p0.4_R100_29115d5f2d;DyF-ZTL-v1_s1_p0.4_R100_034527cc23;DyF-ZTL-v1_s2_p0.4_R100_7f8a0c5ce9;DyF-ZTL-v1_s3_p0.4_R100_9488f778f4;DyF-ZTL-v1_s4_p0.4_R100_f76945607c,results_r02/attacks/final_DyF-ZTL-v1_s0_p0.4_R100_29115d5f2d.json;results_r02/attacks/final_DyF-ZTL-v1_s1_p0.4_R100_034527cc23.json;results_r02/attacks/final_DyF-ZTL-v1_s2_p0.4_R100_7f8a0c5ce9.json;results_r02/attacks/final_DyF-ZTL-v1_s3_p0.4_R100_9488f778f4.json;results_r02/attacks/final_DyF-ZTL-v1_s4_p0.4_R100_f76945607c.json,
Table 13 engine,tab:engine,DyF-ZTL-v1,Boosted backd. 0.4 ASR,59$\pm$45 (5),59±45,yes,5,DyF-ZTL-v1_s0_p0.4_R100_8152147ceb;DyF-ZTL-v1_s1_p0.4_R100_27fe43cf0b;DyF-ZTL-v1_s2_p0.4_R100_4112846e5c;DyF-ZTL-v1_s3_p0.4_R100_90e8299bfd;DyF-ZTL-v1_s4_p0.4_R100_71d4964033,results_r02/attacks/final_DyF-ZTL-v1_s0_p0.4_R100_8152147ceb.json;results_r02/attacks/final_DyF-ZTL-v1_s1_p0.4_R100_27fe43cf0b.json;results_r02/attacks/final_DyF-ZTL-v1_s2_p0.4_R100_4112846e5c.json;results_r02/attacks/final_DyF-ZTL-v1_s3_p0.4_R100_90e8299bfd.json;results_r02/attacks/final_DyF-ZTL-v1_s4_p0.4_R100_71d4964033.json,
Table 13 engine,tab:engine,DyF-ZTL-v1,Backdoor 0.4 ASR,93$\pm$10 (5),93±10,yes,5,DyF-ZTL-v1_s0_p0.4_R100_e40b7c1774;DyF-ZTL-v1_s1_p0.4_R100_ac7716a12a;DyF-ZTL-v1_s2_p0.4_R100_7a34b7207c;DyF-ZTL-v1_s3_p0.4_R100_8a454349b0;DyF-ZTL-v1_s4_p0.4_R100_a5a2a2b9cd,results_r02/attacks/final_DyF-ZTL-v1_s0_p0.4_R100_e40b7c1774.json;results_r02/attacks/final_DyF-ZTL-v1_s1_p0.4_R100_ac7716a12a.json;results_r02/attacks/final_DyF-ZTL-v1_s2_p0.4_R100_7a34b7207c.json;results_r02/attacks/final_DyF-ZTL-v1_s3_p0.4_R100_8a454349b0.json;results_r02/attacks/final_DyF-ZTL-v1_s4_p0.4_R100_a5a2a2b9cd.json,
Table 13 engine,tab:engine,DyF-ZTL-v1,Adaptive backd. 0.4 ASR,6$\pm$6 (5),6±6,yes,5,DyF-ZTL-v1_s0_p0.4_R100_93a1984552;DyF-ZTL-v1_s1_p0.4_R100_9c17f9d445;DyF-ZTL-v1_s2_p0.4_R100_32e00ad68e;DyF-ZTL-v1_s3_p0.4_R100_4ad686d586;DyF-ZTL-v1_s4_p0.4_R100_f6f7aba81e,results_r02/attacks/final_DyF-ZTL-v1_s0_p0.4_R100_93a1984552.json;results_r02/attacks/final_DyF-ZTL-v1_s1_p0.4_R100_9c17f9d445.json;results_r02/attacks/final_DyF-ZTL-v1_s2_p0.4_R100_32e00ad68e.json;results_r02/attacks/final_DyF-ZTL-v1_s3_p0.4_R100_4ad686d586.json;results_r02/attacks/final_DyF-ZTL-v1_s4_p0.4_R100_f6f7aba81e.json,
Table 13 engine,tab:engine,DyF-ZTL-v1,Honest rej. clean,22.0$\pm$8.8,22.0±8.8,yes,10,DyF-ZTL-v1_s0_p0.0_R100_03d836afa7;DyF-ZTL-v1_s1_p0.0_R100_5bb99c99fc;DyF-ZTL-v1_s2_p0.0_R100_879fd9fbf9;DyF-ZTL-v1_s3_p0.0_R100_38831b5aa0;DyF-ZTL-v1_s4_p0.0_R100_edb115f3c1;DyF-ZTL-v1_s5_p0.0_R100_01dd5acff7;DyF-ZTL-v1_s6_p0.0_R100_53a8508d9a;DyF-ZTL-v1_s7_p0.0_R100_6486111f4f;DyF-ZTL-v1_s8_p0.0_R100_6f56c50223;DyF-ZTL-v1_s9_p0.0_R100_f0bbea3fba,results_r02/main/decisions_DyF-ZTL-v1_s0_p0.0_R100_03d836afa7.csv;results_r02/main/decisions_DyF-ZTL-v1_s1_p0.0_R100_5bb99c99fc.csv;results_r02/main/decisions_DyF-ZTL-v1_s2_p0.0_R100_879fd9fbf9.csv;results_r02/main/decisions_DyF-ZTL-v1_s3_p0.0_R100_38831b5aa0.csv;results_r02/main/decisions_DyF-ZTL-v1_s4_p0.0_R100_edb115f3c1.csv;results_r02/main/decisions_DyF-ZTL-v1_s5_p0.0_R100_01dd5acff7.csv;results_r02/main/decisions_DyF-ZTL-v1_s6_p0.0_R100_53a8508d9a.csv;results_r02/main/decisions_DyF-ZTL-v1_s7_p0.0_R100_6486111f4f.csv;results_r02/main/decisions_DyF-ZTL-v1_s8_p0.0_R100_6f56c50223.csv;results_r02/main/decisions_DyF-ZTL-v1_s9_p0.0_R100_f0bbea3fba.csv,rounds after the grace period (3)
Table 13 engine,tab:engine,DyF-ZTL,Clean acc.,96.7$\pm$0.5,96.7±0.5,yes,10,DyF-ZTL_s0_p0.0_R100_8d69adcc2f;DyF-ZTL_s1_p0.0_R100_19d747751c;DyF-ZTL_s2_p0.0_R100_a112a0f228;DyF-ZTL_s3_p0.0_R100_ee281138ba;DyF-ZTL_s4_p0.0_R100_74ac82c1c4;DyF-ZTL_s5_p0.0_R100_2baac5ec06;DyF-ZTL_s6_p0.0_R100_fa4d245bf4;DyF-ZTL_s7_p0.0_R100_ede452cda6;DyF-ZTL_s8_p0.0_R100_4c2174e9a6;DyF-ZTL_s9_p0.0_R100_bdf3781ff5,results_r02/main/final_DyF-ZTL_s0_p0.0_R100_8d69adcc2f.json;results_r02/main/final_DyF-ZTL_s1_p0.0_R100_19d747751c.json;results_r02/main/final_DyF-ZTL_s2_p0.0_R100_a112a0f228.json;results_r02/main/final_DyF-ZTL_s3_p0.0_R100_ee281138ba.json;results_r02/main/final_DyF-ZTL_s4_p0.0_R100_74ac82c1c4.json;results_r02/main/final_DyF-ZTL_s5_p0.0_R100_2baac5ec06.json;results_r02/main/final_DyF-ZTL_s6_p0.0_R100_fa4d245bf4.json;results_r02/main/final_DyF-ZTL_s7_p0.0_R100_ede452cda6.json;results_r02/main/final_DyF-ZTL_s8_p0.0_R100_4c2174e9a6.json;results_r02/main/final_DyF-ZTL_s9_p0.0_R100_bdf3781ff5.json,
Table 13 engine,tab:engine,DyF-ZTL,Cyclic 0.8 acc.,53.1$\pm$59.6 (2),53.1±59.6,yes,2,DyF-ZTL_s0_p0.8_R100_a9afda09c8;DyF-ZTL_s1_p0.8_R100_a915a74969,results_r02/cyclic/final_DyF-ZTL_s0_p0.8_R100_a9afda09c8.json;results_r02/cyclic/final_DyF-ZTL_s1_p0.8_R100_a915a74969.json,
Table 13 engine,tab:engine,DyF-ZTL,Targeted 0.4 acc.,90.7$\pm$8.1 (2),90.7±8.1,yes,2,DyF-ZTL_s0_p0.4_R100_9c44787e97;DyF-ZTL_s1_p0.4_R100_c9363bfb0f,results_r02/attacks/final_DyF-ZTL_s0_p0.4_R100_9c44787e97.json;results_r02/attacks/final_DyF-ZTL_s1_p0.4_R100_c9363bfb0f.json,
Table 13 engine,tab:engine,DyF-ZTL,Boosted backd. 0.4 ASR,1 (1),1,yes,1,DyF-ZTL_s0_p0.4_R100_a353377d5b,results_r02/attacks/final_DyF-ZTL_s0_p0.4_R100_a353377d5b.json,
Table 13 engine,tab:engine,DyF-ZTL,Backdoor 0.4 ASR,73$\pm$38 (2),73±38,yes,2,DyF-ZTL_s0_p0.4_R100_b490233195;DyF-ZTL_s1_p0.4_R100_f5c426d2d7,results_r02/attacks/final_DyF-ZTL_s0_p0.4_R100_b490233195.json;results_r02/attacks/final_DyF-ZTL_s1_p0.4_R100_f5c426d2d7.json,
Table 13 engine,tab:engine,DyF-ZTL,Adaptive backd. 0.4 ASR,25 (1),25,yes,1,DyF-ZTL_s0_p0.4_R100_5d719cf7e4,results_r02/attacks/final_DyF-ZTL_s0_p0.4_R100_5d719cf7e4.json,
Table 13 engine,tab:engine,DyF-ZTL,Honest rej. clean,7.4$\pm$5.1,7.4±5.1,yes,10,DyF-ZTL_s0_p0.0_R100_8d69adcc2f;DyF-ZTL_s1_p0.0_R100_19d747751c;DyF-ZTL_s2_p0.0_R100_a112a0f228;DyF-ZTL_s3_p0.0_R100_ee281138ba;DyF-ZTL_s4_p0.0_R100_74ac82c1c4;DyF-ZTL_s5_p0.0_R100_2baac5ec06;DyF-ZTL_s6_p0.0_R100_fa4d245bf4;DyF-ZTL_s7_p0.0_R100_ede452cda6;DyF-ZTL_s8_p0.0_R100_4c2174e9a6;DyF-ZTL_s9_p0.0_R100_bdf3781ff5,results_r02/main/decisions_DyF-ZTL_s0_p0.0_R100_8d69adcc2f.csv;results_r02/main/decisions_DyF-ZTL_s1_p0.0_R100_19d747751c.csv;results_r02/main/decisions_DyF-ZTL_s2_p0.0_R100_a112a0f228.csv;results_r02/main/decisions_DyF-ZTL_s3_p0.0_R100_ee281138ba.csv;results_r02/main/decisions_DyF-ZTL_s4_p0.0_R100_74ac82c1c4.csv;results_r02/main/decisions_DyF-ZTL_s5_p0.0_R100_2baac5ec06.csv;results_r02/main/decisions_DyF-ZTL_s6_p0.0_R100_fa4d245bf4.csv;results_r02/main/decisions_DyF-ZTL_s7_p0.0_R100_ede452cda6.csv;results_r02/main/decisions_DyF-ZTL_s8_p0.0_R100_4c2174e9a6.csv;results_r02/main/decisions_DyF-ZTL_s9_p0.0_R100_bdf3781ff5.csv,rounds after the grace period (0)
Table 13 engine,tab:engine,DyF-ZTL-R,Clean acc.,96.8$\pm$0.4,96.8±0.4,yes,10,DyF-ZTL-R_s0_p0.0_R100_ceac88dc72;DyF-ZTL-R_s1_p0.0_R100_42153721b2;DyF-ZTL-R_s2_p0.0_R100_af97d63a9b;DyF-ZTL-R_s3_p0.0_R100_e08164275a;DyF-ZTL-R_s4_p0.0_R100_b7cd0b378c;DyF-ZTL-R_s5_p0.0_R100_cfb9c6d4c6;DyF-ZTL-R_s6_p0.0_R100_6f4dbc29cf;DyF-ZTL-R_s7_p0.0_R100_126df9504b;DyF-ZTL-R_s8_p0.0_R100_112723bae9;DyF-ZTL-R_s9_p0.0_R100_b1f636cb8c,results_r02/main/final_DyF-ZTL-R_s0_p0.0_R100_ceac88dc72.json;results_r02/main/final_DyF-ZTL-R_s1_p0.0_R100_42153721b2.json;results_r02/main/final_DyF-ZTL-R_s2_p0.0_R100_af97d63a9b.json;results_r02/main/final_DyF-ZTL-R_s3_p0.0_R100_e08164275a.json;results_r02/main/final_DyF-ZTL-R_s4_p0.0_R100_b7cd0b378c.json;results_r02/main/final_DyF-ZTL-R_s5_p0.0_R100_cfb9c6d4c6.json;results_r02/main/final_DyF-ZTL-R_s6_p0.0_R100_6f4dbc29cf.json;results_r02/main/final_DyF-ZTL-R_s7_p0.0_R100_126df9504b.json;results_r02/main/final_DyF-ZTL-R_s8_p0.0_R100_112723bae9.json;results_r02/main/final_DyF-ZTL-R_s9_p0.0_R100_b1f636cb8c.json,
Table 13 engine,tab:engine,DyF-ZTL-R,Cyclic 0.8 acc.,95.7$\pm$1.1 (4),95.7±1.1,yes,4,DyF-ZTL-R_s0_p0.8_R100_fbb871aa21;DyF-ZTL-R_s1_p0.8_R100_38d8844ab3;DyF-ZTL-R_s2_p0.8_R100_a28445d55a;DyF-ZTL-R_s3_p0.8_R100_b1037104d0,results_r02/cyclic/final_DyF-ZTL-R_s0_p0.8_R100_fbb871aa21.json;results_r02/cyclic/final_DyF-ZTL-R_s1_p0.8_R100_38d8844ab3.json;results_r02/cyclic/final_DyF-ZTL-R_s2_p0.8_R100_a28445d55a.json;results_r02/cyclic/final_DyF-ZTL-R_s3_p0.8_R100_b1037104d0.json,
Table 13 engine,tab:engine,DyF-ZTL-R,Targeted 0.4 acc.,96.0$\pm$1.4 (3),96.0±1.4,yes,3,DyF-ZTL-R_s0_p0.4_R100_713385ffe8;DyF-ZTL-R_s1_p0.4_R100_bbd51ef43d;DyF-ZTL-R_s2_p0.4_R100_99e5276061,results_r02/attacks/final_DyF-ZTL-R_s0_p0.4_R100_713385ffe8.json;results_r02/attacks/final_DyF-ZTL-R_s1_p0.4_R100_bbd51ef43d.json;results_r02/attacks/final_DyF-ZTL-R_s2_p0.4_R100_99e5276061.json,
Table 13 engine,tab:engine,DyF-ZTL-R,Boosted backd. 0.4 ASR,2$\pm$1 (3),2±1,yes,3,DyF-ZTL-R_s0_p0.4_R100_776f623383;DyF-ZTL-R_s1_p0.4_R100_ffdbfd8800;DyF-ZTL-R_s2_p0.4_R100_ee56b365f1,results_r02/attacks/final_DyF-ZTL-R_s0_p0.4_R100_776f623383.json;results_r02/attacks/final_DyF-ZTL-R_s1_p0.4_R100_ffdbfd8800.json;results_r02/attacks/final_DyF-ZTL-R_s2_p0.4_R100_ee56b365f1.json,
Table 13 engine,tab:engine,DyF-ZTL-R,Backdoor 0.4 ASR,68$\pm$29 (3),68±29,yes,3,DyF-ZTL-R_s0_p0.4_R100_6db17d5caf;DyF-ZTL-R_s1_p0.4_R100_8f06108670;DyF-ZTL-R_s2_p0.4_R100_f6143727c3,results_r02/attacks/final_DyF-ZTL-R_s0_p0.4_R100_6db17d5caf.json;results_r02/attacks/final_DyF-ZTL-R_s1_p0.4_R100_8f06108670.json;results_r02/attacks/final_DyF-ZTL-R_s2_p0.4_R100_f6143727c3.json,
Table 13 engine,tab:engine,DyF-ZTL-R,Adaptive backd. 0.4 ASR,6$\pm$3 (3),6±3,yes,3,DyF-ZTL-R_s0_p0.4_R100_46355a15ba;DyF-ZTL-R_s1_p0.4_R100_e10470e6f8;DyF-ZTL-R_s2_p0.4_R100_53991bbe13,results_r02/attacks/final_DyF-ZTL-R_s0_p0.4_R100_46355a15ba.json;results_r02/attacks/final_DyF-ZTL-R_s1_p0.4_R100_e10470e6f8.json;results_r02/attacks/final_DyF-ZTL-R_s2_p0.4_R100_53991bbe13.json,
Table 13 engine,tab:engine,DyF-ZTL-R,Honest rej. clean,9.1$\pm$3.1,9.1±3.1,yes,10,DyF-ZTL-R_s0_p0.0_R100_ceac88dc72;DyF-ZTL-R_s1_p0.0_R100_42153721b2;DyF-ZTL-R_s2_p0.0_R100_af97d63a9b;DyF-ZTL-R_s3_p0.0_R100_e08164275a;DyF-ZTL-R_s4_p0.0_R100_b7cd0b378c;DyF-ZTL-R_s5_p0.0_R100_cfb9c6d4c6;DyF-ZTL-R_s6_p0.0_R100_6f4dbc29cf;DyF-ZTL-R_s7_p0.0_R100_126df9504b;DyF-ZTL-R_s8_p0.0_R100_112723bae9;DyF-ZTL-R_s9_p0.0_R100_b1f636cb8c,results_r02/main/decisions_DyF-ZTL-R_s0_p0.0_R100_ceac88dc72.csv;results_r02/main/decisions_DyF-ZTL-R_s1_p0.0_R100_42153721b2.csv;results_r02/main/decisions_DyF-ZTL-R_s2_p0.0_R100_af97d63a9b.csv;results_r02/main/decisions_DyF-ZTL-R_s3_p0.0_R100_e08164275a.csv;results_r02/main/decisions_DyF-ZTL-R_s4_p0.0_R100_b7cd0b378c.csv;results_r02/main/decisions_DyF-ZTL-R_s5_p0.0_R100_cfb9c6d4c6.csv;results_r02/main/decisions_DyF-ZTL-R_s6_p0.0_R100_6f4dbc29cf.csv;results_r02/main/decisions_DyF-ZTL-R_s7_p0.0_R100_126df9504b.csv;results_r02/main/decisions_DyF-ZTL-R_s8_p0.0_R100_112723bae9.csv;results_r02/main/decisions_DyF-ZTL-R_s9_p0.0_R100_b1f636cb8c.csv,rounds after the grace period (0)
Table 13 engine,tab:engine,DyF-ZTL-V,Clean acc.,96.9$\pm$0.5,96.9±0.5,yes,10,DyF-ZTL-V_s0_p0.0_R100_80bf0e9a50;DyF-ZTL-V_s1_p0.0_R100_749ae4dd2f;DyF-ZTL-V_s2_p0.0_R100_51acb3fbbb;DyF-ZTL-V_s3_p0.0_R100_c5ab1537e6;DyF-ZTL-V_s4_p0.0_R100_637d44f118;DyF-ZTL-V_s5_p0.0_R100_5b42d47528;DyF-ZTL-V_s6_p0.0_R100_4647357bee;DyF-ZTL-V_s7_p0.0_R100_42bec17b54;DyF-ZTL-V_s8_p0.0_R100_360545a5f2;DyF-ZTL-V_s9_p0.0_R100_c38dc802e2,results_r02/main/final_DyF-ZTL-V_s0_p0.0_R100_80bf0e9a50.json;results_r02/main/final_DyF-ZTL-V_s1_p0.0_R100_749ae4dd2f.json;results_r02/main/final_DyF-ZTL-V_s2_p0.0_R100_51acb3fbbb.json;results_r02/main/final_DyF-ZTL-V_s3_p0.0_R100_c5ab1537e6.json;results_r02/main/final_DyF-ZTL-V_s4_p0.0_R100_637d44f118.json;results_r02/main/final_DyF-ZTL-V_s5_p0.0_R100_5b42d47528.json;results_r02/main/final_DyF-ZTL-V_s6_p0.0_R100_4647357bee.json;results_r02/main/final_DyF-ZTL-V_s7_p0.0_R100_42bec17b54.json;results_r02/main/final_DyF-ZTL-V_s8_p0.0_R100_360545a5f2.json;results_r02/main/final_DyF-ZTL-V_s9_p0.0_R100_c38dc802e2.json,
Table 13 engine,tab:engine,DyF-ZTL-V,Cyclic 0.8 acc.,96.4$\pm$0.9 (10),96.4±0.9,yes,10,DyF-ZTL-V_s0_p0.8_R100_91b47bcdf3;DyF-ZTL-V_s1_p0.8_R100_0332ae189d;DyF-ZTL-V_s2_p0.8_R100_e541573b8d;DyF-ZTL-V_s3_p0.8_R100_6a5f9ecbf8;DyF-ZTL-V_s4_p0.8_R100_bcba43729f;DyF-ZTL-V_s5_p0.8_R100_ff8c600623;DyF-ZTL-V_s6_p0.8_R100_4f0154a083;DyF-ZTL-V_s7_p0.8_R100_cc80b61264;DyF-ZTL-V_s8_p0.8_R100_9f8a26688c;DyF-ZTL-V_s9_p0.8_R100_98056892a2,results_r02/cyclic/final_DyF-ZTL-V_s0_p0.8_R100_91b47bcdf3.json;results_r02/cyclic/final_DyF-ZTL-V_s1_p0.8_R100_0332ae189d.json;results_r02/cyclic/final_DyF-ZTL-V_s2_p0.8_R100_e541573b8d.json;results_r02/cyclic/final_DyF-ZTL-V_s3_p0.8_R100_6a5f9ecbf8.json;results_r02/cyclic/final_DyF-ZTL-V_s4_p0.8_R100_bcba43729f.json;results_r02/cyclic/final_DyF-ZTL-V_s5_p0.8_R100_ff8c600623.json;results_r02/cyclic/final_DyF-ZTL-V_s6_p0.8_R100_4f0154a083.json;results_r02/cyclic/final_DyF-ZTL-V_s7_p0.8_R100_cc80b61264.json;results_r02/cyclic/final_DyF-ZTL-V_s8_p0.8_R100_9f8a26688c.json;results_r02/cyclic/final_DyF-ZTL-V_s9_p0.8_R100_98056892a2.json,
Table 13 engine,tab:engine,DyF-ZTL-V,Targeted 0.4 acc.,96.3$\pm$1.3 (5),96.3±1.3,yes,5,DyF-ZTL-V_s0_p0.4_R100_299eb8d982;DyF-ZTL-V_s1_p0.4_R100_30e825511a;DyF-ZTL-V_s2_p0.4_R100_7ba2066474;DyF-ZTL-V_s3_p0.4_R100_db91ea58a2;DyF-ZTL-V_s4_p0.4_R100_e59b77580e,results_r02/attacks/final_DyF-ZTL-V_s0_p0.4_R100_299eb8d982.json;results_r02/attacks/final_DyF-ZTL-V_s1_p0.4_R100_30e825511a.json;results_r02/attacks/final_DyF-ZTL-V_s2_p0.4_R100_7ba2066474.json;results_r02/attacks/final_DyF-ZTL-V_s3_p0.4_R100_db91ea58a2.json;results_r02/attacks/final_DyF-ZTL-V_s4_p0.4_R100_e59b77580e.json,
Table 13 engine,tab:engine,DyF-ZTL-V,Boosted backd. 0.4 ASR,2$\pm$3 (5),2±3,yes,5,DyF-ZTL-V_s0_p0.4_R100_77ef919e08;DyF-ZTL-V_s1_p0.4_R100_6cdedee99f;DyF-ZTL-V_s2_p0.4_R100_a9dc4fe049;DyF-ZTL-V_s3_p0.4_R100_527172babf;DyF-ZTL-V_s4_p0.4_R100_4be5592645,results_r02/attacks/final_DyF-ZTL-V_s0_p0.4_R100_77ef919e08.json;results_r02/attacks/final_DyF-ZTL-V_s1_p0.4_R100_6cdedee99f.json;results_r02/attacks/final_DyF-ZTL-V_s2_p0.4_R100_a9dc4fe049.json;results_r02/attacks/final_DyF-ZTL-V_s3_p0.4_R100_527172babf.json;results_r02/attacks/final_DyF-ZTL-V_s4_p0.4_R100_4be5592645.json,
Table 13 engine,tab:engine,DyF-ZTL-V,Backdoor 0.4 ASR,88$\pm$14 (5),88±14,yes,5,DyF-ZTL-V_s0_p0.4_R100_9bde105592;DyF-ZTL-V_s1_p0.4_R100_73b955d3f3;DyF-ZTL-V_s2_p0.4_R100_d2a556b942;DyF-ZTL-V_s3_p0.4_R100_fb1f77760b;DyF-ZTL-V_s4_p0.4_R100_9b6aa5e191,results_r02/attacks/final_DyF-ZTL-V_s0_p0.4_R100_9bde105592.json;results_r02/attacks/final_DyF-ZTL-V_s1_p0.4_R100_73b955d3f3.json;results_r02/attacks/final_DyF-ZTL-V_s2_p0.4_R100_d2a556b942.json;results_r02/attacks/final_DyF-ZTL-V_s3_p0.4_R100_fb1f77760b.json;results_r02/attacks/final_DyF-ZTL-V_s4_p0.4_R100_9b6aa5e191.json,
Table 13 engine,tab:engine,DyF-ZTL-V,Adaptive backd. 0.4 ASR,9$\pm$3 (5),9±3,yes,5,DyF-ZTL-V_s0_p0.4_R100_770e03a489;DyF-ZTL-V_s1_p0.4_R100_d9211ad805;DyF-ZTL-V_s2_p0.4_R100_5922a5dfbd;DyF-ZTL-V_s3_p0.4_R100_b15cfec7c6;DyF-ZTL-V_s4_p0.4_R100_2b16f425f4,results_r02/attacks/final_DyF-ZTL-V_s0_p0.4_R100_770e03a489.json;results_r02/attacks/final_DyF-ZTL-V_s1_p0.4_R100_d9211ad805.json;results_r02/attacks/final_DyF-ZTL-V_s2_p0.4_R100_5922a5dfbd.json;results_r02/attacks/final_DyF-ZTL-V_s3_p0.4_R100_b15cfec7c6.json;results_r02/attacks/final_DyF-ZTL-V_s4_p0.4_R100_2b16f425f4.json,
Table 13 engine,tab:engine,DyF-ZTL-V,Honest rej. clean,11.3$\pm$3.1,11.3±3.1,yes,10,DyF-ZTL-V_s0_p0.0_R100_80bf0e9a50;DyF-ZTL-V_s1_p0.0_R100_749ae4dd2f;DyF-ZTL-V_s2_p0.0_R100_51acb3fbbb;DyF-ZTL-V_s3_p0.0_R100_c5ab1537e6;DyF-ZTL-V_s4_p0.0_R100_637d44f118;DyF-ZTL-V_s5_p0.0_R100_5b42d47528;DyF-ZTL-V_s6_p0.0_R100_4647357bee;DyF-ZTL-V_s7_p0.0_R100_42bec17b54;DyF-ZTL-V_s8_p0.0_R100_360545a5f2;DyF-ZTL-V_s9_p0.0_R100_c38dc802e2,results_r02/main/decisions_DyF-ZTL-V_s0_p0.0_R100_80bf0e9a50.csv;results_r02/main/decisions_DyF-ZTL-V_s1_p0.0_R100_749ae4dd2f.csv;results_r02/main/decisions_DyF-ZTL-V_s2_p0.0_R100_51acb3fbbb.csv;results_r02/main/decisions_DyF-ZTL-V_s3_p0.0_R100_c5ab1537e6.csv;results_r02/main/decisions_DyF-ZTL-V_s4_p0.0_R100_637d44f118.csv;results_r02/main/decisions_DyF-ZTL-V_s5_p0.0_R100_5b42d47528.csv;results_r02/main/decisions_DyF-ZTL-V_s6_p0.0_R100_4647357bee.csv;results_r02/main/decisions_DyF-ZTL-V_s7_p0.0_R100_42bec17b54.csv;results_r02/main/decisions_DyF-ZTL-V_s8_p0.0_R100_360545a5f2.csv;results_r02/main/decisions_DyF-ZTL-V_s9_p0.0_R100_c38dc802e2.csv,rounds after the grace period (0)
Table 13 engine,tab:engine,DyF-ZTL-V-F,Clean acc.,--,,yes,0,,,
Table 13 engine,tab:engine,DyF-ZTL-V-F,Cyclic 0.8 acc.,--,,yes,0,,,
Table 13 engine,tab:engine,DyF-ZTL-V-F,Targeted 0.4 acc.,96.1$\pm$1.6 (5),96.1±1.6,yes,5,DyF-ZTL-V-F_s0_p0.4_R100_687922768f;DyF-ZTL-V-F_s1_p0.4_R100_e7af16d7aa;DyF-ZTL-V-F_s2_p0.4_R100_9ea38f9daf;DyF-ZTL-V-F_s3_p0.4_R100_89182eff43;DyF-ZTL-V-F_s4_p0.4_R100_937fccb159,results_r02/attacks/final_DyF-ZTL-V-F_s0_p0.4_R100_687922768f.json;results_r02/attacks/final_DyF-ZTL-V-F_s1_p0.4_R100_e7af16d7aa.json;results_r02/attacks/final_DyF-ZTL-V-F_s2_p0.4_R100_9ea38f9daf.json;results_r02/attacks/final_DyF-ZTL-V-F_s3_p0.4_R100_89182eff43.json;results_r02/attacks/final_DyF-ZTL-V-F_s4_p0.4_R100_937fccb159.json,
Table 13 engine,tab:engine,DyF-ZTL-V-F,Boosted backd. 0.4 ASR,3$\pm$4 (5),3±4,yes,5,DyF-ZTL-V-F_s0_p0.4_R100_6d5bdb3472;DyF-ZTL-V-F_s1_p0.4_R100_27a6048943;DyF-ZTL-V-F_s2_p0.4_R100_3ae4cd1a0e;DyF-ZTL-V-F_s3_p0.4_R100_569c6fd3ef;DyF-ZTL-V-F_s4_p0.4_R100_275a3b56ed,results_r02/attacks/final_DyF-ZTL-V-F_s0_p0.4_R100_6d5bdb3472.json;results_r02/attacks/final_DyF-ZTL-V-F_s1_p0.4_R100_27a6048943.json;results_r02/attacks/final_DyF-ZTL-V-F_s2_p0.4_R100_3ae4cd1a0e.json;results_r02/attacks/final_DyF-ZTL-V-F_s3_p0.4_R100_569c6fd3ef.json;results_r02/attacks/final_DyF-ZTL-V-F_s4_p0.4_R100_275a3b56ed.json,
Table 13 engine,tab:engine,DyF-ZTL-V-F,Backdoor 0.4 ASR,74$\pm$23 (5),74±23,yes,5,DyF-ZTL-V-F_s0_p0.4_R100_29fe605582;DyF-ZTL-V-F_s1_p0.4_R100_86d87e2a98;DyF-ZTL-V-F_s2_p0.4_R100_f3157bec8f;DyF-ZTL-V-F_s3_p0.4_R100_46d07504af;DyF-ZTL-V-F_s4_p0.4_R100_8787f00111,results_r02/attacks/final_DyF-ZTL-V-F_s0_p0.4_R100_29fe605582.json;results_r02/attacks/final_DyF-ZTL-V-F_s1_p0.4_R100_86d87e2a98.json;results_r02/attacks/final_DyF-ZTL-V-F_s2_p0.4_R100_f3157bec8f.json;results_r02/attacks/final_DyF-ZTL-V-F_s3_p0.4_R100_46d07504af.json;results_r02/attacks/final_DyF-ZTL-V-F_s4_p0.4_R100_8787f00111.json,
Table 13 engine,tab:engine,DyF-ZTL-V-F,Adaptive backd. 0.4 ASR,8$\pm$5 (5),8±5,yes,5,DyF-ZTL-V-F_s0_p0.4_R100_a3998a2932;DyF-ZTL-V-F_s1_p0.4_R100_58b140eda9;DyF-ZTL-V-F_s2_p0.4_R100_89981891be;DyF-ZTL-V-F_s3_p0.4_R100_867caaa88c;DyF-ZTL-V-F_s4_p0.4_R100_c04e759cb6,results_r02/attacks/final_DyF-ZTL-V-F_s0_p0.4_R100_a3998a2932.json;results_r02/attacks/final_DyF-ZTL-V-F_s1_p0.4_R100_58b140eda9.json;results_r02/attacks/final_DyF-ZTL-V-F_s2_p0.4_R100_89981891be.json;results_r02/attacks/final_DyF-ZTL-V-F_s3_p0.4_R100_867caaa88c.json;results_r02/attacks/final_DyF-ZTL-V-F_s4_p0.4_R100_c04e759cb6.json,
Table 13 engine,tab:engine,DyF-ZTL-V-G,Clean acc.,--,,yes,0,,,
Table 13 engine,tab:engine,DyF-ZTL-V-G,Cyclic 0.8 acc.,--,,yes,0,,,
Table 13 engine,tab:engine,DyF-ZTL-V-G,Targeted 0.4 acc.,86.9$\pm$7.4 (5),86.9±7.4,yes,5,DyF-ZTL-V-G_s0_p0.4_R100_051905a339;DyF-ZTL-V-G_s1_p0.4_R100_24b69939f1;DyF-ZTL-V-G_s2_p0.4_R100_4619e6e10a;DyF-ZTL-V-G_s3_p0.4_R100_083f8f28ed;DyF-ZTL-V-G_s4_p0.4_R100_8da72ae165,results_r02/attacks/final_DyF-ZTL-V-G_s0_p0.4_R100_051905a339.json;results_r02/attacks/final_DyF-ZTL-V-G_s1_p0.4_R100_24b69939f1.json;results_r02/attacks/final_DyF-ZTL-V-G_s2_p0.4_R100_4619e6e10a.json;results_r02/attacks/final_DyF-ZTL-V-G_s3_p0.4_R100_083f8f28ed.json;results_r02/attacks/final_DyF-ZTL-V-G_s4_p0.4_R100_8da72ae165.json,
Table 13 engine,tab:engine,DyF-ZTL-V-G,Boosted backd. 0.4 ASR,46$\pm$38 (5),46±38,yes,5,DyF-ZTL-V-G_s0_p0.4_R100_0f47733fd1;DyF-ZTL-V-G_s1_p0.4_R100_f0757d2736;DyF-ZTL-V-G_s2_p0.4_R100_a0c786abc3;DyF-ZTL-V-G_s3_p0.4_R100_5fdd9901a2;DyF-ZTL-V-G_s4_p0.4_R100_94ef130760,results_r02/attacks/final_DyF-ZTL-V-G_s0_p0.4_R100_0f47733fd1.json;results_r02/attacks/final_DyF-ZTL-V-G_s1_p0.4_R100_f0757d2736.json;results_r02/attacks/final_DyF-ZTL-V-G_s2_p0.4_R100_a0c786abc3.json;results_r02/attacks/final_DyF-ZTL-V-G_s3_p0.4_R100_5fdd9901a2.json;results_r02/attacks/final_DyF-ZTL-V-G_s4_p0.4_R100_94ef130760.json,
Table 13 engine,tab:engine,DyF-ZTL-V-G,Backdoor 0.4 ASR,80$\pm$21 (5),80±21,yes,5,DyF-ZTL-V-G_s0_p0.4_R100_c3119b3f1b;DyF-ZTL-V-G_s1_p0.4_R100_c1bcc9175f;DyF-ZTL-V-G_s2_p0.4_R100_1dbf8aa63d;DyF-ZTL-V-G_s3_p0.4_R100_450455170a;DyF-ZTL-V-G_s4_p0.4_R100_4ce9d85fd5,results_r02/attacks/final_DyF-ZTL-V-G_s0_p0.4_R100_c3119b3f1b.json;results_r02/attacks/final_DyF-ZTL-V-G_s1_p0.4_R100_c1bcc9175f.json;results_r02/attacks/final_DyF-ZTL-V-G_s2_p0.4_R100_1dbf8aa63d.json;results_r02/attacks/final_DyF-ZTL-V-G_s3_p0.4_R100_450455170a.json;results_r02/attacks/final_DyF-ZTL-V-G_s4_p0.4_R100_4ce9d85fd5.json,
Table 13 engine,tab:engine,DyF-ZTL-V-G,Adaptive backd. 0.4 ASR,15$\pm$8 (5),15±8,yes,5,DyF-ZTL-V-G_s0_p0.4_R100_af37ec02d1;DyF-ZTL-V-G_s1_p0.4_R100_c448bd3d34;DyF-ZTL-V-G_s2_p0.4_R100_b6f474cf90;DyF-ZTL-V-G_s3_p0.4_R100_754e84dbd2;DyF-ZTL-V-G_s4_p0.4_R100_4fe4931841,results_r02/attacks/final_DyF-ZTL-V-G_s0_p0.4_R100_af37ec02d1.json;results_r02/attacks/final_DyF-ZTL-V-G_s1_p0.4_R100_c448bd3d34.json;results_r02/attacks/final_DyF-ZTL-V-G_s2_p0.4_R100_b6f474cf90.json;results_r02/attacks/final_DyF-ZTL-V-G_s3_p0.4_R100_754e84dbd2.json;results_r02/attacks/final_DyF-ZTL-V-G_s4_p0.4_R100_4fe4931841.json,
Table 13 engine,tab:engine,DeepTrust-V,Clean acc.,95.4$\pm$0.8,95.4±0.8,yes,10,DeepTrust-V_s0_p0.0_R100_1af7ea1705;DeepTrust-V_s1_p0.0_R100_90115100f7;DeepTrust-V_s2_p0.0_R100_bdfed71442;DeepTrust-V_s3_p0.0_R100_822bfee19b;DeepTrust-V_s4_p0.0_R100_bceeac34f2;DeepTrust-V_s5_p0.0_R100_d8e700b5de;DeepTrust-V_s6_p0.0_R100_51bc0d7735;DeepTrust-V_s7_p0.0_R100_cb13444200;DeepTrust-V_s8_p0.0_R100_84f5be35d9;DeepTrust-V_s9_p0.0_R100_e287a3d0b7,results_r02/main/final_DeepTrust-V_s0_p0.0_R100_1af7ea1705.json;results_r02/main/final_DeepTrust-V_s1_p0.0_R100_90115100f7.json;results_r02/main/final_DeepTrust-V_s2_p0.0_R100_bdfed71442.json;results_r02/main/final_DeepTrust-V_s3_p0.0_R100_822bfee19b.json;results_r02/main/final_DeepTrust-V_s4_p0.0_R100_bceeac34f2.json;results_r02/main/final_DeepTrust-V_s5_p0.0_R100_d8e700b5de.json;results_r02/main/final_DeepTrust-V_s6_p0.0_R100_51bc0d7735.json;results_r02/main/final_DeepTrust-V_s7_p0.0_R100_cb13444200.json;results_r02/main/final_DeepTrust-V_s8_p0.0_R100_84f5be35d9.json;results_r02/main/final_DeepTrust-V_s9_p0.0_R100_e287a3d0b7.json,
Table 13 engine,tab:engine,DeepTrust-V,Cyclic 0.8 acc.,95.2$\pm$1.7 (5),95.2±1.7,yes,5,DeepTrust-V_s0_p0.8_R100_7d80a44dfd;DeepTrust-V_s1_p0.8_R100_f5eee8d24a;DeepTrust-V_s2_p0.8_R100_0a8708d3be;DeepTrust-V_s3_p0.8_R100_4cc8bcfeb7;DeepTrust-V_s4_p0.8_R100_70519d5a2f,results_r02/cyclic/final_DeepTrust-V_s0_p0.8_R100_7d80a44dfd.json;results_r02/cyclic/final_DeepTrust-V_s1_p0.8_R100_f5eee8d24a.json;results_r02/cyclic/final_DeepTrust-V_s2_p0.8_R100_0a8708d3be.json;results_r02/cyclic/final_DeepTrust-V_s3_p0.8_R100_4cc8bcfeb7.json;results_r02/cyclic/final_DeepTrust-V_s4_p0.8_R100_70519d5a2f.json,
Table 13 engine,tab:engine,DeepTrust-V,Targeted 0.4 acc.,--,,yes,0,,,
Table 13 engine,tab:engine,DeepTrust-V,Boosted backd. 0.4 ASR,--,,yes,0,,,
Table 13 engine,tab:engine,DeepTrust-V,Backdoor 0.4 ASR,--,,yes,0,,,
Table 13 engine,tab:engine,DeepTrust-V,Adaptive backd. 0.4 ASR,--,,yes,0,,,
Table 13 engine,tab:engine,DeepTrust-V,Honest rej. clean,14.9$\pm$4.9,14.9±4.9,yes,10,DeepTrust-V_s0_p0.0_R100_1af7ea1705;DeepTrust-V_s1_p0.0_R100_90115100f7;DeepTrust-V_s2_p0.0_R100_bdfed71442;DeepTrust-V_s3_p0.0_R100_822bfee19b;DeepTrust-V_s4_p0.0_R100_bceeac34f2;DeepTrust-V_s5_p0.0_R100_d8e700b5de;DeepTrust-V_s6_p0.0_R100_51bc0d7735;DeepTrust-V_s7_p0.0_R100_cb13444200;DeepTrust-V_s8_p0.0_R100_84f5be35d9;DeepTrust-V_s9_p0.0_R100_e287a3d0b7,results_r02/main/decisions_DeepTrust-V_s0_p0.0_R100_1af7ea1705.csv;results_r02/main/decisions_DeepTrust-V_s1_p0.0_R100_90115100f7.csv;results_r02/main/decisions_DeepTrust-V_s2_p0.0_R100_bdfed71442.csv;results_r02/main/decisions_DeepTrust-V_s3_p0.0_R100_822bfee19b.csv;results_r02/main/decisions_DeepTrust-V_s4_p0.0_R100_bceeac34f2.csv;results_r02/main/decisions_DeepTrust-V_s5_p0.0_R100_d8e700b5de.csv;results_r02/main/decisions_DeepTrust-V_s6_p0.0_R100_51bc0d7735.csv;results_r02/main/decisions_DeepTrust-V_s7_p0.0_R100_cb13444200.csv;results_r02/main/decisions_DeepTrust-V_s8_p0.0_R100_84f5be35d9.csv;results_r02/main/decisions_DeepTrust-V_s9_p0.0_R100_e287a3d0b7.csv,rounds after the grace period (0)
Table 13 engine,tab:engine,FuzzyNoTrust,Clean acc.,95.9$\pm$1.4,95.9±1.4,yes,10,FuzzyNoTrust_s0_p0.0_R100_57a8932ef9;FuzzyNoTrust_s1_p0.0_R100_65200b8346;FuzzyNoTrust_s2_p0.0_R100_167c4f2b6c;FuzzyNoTrust_s3_p0.0_R100_a542cc01a3;FuzzyNoTrust_s4_p0.0_R100_d2ed990763;FuzzyNoTrust_s5_p0.0_R100_1f44ad8062;FuzzyNoTrust_s6_p0.0_R100_0aa5124c30;FuzzyNoTrust_s7_p0.0_R100_491c3c5a30;FuzzyNoTrust_s8_p0.0_R100_5dbc855292;FuzzyNoTrust_s9_p0.0_R100_01b08a97a7,results_r02/main/final_FuzzyNoTrust_s0_p0.0_R100_57a8932ef9.json;results_r02/main/final_FuzzyNoTrust_s1_p0.0_R100_65200b8346.json;results_r02/main/final_FuzzyNoTrust_s2_p0.0_R100_167c4f2b6c.json;results_r02/main/final_FuzzyNoTrust_s3_p0.0_R100_a542cc01a3.json;results_r02/main/final_FuzzyNoTrust_s4_p0.0_R100_d2ed990763.json;results_r02/main/final_FuzzyNoTrust_s5_p0.0_R100_1f44ad8062.json;results_r02/main/final_FuzzyNoTrust_s6_p0.0_R100_0aa5124c30.json;results_r02/main/final_FuzzyNoTrust_s7_p0.0_R100_491c3c5a30.json;results_r02/main/final_FuzzyNoTrust_s8_p0.0_R100_5dbc855292.json;results_r02/main/final_FuzzyNoTrust_s9_p0.0_R100_01b08a97a7.json,
Table 13 engine,tab:engine,FuzzyNoTrust,Cyclic 0.8 acc.,1.7$\pm$2.5 (5),1.7±2.5,yes,5,FuzzyNoTrust_s0_p0.8_R100_46351ec7b9;FuzzyNoTrust_s1_p0.8_R100_9ac34a0479;FuzzyNoTrust_s2_p0.8_R100_6f192224c2;FuzzyNoTrust_s3_p0.8_R100_78fc811096;FuzzyNoTrust_s4_p0.8_R100_80943753cd,results_r02/cyclic/final_FuzzyNoTrust_s0_p0.8_R100_46351ec7b9.json;results_r02/cyclic/final_FuzzyNoTrust_s1_p0.8_R100_9ac34a0479.json;results_r02/cyclic/final_FuzzyNoTrust_s2_p0.8_R100_6f192224c2.json;results_r02/cyclic/final_FuzzyNoTrust_s3_p0.8_R100_78fc811096.json;results_r02/cyclic/final_FuzzyNoTrust_s4_p0.8_R100_80943753cd.json,
Table 13 engine,tab:engine,FuzzyNoTrust,Targeted 0.4 acc.,82.7$\pm$5.1 (5),82.7±5.1,yes,5,FuzzyNoTrust_s0_p0.4_R100_35eefd5bda;FuzzyNoTrust_s1_p0.4_R100_bbc1252aa4;FuzzyNoTrust_s2_p0.4_R100_7f0422b375;FuzzyNoTrust_s3_p0.4_R100_d9b88e8c06;FuzzyNoTrust_s4_p0.4_R100_0c40fae00c,results_r02/attacks/final_FuzzyNoTrust_s0_p0.4_R100_35eefd5bda.json;results_r02/attacks/final_FuzzyNoTrust_s1_p0.4_R100_bbc1252aa4.json;results_r02/attacks/final_FuzzyNoTrust_s2_p0.4_R100_7f0422b375.json;results_r02/attacks/final_FuzzyNoTrust_s3_p0.4_R100_d9b88e8c06.json;results_r02/attacks/final_FuzzyNoTrust_s4_p0.4_R100_0c40fae00c.json,
Table 13 engine,tab:engine,FuzzyNoTrust,Boosted backd. 0.4 ASR,100$\pm$0 (5),100±0,yes,5,FuzzyNoTrust_s0_p0.4_R100_4a07513b3a;FuzzyNoTrust_s1_p0.4_R100_eb6594f07a;FuzzyNoTrust_s2_p0.4_R100_db27e60bff;FuzzyNoTrust_s3_p0.4_R100_3a0c9fb6eb;FuzzyNoTrust_s4_p0.4_R100_8804a71b17,results_r02/attacks/final_FuzzyNoTrust_s0_p0.4_R100_4a07513b3a.json;results_r02/attacks/final_FuzzyNoTrust_s1_p0.4_R100_eb6594f07a.json;results_r02/attacks/final_FuzzyNoTrust_s2_p0.4_R100_db27e60bff.json;results_r02/attacks/final_FuzzyNoTrust_s3_p0.4_R100_3a0c9fb6eb.json;results_r02/attacks/final_FuzzyNoTrust_s4_p0.4_R100_8804a71b17.json,
Table 13 engine,tab:engine,FuzzyNoTrust,Backdoor 0.4 ASR,69$\pm$21 (5),69±21,yes,5,FuzzyNoTrust_s0_p0.4_R100_dc33188ebd;FuzzyNoTrust_s1_p0.4_R100_ce2f3fdb01;FuzzyNoTrust_s2_p0.4_R100_75a121d4b1;FuzzyNoTrust_s3_p0.4_R100_71da90ccce;FuzzyNoTrust_s4_p0.4_R100_74cbdfd8bc,results_r02/attacks/final_FuzzyNoTrust_s0_p0.4_R100_dc33188ebd.json;results_r02/attacks/final_FuzzyNoTrust_s1_p0.4_R100_ce2f3fdb01.json;results_r02/attacks/final_FuzzyNoTrust_s2_p0.4_R100_75a121d4b1.json;results_r02/attacks/final_FuzzyNoTrust_s3_p0.4_R100_71da90ccce.json;results_r02/attacks/final_FuzzyNoTrust_s4_p0.4_R100_74cbdfd8bc.json,
Table 13 engine,tab:engine,FuzzyNoTrust,Adaptive backd. 0.4 ASR,24$\pm$13 (5),24±13,yes,5,FuzzyNoTrust_s0_p0.4_R100_d71f5698db;FuzzyNoTrust_s1_p0.4_R100_2ee762e648;FuzzyNoTrust_s2_p0.4_R100_62ff06feff;FuzzyNoTrust_s3_p0.4_R100_3541ba54ff;FuzzyNoTrust_s4_p0.4_R100_fd828fda4e,results_r02/attacks/final_FuzzyNoTrust_s0_p0.4_R100_d71f5698db.json;results_r02/attacks/final_FuzzyNoTrust_s1_p0.4_R100_2ee762e648.json;results_r02/attacks/final_FuzzyNoTrust_s2_p0.4_R100_62ff06feff.json;results_r02/attacks/final_FuzzyNoTrust_s3_p0.4_R100_3541ba54ff.json;results_r02/attacks/final_FuzzyNoTrust_s4_p0.4_R100_fd828fda4e.json,
Table 13 engine,tab:engine,FuzzyFLTrust,Clean acc.,--,,yes,0,,,
Table 13 engine,tab:engine,FuzzyFLTrust,Cyclic 0.8 acc.,--,,yes,0,,,
Table 13 engine,tab:engine,FuzzyFLTrust,Targeted 0.4 acc.,96.0$\pm$1.5 (5),96.0±1.5,yes,5,FuzzyFLTrust_s0_p0.4_R100_5d9022819d;FuzzyFLTrust_s1_p0.4_R100_c953cb01b8;FuzzyFLTrust_s2_p0.4_R100_011f300c42;FuzzyFLTrust_s3_p0.4_R100_bc606ce9d5;FuzzyFLTrust_s4_p0.4_R100_ee558a94cf,results_r02/attacks/final_FuzzyFLTrust_s0_p0.4_R100_5d9022819d.json;results_r02/attacks/final_FuzzyFLTrust_s1_p0.4_R100_c953cb01b8.json;results_r02/attacks/final_FuzzyFLTrust_s2_p0.4_R100_011f300c42.json;results_r02/attacks/final_FuzzyFLTrust_s3_p0.4_R100_bc606ce9d5.json;results_r02/attacks/final_FuzzyFLTrust_s4_p0.4_R100_ee558a94cf.json,
Table 13 engine,tab:engine,FuzzyFLTrust,Boosted backd. 0.4 ASR,54$\pm$49 (5),54±49,yes,5,FuzzyFLTrust_s0_p0.4_R100_f53b12b5a5;FuzzyFLTrust_s1_p0.4_R100_66b84e0500;FuzzyFLTrust_s2_p0.4_R100_15de9a7850;FuzzyFLTrust_s3_p0.4_R100_9108c62c64;FuzzyFLTrust_s4_p0.4_R100_04d8092450,results_r02/attacks/final_FuzzyFLTrust_s0_p0.4_R100_f53b12b5a5.json;results_r02/attacks/final_FuzzyFLTrust_s1_p0.4_R100_66b84e0500.json;results_r02/attacks/final_FuzzyFLTrust_s2_p0.4_R100_15de9a7850.json;results_r02/attacks/final_FuzzyFLTrust_s3_p0.4_R100_9108c62c64.json;results_r02/attacks/final_FuzzyFLTrust_s4_p0.4_R100_04d8092450.json,
Table 13 engine,tab:engine,FuzzyFLTrust,Backdoor 0.4 ASR,54$\pm$49 (5),54±49,yes,5,FuzzyFLTrust_s0_p0.4_R100_e946beb790;FuzzyFLTrust_s1_p0.4_R100_2c2fba5396;FuzzyFLTrust_s2_p0.4_R100_91758ef7f0;FuzzyFLTrust_s3_p0.4_R100_eb282e3387;FuzzyFLTrust_s4_p0.4_R100_1b17ea4f5a,results_r02/attacks/final_FuzzyFLTrust_s0_p0.4_R100_e946beb790.json;results_r02/attacks/final_FuzzyFLTrust_s1_p0.4_R100_2c2fba5396.json;results_r02/attacks/final_FuzzyFLTrust_s2_p0.4_R100_91758ef7f0.json;results_r02/attacks/final_FuzzyFLTrust_s3_p0.4_R100_eb282e3387.json;results_r02/attacks/final_FuzzyFLTrust_s4_p0.4_R100_1b17ea4f5a.json,
Table 13 engine,tab:engine,FuzzyFLTrust,Adaptive backd. 0.4 ASR,22$\pm$29 (5),22±29,yes,5,FuzzyFLTrust_s0_p0.4_R100_a82b76c223;FuzzyFLTrust_s1_p0.4_R100_179e8f5ad9;FuzzyFLTrust_s2_p0.4_R100_92836b69da;FuzzyFLTrust_s3_p0.4_R100_faeaa7ef0e;FuzzyFLTrust_s4_p0.4_R100_8eb08a8699,results_r02/attacks/final_FuzzyFLTrust_s0_p0.4_R100_a82b76c223.json;results_r02/attacks/final_FuzzyFLTrust_s1_p0.4_R100_179e8f5ad9.json;results_r02/attacks/final_FuzzyFLTrust_s2_p0.4_R100_92836b69da.json;results_r02/attacks/final_FuzzyFLTrust_s3_p0.4_R100_faeaa7ef0e.json;results_r02/attacks/final_FuzzyFLTrust_s4_p0.4_R100_8eb08a8699.json,
Table 13 engine,tab:engine,FLTrust,Clean acc.,96.2$\pm$0.4,96.2±0.4,yes,10,FLTrust_s0_p0.0_R100_1271e24ba8;FLTrust_s1_p0.0_R100_b60f2479bc;FLTrust_s2_p0.0_R100_6978264380;FLTrust_s3_p0.0_R100_5b4dcc15ee;FLTrust_s4_p0.0_R100_ce6cb407a4;FLTrust_s5_p0.0_R100_c93c9feb83;FLTrust_s6_p0.0_R100_45ee0634d2;FLTrust_s7_p0.0_R100_73ba6d46a3;FLTrust_s8_p0.0_R100_814b3613e0;FLTrust_s9_p0.0_R100_aa4b814e5e,results_r02/cyclic/final_FLTrust_s0_p0.0_R100_1271e24ba8.json;results_r02/cyclic/final_FLTrust_s1_p0.0_R100_b60f2479bc.json;results_r02/cyclic/final_FLTrust_s2_p0.0_R100_6978264380.json;results_r02/cyclic/final_FLTrust_s3_p0.0_R100_5b4dcc15ee.json;results_r02/cyclic/final_FLTrust_s4_p0.0_R100_ce6cb407a4.json;results_r02/cyclic/final_FLTrust_s5_p0.0_R100_c93c9feb83.json;results_r02/cyclic/final_FLTrust_s6_p0.0_R100_45ee0634d2.json;results_r02/cyclic/final_FLTrust_s7_p0.0_R100_73ba6d46a3.json;results_r02/cyclic/final_FLTrust_s8_p0.0_R100_814b3613e0.json;results_r02/cyclic/final_FLTrust_s9_p0.0_R100_aa4b814e5e.json,
Table 13 engine,tab:engine,FLTrust,Cyclic 0.8 acc.,95.1$\pm$0.9 (10),95.1±0.9,yes,10,FLTrust_s0_p0.8_R100_e230a1e18c;FLTrust_s1_p0.8_R100_c006539407;FLTrust_s2_p0.8_R100_445800e3a3;FLTrust_s3_p0.8_R100_caf1bd9758;FLTrust_s4_p0.8_R100_1ab2c52c9f;FLTrust_s5_p0.8_R100_284eed6ba1;FLTrust_s6_p0.8_R100_6e38ae2f5e;FLTrust_s7_p0.8_R100_f96f68c559;FLTrust_s8_p0.8_R100_fdd7ed8b5e;FLTrust_s9_p0.8_R100_23bb63cb6a,results_r02/cyclic/final_FLTrust_s0_p0.8_R100_e230a1e18c.json;results_r02/cyclic/final_FLTrust_s1_p0.8_R100_c006539407.json;results_r02/cyclic/final_FLTrust_s2_p0.8_R100_445800e3a3.json;results_r02/cyclic/final_FLTrust_s3_p0.8_R100_caf1bd9758.json;results_r02/cyclic/final_FLTrust_s4_p0.8_R100_1ab2c52c9f.json;results_r02/cyclic/final_FLTrust_s5_p0.8_R100_284eed6ba1.json;results_r02/cyclic/final_FLTrust_s6_p0.8_R100_6e38ae2f5e.json;results_r02/cyclic/final_FLTrust_s7_p0.8_R100_f96f68c559.json;results_r02/cyclic/final_FLTrust_s8_p0.8_R100_fdd7ed8b5e.json;results_r02/cyclic/final_FLTrust_s9_p0.8_R100_23bb63cb6a.json,
Table 13 engine,tab:engine,FLTrust,Targeted 0.4 acc.,93.3$\pm$2.7 (5),93.3±2.7,yes,5,FLTrust_s0_p0.4_R100_a2f65bc71f;FLTrust_s1_p0.4_R100_4b1ec7a787;FLTrust_s2_p0.4_R100_7f09e91094;FLTrust_s3_p0.4_R100_ff53d62c2c;FLTrust_s4_p0.4_R100_3e2384b5af,results_r02/attacks/final_FLTrust_s0_p0.4_R100_a2f65bc71f.json;results_r02/attacks/final_FLTrust_s1_p0.4_R100_4b1ec7a787.json;results_r02/attacks/final_FLTrust_s2_p0.4_R100_7f09e91094.json;results_r02/attacks/final_FLTrust_s3_p0.4_R100_ff53d62c2c.json;results_r02/attacks/final_FLTrust_s4_p0.4_R100_3e2384b5af.json,
Table 13 engine,tab:engine,FLTrust,Boosted backd. 0.4 ASR,54$\pm$39 (5),54±39,yes,5,FLTrust_s0_p0.4_R100_d55360ec49;FLTrust_s1_p0.4_R100_acb402b89f;FLTrust_s2_p0.4_R100_0125cf93cb;FLTrust_s3_p0.4_R100_9201c561df;FLTrust_s4_p0.4_R100_fe4a8215ef,results_r02/attacks/final_FLTrust_s0_p0.4_R100_d55360ec49.json;results_r02/attacks/final_FLTrust_s1_p0.4_R100_acb402b89f.json;results_r02/attacks/final_FLTrust_s2_p0.4_R100_0125cf93cb.json;results_r02/attacks/final_FLTrust_s3_p0.4_R100_9201c561df.json;results_r02/attacks/final_FLTrust_s4_p0.4_R100_fe4a8215ef.json,
Table 13 engine,tab:engine,FLTrust,Backdoor 0.4 ASR,43$\pm$48 (5),43±48,yes,5,FLTrust_s0_p0.4_R100_e48fcdb6a1;FLTrust_s1_p0.4_R100_78322cd8c4;FLTrust_s2_p0.4_R100_ec6465781c;FLTrust_s3_p0.4_R100_5d3917d157;FLTrust_s4_p0.4_R100_0681c62daf,results_r02/attacks/final_FLTrust_s0_p0.4_R100_e48fcdb6a1.json;results_r02/attacks/final_FLTrust_s1_p0.4_R100_78322cd8c4.json;results_r02/attacks/final_FLTrust_s2_p0.4_R100_ec6465781c.json;results_r02/attacks/final_FLTrust_s3_p0.4_R100_5d3917d157.json;results_r02/attacks/final_FLTrust_s4_p0.4_R100_0681c62daf.json,
Table 13 engine,tab:engine,FLTrust,Adaptive backd. 0.4 ASR,13$\pm$6 (5),13±6,yes,5,FLTrust_s0_p0.4_R100_1501678a88;FLTrust_s1_p0.4_R100_6936e9b58d;FLTrust_s2_p0.4_R100_a596429377;FLTrust_s3_p0.4_R100_5483757ffa;FLTrust_s4_p0.4_R100_dc010e81ea,results_r02/attacks/final_FLTrust_s0_p0.4_R100_1501678a88.json;results_r02/attacks/final_FLTrust_s1_p0.4_R100_6936e9b58d.json;results_r02/attacks/final_FLTrust_s2_p0.4_R100_a596429377.json;results_r02/attacks/final_FLTrust_s3_p0.4_R100_5483757ffa.json;results_r02/attacks/final_FLTrust_s4_p0.4_R100_dc010e81ea.json,
Table 14 trusted set,tab:trusted_set,size100 / 0.2,Acc. (\%),96.0$\pm$0.7,96.0±0.7,yes,5,DyF-ZTL-V_s0_p0.2_R100_d24c2ad2c9;DyF-ZTL-V_s1_p0.2_R100_500f69711d;DyF-ZTL-V_s2_p0.2_R100_c77aff6533;DyF-ZTL-V_s3_p0.2_R100_b96b825d60;DyF-ZTL-V_s4_p0.2_R100_128144791c,results_r02/trusted_set/final_DyF-ZTL-V_s0_p0.2_R100_d24c2ad2c9.json;results_r02/trusted_set/final_DyF-ZTL-V_s1_p0.2_R100_500f69711d.json;results_r02/trusted_set/final_DyF-ZTL-V_s2_p0.2_R100_c77aff6533.json;results_r02/trusted_set/final_DyF-ZTL-V_s3_p0.2_R100_b96b825d60.json;results_r02/trusted_set/final_DyF-ZTL-V_s4_p0.2_R100_128144791c.json,
Table 14 trusted set,tab:trusted_set,size100 / 0.2,Macro-F1 (\%),86.7$\pm$4.2,86.7±4.2,yes,5,DyF-ZTL-V_s0_p0.2_R100_d24c2ad2c9;DyF-ZTL-V_s1_p0.2_R100_500f69711d;DyF-ZTL-V_s2_p0.2_R100_c77aff6533;DyF-ZTL-V_s3_p0.2_R100_b96b825d60;DyF-ZTL-V_s4_p0.2_R100_128144791c,results_r02/trusted_set/final_DyF-ZTL-V_s0_p0.2_R100_d24c2ad2c9.json;results_r02/trusted_set/final_DyF-ZTL-V_s1_p0.2_R100_500f69711d.json;results_r02/trusted_set/final_DyF-ZTL-V_s2_p0.2_R100_c77aff6533.json;results_r02/trusted_set/final_DyF-ZTL-V_s3_p0.2_R100_b96b825d60.json;results_r02/trusted_set/final_DyF-ZTL-V_s4_p0.2_R100_128144791c.json,
Table 14 trusted set,tab:trusted_set,size100 / 0.2,"Acc., default gates",28.7$\pm$36.8,28.7±36.8,yes,5,DyF-ZTL-V-dg_s0_p0.2_R100_818a5478bb;DyF-ZTL-V-dg_s1_p0.2_R100_bb28b0f644;DyF-ZTL-V-dg_s2_p0.2_R100_554cd6e210;DyF-ZTL-V-dg_s3_p0.2_R100_4b97abc7d1;DyF-ZTL-V-dg_s4_p0.2_R100_8c5b0afcf2,results_r02/trusted_set/final_DyF-ZTL-V-dg_s0_p0.2_R100_818a5478bb.json;results_r02/trusted_set/final_DyF-ZTL-V-dg_s1_p0.2_R100_bb28b0f644.json;results_r02/trusted_set/final_DyF-ZTL-V-dg_s2_p0.2_R100_554cd6e210.json;results_r02/trusted_set/final_DyF-ZTL-V-dg_s3_p0.2_R100_4b97abc7d1.json;results_r02/trusted_set/final_DyF-ZTL-V-dg_s4_p0.2_R100_8c5b0afcf2.json,
Table 14 trusted set,tab:trusted_set,size100 / 0.2,FLTrust acc.,--,,yes,0,,,
Table 14 trusted set,tab:trusted_set,size100 / 0.2,Honest rej. (\%),18$\pm$8,18±8,yes,5,DyF-ZTL-V_s0_p0.2_R100_d24c2ad2c9;DyF-ZTL-V_s1_p0.2_R100_500f69711d;DyF-ZTL-V_s2_p0.2_R100_c77aff6533;DyF-ZTL-V_s3_p0.2_R100_b96b825d60;DyF-ZTL-V_s4_p0.2_R100_128144791c,results_r02/trusted_set/decisions_DyF-ZTL-V_s0_p0.2_R100_d24c2ad2c9.csv;results_r02/trusted_set/decisions_DyF-ZTL-V_s1_p0.2_R100_500f69711d.csv;results_r02/trusted_set/decisions_DyF-ZTL-V_s2_p0.2_R100_c77aff6533.csv;results_r02/trusted_set/decisions_DyF-ZTL-V_s3_p0.2_R100_b96b825d60.csv;results_r02/trusted_set/decisions_DyF-ZTL-V_s4_p0.2_R100_128144791c.csv,
Table 14 trusted set,tab:trusted_set,size100 / 0.2,Mal. rej. (\%),95$\pm$7,95±7,yes,5,DyF-ZTL-V_s0_p0.2_R100_d24c2ad2c9;DyF-ZTL-V_s1_p0.2_R100_500f69711d;DyF-ZTL-V_s2_p0.2_R100_c77aff6533;DyF-ZTL-V_s3_p0.2_R100_b96b825d60;DyF-ZTL-V_s4_p0.2_R100_128144791c,results_r02/trusted_set/decisions_DyF-ZTL-V_s0_p0.2_R100_d24c2ad2c9.csv;results_r02/trusted_set/decisions_DyF-ZTL-V_s1_p0.2_R100_500f69711d.csv;results_r02/trusted_set/decisions_DyF-ZTL-V_s2_p0.2_R100_c77aff6533.csv;results_r02/trusted_set/decisions_DyF-ZTL-V_s3_p0.2_R100_b96b825d60.csv;results_r02/trusted_set/decisions_DyF-ZTL-V_s4_p0.2_R100_128144791c.csv,
Table 14 trusted set,tab:trusted_set,size100 / 0.4,Acc. (\%),95.8$\pm$1.5,95.8±1.5,yes,5,DyF-ZTL-V_s0_p0.4_R100_1823c212b4;DyF-ZTL-V_s1_p0.4_R100_12c9b1a918;DyF-ZTL-V_s2_p0.4_R100_59b01777e5;DyF-ZTL-V_s3_p0.4_R100_3f1b4dfc2a;DyF-ZTL-V_s4_p0.4_R100_65ae51b28f,results_r02/trusted_set/final_DyF-ZTL-V_s0_p0.4_R100_1823c212b4.json;results_r02/trusted_set/final_DyF-ZTL-V_s1_p0.4_R100_12c9b1a918.json;results_r02/trusted_set/final_DyF-ZTL-V_s2_p0.4_R100_59b01777e5.json;results_r02/trusted_set/final_DyF-ZTL-V_s3_p0.4_R100_3f1b4dfc2a.json;results_r02/trusted_set/final_DyF-ZTL-V_s4_p0.4_R100_65ae51b28f.json,
Table 14 trusted set,tab:trusted_set,size100 / 0.4,Macro-F1 (\%),88.6$\pm$2.3,88.6±2.3,yes,5,DyF-ZTL-V_s0_p0.4_R100_1823c212b4;DyF-ZTL-V_s1_p0.4_R100_12c9b1a918;DyF-ZTL-V_s2_p0.4_R100_59b01777e5;DyF-ZTL-V_s3_p0.4_R100_3f1b4dfc2a;DyF-ZTL-V_s4_p0.4_R100_65ae51b28f,results_r02/trusted_set/final_DyF-ZTL-V_s0_p0.4_R100_1823c212b4.json;results_r02/trusted_set/final_DyF-ZTL-V_s1_p0.4_R100_12c9b1a918.json;results_r02/trusted_set/final_DyF-ZTL-V_s2_p0.4_R100_59b01777e5.json;results_r02/trusted_set/final_DyF-ZTL-V_s3_p0.4_R100_3f1b4dfc2a.json;results_r02/trusted_set/final_DyF-ZTL-V_s4_p0.4_R100_65ae51b28f.json,
Table 14 trusted set,tab:trusted_set,size100 / 0.4,"Acc., default gates",28.7$\pm$36.8,28.7±36.8,yes,5,DyF-ZTL-V-dg_s0_p0.4_R100_22fd1a47a5;DyF-ZTL-V-dg_s1_p0.4_R100_dcc8a8e229;DyF-ZTL-V-dg_s2_p0.4_R100_b885464049;DyF-ZTL-V-dg_s3_p0.4_R100_e95d9c8223;DyF-ZTL-V-dg_s4_p0.4_R100_103b62450a,results_r02/trusted_set/final_DyF-ZTL-V-dg_s0_p0.4_R100_22fd1a47a5.json;results_r02/trusted_set/final_DyF-ZTL-V-dg_s1_p0.4_R100_dcc8a8e229.json;results_r02/trusted_set/final_DyF-ZTL-V-dg_s2_p0.4_R100_b885464049.json;results_r02/trusted_set/final_DyF-ZTL-V-dg_s3_p0.4_R100_e95d9c8223.json;results_r02/trusted_set/final_DyF-ZTL-V-dg_s4_p0.4_R100_103b62450a.json,
Table 14 trusted set,tab:trusted_set,size100 / 0.4,FLTrust acc.,--,,yes,0,,,
Table 14 trusted set,tab:trusted_set,size100 / 0.4,Honest rej. (\%),17$\pm$4,17±4,yes,5,DyF-ZTL-V_s0_p0.4_R100_1823c212b4;DyF-ZTL-V_s1_p0.4_R100_12c9b1a918;DyF-ZTL-V_s2_p0.4_R100_59b01777e5;DyF-ZTL-V_s3_p0.4_R100_3f1b4dfc2a;DyF-ZTL-V_s4_p0.4_R100_65ae51b28f,results_r02/trusted_set/decisions_DyF-ZTL-V_s0_p0.4_R100_1823c212b4.csv;results_r02/trusted_set/decisions_DyF-ZTL-V_s1_p0.4_R100_12c9b1a918.csv;results_r02/trusted_set/decisions_DyF-ZTL-V_s2_p0.4_R100_59b01777e5.csv;results_r02/trusted_set/decisions_DyF-ZTL-V_s3_p0.4_R100_3f1b4dfc2a.csv;results_r02/trusted_set/decisions_DyF-ZTL-V_s4_p0.4_R100_65ae51b28f.csv,
Table 14 trusted set,tab:trusted_set,size100 / 0.4,Mal. rej. (\%),97$\pm$4,97±4,yes,5,DyF-ZTL-V_s0_p0.4_R100_1823c212b4;DyF-ZTL-V_s1_p0.4_R100_12c9b1a918;DyF-ZTL-V_s2_p0.4_R100_59b01777e5;DyF-ZTL-V_s3_p0.4_R100_3f1b4dfc2a;DyF-ZTL-V_s4_p0.4_R100_65ae51b28f,results_r02/trusted_set/decisions_DyF-ZTL-V_s0_p0.4_R100_1823c212b4.csv;results_r02/trusted_set/decisions_DyF-ZTL-V_s1_p0.4_R100_12c9b1a918.csv;results_r02/trusted_set/decisions_DyF-ZTL-V_s2_p0.4_R100_59b01777e5.csv;results_r02/trusted_set/decisions_DyF-ZTL-V_s3_p0.4_R100_3f1b4dfc2a.csv;results_r02/trusted_set/decisions_DyF-ZTL-V_s4_p0.4_R100_65ae51b28f.csv,
Table 14 trusted set,tab:trusted_set,size300 / 0.2,Acc. (\%),96.7$\pm$0.5,96.7±0.5,yes,5,DyF-ZTL-V_s0_p0.2_R100_77051b0930;DyF-ZTL-V_s1_p0.2_R100_d9b689dc95;DyF-ZTL-V_s2_p0.2_R100_500ef64838;DyF-ZTL-V_s3_p0.2_R100_e4ced0d25f;DyF-ZTL-V_s4_p0.2_R100_44ed709542,results_r02/trusted_set/final_DyF-ZTL-V_s0_p0.2_R100_77051b0930.json;results_r02/trusted_set/final_DyF-ZTL-V_s1_p0.2_R100_d9b689dc95.json;results_r02/trusted_set/final_DyF-ZTL-V_s2_p0.2_R100_500ef64838.json;results_r02/trusted_set/final_DyF-ZTL-V_s3_p0.2_R100_e4ced0d25f.json;results_r02/trusted_set/final_DyF-ZTL-V_s4_p0.2_R100_44ed709542.json,
Table 14 trusted set,tab:trusted_set,size300 / 0.2,Macro-F1 (\%),87.5$\pm$5.0,87.5±5.0,yes,5,DyF-ZTL-V_s0_p0.2_R100_77051b0930;DyF-ZTL-V_s1_p0.2_R100_d9b689dc95;DyF-ZTL-V_s2_p0.2_R100_500ef64838;DyF-ZTL-V_s3_p0.2_R100_e4ced0d25f;DyF-ZTL-V_s4_p0.2_R100_44ed709542,results_r02/trusted_set/final_DyF-ZTL-V_s0_p0.2_R100_77051b0930.json;results_r02/trusted_set/final_DyF-ZTL-V_s1_p0.2_R100_d9b689dc95.json;results_r02/trusted_set/final_DyF-ZTL-V_s2_p0.2_R100_500ef64838.json;results_r02/trusted_set/final_DyF-ZTL-V_s3_p0.2_R100_e4ced0d25f.json;results_r02/trusted_set/final_DyF-ZTL-V_s4_p0.2_R100_44ed709542.json,
Table 14 trusted set,tab:trusted_set,size300 / 0.2,"Acc., default gates",91.2$\pm$3.7,91.2±3.7,yes,5,DyF-ZTL-V-dg_s0_p0.2_R100_10e57a6747;DyF-ZTL-V-dg_s1_p0.2_R100_72953c876d;DyF-ZTL-V-dg_s2_p0.2_R100_67b8b897e9;DyF-ZTL-V-dg_s3_p0.2_R100_d4ad479b67;DyF-ZTL-V-dg_s4_p0.2_R100_3da4b3bc93,results_r02/trusted_set/final_DyF-ZTL-V-dg_s0_p0.2_R100_10e57a6747.json;results_r02/trusted_set/final_DyF-ZTL-V-dg_s1_p0.2_R100_72953c876d.json;results_r02/trusted_set/final_DyF-ZTL-V-dg_s2_p0.2_R100_67b8b897e9.json;results_r02/trusted_set/final_DyF-ZTL-V-dg_s3_p0.2_R100_d4ad479b67.json;results_r02/trusted_set/final_DyF-ZTL-V-dg_s4_p0.2_R100_3da4b3bc93.json,
Table 14 trusted set,tab:trusted_set,size300 / 0.2,FLTrust acc.,--,,yes,0,,,
Table 14 trusted set,tab:trusted_set,size300 / 0.2,Honest rej. (\%),14$\pm$5,14±5,yes,5,DyF-ZTL-V_s0_p0.2_R100_77051b0930;DyF-ZTL-V_s1_p0.2_R100_d9b689dc95;DyF-ZTL-V_s2_p0.2_R100_500ef64838;DyF-ZTL-V_s3_p0.2_R100_e4ced0d25f;DyF-ZTL-V_s4_p0.2_R100_44ed709542,results_r02/trusted_set/decisions_DyF-ZTL-V_s0_p0.2_R100_77051b0930.csv;results_r02/trusted_set/decisions_DyF-ZTL-V_s1_p0.2_R100_d9b689dc95.csv;results_r02/trusted_set/decisions_DyF-ZTL-V_s2_p0.2_R100_500ef64838.csv;results_r02/trusted_set/decisions_DyF-ZTL-V_s3_p0.2_R100_e4ced0d25f.csv;results_r02/trusted_set/decisions_DyF-ZTL-V_s4_p0.2_R100_44ed709542.csv,
Table 14 trusted set,tab:trusted_set,size300 / 0.2,Mal. rej. (\%),98$\pm$3,98±3,yes,5,DyF-ZTL-V_s0_p0.2_R100_77051b0930;DyF-ZTL-V_s1_p0.2_R100_d9b689dc95;DyF-ZTL-V_s2_p0.2_R100_500ef64838;DyF-ZTL-V_s3_p0.2_R100_e4ced0d25f;DyF-ZTL-V_s4_p0.2_R100_44ed709542,results_r02/trusted_set/decisions_DyF-ZTL-V_s0_p0.2_R100_77051b0930.csv;results_r02/trusted_set/decisions_DyF-ZTL-V_s1_p0.2_R100_d9b689dc95.csv;results_r02/trusted_set/decisions_DyF-ZTL-V_s2_p0.2_R100_500ef64838.csv;results_r02/trusted_set/decisions_DyF-ZTL-V_s3_p0.2_R100_e4ced0d25f.csv;results_r02/trusted_set/decisions_DyF-ZTL-V_s4_p0.2_R100_44ed709542.csv,
Table 14 trusted set,tab:trusted_set,size300 / 0.4,Acc. (\%),96.5$\pm$0.8,96.5±0.8,yes,5,DyF-ZTL-V_s0_p0.4_R100_70f730fd51;DyF-ZTL-V_s1_p0.4_R100_ad5dc6ee43;DyF-ZTL-V_s2_p0.4_R100_5f218385be;DyF-ZTL-V_s3_p0.4_R100_014779e6a4;DyF-ZTL-V_s4_p0.4_R100_68e477b05b,results_r02/trusted_set/final_DyF-ZTL-V_s0_p0.4_R100_70f730fd51.json;results_r02/trusted_set/final_DyF-ZTL-V_s1_p0.4_R100_ad5dc6ee43.json;results_r02/trusted_set/final_DyF-ZTL-V_s2_p0.4_R100_5f218385be.json;results_r02/trusted_set/final_DyF-ZTL-V_s3_p0.4_R100_014779e6a4.json;results_r02/trusted_set/final_DyF-ZTL-V_s4_p0.4_R100_68e477b05b.json,
Table 14 trusted set,tab:trusted_set,size300 / 0.4,Macro-F1 (\%),90.1$\pm$1.7,90.1±1.7,yes,5,DyF-ZTL-V_s0_p0.4_R100_70f730fd51;DyF-ZTL-V_s1_p0.4_R100_ad5dc6ee43;DyF-ZTL-V_s2_p0.4_R100_5f218385be;DyF-ZTL-V_s3_p0.4_R100_014779e6a4;DyF-ZTL-V_s4_p0.4_R100_68e477b05b,results_r02/trusted_set/final_DyF-ZTL-V_s0_p0.4_R100_70f730fd51.json;results_r02/trusted_set/final_DyF-ZTL-V_s1_p0.4_R100_ad5dc6ee43.json;results_r02/trusted_set/final_DyF-ZTL-V_s2_p0.4_R100_5f218385be.json;results_r02/trusted_set/final_DyF-ZTL-V_s3_p0.4_R100_014779e6a4.json;results_r02/trusted_set/final_DyF-ZTL-V_s4_p0.4_R100_68e477b05b.json,
Table 14 trusted set,tab:trusted_set,size300 / 0.4,"Acc., default gates",91.3$\pm$3.7,91.3±3.7,yes,5,DyF-ZTL-V-dg_s0_p0.4_R100_d9cdcaf713;DyF-ZTL-V-dg_s1_p0.4_R100_6890f25517;DyF-ZTL-V-dg_s2_p0.4_R100_8d5a7256b8;DyF-ZTL-V-dg_s3_p0.4_R100_ccf64162df;DyF-ZTL-V-dg_s4_p0.4_R100_e7dfe73af4,results_r02/trusted_set/final_DyF-ZTL-V-dg_s0_p0.4_R100_d9cdcaf713.json;results_r02/trusted_set/final_DyF-ZTL-V-dg_s1_p0.4_R100_6890f25517.json;results_r02/trusted_set/final_DyF-ZTL-V-dg_s2_p0.4_R100_8d5a7256b8.json;results_r02/trusted_set/final_DyF-ZTL-V-dg_s3_p0.4_R100_ccf64162df.json;results_r02/trusted_set/final_DyF-ZTL-V-dg_s4_p0.4_R100_e7dfe73af4.json,
Table 14 trusted set,tab:trusted_set,size300 / 0.4,FLTrust acc.,--,,yes,0,,,
Table 14 trusted set,tab:trusted_set,size300 / 0.4,Honest rej. (\%),12$\pm$6,12±6,yes,5,DyF-ZTL-V_s0_p0.4_R100_70f730fd51;DyF-ZTL-V_s1_p0.4_R100_ad5dc6ee43;DyF-ZTL-V_s2_p0.4_R100_5f218385be;DyF-ZTL-V_s3_p0.4_R100_014779e6a4;DyF-ZTL-V_s4_p0.4_R100_68e477b05b,results_r02/trusted_set/decisions_DyF-ZTL-V_s0_p0.4_R100_70f730fd51.csv;results_r02/trusted_set/decisions_DyF-ZTL-V_s1_p0.4_R100_ad5dc6ee43.csv;results_r02/trusted_set/decisions_DyF-ZTL-V_s2_p0.4_R100_5f218385be.csv;results_r02/trusted_set/decisions_DyF-ZTL-V_s3_p0.4_R100_014779e6a4.csv;results_r02/trusted_set/decisions_DyF-ZTL-V_s4_p0.4_R100_68e477b05b.csv,
Table 14 trusted set,tab:trusted_set,size300 / 0.4,Mal. rej. (\%),99$\pm$1,99±1,yes,5,DyF-ZTL-V_s0_p0.4_R100_70f730fd51;DyF-ZTL-V_s1_p0.4_R100_ad5dc6ee43;DyF-ZTL-V_s2_p0.4_R100_5f218385be;DyF-ZTL-V_s3_p0.4_R100_014779e6a4;DyF-ZTL-V_s4_p0.4_R100_68e477b05b,results_r02/trusted_set/decisions_DyF-ZTL-V_s0_p0.4_R100_70f730fd51.csv;results_r02/trusted_set/decisions_DyF-ZTL-V_s1_p0.4_R100_ad5dc6ee43.csv;results_r02/trusted_set/decisions_DyF-ZTL-V_s2_p0.4_R100_5f218385be.csv;results_r02/trusted_set/decisions_DyF-ZTL-V_s3_p0.4_R100_014779e6a4.csv;results_r02/trusted_set/decisions_DyF-ZTL-V_s4_p0.4_R100_68e477b05b.csv,
Table 14 trusted set,tab:trusted_set,size1200 / 0.2,Acc. (\%),96.6$\pm$1.2,96.6±1.2,yes,5,DyF-ZTL-V_s0_p0.2_R100_98ecee26a4;DyF-ZTL-V_s1_p0.2_R100_5c4ca50f0a;DyF-ZTL-V_s2_p0.2_R100_61b8347b1d;DyF-ZTL-V_s3_p0.2_R100_a7a6c02be1;DyF-ZTL-V_s4_p0.2_R100_062ab79c21,results_r02/trusted_set/final_DyF-ZTL-V_s0_p0.2_R100_98ecee26a4.json;results_r02/trusted_set/final_DyF-ZTL-V_s1_p0.2_R100_5c4ca50f0a.json;results_r02/trusted_set/final_DyF-ZTL-V_s2_p0.2_R100_61b8347b1d.json;results_r02/trusted_set/final_DyF-ZTL-V_s3_p0.2_R100_a7a6c02be1.json;results_r02/trusted_set/final_DyF-ZTL-V_s4_p0.2_R100_062ab79c21.json,
Table 14 trusted set,tab:trusted_set,size1200 / 0.2,Macro-F1 (\%),88.8$\pm$5.1,88.8±5.1,yes,5,DyF-ZTL-V_s0_p0.2_R100_98ecee26a4;DyF-ZTL-V_s1_p0.2_R100_5c4ca50f0a;DyF-ZTL-V_s2_p0.2_R100_61b8347b1d;DyF-ZTL-V_s3_p0.2_R100_a7a6c02be1;DyF-ZTL-V_s4_p0.2_R100_062ab79c21,results_r02/trusted_set/final_DyF-ZTL-V_s0_p0.2_R100_98ecee26a4.json;results_r02/trusted_set/final_DyF-ZTL-V_s1_p0.2_R100_5c4ca50f0a.json;results_r02/trusted_set/final_DyF-ZTL-V_s2_p0.2_R100_61b8347b1d.json;results_r02/trusted_set/final_DyF-ZTL-V_s3_p0.2_R100_a7a6c02be1.json;results_r02/trusted_set/final_DyF-ZTL-V_s4_p0.2_R100_062ab79c21.json,
Table 14 trusted set,tab:trusted_set,size1200 / 0.2,"Acc., default gates",96.1$\pm$1.0,96.1±1.0,yes,5,DyF-ZTL-V-dg_s0_p0.2_R100_1e83345921;DyF-ZTL-V-dg_s1_p0.2_R100_38a064860e;DyF-ZTL-V-dg_s2_p0.2_R100_10a7f0b478;DyF-ZTL-V-dg_s3_p0.2_R100_34ad67be6d;DyF-ZTL-V-dg_s4_p0.2_R100_2d34795072,results_r02/trusted_set/final_DyF-ZTL-V-dg_s0_p0.2_R100_1e83345921.json;results_r02/trusted_set/final_DyF-ZTL-V-dg_s1_p0.2_R100_38a064860e.json;results_r02/trusted_set/final_DyF-ZTL-V-dg_s2_p0.2_R100_10a7f0b478.json;results_r02/trusted_set/final_DyF-ZTL-V-dg_s3_p0.2_R100_34ad67be6d.json;results_r02/trusted_set/final_DyF-ZTL-V-dg_s4_p0.2_R100_2d34795072.json,
Table 14 trusted set,tab:trusted_set,size1200 / 0.2,FLTrust acc.,--,,yes,0,,,
Table 14 trusted set,tab:trusted_set,size1200 / 0.2,Honest rej. (\%),12$\pm$2,12±2,yes,5,DyF-ZTL-V_s0_p0.2_R100_98ecee26a4;DyF-ZTL-V_s1_p0.2_R100_5c4ca50f0a;DyF-ZTL-V_s2_p0.2_R100_61b8347b1d;DyF-ZTL-V_s3_p0.2_R100_a7a6c02be1;DyF-ZTL-V_s4_p0.2_R100_062ab79c21,results_r02/trusted_set/decisions_DyF-ZTL-V_s0_p0.2_R100_98ecee26a4.csv;results_r02/trusted_set/decisions_DyF-ZTL-V_s1_p0.2_R100_5c4ca50f0a.csv;results_r02/trusted_set/decisions_DyF-ZTL-V_s2_p0.2_R100_61b8347b1d.csv;results_r02/trusted_set/decisions_DyF-ZTL-V_s3_p0.2_R100_a7a6c02be1.csv;results_r02/trusted_set/decisions_DyF-ZTL-V_s4_p0.2_R100_062ab79c21.csv,
Table 14 trusted set,tab:trusted_set,size1200 / 0.2,Mal. rej. (\%),99$\pm$3,99±3,yes,5,DyF-ZTL-V_s0_p0.2_R100_98ecee26a4;DyF-ZTL-V_s1_p0.2_R100_5c4ca50f0a;DyF-ZTL-V_s2_p0.2_R100_61b8347b1d;DyF-ZTL-V_s3_p0.2_R100_a7a6c02be1;DyF-ZTL-V_s4_p0.2_R100_062ab79c21,results_r02/trusted_set/decisions_DyF-ZTL-V_s0_p0.2_R100_98ecee26a4.csv;results_r02/trusted_set/decisions_DyF-ZTL-V_s1_p0.2_R100_5c4ca50f0a.csv;results_r02/trusted_set/decisions_DyF-ZTL-V_s2_p0.2_R100_61b8347b1d.csv;results_r02/trusted_set/decisions_DyF-ZTL-V_s3_p0.2_R100_a7a6c02be1.csv;results_r02/trusted_set/decisions_DyF-ZTL-V_s4_p0.2_R100_062ab79c21.csv,
Table 14 trusted set,tab:trusted_set,size1200 / 0.4,Acc. (\%),95.2$\pm$3.6,95.2±3.6,yes,5,DyF-ZTL-V_s0_p0.4_R100_47bc4f21e3;DyF-ZTL-V_s1_p0.4_R100_a91468002c;DyF-ZTL-V_s2_p0.4_R100_d8dd774afd;DyF-ZTL-V_s3_p0.4_R100_26f6784a46;DyF-ZTL-V_s4_p0.4_R100_7e3b833c27,results_r02/trusted_set/final_DyF-ZTL-V_s0_p0.4_R100_47bc4f21e3.json;results_r02/trusted_set/final_DyF-ZTL-V_s1_p0.4_R100_a91468002c.json;results_r02/trusted_set/final_DyF-ZTL-V_s2_p0.4_R100_d8dd774afd.json;results_r02/trusted_set/final_DyF-ZTL-V_s3_p0.4_R100_26f6784a46.json;results_r02/trusted_set/final_DyF-ZTL-V_s4_p0.4_R100_7e3b833c27.json,
Table 14 trusted set,tab:trusted_set,size1200 / 0.4,Macro-F1 (\%),86.3$\pm$8.1,86.3±8.1,yes,5,DyF-ZTL-V_s0_p0.4_R100_47bc4f21e3;DyF-ZTL-V_s1_p0.4_R100_a91468002c;DyF-ZTL-V_s2_p0.4_R100_d8dd774afd;DyF-ZTL-V_s3_p0.4_R100_26f6784a46;DyF-ZTL-V_s4_p0.4_R100_7e3b833c27,results_r02/trusted_set/final_DyF-ZTL-V_s0_p0.4_R100_47bc4f21e3.json;results_r02/trusted_set/final_DyF-ZTL-V_s1_p0.4_R100_a91468002c.json;results_r02/trusted_set/final_DyF-ZTL-V_s2_p0.4_R100_d8dd774afd.json;results_r02/trusted_set/final_DyF-ZTL-V_s3_p0.4_R100_26f6784a46.json;results_r02/trusted_set/final_DyF-ZTL-V_s4_p0.4_R100_7e3b833c27.json,
Table 14 trusted set,tab:trusted_set,size1200 / 0.4,"Acc., default gates",94.7$\pm$4.4,94.7±4.4,yes,5,DyF-ZTL-V-dg_s0_p0.4_R100_cb0afdd720;DyF-ZTL-V-dg_s1_p0.4_R100_696e597fd3;DyF-ZTL-V-dg_s2_p0.4_R100_874a2fb03e;DyF-ZTL-V-dg_s3_p0.4_R100_c1956a00c7;DyF-ZTL-V-dg_s4_p0.4_R100_e9efaa61ea,results_r02/trusted_set/final_DyF-ZTL-V-dg_s0_p0.4_R100_cb0afdd720.json;results_r02/trusted_set/final_DyF-ZTL-V-dg_s1_p0.4_R100_696e597fd3.json;results_r02/trusted_set/final_DyF-ZTL-V-dg_s2_p0.4_R100_874a2fb03e.json;results_r02/trusted_set/final_DyF-ZTL-V-dg_s3_p0.4_R100_c1956a00c7.json;results_r02/trusted_set/final_DyF-ZTL-V-dg_s4_p0.4_R100_e9efaa61ea.json,
Table 14 trusted set,tab:trusted_set,size1200 / 0.4,FLTrust acc.,--,,yes,0,,,
Table 14 trusted set,tab:trusted_set,size1200 / 0.4,Honest rej. (\%),13$\pm$6,13±6,yes,5,DyF-ZTL-V_s0_p0.4_R100_47bc4f21e3;DyF-ZTL-V_s1_p0.4_R100_a91468002c;DyF-ZTL-V_s2_p0.4_R100_d8dd774afd;DyF-ZTL-V_s3_p0.4_R100_26f6784a46;DyF-ZTL-V_s4_p0.4_R100_7e3b833c27,results_r02/trusted_set/decisions_DyF-ZTL-V_s0_p0.4_R100_47bc4f21e3.csv;results_r02/trusted_set/decisions_DyF-ZTL-V_s1_p0.4_R100_a91468002c.csv;results_r02/trusted_set/decisions_DyF-ZTL-V_s2_p0.4_R100_d8dd774afd.csv;results_r02/trusted_set/decisions_DyF-ZTL-V_s3_p0.4_R100_26f6784a46.csv;results_r02/trusted_set/decisions_DyF-ZTL-V_s4_p0.4_R100_7e3b833c27.csv,
Table 14 trusted set,tab:trusted_set,size1200 / 0.4,Mal. rej. (\%),100$\pm$0,100±0,yes,5,DyF-ZTL-V_s0_p0.4_R100_47bc4f21e3;DyF-ZTL-V_s1_p0.4_R100_a91468002c;DyF-ZTL-V_s2_p0.4_R100_d8dd774afd;DyF-ZTL-V_s3_p0.4_R100_26f6784a46;DyF-ZTL-V_s4_p0.4_R100_7e3b833c27,results_r02/trusted_set/decisions_DyF-ZTL-V_s0_p0.4_R100_47bc4f21e3.csv;results_r02/trusted_set/decisions_DyF-ZTL-V_s1_p0.4_R100_a91468002c.csv;results_r02/trusted_set/decisions_DyF-ZTL-V_s2_p0.4_R100_d8dd774afd.csv;results_r02/trusted_set/decisions_DyF-ZTL-V_s3_p0.4_R100_26f6784a46.csv;results_r02/trusted_set/decisions_DyF-ZTL-V_s4_p0.4_R100_7e3b833c27.csv,
Table 14 trusted set,tab:trusted_set,imbalanced / 0.2,Acc. (\%),94.2$\pm$4.7,94.2±4.7,yes,5,DyF-ZTL-V_s0_p0.2_R100_f46449d663;DyF-ZTL-V_s1_p0.2_R100_3a1719919e;DyF-ZTL-V_s2_p0.2_R100_f80df4178b;DyF-ZTL-V_s3_p0.2_R100_5bd1646206;DyF-ZTL-V_s4_p0.2_R100_44ea80886a,results_r02/trusted_set/final_DyF-ZTL-V_s0_p0.2_R100_f46449d663.json;results_r02/trusted_set/final_DyF-ZTL-V_s1_p0.2_R100_3a1719919e.json;results_r02/trusted_set/final_DyF-ZTL-V_s2_p0.2_R100_f80df4178b.json;results_r02/trusted_set/final_DyF-ZTL-V_s3_p0.2_R100_5bd1646206.json;results_r02/trusted_set/final_DyF-ZTL-V_s4_p0.2_R100_44ea80886a.json,
Table 14 trusted set,tab:trusted_set,imbalanced / 0.2,Macro-F1 (\%),82.2$\pm$11.4,82.2±11.4,yes,5,DyF-ZTL-V_s0_p0.2_R100_f46449d663;DyF-ZTL-V_s1_p0.2_R100_3a1719919e;DyF-ZTL-V_s2_p0.2_R100_f80df4178b;DyF-ZTL-V_s3_p0.2_R100_5bd1646206;DyF-ZTL-V_s4_p0.2_R100_44ea80886a,results_r02/trusted_set/final_DyF-ZTL-V_s0_p0.2_R100_f46449d663.json;results_r02/trusted_set/final_DyF-ZTL-V_s1_p0.2_R100_3a1719919e.json;results_r02/trusted_set/final_DyF-ZTL-V_s2_p0.2_R100_f80df4178b.json;results_r02/trusted_set/final_DyF-ZTL-V_s3_p0.2_R100_5bd1646206.json;results_r02/trusted_set/final_DyF-ZTL-V_s4_p0.2_R100_44ea80886a.json,
Table 14 trusted set,tab:trusted_set,imbalanced / 0.2,"Acc., default gates",94.4$\pm$4.9,94.4±4.9,yes,5,DyF-ZTL-V-dg_s0_p0.2_R100_cf1d594bf0;DyF-ZTL-V-dg_s1_p0.2_R100_c6424b4e35;DyF-ZTL-V-dg_s2_p0.2_R100_6f804760e0;DyF-ZTL-V-dg_s3_p0.2_R100_3ae19fa1f3;DyF-ZTL-V-dg_s4_p0.2_R100_df18b94519,results_r02/trusted_set/final_DyF-ZTL-V-dg_s0_p0.2_R100_cf1d594bf0.json;results_r02/trusted_set/final_DyF-ZTL-V-dg_s1_p0.2_R100_c6424b4e35.json;results_r02/trusted_set/final_DyF-ZTL-V-dg_s2_p0.2_R100_6f804760e0.json;results_r02/trusted_set/final_DyF-ZTL-V-dg_s3_p0.2_R100_3ae19fa1f3.json;results_r02/trusted_set/final_DyF-ZTL-V-dg_s4_p0.2_R100_df18b94519.json,
Table 14 trusted set,tab:trusted_set,imbalanced / 0.2,FLTrust acc.,95.2$\pm$1.3,95.2±1.3,yes,5,FLTrust_s0_p0.2_R100_24f49fdb5f;FLTrust_s1_p0.2_R100_31646d20f9;FLTrust_s2_p0.2_R100_9019192988;FLTrust_s3_p0.2_R100_195863209e;FLTrust_s4_p0.2_R100_cb11846dde,results_r02/trusted_set/final_FLTrust_s0_p0.2_R100_24f49fdb5f.json;results_r02/trusted_set/final_FLTrust_s1_p0.2_R100_31646d20f9.json;results_r02/trusted_set/final_FLTrust_s2_p0.2_R100_9019192988.json;results_r02/trusted_set/final_FLTrust_s3_p0.2_R100_195863209e.json;results_r02/trusted_set/final_FLTrust_s4_p0.2_R100_cb11846dde.json,
Table 14 trusted set,tab:trusted_set,imbalanced / 0.2,Honest rej. (\%),5$\pm$5,5±5,yes,5,DyF-ZTL-V_s0_p0.2_R100_f46449d663;DyF-ZTL-V_s1_p0.2_R100_3a1719919e;DyF-ZTL-V_s2_p0.2_R100_f80df4178b;DyF-ZTL-V_s3_p0.2_R100_5bd1646206;DyF-ZTL-V_s4_p0.2_R100_44ea80886a,results_r02/trusted_set/decisions_DyF-ZTL-V_s0_p0.2_R100_f46449d663.csv;results_r02/trusted_set/decisions_DyF-ZTL-V_s1_p0.2_R100_3a1719919e.csv;results_r02/trusted_set/decisions_DyF-ZTL-V_s2_p0.2_R100_f80df4178b.csv;results_r02/trusted_set/decisions_DyF-ZTL-V_s3_p0.2_R100_5bd1646206.csv;results_r02/trusted_set/decisions_DyF-ZTL-V_s4_p0.2_R100_44ea80886a.csv,
Table 14 trusted set,tab:trusted_set,imbalanced / 0.2,Mal. rej. (\%),97$\pm$7,97±7,yes,5,DyF-ZTL-V_s0_p0.2_R100_f46449d663;DyF-ZTL-V_s1_p0.2_R100_3a1719919e;DyF-ZTL-V_s2_p0.2_R100_f80df4178b;DyF-ZTL-V_s3_p0.2_R100_5bd1646206;DyF-ZTL-V_s4_p0.2_R100_44ea80886a,results_r02/trusted_set/decisions_DyF-ZTL-V_s0_p0.2_R100_f46449d663.csv;results_r02/trusted_set/decisions_DyF-ZTL-V_s1_p0.2_R100_3a1719919e.csv;results_r02/trusted_set/decisions_DyF-ZTL-V_s2_p0.2_R100_f80df4178b.csv;results_r02/trusted_set/decisions_DyF-ZTL-V_s3_p0.2_R100_5bd1646206.csv;results_r02/trusted_set/decisions_DyF-ZTL-V_s4_p0.2_R100_44ea80886a.csv,
Table 14 trusted set,tab:trusted_set,imbalanced / 0.4,Acc. (\%),94.3$\pm$3.3,94.3±3.3,yes,5,DyF-ZTL-V_s0_p0.4_R100_b9b1ddb768;DyF-ZTL-V_s1_p0.4_R100_dfd58637c7;DyF-ZTL-V_s2_p0.4_R100_b719c4227b;DyF-ZTL-V_s3_p0.4_R100_5e4adeaf95;DyF-ZTL-V_s4_p0.4_R100_ff01c0bafc,results_r02/trusted_set/final_DyF-ZTL-V_s0_p0.4_R100_b9b1ddb768.json;results_r02/trusted_set/final_DyF-ZTL-V_s1_p0.4_R100_dfd58637c7.json;results_r02/trusted_set/final_DyF-ZTL-V_s2_p0.4_R100_b719c4227b.json;results_r02/trusted_set/final_DyF-ZTL-V_s3_p0.4_R100_5e4adeaf95.json;results_r02/trusted_set/final_DyF-ZTL-V_s4_p0.4_R100_ff01c0bafc.json,
Table 14 trusted set,tab:trusted_set,imbalanced / 0.4,Macro-F1 (\%),82.2$\pm$10.6,82.2±10.6,yes,5,DyF-ZTL-V_s0_p0.4_R100_b9b1ddb768;DyF-ZTL-V_s1_p0.4_R100_dfd58637c7;DyF-ZTL-V_s2_p0.4_R100_b719c4227b;DyF-ZTL-V_s3_p0.4_R100_5e4adeaf95;DyF-ZTL-V_s4_p0.4_R100_ff01c0bafc,results_r02/trusted_set/final_DyF-ZTL-V_s0_p0.4_R100_b9b1ddb768.json;results_r02/trusted_set/final_DyF-ZTL-V_s1_p0.4_R100_dfd58637c7.json;results_r02/trusted_set/final_DyF-ZTL-V_s2_p0.4_R100_b719c4227b.json;results_r02/trusted_set/final_DyF-ZTL-V_s3_p0.4_R100_5e4adeaf95.json;results_r02/trusted_set/final_DyF-ZTL-V_s4_p0.4_R100_ff01c0bafc.json,
Table 14 trusted set,tab:trusted_set,imbalanced / 0.4,"Acc., default gates",93.8$\pm$4.2,93.8±4.2,yes,5,DyF-ZTL-V-dg_s0_p0.4_R100_35c98af33a;DyF-ZTL-V-dg_s1_p0.4_R100_8949b8a4da;DyF-ZTL-V-dg_s2_p0.4_R100_d3565a4c07;DyF-ZTL-V-dg_s3_p0.4_R100_1d235cfee7;DyF-ZTL-V-dg_s4_p0.4_R100_5b2f0bf223,results_r02/trusted_set/final_DyF-ZTL-V-dg_s0_p0.4_R100_35c98af33a.json;results_r02/trusted_set/final_DyF-ZTL-V-dg_s1_p0.4_R100_8949b8a4da.json;results_r02/trusted_set/final_DyF-ZTL-V-dg_s2_p0.4_R100_d3565a4c07.json;results_r02/trusted_set/final_DyF-ZTL-V-dg_s3_p0.4_R100_1d235cfee7.json;results_r02/trusted_set/final_DyF-ZTL-V-dg_s4_p0.4_R100_5b2f0bf223.json,
Table 14 trusted set,tab:trusted_set,imbalanced / 0.4,FLTrust acc.,94.7$\pm$1.7,94.7±1.7,yes,5,FLTrust_s0_p0.4_R100_9937f48079;FLTrust_s1_p0.4_R100_06ddae367e;FLTrust_s2_p0.4_R100_b775efd1a6;FLTrust_s3_p0.4_R100_11bd3b0320;FLTrust_s4_p0.4_R100_643df23afd,results_r02/trusted_set/final_FLTrust_s0_p0.4_R100_9937f48079.json;results_r02/trusted_set/final_FLTrust_s1_p0.4_R100_06ddae367e.json;results_r02/trusted_set/final_FLTrust_s2_p0.4_R100_b775efd1a6.json;results_r02/trusted_set/final_FLTrust_s3_p0.4_R100_11bd3b0320.json;results_r02/trusted_set/final_FLTrust_s4_p0.4_R100_643df23afd.json,
Table 14 trusted set,tab:trusted_set,imbalanced / 0.4,Honest rej. (\%),6$\pm$5,6±5,yes,5,DyF-ZTL-V_s0_p0.4_R100_b9b1ddb768;DyF-ZTL-V_s1_p0.4_R100_dfd58637c7;DyF-ZTL-V_s2_p0.4_R100_b719c4227b;DyF-ZTL-V_s3_p0.4_R100_5e4adeaf95;DyF-ZTL-V_s4_p0.4_R100_ff01c0bafc,results_r02/trusted_set/decisions_DyF-ZTL-V_s0_p0.4_R100_b9b1ddb768.csv;results_r02/trusted_set/decisions_DyF-ZTL-V_s1_p0.4_R100_dfd58637c7.csv;results_r02/trusted_set/decisions_DyF-ZTL-V_s2_p0.4_R100_b719c4227b.csv;results_r02/trusted_set/decisions_DyF-ZTL-V_s3_p0.4_R100_5e4adeaf95.csv;results_r02/trusted_set/decisions_DyF-ZTL-V_s4_p0.4_R100_ff01c0bafc.csv,
Table 14 trusted set,tab:trusted_set,imbalanced / 0.4,Mal. rej. (\%),98$\pm$4,98±4,yes,5,DyF-ZTL-V_s0_p0.4_R100_b9b1ddb768;DyF-ZTL-V_s1_p0.4_R100_dfd58637c7;DyF-ZTL-V_s2_p0.4_R100_b719c4227b;DyF-ZTL-V_s3_p0.4_R100_5e4adeaf95;DyF-ZTL-V_s4_p0.4_R100_ff01c0bafc,results_r02/trusted_set/decisions_DyF-ZTL-V_s0_p0.4_R100_b9b1ddb768.csv;results_r02/trusted_set/decisions_DyF-ZTL-V_s1_p0.4_R100_dfd58637c7.csv;results_r02/trusted_set/decisions_DyF-ZTL-V_s2_p0.4_R100_b719c4227b.csv;results_r02/trusted_set/decisions_DyF-ZTL-V_s3_p0.4_R100_5e4adeaf95.csv;results_r02/trusted_set/decisions_DyF-ZTL-V_s4_p0.4_R100_ff01c0bafc.csv,
Table 14 trusted set,tab:trusted_set,missing2 / 0.2,Acc. (\%),96.2$\pm$0.9,96.2±0.9,yes,5,DyF-ZTL-V_s0_p0.2_R100_e9e17f0dfa;DyF-ZTL-V_s1_p0.2_R100_c3b20f6970;DyF-ZTL-V_s2_p0.2_R100_80a5386ba8;DyF-ZTL-V_s3_p0.2_R100_19dabb6b4e;DyF-ZTL-V_s4_p0.2_R100_d075652214,results_r02/trusted_set/final_DyF-ZTL-V_s0_p0.2_R100_e9e17f0dfa.json;results_r02/trusted_set/final_DyF-ZTL-V_s1_p0.2_R100_c3b20f6970.json;results_r02/trusted_set/final_DyF-ZTL-V_s2_p0.2_R100_80a5386ba8.json;results_r02/trusted_set/final_DyF-ZTL-V_s3_p0.2_R100_19dabb6b4e.json;results_r02/trusted_set/final_DyF-ZTL-V_s4_p0.2_R100_d075652214.json,
Table 14 trusted set,tab:trusted_set,missing2 / 0.2,Macro-F1 (\%),85.3$\pm$6.2,85.3±6.2,yes,5,DyF-ZTL-V_s0_p0.2_R100_e9e17f0dfa;DyF-ZTL-V_s1_p0.2_R100_c3b20f6970;DyF-ZTL-V_s2_p0.2_R100_80a5386ba8;DyF-ZTL-V_s3_p0.2_R100_19dabb6b4e;DyF-ZTL-V_s4_p0.2_R100_d075652214,results_r02/trusted_set/final_DyF-ZTL-V_s0_p0.2_R100_e9e17f0dfa.json;results_r02/trusted_set/final_DyF-ZTL-V_s1_p0.2_R100_c3b20f6970.json;results_r02/trusted_set/final_DyF-ZTL-V_s2_p0.2_R100_80a5386ba8.json;results_r02/trusted_set/final_DyF-ZTL-V_s3_p0.2_R100_19dabb6b4e.json;results_r02/trusted_set/final_DyF-ZTL-V_s4_p0.2_R100_d075652214.json,
Table 14 trusted set,tab:trusted_set,missing2 / 0.2,"Acc., default gates",94.1$\pm$5.0,94.1±5.0,yes,5,DyF-ZTL-V-dg_s0_p0.2_R100_2ea99655a3;DyF-ZTL-V-dg_s1_p0.2_R100_30d1cc4b1d;DyF-ZTL-V-dg_s2_p0.2_R100_70fa3071da;DyF-ZTL-V-dg_s3_p0.2_R100_f90c7f3c41;DyF-ZTL-V-dg_s4_p0.2_R100_31f11707b2,results_r02/trusted_set/final_DyF-ZTL-V-dg_s0_p0.2_R100_2ea99655a3.json;results_r02/trusted_set/final_DyF-ZTL-V-dg_s1_p0.2_R100_30d1cc4b1d.json;results_r02/trusted_set/final_DyF-ZTL-V-dg_s2_p0.2_R100_70fa3071da.json;results_r02/trusted_set/final_DyF-ZTL-V-dg_s3_p0.2_R100_f90c7f3c41.json;results_r02/trusted_set/final_DyF-ZTL-V-dg_s4_p0.2_R100_31f11707b2.json,
Table 14 trusted set,tab:trusted_set,missing2 / 0.2,FLTrust acc.,96.0$\pm$0.4,96.0±0.4,yes,5,FLTrust_s0_p0.2_R100_b0b4566875;FLTrust_s1_p0.2_R100_3c9f83d211;FLTrust_s2_p0.2_R100_b785413b6f;FLTrust_s3_p0.2_R100_8c1392f332;FLTrust_s4_p0.2_R100_fb1c1fd8c0,results_r02/trusted_set/final_FLTrust_s0_p0.2_R100_b0b4566875.json;results_r02/trusted_set/final_FLTrust_s1_p0.2_R100_3c9f83d211.json;results_r02/trusted_set/final_FLTrust_s2_p0.2_R100_b785413b6f.json;results_r02/trusted_set/final_FLTrust_s3_p0.2_R100_8c1392f332.json;results_r02/trusted_set/final_FLTrust_s4_p0.2_R100_fb1c1fd8c0.json,
Table 14 trusted set,tab:trusted_set,missing2 / 0.2,Honest rej. (\%),9$\pm$2,9±2,yes,5,DyF-ZTL-V_s0_p0.2_R100_e9e17f0dfa;DyF-ZTL-V_s1_p0.2_R100_c3b20f6970;DyF-ZTL-V_s2_p0.2_R100_80a5386ba8;DyF-ZTL-V_s3_p0.2_R100_19dabb6b4e;DyF-ZTL-V_s4_p0.2_R100_d075652214,results_r02/trusted_set/decisions_DyF-ZTL-V_s0_p0.2_R100_e9e17f0dfa.csv;results_r02/trusted_set/decisions_DyF-ZTL-V_s1_p0.2_R100_c3b20f6970.csv;results_r02/trusted_set/decisions_DyF-ZTL-V_s2_p0.2_R100_80a5386ba8.csv;results_r02/trusted_set/decisions_DyF-ZTL-V_s3_p0.2_R100_19dabb6b4e.csv;results_r02/trusted_set/decisions_DyF-ZTL-V_s4_p0.2_R100_d075652214.csv,
Table 14 trusted set,tab:trusted_set,missing2 / 0.2,Mal. rej. (\%),100$\pm$0,100±0,yes,5,DyF-ZTL-V_s0_p0.2_R100_e9e17f0dfa;DyF-ZTL-V_s1_p0.2_R100_c3b20f6970;DyF-ZTL-V_s2_p0.2_R100_80a5386ba8;DyF-ZTL-V_s3_p0.2_R100_19dabb6b4e;DyF-ZTL-V_s4_p0.2_R100_d075652214,results_r02/trusted_set/decisions_DyF-ZTL-V_s0_p0.2_R100_e9e17f0dfa.csv;results_r02/trusted_set/decisions_DyF-ZTL-V_s1_p0.2_R100_c3b20f6970.csv;results_r02/trusted_set/decisions_DyF-ZTL-V_s2_p0.2_R100_80a5386ba8.csv;results_r02/trusted_set/decisions_DyF-ZTL-V_s3_p0.2_R100_19dabb6b4e.csv;results_r02/trusted_set/decisions_DyF-ZTL-V_s4_p0.2_R100_d075652214.csv,
Table 14 trusted set,tab:trusted_set,missing2 / 0.4,Acc. (\%),93.4$\pm$4.9,93.4±4.9,yes,5,DyF-ZTL-V_s0_p0.4_R100_aba551a0da;DyF-ZTL-V_s1_p0.4_R100_8700e628f4;DyF-ZTL-V_s2_p0.4_R100_8227aa93b6;DyF-ZTL-V_s3_p0.4_R100_8d548e4a47;DyF-ZTL-V_s4_p0.4_R100_35305f5fab,results_r02/trusted_set/final_DyF-ZTL-V_s0_p0.4_R100_aba551a0da.json;results_r02/trusted_set/final_DyF-ZTL-V_s1_p0.4_R100_8700e628f4.json;results_r02/trusted_set/final_DyF-ZTL-V_s2_p0.4_R100_8227aa93b6.json;results_r02/trusted_set/final_DyF-ZTL-V_s3_p0.4_R100_8d548e4a47.json;results_r02/trusted_set/final_DyF-ZTL-V_s4_p0.4_R100_35305f5fab.json,
Table 14 trusted set,tab:trusted_set,missing2 / 0.4,Macro-F1 (\%),79.6$\pm$12.0,79.6±12.0,yes,5,DyF-ZTL-V_s0_p0.4_R100_aba551a0da;DyF-ZTL-V_s1_p0.4_R100_8700e628f4;DyF-ZTL-V_s2_p0.4_R100_8227aa93b6;DyF-ZTL-V_s3_p0.4_R100_8d548e4a47;DyF-ZTL-V_s4_p0.4_R100_35305f5fab,results_r02/trusted_set/final_DyF-ZTL-V_s0_p0.4_R100_aba551a0da.json;results_r02/trusted_set/final_DyF-ZTL-V_s1_p0.4_R100_8700e628f4.json;results_r02/trusted_set/final_DyF-ZTL-V_s2_p0.4_R100_8227aa93b6.json;results_r02/trusted_set/final_DyF-ZTL-V_s3_p0.4_R100_8d548e4a47.json;results_r02/trusted_set/final_DyF-ZTL-V_s4_p0.4_R100_35305f5fab.json,
Table 14 trusted set,tab:trusted_set,missing2 / 0.4,"Acc., default gates",92.6$\pm$5.5,92.6±5.5,yes,5,DyF-ZTL-V-dg_s0_p0.4_R100_f3d31c3cd5;DyF-ZTL-V-dg_s1_p0.4_R100_1fb74c06ce;DyF-ZTL-V-dg_s2_p0.4_R100_efd872a533;DyF-ZTL-V-dg_s3_p0.4_R100_a3bbe6961a;DyF-ZTL-V-dg_s4_p0.4_R100_67555e1df9,results_r02/trusted_set/final_DyF-ZTL-V-dg_s0_p0.4_R100_f3d31c3cd5.json;results_r02/trusted_set/final_DyF-ZTL-V-dg_s1_p0.4_R100_1fb74c06ce.json;results_r02/trusted_set/final_DyF-ZTL-V-dg_s2_p0.4_R100_efd872a533.json;results_r02/trusted_set/final_DyF-ZTL-V-dg_s3_p0.4_R100_a3bbe6961a.json;results_r02/trusted_set/final_DyF-ZTL-V-dg_s4_p0.4_R100_67555e1df9.json,
Table 14 trusted set,tab:trusted_set,missing2 / 0.4,FLTrust acc.,95.8$\pm$0.3,95.8±0.3,yes,5,FLTrust_s0_p0.4_R100_e43bfa3d20;FLTrust_s1_p0.4_R100_f8a29ca1ba;FLTrust_s2_p0.4_R100_12af5353f5;FLTrust_s3_p0.4_R100_5727de5056;FLTrust_s4_p0.4_R100_1d194582f5,results_r02/trusted_set/final_FLTrust_s0_p0.4_R100_e43bfa3d20.json;results_r02/trusted_set/final_FLTrust_s1_p0.4_R100_f8a29ca1ba.json;results_r02/trusted_set/final_FLTrust_s2_p0.4_R100_12af5353f5.json;results_r02/trusted_set/final_FLTrust_s3_p0.4_R100_5727de5056.json;results_r02/trusted_set/final_FLTrust_s4_p0.4_R100_1d194582f5.json,
Table 14 trusted set,tab:trusted_set,missing2 / 0.4,Honest rej. (\%),8$\pm$7,8±7,yes,5,DyF-ZTL-V_s0_p0.4_R100_aba551a0da;DyF-ZTL-V_s1_p0.4_R100_8700e628f4;DyF-ZTL-V_s2_p0.4_R100_8227aa93b6;DyF-ZTL-V_s3_p0.4_R100_8d548e4a47;DyF-ZTL-V_s4_p0.4_R100_35305f5fab,results_r02/trusted_set/decisions_DyF-ZTL-V_s0_p0.4_R100_aba551a0da.csv;results_r02/trusted_set/decisions_DyF-ZTL-V_s1_p0.4_R100_8700e628f4.csv;results_r02/trusted_set/decisions_DyF-ZTL-V_s2_p0.4_R100_8227aa93b6.csv;results_r02/trusted_set/decisions_DyF-ZTL-V_s3_p0.4_R100_8d548e4a47.csv;results_r02/trusted_set/decisions_DyF-ZTL-V_s4_p0.4_R100_35305f5fab.csv,
Table 14 trusted set,tab:trusted_set,missing2 / 0.4,Mal. rej. (\%),100$\pm$1,100±1,yes,5,DyF-ZTL-V_s0_p0.4_R100_aba551a0da;DyF-ZTL-V_s1_p0.4_R100_8700e628f4;DyF-ZTL-V_s2_p0.4_R100_8227aa93b6;DyF-ZTL-V_s3_p0.4_R100_8d548e4a47;DyF-ZTL-V_s4_p0.4_R100_35305f5fab,results_r02/trusted_set/decisions_DyF-ZTL-V_s0_p0.4_R100_aba551a0da.csv;results_r02/trusted_set/decisions_DyF-ZTL-V_s1_p0.4_R100_8700e628f4.csv;results_r02/trusted_set/decisions_DyF-ZTL-V_s2_p0.4_R100_8227aa93b6.csv;results_r02/trusted_set/decisions_DyF-ZTL-V_s3_p0.4_R100_8d548e4a47.csv;results_r02/trusted_set/decisions_DyF-ZTL-V_s4_p0.4_R100_35305f5fab.csv,
Table 14 trusted set,tab:trusted_set,shifted / 0.2,Acc. (\%),96.1$\pm$0.8,96.1±0.8,yes,5,DyF-ZTL-V_s0_p0.2_R100_05dff50e91;DyF-ZTL-V_s1_p0.2_R100_a787c8677d;DyF-ZTL-V_s2_p0.2_R100_4e670a868a;DyF-ZTL-V_s3_p0.2_R100_973ae38582;DyF-ZTL-V_s4_p0.2_R100_f202438b7c,results_r02/trusted_set/final_DyF-ZTL-V_s0_p0.2_R100_05dff50e91.json;results_r02/trusted_set/final_DyF-ZTL-V_s1_p0.2_R100_a787c8677d.json;results_r02/trusted_set/final_DyF-ZTL-V_s2_p0.2_R100_4e670a868a.json;results_r02/trusted_set/final_DyF-ZTL-V_s3_p0.2_R100_973ae38582.json;results_r02/trusted_set/final_DyF-ZTL-V_s4_p0.2_R100_f202438b7c.json,
Table 14 trusted set,tab:trusted_set,shifted / 0.2,Macro-F1 (\%),86.9$\pm$4.2,86.9±4.2,yes,5,DyF-ZTL-V_s0_p0.2_R100_05dff50e91;DyF-ZTL-V_s1_p0.2_R100_a787c8677d;DyF-ZTL-V_s2_p0.2_R100_4e670a868a;DyF-ZTL-V_s3_p0.2_R100_973ae38582;DyF-ZTL-V_s4_p0.2_R100_f202438b7c,results_r02/trusted_set/final_DyF-ZTL-V_s0_p0.2_R100_05dff50e91.json;results_r02/trusted_set/final_DyF-ZTL-V_s1_p0.2_R100_a787c8677d.json;results_r02/trusted_set/final_DyF-ZTL-V_s2_p0.2_R100_4e670a868a.json;results_r02/trusted_set/final_DyF-ZTL-V_s3_p0.2_R100_973ae38582.json;results_r02/trusted_set/final_DyF-ZTL-V_s4_p0.2_R100_f202438b7c.json,
Table 14 trusted set,tab:trusted_set,shifted / 0.2,"Acc., default gates",84.7$\pm$6.5,84.7±6.5,yes,5,DyF-ZTL-V-dg_s0_p0.2_R100_f802185280;DyF-ZTL-V-dg_s1_p0.2_R100_d1eb03a75f;DyF-ZTL-V-dg_s2_p0.2_R100_3d23ec3ef8;DyF-ZTL-V-dg_s3_p0.2_R100_d2a558d25a;DyF-ZTL-V-dg_s4_p0.2_R100_e77d894ed0,results_r02/trusted_set/final_DyF-ZTL-V-dg_s0_p0.2_R100_f802185280.json;results_r02/trusted_set/final_DyF-ZTL-V-dg_s1_p0.2_R100_d1eb03a75f.json;results_r02/trusted_set/final_DyF-ZTL-V-dg_s2_p0.2_R100_3d23ec3ef8.json;results_r02/trusted_set/final_DyF-ZTL-V-dg_s3_p0.2_R100_d2a558d25a.json;results_r02/trusted_set/final_DyF-ZTL-V-dg_s4_p0.2_R100_e77d894ed0.json,
Table 14 trusted set,tab:trusted_set,shifted / 0.2,FLTrust acc.,90.4$\pm$7.5,90.4±7.5,yes,5,FLTrust_s0_p0.2_R100_fb64c5e701;FLTrust_s1_p0.2_R100_8bdbff83ea;FLTrust_s2_p0.2_R100_d28bcda56c;FLTrust_s3_p0.2_R100_805d1a52cf;FLTrust_s4_p0.2_R100_4abd2dbd3d,results_r02/trusted_set/final_FLTrust_s0_p0.2_R100_fb64c5e701.json;results_r02/trusted_set/final_FLTrust_s1_p0.2_R100_8bdbff83ea.json;results_r02/trusted_set/final_FLTrust_s2_p0.2_R100_d28bcda56c.json;results_r02/trusted_set/final_FLTrust_s3_p0.2_R100_805d1a52cf.json;results_r02/trusted_set/final_FLTrust_s4_p0.2_R100_4abd2dbd3d.json,
Table 14 trusted set,tab:trusted_set,shifted / 0.2,Honest rej. (\%),8$\pm$2,8±2,yes,5,DyF-ZTL-V_s0_p0.2_R100_05dff50e91;DyF-ZTL-V_s1_p0.2_R100_a787c8677d;DyF-ZTL-V_s2_p0.2_R100_4e670a868a;DyF-ZTL-V_s3_p0.2_R100_973ae38582;DyF-ZTL-V_s4_p0.2_R100_f202438b7c,results_r02/trusted_set/decisions_DyF-ZTL-V_s0_p0.2_R100_05dff50e91.csv;results_r02/trusted_set/decisions_DyF-ZTL-V_s1_p0.2_R100_a787c8677d.csv;results_r02/trusted_set/decisions_DyF-ZTL-V_s2_p0.2_R100_4e670a868a.csv;results_r02/trusted_set/decisions_DyF-ZTL-V_s3_p0.2_R100_973ae38582.csv;results_r02/trusted_set/decisions_DyF-ZTL-V_s4_p0.2_R100_f202438b7c.csv,
Table 14 trusted set,tab:trusted_set,shifted / 0.2,Mal. rej. (\%),97$\pm$7,97±7,yes,5,DyF-ZTL-V_s0_p0.2_R100_05dff50e91;DyF-ZTL-V_s1_p0.2_R100_a787c8677d;DyF-ZTL-V_s2_p0.2_R100_4e670a868a;DyF-ZTL-V_s3_p0.2_R100_973ae38582;DyF-ZTL-V_s4_p0.2_R100_f202438b7c,results_r02/trusted_set/decisions_DyF-ZTL-V_s0_p0.2_R100_05dff50e91.csv;results_r02/trusted_set/decisions_DyF-ZTL-V_s1_p0.2_R100_a787c8677d.csv;results_r02/trusted_set/decisions_DyF-ZTL-V_s2_p0.2_R100_4e670a868a.csv;results_r02/trusted_set/decisions_DyF-ZTL-V_s3_p0.2_R100_973ae38582.csv;results_r02/trusted_set/decisions_DyF-ZTL-V_s4_p0.2_R100_f202438b7c.csv,
Table 14 trusted set,tab:trusted_set,shifted / 0.4,Acc. (\%),94.0$\pm$5.0,94.0±5.0,yes,5,DyF-ZTL-V_s0_p0.4_R100_62320207f9;DyF-ZTL-V_s1_p0.4_R100_fb79732f3f;DyF-ZTL-V_s2_p0.4_R100_2dab189079;DyF-ZTL-V_s3_p0.4_R100_ce0cd2a7df;DyF-ZTL-V_s4_p0.4_R100_6e3732cef4,results_r02/trusted_set/final_DyF-ZTL-V_s0_p0.4_R100_62320207f9.json;results_r02/trusted_set/final_DyF-ZTL-V_s1_p0.4_R100_fb79732f3f.json;results_r02/trusted_set/final_DyF-ZTL-V_s2_p0.4_R100_2dab189079.json;results_r02/trusted_set/final_DyF-ZTL-V_s3_p0.4_R100_ce0cd2a7df.json;results_r02/trusted_set/final_DyF-ZTL-V_s4_p0.4_R100_6e3732cef4.json,
Table 14 trusted set,tab:trusted_set,shifted / 0.4,Macro-F1 (\%),84.2$\pm$12.2,84.2±12.2,yes,5,DyF-ZTL-V_s0_p0.4_R100_62320207f9;DyF-ZTL-V_s1_p0.4_R100_fb79732f3f;DyF-ZTL-V_s2_p0.4_R100_2dab189079;DyF-ZTL-V_s3_p0.4_R100_ce0cd2a7df;DyF-ZTL-V_s4_p0.4_R100_6e3732cef4,results_r02/trusted_set/final_DyF-ZTL-V_s0_p0.4_R100_62320207f9.json;results_r02/trusted_set/final_DyF-ZTL-V_s1_p0.4_R100_fb79732f3f.json;results_r02/trusted_set/final_DyF-ZTL-V_s2_p0.4_R100_2dab189079.json;results_r02/trusted_set/final_DyF-ZTL-V_s3_p0.4_R100_ce0cd2a7df.json;results_r02/trusted_set/final_DyF-ZTL-V_s4_p0.4_R100_6e3732cef4.json,
Table 14 trusted set,tab:trusted_set,shifted / 0.4,"Acc., default gates",85.1$\pm$6.7,85.1±6.7,yes,5,DyF-ZTL-V-dg_s0_p0.4_R100_73c94f9f61;DyF-ZTL-V-dg_s1_p0.4_R100_8415ef9e1e;DyF-ZTL-V-dg_s2_p0.4_R100_9ebdebed98;DyF-ZTL-V-dg_s3_p0.4_R100_9d55546bae;DyF-ZTL-V-dg_s4_p0.4_R100_e33af4d447,results_r02/trusted_set/final_DyF-ZTL-V-dg_s0_p0.4_R100_73c94f9f61.json;results_r02/trusted_set/final_DyF-ZTL-V-dg_s1_p0.4_R100_8415ef9e1e.json;results_r02/trusted_set/final_DyF-ZTL-V-dg_s2_p0.4_R100_9ebdebed98.json;results_r02/trusted_set/final_DyF-ZTL-V-dg_s3_p0.4_R100_9d55546bae.json;results_r02/trusted_set/final_DyF-ZTL-V-dg_s4_p0.4_R100_e33af4d447.json,
Table 14 trusted set,tab:trusted_set,shifted / 0.4,FLTrust acc.,89.0$\pm$8.3,89.0±8.3,yes,5,FLTrust_s0_p0.4_R100_a52dfd585d;FLTrust_s1_p0.4_R100_3018995a4d;FLTrust_s2_p0.4_R100_659ebc6aef;FLTrust_s3_p0.4_R100_226c7da265;FLTrust_s4_p0.4_R100_bc563f5f1a,results_r02/trusted_set/final_FLTrust_s0_p0.4_R100_a52dfd585d.json;results_r02/trusted_set/final_FLTrust_s1_p0.4_R100_3018995a4d.json;results_r02/trusted_set/final_FLTrust_s2_p0.4_R100_659ebc6aef.json;results_r02/trusted_set/final_FLTrust_s3_p0.4_R100_226c7da265.json;results_r02/trusted_set/final_FLTrust_s4_p0.4_R100_bc563f5f1a.json,
Table 14 trusted set,tab:trusted_set,shifted / 0.4,Honest rej. (\%),7$\pm$9,7±9,yes,5,DyF-ZTL-V_s0_p0.4_R100_62320207f9;DyF-ZTL-V_s1_p0.4_R100_fb79732f3f;DyF-ZTL-V_s2_p0.4_R100_2dab189079;DyF-ZTL-V_s3_p0.4_R100_ce0cd2a7df;DyF-ZTL-V_s4_p0.4_R100_6e3732cef4,results_r02/trusted_set/decisions_DyF-ZTL-V_s0_p0.4_R100_62320207f9.csv;results_r02/trusted_set/decisions_DyF-ZTL-V_s1_p0.4_R100_fb79732f3f.csv;results_r02/trusted_set/decisions_DyF-ZTL-V_s2_p0.4_R100_2dab189079.csv;results_r02/trusted_set/decisions_DyF-ZTL-V_s3_p0.4_R100_ce0cd2a7df.csv;results_r02/trusted_set/decisions_DyF-ZTL-V_s4_p0.4_R100_6e3732cef4.csv,
Table 14 trusted set,tab:trusted_set,shifted / 0.4,Mal. rej. (\%),96$\pm$5,96±5,yes,5,DyF-ZTL-V_s0_p0.4_R100_62320207f9;DyF-ZTL-V_s1_p0.4_R100_fb79732f3f;DyF-ZTL-V_s2_p0.4_R100_2dab189079;DyF-ZTL-V_s3_p0.4_R100_ce0cd2a7df;DyF-ZTL-V_s4_p0.4_R100_6e3732cef4,results_r02/trusted_set/decisions_DyF-ZTL-V_s0_p0.4_R100_62320207f9.csv;results_r02/trusted_set/decisions_DyF-ZTL-V_s1_p0.4_R100_fb79732f3f.csv;results_r02/trusted_set/decisions_DyF-ZTL-V_s2_p0.4_R100_2dab189079.csv;results_r02/trusted_set/decisions_DyF-ZTL-V_s3_p0.4_R100_ce0cd2a7df.csv;results_r02/trusted_set/decisions_DyF-ZTL-V_s4_p0.4_R100_6e3732cef4.csv,
Table 14 trusted set,tab:trusted_set,contam5 / 0.2,Acc. (\%),95.0$\pm$3.1,95.0±3.1,yes,5,DyF-ZTL-V_s0_p0.2_R100_b8d56e5203;DyF-ZTL-V_s1_p0.2_R100_eb97d0c7c2;DyF-ZTL-V_s2_p0.2_R100_afeb606cb1;DyF-ZTL-V_s3_p0.2_R100_00a7755c38;DyF-ZTL-V_s4_p0.2_R100_53014b0ce0,results_r02/trusted_set/final_DyF-ZTL-V_s0_p0.2_R100_b8d56e5203.json;results_r02/trusted_set/final_DyF-ZTL-V_s1_p0.2_R100_eb97d0c7c2.json;results_r02/trusted_set/final_DyF-ZTL-V_s2_p0.2_R100_afeb606cb1.json;results_r02/trusted_set/final_DyF-ZTL-V_s3_p0.2_R100_00a7755c38.json;results_r02/trusted_set/final_DyF-ZTL-V_s4_p0.2_R100_53014b0ce0.json,
Table 14 trusted set,tab:trusted_set,contam5 / 0.2,Macro-F1 (\%),85.0$\pm$7.9,85.0±7.9,yes,5,DyF-ZTL-V_s0_p0.2_R100_b8d56e5203;DyF-ZTL-V_s1_p0.2_R100_eb97d0c7c2;DyF-ZTL-V_s2_p0.2_R100_afeb606cb1;DyF-ZTL-V_s3_p0.2_R100_00a7755c38;DyF-ZTL-V_s4_p0.2_R100_53014b0ce0,results_r02/trusted_set/final_DyF-ZTL-V_s0_p0.2_R100_b8d56e5203.json;results_r02/trusted_set/final_DyF-ZTL-V_s1_p0.2_R100_eb97d0c7c2.json;results_r02/trusted_set/final_DyF-ZTL-V_s2_p0.2_R100_afeb606cb1.json;results_r02/trusted_set/final_DyF-ZTL-V_s3_p0.2_R100_00a7755c38.json;results_r02/trusted_set/final_DyF-ZTL-V_s4_p0.2_R100_53014b0ce0.json,
Table 14 trusted set,tab:trusted_set,contam5 / 0.2,"Acc., default gates",96.7$\pm$0.6,96.7±0.6,yes,5,DyF-ZTL-V-dg_s0_p0.2_R100_b2d365ade1;DyF-ZTL-V-dg_s1_p0.2_R100_a6fc43eff0;DyF-ZTL-V-dg_s2_p0.2_R100_b6c41a0a9d;DyF-ZTL-V-dg_s3_p0.2_R100_bd0e44c5a2;DyF-ZTL-V-dg_s4_p0.2_R100_f82bfd6afa,results_r02/trusted_set/final_DyF-ZTL-V-dg_s0_p0.2_R100_b2d365ade1.json;results_r02/trusted_set/final_DyF-ZTL-V-dg_s1_p0.2_R100_a6fc43eff0.json;results_r02/trusted_set/final_DyF-ZTL-V-dg_s2_p0.2_R100_b6c41a0a9d.json;results_r02/trusted_set/final_DyF-ZTL-V-dg_s3_p0.2_R100_bd0e44c5a2.json;results_r02/trusted_set/final_DyF-ZTL-V-dg_s4_p0.2_R100_f82bfd6afa.json,
Table 14 trusted set,tab:trusted_set,contam5 / 0.2,FLTrust acc.,91.7$\pm$6.2,91.7±6.2,yes,5,FLTrust_s0_p0.2_R100_b0270d6031;FLTrust_s1_p0.2_R100_e77f113a70;FLTrust_s2_p0.2_R100_de85691205;FLTrust_s3_p0.2_R100_297172485e;FLTrust_s4_p0.2_R100_18fcfe6a78,results_r02/trusted_set/final_FLTrust_s0_p0.2_R100_b0270d6031.json;results_r02/trusted_set/final_FLTrust_s1_p0.2_R100_e77f113a70.json;results_r02/trusted_set/final_FLTrust_s2_p0.2_R100_de85691205.json;results_r02/trusted_set/final_FLTrust_s3_p0.2_R100_297172485e.json;results_r02/trusted_set/final_FLTrust_s4_p0.2_R100_18fcfe6a78.json,
Table 14 trusted set,tab:trusted_set,contam5 / 0.2,Honest rej. (\%),8$\pm$3,8±3,yes,5,DyF-ZTL-V_s0_p0.2_R100_b8d56e5203;DyF-ZTL-V_s1_p0.2_R100_eb97d0c7c2;DyF-ZTL-V_s2_p0.2_R100_afeb606cb1;DyF-ZTL-V_s3_p0.2_R100_00a7755c38;DyF-ZTL-V_s4_p0.2_R100_53014b0ce0,results_r02/trusted_set/decisions_DyF-ZTL-V_s0_p0.2_R100_b8d56e5203.csv;results_r02/trusted_set/decisions_DyF-ZTL-V_s1_p0.2_R100_eb97d0c7c2.csv;results_r02/trusted_set/decisions_DyF-ZTL-V_s2_p0.2_R100_afeb606cb1.csv;results_r02/trusted_set/decisions_DyF-ZTL-V_s3_p0.2_R100_00a7755c38.csv;results_r02/trusted_set/decisions_DyF-ZTL-V_s4_p0.2_R100_53014b0ce0.csv,
Table 14 trusted set,tab:trusted_set,contam5 / 0.2,Mal. rej. (\%),99$\pm$3,99±3,yes,5,DyF-ZTL-V_s0_p0.2_R100_b8d56e5203;DyF-ZTL-V_s1_p0.2_R100_eb97d0c7c2;DyF-ZTL-V_s2_p0.2_R100_afeb606cb1;DyF-ZTL-V_s3_p0.2_R100_00a7755c38;DyF-ZTL-V_s4_p0.2_R100_53014b0ce0,results_r02/trusted_set/decisions_DyF-ZTL-V_s0_p0.2_R100_b8d56e5203.csv;results_r02/trusted_set/decisions_DyF-ZTL-V_s1_p0.2_R100_eb97d0c7c2.csv;results_r02/trusted_set/decisions_DyF-ZTL-V_s2_p0.2_R100_afeb606cb1.csv;results_r02/trusted_set/decisions_DyF-ZTL-V_s3_p0.2_R100_00a7755c38.csv;results_r02/trusted_set/decisions_DyF-ZTL-V_s4_p0.2_R100_53014b0ce0.csv,
Table 14 trusted set,tab:trusted_set,contam5 / 0.4,Acc. (\%),92.5$\pm$6.2,92.5±6.2,yes,5,DyF-ZTL-V_s0_p0.4_R100_7c347cb72c;DyF-ZTL-V_s1_p0.4_R100_4d75d292ab;DyF-ZTL-V_s2_p0.4_R100_f7c67c08ec;DyF-ZTL-V_s3_p0.4_R100_8d20f000b3;DyF-ZTL-V_s4_p0.4_R100_5053db4fb6,results_r02/trusted_set/final_DyF-ZTL-V_s0_p0.4_R100_7c347cb72c.json;results_r02/trusted_set/final_DyF-ZTL-V_s1_p0.4_R100_4d75d292ab.json;results_r02/trusted_set/final_DyF-ZTL-V_s2_p0.4_R100_f7c67c08ec.json;results_r02/trusted_set/final_DyF-ZTL-V_s3_p0.4_R100_8d20f000b3.json;results_r02/trusted_set/final_DyF-ZTL-V_s4_p0.4_R100_5053db4fb6.json,
Table 14 trusted set,tab:trusted_set,contam5 / 0.4,Macro-F1 (\%),81.9$\pm$12.7,81.9±12.7,yes,5,DyF-ZTL-V_s0_p0.4_R100_7c347cb72c;DyF-ZTL-V_s1_p0.4_R100_4d75d292ab;DyF-ZTL-V_s2_p0.4_R100_f7c67c08ec;DyF-ZTL-V_s3_p0.4_R100_8d20f000b3;DyF-ZTL-V_s4_p0.4_R100_5053db4fb6,results_r02/trusted_set/final_DyF-ZTL-V_s0_p0.4_R100_7c347cb72c.json;results_r02/trusted_set/final_DyF-ZTL-V_s1_p0.4_R100_4d75d292ab.json;results_r02/trusted_set/final_DyF-ZTL-V_s2_p0.4_R100_f7c67c08ec.json;results_r02/trusted_set/final_DyF-ZTL-V_s3_p0.4_R100_8d20f000b3.json;results_r02/trusted_set/final_DyF-ZTL-V_s4_p0.4_R100_5053db4fb6.json,
Table 14 trusted set,tab:trusted_set,contam5 / 0.4,"Acc., default gates",96.7$\pm$1.0,96.7±1.0,yes,5,DyF-ZTL-V-dg_s0_p0.4_R100_908eb87622;DyF-ZTL-V-dg_s1_p0.4_R100_0da2eb86ca;DyF-ZTL-V-dg_s2_p0.4_R100_14467c7852;DyF-ZTL-V-dg_s3_p0.4_R100_e9115f9477;DyF-ZTL-V-dg_s4_p0.4_R100_f19dc49288,results_r02/trusted_set/final_DyF-ZTL-V-dg_s0_p0.4_R100_908eb87622.json;results_r02/trusted_set/final_DyF-ZTL-V-dg_s1_p0.4_R100_0da2eb86ca.json;results_r02/trusted_set/final_DyF-ZTL-V-dg_s2_p0.4_R100_14467c7852.json;results_r02/trusted_set/final_DyF-ZTL-V-dg_s3_p0.4_R100_e9115f9477.json;results_r02/trusted_set/final_DyF-ZTL-V-dg_s4_p0.4_R100_f19dc49288.json,
Table 14 trusted set,tab:trusted_set,contam5 / 0.4,FLTrust acc.,79.7$\pm$28.4,79.7±28.4,yes,5,FLTrust_s0_p0.4_R100_7e75bfb435;FLTrust_s1_p0.4_R100_3f25c6d07d;FLTrust_s2_p0.4_R100_19abfecddb;FLTrust_s3_p0.4_R100_ad83e5722d;FLTrust_s4_p0.4_R100_60eed8423e,results_r02/trusted_set/final_FLTrust_s0_p0.4_R100_7e75bfb435.json;results_r02/trusted_set/final_FLTrust_s1_p0.4_R100_3f25c6d07d.json;results_r02/trusted_set/final_FLTrust_s2_p0.4_R100_19abfecddb.json;results_r02/trusted_set/final_FLTrust_s3_p0.4_R100_ad83e5722d.json;results_r02/trusted_set/final_FLTrust_s4_p0.4_R100_60eed8423e.json,
Table 14 trusted set,tab:trusted_set,contam5 / 0.4,Honest rej. (\%),19$\pm$11,19±11,yes,5,DyF-ZTL-V_s0_p0.4_R100_7c347cb72c;DyF-ZTL-V_s1_p0.4_R100_4d75d292ab;DyF-ZTL-V_s2_p0.4_R100_f7c67c08ec;DyF-ZTL-V_s3_p0.4_R100_8d20f000b3;DyF-ZTL-V_s4_p0.4_R100_5053db4fb6,results_r02/trusted_set/decisions_DyF-ZTL-V_s0_p0.4_R100_7c347cb72c.csv;results_r02/trusted_set/decisions_DyF-ZTL-V_s1_p0.4_R100_4d75d292ab.csv;results_r02/trusted_set/decisions_DyF-ZTL-V_s2_p0.4_R100_f7c67c08ec.csv;results_r02/trusted_set/decisions_DyF-ZTL-V_s3_p0.4_R100_8d20f000b3.csv;results_r02/trusted_set/decisions_DyF-ZTL-V_s4_p0.4_R100_5053db4fb6.csv,
Table 14 trusted set,tab:trusted_set,contam5 / 0.4,Mal. rej. (\%),100$\pm$0,100±0,yes,5,DyF-ZTL-V_s0_p0.4_R100_7c347cb72c;DyF-ZTL-V_s1_p0.4_R100_4d75d292ab;DyF-ZTL-V_s2_p0.4_R100_f7c67c08ec;DyF-ZTL-V_s3_p0.4_R100_8d20f000b3;DyF-ZTL-V_s4_p0.4_R100_5053db4fb6,results_r02/trusted_set/decisions_DyF-ZTL-V_s0_p0.4_R100_7c347cb72c.csv;results_r02/trusted_set/decisions_DyF-ZTL-V_s1_p0.4_R100_4d75d292ab.csv;results_r02/trusted_set/decisions_DyF-ZTL-V_s2_p0.4_R100_f7c67c08ec.csv;results_r02/trusted_set/decisions_DyF-ZTL-V_s3_p0.4_R100_8d20f000b3.csv;results_r02/trusted_set/decisions_DyF-ZTL-V_s4_p0.4_R100_5053db4fb6.csv,
Table 14 trusted set,tab:trusted_set,contam10 / 0.2,Acc. (\%),95.4$\pm$1.7,95.4±1.7,yes,5,DyF-ZTL-V_s0_p0.2_R100_5159d62bbb;DyF-ZTL-V_s1_p0.2_R100_1f7f703aa5;DyF-ZTL-V_s2_p0.2_R100_cf6eb0075e;DyF-ZTL-V_s3_p0.2_R100_8ce1c26dde;DyF-ZTL-V_s4_p0.2_R100_4b4df28405,results_r02/trusted_set/final_DyF-ZTL-V_s0_p0.2_R100_5159d62bbb.json;results_r02/trusted_set/final_DyF-ZTL-V_s1_p0.2_R100_1f7f703aa5.json;results_r02/trusted_set/final_DyF-ZTL-V_s2_p0.2_R100_cf6eb0075e.json;results_r02/trusted_set/final_DyF-ZTL-V_s3_p0.2_R100_8ce1c26dde.json;results_r02/trusted_set/final_DyF-ZTL-V_s4_p0.2_R100_4b4df28405.json,
Table 14 trusted set,tab:trusted_set,contam10 / 0.2,Macro-F1 (\%),84.1$\pm$6.9,84.1±6.9,yes,5,DyF-ZTL-V_s0_p0.2_R100_5159d62bbb;DyF-ZTL-V_s1_p0.2_R100_1f7f703aa5;DyF-ZTL-V_s2_p0.2_R100_cf6eb0075e;DyF-ZTL-V_s3_p0.2_R100_8ce1c26dde;DyF-ZTL-V_s4_p0.2_R100_4b4df28405,results_r02/trusted_set/final_DyF-ZTL-V_s0_p0.2_R100_5159d62bbb.json;results_r02/trusted_set/final_DyF-ZTL-V_s1_p0.2_R100_1f7f703aa5.json;results_r02/trusted_set/final_DyF-ZTL-V_s2_p0.2_R100_cf6eb0075e.json;results_r02/trusted_set/final_DyF-ZTL-V_s3_p0.2_R100_8ce1c26dde.json;results_r02/trusted_set/final_DyF-ZTL-V_s4_p0.2_R100_4b4df28405.json,
Table 14 trusted set,tab:trusted_set,contam10 / 0.2,"Acc., default gates",95.7$\pm$0.9,95.7±0.9,yes,5,DyF-ZTL-V-dg_s0_p0.2_R100_0745990a91;DyF-ZTL-V-dg_s1_p0.2_R100_4942cf9fce;DyF-ZTL-V-dg_s2_p0.2_R100_095c4916c9;DyF-ZTL-V-dg_s3_p0.2_R100_a67d558cd0;DyF-ZTL-V-dg_s4_p0.2_R100_0b2918f975,results_r02/trusted_set/final_DyF-ZTL-V-dg_s0_p0.2_R100_0745990a91.json;results_r02/trusted_set/final_DyF-ZTL-V-dg_s1_p0.2_R100_4942cf9fce.json;results_r02/trusted_set/final_DyF-ZTL-V-dg_s2_p0.2_R100_095c4916c9.json;results_r02/trusted_set/final_DyF-ZTL-V-dg_s3_p0.2_R100_a67d558cd0.json;results_r02/trusted_set/final_DyF-ZTL-V-dg_s4_p0.2_R100_0b2918f975.json,
Table 14 trusted set,tab:trusted_set,contam10 / 0.2,FLTrust acc.,73.8$\pm$22.1,73.8±22.1,yes,5,FLTrust_s0_p0.2_R100_399aa8d1a0;FLTrust_s1_p0.2_R100_769f8227ab;FLTrust_s2_p0.2_R100_d464b46786;FLTrust_s3_p0.2_R100_2ac75e59e2;FLTrust_s4_p0.2_R100_b138702034,results_r02/trusted_set/final_FLTrust_s0_p0.2_R100_399aa8d1a0.json;results_r02/trusted_set/final_FLTrust_s1_p0.2_R100_769f8227ab.json;results_r02/trusted_set/final_FLTrust_s2_p0.2_R100_d464b46786.json;results_r02/trusted_set/final_FLTrust_s3_p0.2_R100_2ac75e59e2.json;results_r02/trusted_set/final_FLTrust_s4_p0.2_R100_b138702034.json,
Table 14 trusted set,tab:trusted_set,contam10 / 0.2,Honest rej. (\%),44$\pm$35,44±35,yes,5,DyF-ZTL-V_s0_p0.2_R100_5159d62bbb;DyF-ZTL-V_s1_p0.2_R100_1f7f703aa5;DyF-ZTL-V_s2_p0.2_R100_cf6eb0075e;DyF-ZTL-V_s3_p0.2_R100_8ce1c26dde;DyF-ZTL-V_s4_p0.2_R100_4b4df28405,results_r02/trusted_set/decisions_DyF-ZTL-V_s0_p0.2_R100_5159d62bbb.csv;results_r02/trusted_set/decisions_DyF-ZTL-V_s1_p0.2_R100_1f7f703aa5.csv;results_r02/trusted_set/decisions_DyF-ZTL-V_s2_p0.2_R100_cf6eb0075e.csv;results_r02/trusted_set/decisions_DyF-ZTL-V_s3_p0.2_R100_8ce1c26dde.csv;results_r02/trusted_set/decisions_DyF-ZTL-V_s4_p0.2_R100_4b4df28405.csv,
Table 14 trusted set,tab:trusted_set,contam10 / 0.2,Mal. rej. (\%),100$\pm$0,100±0,yes,5,DyF-ZTL-V_s0_p0.2_R100_5159d62bbb;DyF-ZTL-V_s1_p0.2_R100_1f7f703aa5;DyF-ZTL-V_s2_p0.2_R100_cf6eb0075e;DyF-ZTL-V_s3_p0.2_R100_8ce1c26dde;DyF-ZTL-V_s4_p0.2_R100_4b4df28405,results_r02/trusted_set/decisions_DyF-ZTL-V_s0_p0.2_R100_5159d62bbb.csv;results_r02/trusted_set/decisions_DyF-ZTL-V_s1_p0.2_R100_1f7f703aa5.csv;results_r02/trusted_set/decisions_DyF-ZTL-V_s2_p0.2_R100_cf6eb0075e.csv;results_r02/trusted_set/decisions_DyF-ZTL-V_s3_p0.2_R100_8ce1c26dde.csv;results_r02/trusted_set/decisions_DyF-ZTL-V_s4_p0.2_R100_4b4df28405.csv,
Table 14 trusted set,tab:trusted_set,contam10 / 0.4,Acc. (\%),96.0$\pm$0.7,96.0±0.7,yes,5,DyF-ZTL-V_s0_p0.4_R100_33026d517a;DyF-ZTL-V_s1_p0.4_R100_f155b53446;DyF-ZTL-V_s2_p0.4_R100_e0a2c6c591;DyF-ZTL-V_s3_p0.4_R100_516f4f58da;DyF-ZTL-V_s4_p0.4_R100_b79ee62c39,results_r02/trusted_set/final_DyF-ZTL-V_s0_p0.4_R100_33026d517a.json;results_r02/trusted_set/final_DyF-ZTL-V_s1_p0.4_R100_f155b53446.json;results_r02/trusted_set/final_DyF-ZTL-V_s2_p0.4_R100_e0a2c6c591.json;results_r02/trusted_set/final_DyF-ZTL-V_s3_p0.4_R100_516f4f58da.json;results_r02/trusted_set/final_DyF-ZTL-V_s4_p0.4_R100_b79ee62c39.json,
Table 14 trusted set,tab:trusted_set,contam10 / 0.4,Macro-F1 (\%),86.7$\pm$2.1,86.7±2.1,yes,5,DyF-ZTL-V_s0_p0.4_R100_33026d517a;DyF-ZTL-V_s1_p0.4_R100_f155b53446;DyF-ZTL-V_s2_p0.4_R100_e0a2c6c591;DyF-ZTL-V_s3_p0.4_R100_516f4f58da;DyF-ZTL-V_s4_p0.4_R100_b79ee62c39,results_r02/trusted_set/final_DyF-ZTL-V_s0_p0.4_R100_33026d517a.json;results_r02/trusted_set/final_DyF-ZTL-V_s1_p0.4_R100_f155b53446.json;results_r02/trusted_set/final_DyF-ZTL-V_s2_p0.4_R100_e0a2c6c591.json;results_r02/trusted_set/final_DyF-ZTL-V_s3_p0.4_R100_516f4f58da.json;results_r02/trusted_set/final_DyF-ZTL-V_s4_p0.4_R100_b79ee62c39.json,
Table 14 trusted set,tab:trusted_set,contam10 / 0.4,"Acc., default gates",95.8$\pm$1.0,95.8±1.0,yes,5,DyF-ZTL-V-dg_s0_p0.4_R100_db1beb8305;DyF-ZTL-V-dg_s1_p0.4_R100_e97fa5b44d;DyF-ZTL-V-dg_s2_p0.4_R100_ff07efc1a3;DyF-ZTL-V-dg_s3_p0.4_R100_e684d160aa;DyF-ZTL-V-dg_s4_p0.4_R100_95e573229c,results_r02/trusted_set/final_DyF-ZTL-V-dg_s0_p0.4_R100_db1beb8305.json;results_r02/trusted_set/final_DyF-ZTL-V-dg_s1_p0.4_R100_e97fa5b44d.json;results_r02/trusted_set/final_DyF-ZTL-V-dg_s2_p0.4_R100_ff07efc1a3.json;results_r02/trusted_set/final_DyF-ZTL-V-dg_s3_p0.4_R100_e684d160aa.json;results_r02/trusted_set/final_DyF-ZTL-V-dg_s4_p0.4_R100_95e573229c.json,
Table 14 trusted set,tab:trusted_set,contam10 / 0.4,FLTrust acc.,74.1$\pm$34.8,74.1±34.8,yes,5,FLTrust_s0_p0.4_R100_8201f76516;FLTrust_s1_p0.4_R100_9d2573c776;FLTrust_s2_p0.4_R100_a7f346b102;FLTrust_s3_p0.4_R100_e1b3ea340f;FLTrust_s4_p0.4_R100_1a4428947e,results_r02/trusted_set/final_FLTrust_s0_p0.4_R100_8201f76516.json;results_r02/trusted_set/final_FLTrust_s1_p0.4_R100_9d2573c776.json;results_r02/trusted_set/final_FLTrust_s2_p0.4_R100_a7f346b102.json;results_r02/trusted_set/final_FLTrust_s3_p0.4_R100_e1b3ea340f.json;results_r02/trusted_set/final_FLTrust_s4_p0.4_R100_1a4428947e.json,
Table 14 trusted set,tab:trusted_set,contam10 / 0.4,Honest rej. (\%),72$\pm$31,72±31,yes,5,DyF-ZTL-V_s0_p0.4_R100_33026d517a;DyF-ZTL-V_s1_p0.4_R100_f155b53446;DyF-ZTL-V_s2_p0.4_R100_e0a2c6c591;DyF-ZTL-V_s3_p0.4_R100_516f4f58da;DyF-ZTL-V_s4_p0.4_R100_b79ee62c39,results_r02/trusted_set/decisions_DyF-ZTL-V_s0_p0.4_R100_33026d517a.csv;results_r02/trusted_set/decisions_DyF-ZTL-V_s1_p0.4_R100_f155b53446.csv;results_r02/trusted_set/decisions_DyF-ZTL-V_s2_p0.4_R100_e0a2c6c591.csv;results_r02/trusted_set/decisions_DyF-ZTL-V_s3_p0.4_R100_516f4f58da.csv;results_r02/trusted_set/decisions_DyF-ZTL-V_s4_p0.4_R100_b79ee62c39.csv,
Table 14 trusted set,tab:trusted_set,contam10 / 0.4,Mal. rej. (\%),100$\pm$0,100±0,yes,5,DyF-ZTL-V_s0_p0.4_R100_33026d517a;DyF-ZTL-V_s1_p0.4_R100_f155b53446;DyF-ZTL-V_s2_p0.4_R100_e0a2c6c591;DyF-ZTL-V_s3_p0.4_R100_516f4f58da;DyF-ZTL-V_s4_p0.4_R100_b79ee62c39,results_r02/trusted_set/decisions_DyF-ZTL-V_s0_p0.4_R100_33026d517a.csv;results_r02/trusted_set/decisions_DyF-ZTL-V_s1_p0.4_R100_f155b53446.csv;results_r02/trusted_set/decisions_DyF-ZTL-V_s2_p0.4_R100_e0a2c6c591.csv;results_r02/trusted_set/decisions_DyF-ZTL-V_s3_p0.4_R100_516f4f58da.csv;results_r02/trusted_set/decisions_DyF-ZTL-V_s4_p0.4_R100_b79ee62c39.csv,
Table 15 modes,tab:modes,0.2 / DyF-ZTL-V,Acc. (\%),95.6$\pm$2.5,95.6±2.5,yes,5,DyF-ZTL-V_s0_p0.2_R100_70f55769d2;DyF-ZTL-V_s1_p0.2_R100_c9c4d1ef7b;DyF-ZTL-V_s2_p0.2_R100_7f85b4de6e;DyF-ZTL-V_s3_p0.2_R100_a9734df61c;DyF-ZTL-V_s4_p0.2_R100_c32904e9cf,results_r02/cyclic/final_DyF-ZTL-V_s0_p0.2_R100_70f55769d2.json;results_r02/cyclic/final_DyF-ZTL-V_s1_p0.2_R100_c9c4d1ef7b.json;results_r02/cyclic/final_DyF-ZTL-V_s2_p0.2_R100_7f85b4de6e.json;results_r02/cyclic/final_DyF-ZTL-V_s3_p0.2_R100_a9734df61c.json;results_r02/cyclic/final_DyF-ZTL-V_s4_p0.2_R100_c32904e9cf.json,
Table 15 modes,tab:modes,0.2 / DyF-ZTL-V,Macro-F1 (\%),86.3$\pm$6.7,86.3±6.7,yes,5,DyF-ZTL-V_s0_p0.2_R100_70f55769d2;DyF-ZTL-V_s1_p0.2_R100_c9c4d1ef7b;DyF-ZTL-V_s2_p0.2_R100_7f85b4de6e;DyF-ZTL-V_s3_p0.2_R100_a9734df61c;DyF-ZTL-V_s4_p0.2_R100_c32904e9cf,results_r02/cyclic/final_DyF-ZTL-V_s0_p0.2_R100_70f55769d2.json;results_r02/cyclic/final_DyF-ZTL-V_s1_p0.2_R100_c9c4d1ef7b.json;results_r02/cyclic/final_DyF-ZTL-V_s2_p0.2_R100_7f85b4de6e.json;results_r02/cyclic/final_DyF-ZTL-V_s3_p0.2_R100_a9734df61c.json;results_r02/cyclic/final_DyF-ZTL-V_s4_p0.2_R100_c32904e9cf.json,
Table 15 modes,tab:modes,0.2 / DyF-ZTL-V,Honest rej. (\%),11.7$\pm$7.1,11.7±7.1,yes,5,DyF-ZTL-V_s0_p0.2_R100_70f55769d2;DyF-ZTL-V_s1_p0.2_R100_c9c4d1ef7b;DyF-ZTL-V_s2_p0.2_R100_7f85b4de6e;DyF-ZTL-V_s3_p0.2_R100_a9734df61c;DyF-ZTL-V_s4_p0.2_R100_c32904e9cf,results_r02/cyclic/decisions_DyF-ZTL-V_s0_p0.2_R100_70f55769d2.csv;results_r02/cyclic/decisions_DyF-ZTL-V_s1_p0.2_R100_c9c4d1ef7b.csv;results_r02/cyclic/decisions_DyF-ZTL-V_s2_p0.2_R100_7f85b4de6e.csv;results_r02/cyclic/decisions_DyF-ZTL-V_s3_p0.2_R100_a9734df61c.csv;results_r02/cyclic/decisions_DyF-ZTL-V_s4_p0.2_R100_c32904e9cf.csv,
Table 15 modes,tab:modes,0.2 / DyF-ZTL-V,Mal. rej. (\%),97.9$\pm$4.7,97.9±4.7,yes,5,DyF-ZTL-V_s0_p0.2_R100_70f55769d2;DyF-ZTL-V_s1_p0.2_R100_c9c4d1ef7b;DyF-ZTL-V_s2_p0.2_R100_7f85b4de6e;DyF-ZTL-V_s3_p0.2_R100_a9734df61c;DyF-ZTL-V_s4_p0.2_R100_c32904e9cf,results_r02/cyclic/decisions_DyF-ZTL-V_s0_p0.2_R100_70f55769d2.csv;results_r02/cyclic/decisions_DyF-ZTL-V_s1_p0.2_R100_c9c4d1ef7b.csv;results_r02/cyclic/decisions_DyF-ZTL-V_s2_p0.2_R100_7f85b4de6e.csv;results_r02/cyclic/decisions_DyF-ZTL-V_s3_p0.2_R100_a9734df61c.csv;results_r02/cyclic/decisions_DyF-ZTL-V_s4_p0.2_R100_c32904e9cf.csv,
Table 15 modes,tab:modes,0.2 / DyF-ZTL-V,Attacker weight (\%),0.5$\pm$1.2,,pipeline,5,DyF-ZTL-V_s0_p0.2_R100_70f55769d2;DyF-ZTL-V_s1_p0.2_R100_c9c4d1ef7b;DyF-ZTL-V_s2_p0.2_R100_7f85b4de6e;DyF-ZTL-V_s3_p0.2_R100_a9734df61c;DyF-ZTL-V_s4_p0.2_R100_c32904e9cf,results_r02/analysis/admission_runs.csv,attacker weight share / rehabilitation time via analyze_r02.admission_metrics
Table 15 modes,tab:modes,0.2 / DyF-ZTL-V,Rounds to rehab.,12.1$\pm$14.3,,pipeline,5,DyF-ZTL-V_s0_p0.2_R100_70f55769d2;DyF-ZTL-V_s1_p0.2_R100_c9c4d1ef7b;DyF-ZTL-V_s2_p0.2_R100_7f85b4de6e;DyF-ZTL-V_s3_p0.2_R100_a9734df61c;DyF-ZTL-V_s4_p0.2_R100_c32904e9cf,results_r02/analysis/admission_runs.csv,attacker weight share / rehabilitation time via analyze_r02.admission_metrics
Table 15 modes,tab:modes,0.2 / DyF-ZTL-V-prob,Acc. (\%),94.8$\pm$5.2,94.8±5.2,yes,5,DyF-ZTL-V-prob_s0_p0.2_R100_6ab84dedda;DyF-ZTL-V-prob_s1_p0.2_R100_587a096a24;DyF-ZTL-V-prob_s2_p0.2_R100_aee0612864;DyF-ZTL-V-prob_s3_p0.2_R100_3755745bc2;DyF-ZTL-V-prob_s4_p0.2_R100_25caa0844d,results_r02/trust_modes/final_DyF-ZTL-V-prob_s0_p0.2_R100_6ab84dedda.json;results_r02/trust_modes/final_DyF-ZTL-V-prob_s1_p0.2_R100_587a096a24.json;results_r02/trust_modes/final_DyF-ZTL-V-prob_s2_p0.2_R100_aee0612864.json;results_r02/trust_modes/final_DyF-ZTL-V-prob_s3_p0.2_R100_3755745bc2.json;results_r02/trust_modes/final_DyF-ZTL-V-prob_s4_p0.2_R100_25caa0844d.json,
Table 15 modes,tab:modes,0.2 / DyF-ZTL-V-prob,Macro-F1 (\%),85.3$\pm$11.8,85.3±11.8,yes,5,DyF-ZTL-V-prob_s0_p0.2_R100_6ab84dedda;DyF-ZTL-V-prob_s1_p0.2_R100_587a096a24;DyF-ZTL-V-prob_s2_p0.2_R100_aee0612864;DyF-ZTL-V-prob_s3_p0.2_R100_3755745bc2;DyF-ZTL-V-prob_s4_p0.2_R100_25caa0844d,results_r02/trust_modes/final_DyF-ZTL-V-prob_s0_p0.2_R100_6ab84dedda.json;results_r02/trust_modes/final_DyF-ZTL-V-prob_s1_p0.2_R100_587a096a24.json;results_r02/trust_modes/final_DyF-ZTL-V-prob_s2_p0.2_R100_aee0612864.json;results_r02/trust_modes/final_DyF-ZTL-V-prob_s3_p0.2_R100_3755745bc2.json;results_r02/trust_modes/final_DyF-ZTL-V-prob_s4_p0.2_R100_25caa0844d.json,
Table 15 modes,tab:modes,0.2 / DyF-ZTL-V-prob,Honest rej. (\%),10.9$\pm$6.8,10.9±6.8,yes,5,DyF-ZTL-V-prob_s0_p0.2_R100_6ab84dedda;DyF-ZTL-V-prob_s1_p0.2_R100_587a096a24;DyF-ZTL-V-prob_s2_p0.2_R100_aee0612864;DyF-ZTL-V-prob_s3_p0.2_R100_3755745bc2;DyF-ZTL-V-prob_s4_p0.2_R100_25caa0844d,results_r02/trust_modes/decisions_DyF-ZTL-V-prob_s0_p0.2_R100_6ab84dedda.csv;results_r02/trust_modes/decisions_DyF-ZTL-V-prob_s1_p0.2_R100_587a096a24.csv;results_r02/trust_modes/decisions_DyF-ZTL-V-prob_s2_p0.2_R100_aee0612864.csv;results_r02/trust_modes/decisions_DyF-ZTL-V-prob_s3_p0.2_R100_3755745bc2.csv;results_r02/trust_modes/decisions_DyF-ZTL-V-prob_s4_p0.2_R100_25caa0844d.csv,
Table 15 modes,tab:modes,0.2 / DyF-ZTL-V-prob,Mal. rej. (\%),97.8$\pm$5.0,97.8±5.0,yes,5,DyF-ZTL-V-prob_s0_p0.2_R100_6ab84dedda;DyF-ZTL-V-prob_s1_p0.2_R100_587a096a24;DyF-ZTL-V-prob_s2_p0.2_R100_aee0612864;DyF-ZTL-V-prob_s3_p0.2_R100_3755745bc2;DyF-ZTL-V-prob_s4_p0.2_R100_25caa0844d,results_r02/trust_modes/decisions_DyF-ZTL-V-prob_s0_p0.2_R100_6ab84dedda.csv;results_r02/trust_modes/decisions_DyF-ZTL-V-prob_s1_p0.2_R100_587a096a24.csv;results_r02/trust_modes/decisions_DyF-ZTL-V-prob_s2_p0.2_R100_aee0612864.csv;results_r02/trust_modes/decisions_DyF-ZTL-V-prob_s3_p0.2_R100_3755745bc2.csv;results_r02/trust_modes/decisions_DyF-ZTL-V-prob_s4_p0.2_R100_25caa0844d.csv,
Table 15 modes,tab:modes,0.2 / DyF-ZTL-V-prob,Attacker weight (\%),0.6$\pm$1.3,,pipeline,5,DyF-ZTL-V-prob_s0_p0.2_R100_6ab84dedda;DyF-ZTL-V-prob_s1_p0.2_R100_587a096a24;DyF-ZTL-V-prob_s2_p0.2_R100_aee0612864;DyF-ZTL-V-prob_s3_p0.2_R100_3755745bc2;DyF-ZTL-V-prob_s4_p0.2_R100_25caa0844d,results_r02/analysis/admission_runs.csv,attacker weight share / rehabilitation time via analyze_r02.admission_metrics
Table 15 modes,tab:modes,0.2 / DyF-ZTL-V-prob,Rounds to rehab.,10.3$\pm$6.7,,pipeline,5,DyF-ZTL-V-prob_s0_p0.2_R100_6ab84dedda;DyF-ZTL-V-prob_s1_p0.2_R100_587a096a24;DyF-ZTL-V-prob_s2_p0.2_R100_aee0612864;DyF-ZTL-V-prob_s3_p0.2_R100_3755745bc2;DyF-ZTL-V-prob_s4_p0.2_R100_25caa0844d,results_r02/analysis/admission_runs.csv,attacker weight share / rehabilitation time via analyze_r02.admission_metrics
Table 15 modes,tab:modes,0.2 / DyF-ZTL-V-soft,Acc. (\%),94.9$\pm$3.1,94.9±3.1,yes,5,DyF-ZTL-V-soft_s0_p0.2_R100_e2f1cea8fe;DyF-ZTL-V-soft_s1_p0.2_R100_16e6dfed4a;DyF-ZTL-V-soft_s2_p0.2_R100_7ebc6c066c;DyF-ZTL-V-soft_s3_p0.2_R100_85b128e0c4;DyF-ZTL-V-soft_s4_p0.2_R100_1eb92ad00d,results_r02/trust_modes/final_DyF-ZTL-V-soft_s0_p0.2_R100_e2f1cea8fe.json;results_r02/trust_modes/final_DyF-ZTL-V-soft_s1_p0.2_R100_16e6dfed4a.json;results_r02/trust_modes/final_DyF-ZTL-V-soft_s2_p0.2_R100_7ebc6c066c.json;results_r02/trust_modes/final_DyF-ZTL-V-soft_s3_p0.2_R100_85b128e0c4.json;results_r02/trust_modes/final_DyF-ZTL-V-soft_s4_p0.2_R100_1eb92ad00d.json,
Table 15 modes,tab:modes,0.2 / DyF-ZTL-V-soft,Macro-F1 (\%),84.3$\pm$8.3,84.3±8.3,yes,5,DyF-ZTL-V-soft_s0_p0.2_R100_e2f1cea8fe;DyF-ZTL-V-soft_s1_p0.2_R100_16e6dfed4a;DyF-ZTL-V-soft_s2_p0.2_R100_7ebc6c066c;DyF-ZTL-V-soft_s3_p0.2_R100_85b128e0c4;DyF-ZTL-V-soft_s4_p0.2_R100_1eb92ad00d,results_r02/trust_modes/final_DyF-ZTL-V-soft_s0_p0.2_R100_e2f1cea8fe.json;results_r02/trust_modes/final_DyF-ZTL-V-soft_s1_p0.2_R100_16e6dfed4a.json;results_r02/trust_modes/final_DyF-ZTL-V-soft_s2_p0.2_R100_7ebc6c066c.json;results_r02/trust_modes/final_DyF-ZTL-V-soft_s3_p0.2_R100_85b128e0c4.json;results_r02/trust_modes/final_DyF-ZTL-V-soft_s4_p0.2_R100_1eb92ad00d.json,
Table 15 modes,tab:modes,0.2 / DyF-ZTL-V-soft,Honest rej. (\%),0.0$\pm$0.0,0 by construction,yes,5,DyF-ZTL-V-soft_s0_p0.2_R100_e2f1cea8fe;DyF-ZTL-V-soft_s1_p0.2_R100_16e6dfed4a;DyF-ZTL-V-soft_s2_p0.2_R100_7ebc6c066c;DyF-ZTL-V-soft_s3_p0.2_R100_85b128e0c4;DyF-ZTL-V-soft_s4_p0.2_R100_1eb92ad00d,results_r02/trust_modes/decisions_DyF-ZTL-V-soft_s0_p0.2_R100_e2f1cea8fe.csv;results_r02/trust_modes/decisions_DyF-ZTL-V-soft_s1_p0.2_R100_16e6dfed4a.csv;results_r02/trust_modes/decisions_DyF-ZTL-V-soft_s2_p0.2_R100_7ebc6c066c.csv;results_r02/trust_modes/decisions_DyF-ZTL-V-soft_s3_p0.2_R100_85b128e0c4.csv;results_r02/trust_modes/decisions_DyF-ZTL-V-soft_s4_p0.2_R100_1eb92ad00d.csv,soft mode never excludes
Table 15 modes,tab:modes,0.2 / DyF-ZTL-V-soft,Mal. rej. (\%),0.0$\pm$0.0,0 by construction,yes,5,DyF-ZTL-V-soft_s0_p0.2_R100_e2f1cea8fe;DyF-ZTL-V-soft_s1_p0.2_R100_16e6dfed4a;DyF-ZTL-V-soft_s2_p0.2_R100_7ebc6c066c;DyF-ZTL-V-soft_s3_p0.2_R100_85b128e0c4;DyF-ZTL-V-soft_s4_p0.2_R100_1eb92ad00d,results_r02/trust_modes/decisions_DyF-ZTL-V-soft_s0_p0.2_R100_e2f1cea8fe.csv;results_r02/trust_modes/decisions_DyF-ZTL-V-soft_s1_p0.2_R100_16e6dfed4a.csv;results_r02/trust_modes/decisions_DyF-ZTL-V-soft_s2_p0.2_R100_7ebc6c066c.csv;results_r02/trust_modes/decisions_DyF-ZTL-V-soft_s3_p0.2_R100_85b128e0c4.csv;results_r02/trust_modes/decisions_DyF-ZTL-V-soft_s4_p0.2_R100_1eb92ad00d.csv,soft mode never excludes
Table 15 modes,tab:modes,0.2 / DyF-ZTL-V-soft,Attacker weight (\%),0.7$\pm$1.4,,pipeline,5,DyF-ZTL-V-soft_s0_p0.2_R100_e2f1cea8fe;DyF-ZTL-V-soft_s1_p0.2_R100_16e6dfed4a;DyF-ZTL-V-soft_s2_p0.2_R100_7ebc6c066c;DyF-ZTL-V-soft_s3_p0.2_R100_85b128e0c4;DyF-ZTL-V-soft_s4_p0.2_R100_1eb92ad00d,results_r02/analysis/admission_runs.csv,attacker weight share / rehabilitation time via analyze_r02.admission_metrics
Table 15 modes,tab:modes,0.2 / DyF-ZTL-V-soft,Rounds to rehab.,--,,pipeline,5,DyF-ZTL-V-soft_s0_p0.2_R100_e2f1cea8fe;DyF-ZTL-V-soft_s1_p0.2_R100_16e6dfed4a;DyF-ZTL-V-soft_s2_p0.2_R100_7ebc6c066c;DyF-ZTL-V-soft_s3_p0.2_R100_85b128e0c4;DyF-ZTL-V-soft_s4_p0.2_R100_1eb92ad00d,results_r02/analysis/admission_runs.csv,attacker weight share / rehabilitation time via analyze_r02.admission_metrics
Table 15 modes,tab:modes,0.4 / DyF-ZTL-V,Acc. (\%),96.4$\pm$1.3,96.4±1.3,yes,5,DyF-ZTL-V_s0_p0.4_R100_9d28d361af;DyF-ZTL-V_s1_p0.4_R100_eb956f537a;DyF-ZTL-V_s2_p0.4_R100_439661ae3a;DyF-ZTL-V_s3_p0.4_R100_019e0715d8;DyF-ZTL-V_s4_p0.4_R100_f908bf4b7f,results_r02/cyclic/final_DyF-ZTL-V_s0_p0.4_R100_9d28d361af.json;results_r02/cyclic/final_DyF-ZTL-V_s1_p0.4_R100_eb956f537a.json;results_r02/cyclic/final_DyF-ZTL-V_s2_p0.4_R100_439661ae3a.json;results_r02/cyclic/final_DyF-ZTL-V_s3_p0.4_R100_019e0715d8.json;results_r02/cyclic/final_DyF-ZTL-V_s4_p0.4_R100_f908bf4b7f.json,
Table 15 modes,tab:modes,0.4 / DyF-ZTL-V,Macro-F1 (\%),88.5$\pm$2.8,88.5±2.8,yes,5,DyF-ZTL-V_s0_p0.4_R100_9d28d361af;DyF-ZTL-V_s1_p0.4_R100_eb956f537a;DyF-ZTL-V_s2_p0.4_R100_439661ae3a;DyF-ZTL-V_s3_p0.4_R100_019e0715d8;DyF-ZTL-V_s4_p0.4_R100_f908bf4b7f,results_r02/cyclic/final_DyF-ZTL-V_s0_p0.4_R100_9d28d361af.json;results_r02/cyclic/final_DyF-ZTL-V_s1_p0.4_R100_eb956f537a.json;results_r02/cyclic/final_DyF-ZTL-V_s2_p0.4_R100_439661ae3a.json;results_r02/cyclic/final_DyF-ZTL-V_s3_p0.4_R100_019e0715d8.json;results_r02/cyclic/final_DyF-ZTL-V_s4_p0.4_R100_f908bf4b7f.json,
Table 15 modes,tab:modes,0.4 / DyF-ZTL-V,Honest rej. (\%),13.2$\pm$7.5,13.2±7.5,yes,5,DyF-ZTL-V_s0_p0.4_R100_9d28d361af;DyF-ZTL-V_s1_p0.4_R100_eb956f537a;DyF-ZTL-V_s2_p0.4_R100_439661ae3a;DyF-ZTL-V_s3_p0.4_R100_019e0715d8;DyF-ZTL-V_s4_p0.4_R100_f908bf4b7f,results_r02/cyclic/decisions_DyF-ZTL-V_s0_p0.4_R100_9d28d361af.csv;results_r02/cyclic/decisions_DyF-ZTL-V_s1_p0.4_R100_eb956f537a.csv;results_r02/cyclic/decisions_DyF-ZTL-V_s2_p0.4_R100_439661ae3a.csv;results_r02/cyclic/decisions_DyF-ZTL-V_s3_p0.4_R100_019e0715d8.csv;results_r02/cyclic/decisions_DyF-ZTL-V_s4_p0.4_R100_f908bf4b7f.csv,
Table 15 modes,tab:modes,0.4 / DyF-ZTL-V,Mal. rej. (\%),99.4$\pm$1.4,99.4±1.4,yes,5,DyF-ZTL-V_s0_p0.4_R100_9d28d361af;DyF-ZTL-V_s1_p0.4_R100_eb956f537a;DyF-ZTL-V_s2_p0.4_R100_439661ae3a;DyF-ZTL-V_s3_p0.4_R100_019e0715d8;DyF-ZTL-V_s4_p0.4_R100_f908bf4b7f,results_r02/cyclic/decisions_DyF-ZTL-V_s0_p0.4_R100_9d28d361af.csv;results_r02/cyclic/decisions_DyF-ZTL-V_s1_p0.4_R100_eb956f537a.csv;results_r02/cyclic/decisions_DyF-ZTL-V_s2_p0.4_R100_439661ae3a.csv;results_r02/cyclic/decisions_DyF-ZTL-V_s3_p0.4_R100_019e0715d8.csv;results_r02/cyclic/decisions_DyF-ZTL-V_s4_p0.4_R100_f908bf4b7f.csv,
Table 15 modes,tab:modes,0.4 / DyF-ZTL-V,Attacker weight (\%),0.4$\pm$0.9,,pipeline,5,DyF-ZTL-V_s0_p0.4_R100_9d28d361af;DyF-ZTL-V_s1_p0.4_R100_eb956f537a;DyF-ZTL-V_s2_p0.4_R100_439661ae3a;DyF-ZTL-V_s3_p0.4_R100_019e0715d8;DyF-ZTL-V_s4_p0.4_R100_f908bf4b7f,results_r02/analysis/admission_runs.csv,attacker weight share / rehabilitation time via analyze_r02.admission_metrics
Table 15 modes,tab:modes,0.4 / DyF-ZTL-V,Rounds to rehab.,5.2$\pm$1.9,,pipeline,5,DyF-ZTL-V_s0_p0.4_R100_9d28d361af;DyF-ZTL-V_s1_p0.4_R100_eb956f537a;DyF-ZTL-V_s2_p0.4_R100_439661ae3a;DyF-ZTL-V_s3_p0.4_R100_019e0715d8;DyF-ZTL-V_s4_p0.4_R100_f908bf4b7f,results_r02/analysis/admission_runs.csv,attacker weight share / rehabilitation time via analyze_r02.admission_metrics
Table 15 modes,tab:modes,0.4 / DyF-ZTL-V-prob,Acc. (\%),94.8$\pm$5.0,94.8±5.0,yes,5,DyF-ZTL-V-prob_s0_p0.4_R100_7b41ecd62f;DyF-ZTL-V-prob_s1_p0.4_R100_f738080814;DyF-ZTL-V-prob_s2_p0.4_R100_98c27b0db2;DyF-ZTL-V-prob_s3_p0.4_R100_0c1f8f0531;DyF-ZTL-V-prob_s4_p0.4_R100_0bb54d5237,results_r02/trust_modes/final_DyF-ZTL-V-prob_s0_p0.4_R100_7b41ecd62f.json;results_r02/trust_modes/final_DyF-ZTL-V-prob_s1_p0.4_R100_f738080814.json;results_r02/trust_modes/final_DyF-ZTL-V-prob_s2_p0.4_R100_98c27b0db2.json;results_r02/trust_modes/final_DyF-ZTL-V-prob_s3_p0.4_R100_0c1f8f0531.json;results_r02/trust_modes/final_DyF-ZTL-V-prob_s4_p0.4_R100_0bb54d5237.json,
Table 15 modes,tab:modes,0.4 / DyF-ZTL-V-prob,Macro-F1 (\%),84.3$\pm$14.3,84.3±14.3,yes,5,DyF-ZTL-V-prob_s0_p0.4_R100_7b41ecd62f;DyF-ZTL-V-prob_s1_p0.4_R100_f738080814;DyF-ZTL-V-prob_s2_p0.4_R100_98c27b0db2;DyF-ZTL-V-prob_s3_p0.4_R100_0c1f8f0531;DyF-ZTL-V-prob_s4_p0.4_R100_0bb54d5237,results_r02/trust_modes/final_DyF-ZTL-V-prob_s0_p0.4_R100_7b41ecd62f.json;results_r02/trust_modes/final_DyF-ZTL-V-prob_s1_p0.4_R100_f738080814.json;results_r02/trust_modes/final_DyF-ZTL-V-prob_s2_p0.4_R100_98c27b0db2.json;results_r02/trust_modes/final_DyF-ZTL-V-prob_s3_p0.4_R100_0c1f8f0531.json;results_r02/trust_modes/final_DyF-ZTL-V-prob_s4_p0.4_R100_0bb54d5237.json,
Table 15 modes,tab:modes,0.4 / DyF-ZTL-V-prob,Honest rej. (\%),11.9$\pm$6.6,11.9±6.6,yes,5,DyF-ZTL-V-prob_s0_p0.4_R100_7b41ecd62f;DyF-ZTL-V-prob_s1_p0.4_R100_f738080814;DyF-ZTL-V-prob_s2_p0.4_R100_98c27b0db2;DyF-ZTL-V-prob_s3_p0.4_R100_0c1f8f0531;DyF-ZTL-V-prob_s4_p0.4_R100_0bb54d5237,results_r02/trust_modes/decisions_DyF-ZTL-V-prob_s0_p0.4_R100_7b41ecd62f.csv;results_r02/trust_modes/decisions_DyF-ZTL-V-prob_s1_p0.4_R100_f738080814.csv;results_r02/trust_modes/decisions_DyF-ZTL-V-prob_s2_p0.4_R100_98c27b0db2.csv;results_r02/trust_modes/decisions_DyF-ZTL-V-prob_s3_p0.4_R100_0c1f8f0531.csv;results_r02/trust_modes/decisions_DyF-ZTL-V-prob_s4_p0.4_R100_0bb54d5237.csv,
Table 15 modes,tab:modes,0.4 / DyF-ZTL-V-prob,Mal. rej. (\%),99.2$\pm$1.3,99.2±1.3,yes,5,DyF-ZTL-V-prob_s0_p0.4_R100_7b41ecd62f;DyF-ZTL-V-prob_s1_p0.4_R100_f738080814;DyF-ZTL-V-prob_s2_p0.4_R100_98c27b0db2;DyF-ZTL-V-prob_s3_p0.4_R100_0c1f8f0531;DyF-ZTL-V-prob_s4_p0.4_R100_0bb54d5237,results_r02/trust_modes/decisions_DyF-ZTL-V-prob_s0_p0.4_R100_7b41ecd62f.csv;results_r02/trust_modes/decisions_DyF-ZTL-V-prob_s1_p0.4_R100_f738080814.csv;results_r02/trust_modes/decisions_DyF-ZTL-V-prob_s2_p0.4_R100_98c27b0db2.csv;results_r02/trust_modes/decisions_DyF-ZTL-V-prob_s3_p0.4_R100_0c1f8f0531.csv;results_r02/trust_modes/decisions_DyF-ZTL-V-prob_s4_p0.4_R100_0bb54d5237.csv,
Table 15 modes,tab:modes,0.4 / DyF-ZTL-V-prob,Attacker weight (\%),0.5$\pm$0.8,,pipeline,5,DyF-ZTL-V-prob_s0_p0.4_R100_7b41ecd62f;DyF-ZTL-V-prob_s1_p0.4_R100_f738080814;DyF-ZTL-V-prob_s2_p0.4_R100_98c27b0db2;DyF-ZTL-V-prob_s3_p0.4_R100_0c1f8f0531;DyF-ZTL-V-prob_s4_p0.4_R100_0bb54d5237,results_r02/analysis/admission_runs.csv,attacker weight share / rehabilitation time via analyze_r02.admission_metrics
Table 15 modes,tab:modes,0.4 / DyF-ZTL-V-prob,Rounds to rehab.,6.0$\pm$0.0,,pipeline,5,DyF-ZTL-V-prob_s0_p0.4_R100_7b41ecd62f;DyF-ZTL-V-prob_s1_p0.4_R100_f738080814;DyF-ZTL-V-prob_s2_p0.4_R100_98c27b0db2;DyF-ZTL-V-prob_s3_p0.4_R100_0c1f8f0531;DyF-ZTL-V-prob_s4_p0.4_R100_0bb54d5237,results_r02/analysis/admission_runs.csv,attacker weight share / rehabilitation time via analyze_r02.admission_metrics
Table 15 modes,tab:modes,0.4 / DyF-ZTL-V-soft,Acc. (\%),94.4$\pm$5.0,94.4±5.0,yes,5,DyF-ZTL-V-soft_s0_p0.4_R100_0f0fffe2d6;DyF-ZTL-V-soft_s1_p0.4_R100_4ab80ab8f9;DyF-ZTL-V-soft_s2_p0.4_R100_47d721e7fd;DyF-ZTL-V-soft_s3_p0.4_R100_0ac5c2ce2e;DyF-ZTL-V-soft_s4_p0.4_R100_2bcd03b046,results_r02/trust_modes/final_DyF-ZTL-V-soft_s0_p0.4_R100_0f0fffe2d6.json;results_r02/trust_modes/final_DyF-ZTL-V-soft_s1_p0.4_R100_4ab80ab8f9.json;results_r02/trust_modes/final_DyF-ZTL-V-soft_s2_p0.4_R100_47d721e7fd.json;results_r02/trust_modes/final_DyF-ZTL-V-soft_s3_p0.4_R100_0ac5c2ce2e.json;results_r02/trust_modes/final_DyF-ZTL-V-soft_s4_p0.4_R100_2bcd03b046.json,
Table 15 modes,tab:modes,0.4 / DyF-ZTL-V-soft,Macro-F1 (\%),84.9$\pm$11.1,84.9±11.1,yes,5,DyF-ZTL-V-soft_s0_p0.4_R100_0f0fffe2d6;DyF-ZTL-V-soft_s1_p0.4_R100_4ab80ab8f9;DyF-ZTL-V-soft_s2_p0.4_R100_47d721e7fd;DyF-ZTL-V-soft_s3_p0.4_R100_0ac5c2ce2e;DyF-ZTL-V-soft_s4_p0.4_R100_2bcd03b046,results_r02/trust_modes/final_DyF-ZTL-V-soft_s0_p0.4_R100_0f0fffe2d6.json;results_r02/trust_modes/final_DyF-ZTL-V-soft_s1_p0.4_R100_4ab80ab8f9.json;results_r02/trust_modes/final_DyF-ZTL-V-soft_s2_p0.4_R100_47d721e7fd.json;results_r02/trust_modes/final_DyF-ZTL-V-soft_s3_p0.4_R100_0ac5c2ce2e.json;results_r02/trust_modes/final_DyF-ZTL-V-soft_s4_p0.4_R100_2bcd03b046.json,
Table 15 modes,tab:modes,0.4 / DyF-ZTL-V-soft,Honest rej. (\%),0.0$\pm$0.0,0 by construction,yes,5,DyF-ZTL-V-soft_s0_p0.4_R100_0f0fffe2d6;DyF-ZTL-V-soft_s1_p0.4_R100_4ab80ab8f9;DyF-ZTL-V-soft_s2_p0.4_R100_47d721e7fd;DyF-ZTL-V-soft_s3_p0.4_R100_0ac5c2ce2e;DyF-ZTL-V-soft_s4_p0.4_R100_2bcd03b046,results_r02/trust_modes/decisions_DyF-ZTL-V-soft_s0_p0.4_R100_0f0fffe2d6.csv;results_r02/trust_modes/decisions_DyF-ZTL-V-soft_s1_p0.4_R100_4ab80ab8f9.csv;results_r02/trust_modes/decisions_DyF-ZTL-V-soft_s2_p0.4_R100_47d721e7fd.csv;results_r02/trust_modes/decisions_DyF-ZTL-V-soft_s3_p0.4_R100_0ac5c2ce2e.csv;results_r02/trust_modes/decisions_DyF-ZTL-V-soft_s4_p0.4_R100_2bcd03b046.csv,soft mode never excludes
Table 15 modes,tab:modes,0.4 / DyF-ZTL-V-soft,Mal. rej. (\%),0.0$\pm$0.0,0 by construction,yes,5,DyF-ZTL-V-soft_s0_p0.4_R100_0f0fffe2d6;DyF-ZTL-V-soft_s1_p0.4_R100_4ab80ab8f9;DyF-ZTL-V-soft_s2_p0.4_R100_47d721e7fd;DyF-ZTL-V-soft_s3_p0.4_R100_0ac5c2ce2e;DyF-ZTL-V-soft_s4_p0.4_R100_2bcd03b046,results_r02/trust_modes/decisions_DyF-ZTL-V-soft_s0_p0.4_R100_0f0fffe2d6.csv;results_r02/trust_modes/decisions_DyF-ZTL-V-soft_s1_p0.4_R100_4ab80ab8f9.csv;results_r02/trust_modes/decisions_DyF-ZTL-V-soft_s2_p0.4_R100_47d721e7fd.csv;results_r02/trust_modes/decisions_DyF-ZTL-V-soft_s3_p0.4_R100_0ac5c2ce2e.csv;results_r02/trust_modes/decisions_DyF-ZTL-V-soft_s4_p0.4_R100_2bcd03b046.csv,soft mode never excludes
Table 15 modes,tab:modes,0.4 / DyF-ZTL-V-soft,Attacker weight (\%),1.1$\pm$1.6,,pipeline,5,DyF-ZTL-V-soft_s0_p0.4_R100_0f0fffe2d6;DyF-ZTL-V-soft_s1_p0.4_R100_4ab80ab8f9;DyF-ZTL-V-soft_s2_p0.4_R100_47d721e7fd;DyF-ZTL-V-soft_s3_p0.4_R100_0ac5c2ce2e;DyF-ZTL-V-soft_s4_p0.4_R100_2bcd03b046,results_r02/analysis/admission_runs.csv,attacker weight share / rehabilitation time via analyze_r02.admission_metrics
Table 15 modes,tab:modes,0.4 / DyF-ZTL-V-soft,Rounds to rehab.,--,,pipeline,5,DyF-ZTL-V-soft_s0_p0.4_R100_0f0fffe2d6;DyF-ZTL-V-soft_s1_p0.4_R100_4ab80ab8f9;DyF-ZTL-V-soft_s2_p0.4_R100_47d721e7fd;DyF-ZTL-V-soft_s3_p0.4_R100_0ac5c2ce2e;DyF-ZTL-V-soft_s4_p0.4_R100_2bcd03b046,results_r02/analysis/admission_runs.csv,attacker weight share / rehabilitation time via analyze_r02.admission_metrics
Table 15 modes,tab:modes,0.6 / DyF-ZTL-V,Acc. (\%),96.3$\pm$1.4,96.3±1.4,yes,5,DyF-ZTL-V_s0_p0.6_R100_8dfb9fd087;DyF-ZTL-V_s1_p0.6_R100_b6f3beddf0;DyF-ZTL-V_s2_p0.6_R100_f008d8196d;DyF-ZTL-V_s3_p0.6_R100_d45a1728ac;DyF-ZTL-V_s4_p0.6_R100_4a8fe37c6a,results_r02/cyclic/final_DyF-ZTL-V_s0_p0.6_R100_8dfb9fd087.json;results_r02/cyclic/final_DyF-ZTL-V_s1_p0.6_R100_b6f3beddf0.json;results_r02/cyclic/final_DyF-ZTL-V_s2_p0.6_R100_f008d8196d.json;results_r02/cyclic/final_DyF-ZTL-V_s3_p0.6_R100_d45a1728ac.json;results_r02/cyclic/final_DyF-ZTL-V_s4_p0.6_R100_4a8fe37c6a.json,
Table 15 modes,tab:modes,0.6 / DyF-ZTL-V,Macro-F1 (\%),89.7$\pm$1.3,89.7±1.3,yes,5,DyF-ZTL-V_s0_p0.6_R100_8dfb9fd087;DyF-ZTL-V_s1_p0.6_R100_b6f3beddf0;DyF-ZTL-V_s2_p0.6_R100_f008d8196d;DyF-ZTL-V_s3_p0.6_R100_d45a1728ac;DyF-ZTL-V_s4_p0.6_R100_4a8fe37c6a,results_r02/cyclic/final_DyF-ZTL-V_s0_p0.6_R100_8dfb9fd087.json;results_r02/cyclic/final_DyF-ZTL-V_s1_p0.6_R100_b6f3beddf0.json;results_r02/cyclic/final_DyF-ZTL-V_s2_p0.6_R100_f008d8196d.json;results_r02/cyclic/final_DyF-ZTL-V_s3_p0.6_R100_d45a1728ac.json;results_r02/cyclic/final_DyF-ZTL-V_s4_p0.6_R100_4a8fe37c6a.json,
Table 15 modes,tab:modes,0.6 / DyF-ZTL-V,Honest rej. (\%),14.3$\pm$10.3,14.3±10.3,yes,5,DyF-ZTL-V_s0_p0.6_R100_8dfb9fd087;DyF-ZTL-V_s1_p0.6_R100_b6f3beddf0;DyF-ZTL-V_s2_p0.6_R100_f008d8196d;DyF-ZTL-V_s3_p0.6_R100_d45a1728ac;DyF-ZTL-V_s4_p0.6_R100_4a8fe37c6a,results_r02/cyclic/decisions_DyF-ZTL-V_s0_p0.6_R100_8dfb9fd087.csv;results_r02/cyclic/decisions_DyF-ZTL-V_s1_p0.6_R100_b6f3beddf0.csv;results_r02/cyclic/decisions_DyF-ZTL-V_s2_p0.6_R100_f008d8196d.csv;results_r02/cyclic/decisions_DyF-ZTL-V_s3_p0.6_R100_d45a1728ac.csv;results_r02/cyclic/decisions_DyF-ZTL-V_s4_p0.6_R100_4a8fe37c6a.csv,
Table 15 modes,tab:modes,0.6 / DyF-ZTL-V,Mal. rej. (\%),99.8$\pm$0.4,99.8±0.4,yes,5,DyF-ZTL-V_s0_p0.6_R100_8dfb9fd087;DyF-ZTL-V_s1_p0.6_R100_b6f3beddf0;DyF-ZTL-V_s2_p0.6_R100_f008d8196d;DyF-ZTL-V_s3_p0.6_R100_d45a1728ac;DyF-ZTL-V_s4_p0.6_R100_4a8fe37c6a,results_r02/cyclic/decisions_DyF-ZTL-V_s0_p0.6_R100_8dfb9fd087.csv;results_r02/cyclic/decisions_DyF-ZTL-V_s1_p0.6_R100_b6f3beddf0.csv;results_r02/cyclic/decisions_DyF-ZTL-V_s2_p0.6_R100_f008d8196d.csv;results_r02/cyclic/decisions_DyF-ZTL-V_s3_p0.6_R100_d45a1728ac.csv;results_r02/cyclic/decisions_DyF-ZTL-V_s4_p0.6_R100_4a8fe37c6a.csv,
Table 15 modes,tab:modes,0.6 / DyF-ZTL-V,Attacker weight (\%),0.4$\pm$0.6,,pipeline,5,DyF-ZTL-V_s0_p0.6_R100_8dfb9fd087;DyF-ZTL-V_s1_p0.6_R100_b6f3beddf0;DyF-ZTL-V_s2_p0.6_R100_f008d8196d;DyF-ZTL-V_s3_p0.6_R100_d45a1728ac;DyF-ZTL-V_s4_p0.6_R100_4a8fe37c6a,results_r02/analysis/admission_runs.csv,attacker weight share / rehabilitation time via analyze_r02.admission_metrics
Table 15 modes,tab:modes,0.6 / DyF-ZTL-V,Rounds to rehab.,7.7$\pm$3.8,,pipeline,5,DyF-ZTL-V_s0_p0.6_R100_8dfb9fd087;DyF-ZTL-V_s1_p0.6_R100_b6f3beddf0;DyF-ZTL-V_s2_p0.6_R100_f008d8196d;DyF-ZTL-V_s3_p0.6_R100_d45a1728ac;DyF-ZTL-V_s4_p0.6_R100_4a8fe37c6a,results_r02/analysis/admission_runs.csv,attacker weight share / rehabilitation time via analyze_r02.admission_metrics
Table 15 modes,tab:modes,0.6 / DyF-ZTL-V-prob,Acc. (\%),93.5$\pm$5.5,93.5±5.5,yes,5,DyF-ZTL-V-prob_s0_p0.6_R100_2b34713a8d;DyF-ZTL-V-prob_s1_p0.6_R100_8b20800762;DyF-ZTL-V-prob_s2_p0.6_R100_da62212bfe;DyF-ZTL-V-prob_s3_p0.6_R100_503317aed6;DyF-ZTL-V-prob_s4_p0.6_R100_51b695915c,results_r02/trust_modes/final_DyF-ZTL-V-prob_s0_p0.6_R100_2b34713a8d.json;results_r02/trust_modes/final_DyF-ZTL-V-prob_s1_p0.6_R100_8b20800762.json;results_r02/trust_modes/final_DyF-ZTL-V-prob_s2_p0.6_R100_da62212bfe.json;results_r02/trust_modes/final_DyF-ZTL-V-prob_s3_p0.6_R100_503317aed6.json;results_r02/trust_modes/final_DyF-ZTL-V-prob_s4_p0.6_R100_51b695915c.json,
Table 15 modes,tab:modes,0.6 / DyF-ZTL-V-prob,Macro-F1 (\%),82.4$\pm$15.5,82.4±15.5,yes,5,DyF-ZTL-V-prob_s0_p0.6_R100_2b34713a8d;DyF-ZTL-V-prob_s1_p0.6_R100_8b20800762;DyF-ZTL-V-prob_s2_p0.6_R100_da62212bfe;DyF-ZTL-V-prob_s3_p0.6_R100_503317aed6;DyF-ZTL-V-prob_s4_p0.6_R100_51b695915c,results_r02/trust_modes/final_DyF-ZTL-V-prob_s0_p0.6_R100_2b34713a8d.json;results_r02/trust_modes/final_DyF-ZTL-V-prob_s1_p0.6_R100_8b20800762.json;results_r02/trust_modes/final_DyF-ZTL-V-prob_s2_p0.6_R100_da62212bfe.json;results_r02/trust_modes/final_DyF-ZTL-V-prob_s3_p0.6_R100_503317aed6.json;results_r02/trust_modes/final_DyF-ZTL-V-prob_s4_p0.6_R100_51b695915c.json,
Table 15 modes,tab:modes,0.6 / DyF-ZTL-V-prob,Honest rej. (\%),13.3$\pm$8.0,13.3±8.0,yes,5,DyF-ZTL-V-prob_s0_p0.6_R100_2b34713a8d;DyF-ZTL-V-prob_s1_p0.6_R100_8b20800762;DyF-ZTL-V-prob_s2_p0.6_R100_da62212bfe;DyF-ZTL-V-prob_s3_p0.6_R100_503317aed6;DyF-ZTL-V-prob_s4_p0.6_R100_51b695915c,results_r02/trust_modes/decisions_DyF-ZTL-V-prob_s0_p0.6_R100_2b34713a8d.csv;results_r02/trust_modes/decisions_DyF-ZTL-V-prob_s1_p0.6_R100_8b20800762.csv;results_r02/trust_modes/decisions_DyF-ZTL-V-prob_s2_p0.6_R100_da62212bfe.csv;results_r02/trust_modes/decisions_DyF-ZTL-V-prob_s3_p0.6_R100_503317aed6.csv;results_r02/trust_modes/decisions_DyF-ZTL-V-prob_s4_p0.6_R100_51b695915c.csv,
Table 15 modes,tab:modes,0.6 / DyF-ZTL-V-prob,Mal. rej. (\%),99.2$\pm$0.9,99.2±0.9,yes,5,DyF-ZTL-V-prob_s0_p0.6_R100_2b34713a8d;DyF-ZTL-V-prob_s1_p0.6_R100_8b20800762;DyF-ZTL-V-prob_s2_p0.6_R100_da62212bfe;DyF-ZTL-V-prob_s3_p0.6_R100_503317aed6;DyF-ZTL-V-prob_s4_p0.6_R100_51b695915c,results_r02/trust_modes/decisions_DyF-ZTL-V-prob_s0_p0.6_R100_2b34713a8d.csv;results_r02/trust_modes/decisions_DyF-ZTL-V-prob_s1_p0.6_R100_8b20800762.csv;results_r02/trust_modes/decisions_DyF-ZTL-V-prob_s2_p0.6_R100_da62212bfe.csv;results_r02/trust_modes/decisions_DyF-ZTL-V-prob_s3_p0.6_R100_503317aed6.csv;results_r02/trust_modes/decisions_DyF-ZTL-V-prob_s4_p0.6_R100_51b695915c.csv,
Table 15 modes,tab:modes,0.6 / DyF-ZTL-V-prob,Attacker weight (\%),1.2$\pm$1.4,,pipeline,5,DyF-ZTL-V-prob_s0_p0.6_R100_2b34713a8d;DyF-ZTL-V-prob_s1_p0.6_R100_8b20800762;DyF-ZTL-V-prob_s2_p0.6_R100_da62212bfe;DyF-ZTL-V-prob_s3_p0.6_R100_503317aed6;DyF-ZTL-V-prob_s4_p0.6_R100_51b695915c,results_r02/analysis/admission_runs.csv,attacker weight share / rehabilitation time via analyze_r02.admission_metrics
Table 15 modes,tab:modes,0.6 / DyF-ZTL-V-prob,Rounds to rehab.,6.0$\pm$0.0,,pipeline,5,DyF-ZTL-V-prob_s0_p0.6_R100_2b34713a8d;DyF-ZTL-V-prob_s1_p0.6_R100_8b20800762;DyF-ZTL-V-prob_s2_p0.6_R100_da62212bfe;DyF-ZTL-V-prob_s3_p0.6_R100_503317aed6;DyF-ZTL-V-prob_s4_p0.6_R100_51b695915c,results_r02/analysis/admission_runs.csv,attacker weight share / rehabilitation time via analyze_r02.admission_metrics
Table 15 modes,tab:modes,0.6 / DyF-ZTL-V-soft,Acc. (\%),94.2$\pm$6.1,94.2±6.1,yes,5,DyF-ZTL-V-soft_s0_p0.6_R100_dadb6c74a3;DyF-ZTL-V-soft_s1_p0.6_R100_f434cdc09b;DyF-ZTL-V-soft_s2_p0.6_R100_acf1d4b13f;DyF-ZTL-V-soft_s3_p0.6_R100_5ea81d6282;DyF-ZTL-V-soft_s4_p0.6_R100_4155441a32,results_r02/trust_modes/final_DyF-ZTL-V-soft_s0_p0.6_R100_dadb6c74a3.json;results_r02/trust_modes/final_DyF-ZTL-V-soft_s1_p0.6_R100_f434cdc09b.json;results_r02/trust_modes/final_DyF-ZTL-V-soft_s2_p0.6_R100_acf1d4b13f.json;results_r02/trust_modes/final_DyF-ZTL-V-soft_s3_p0.6_R100_5ea81d6282.json;results_r02/trust_modes/final_DyF-ZTL-V-soft_s4_p0.6_R100_4155441a32.json,
Table 15 modes,tab:modes,0.6 / DyF-ZTL-V-soft,Macro-F1 (\%),83.6$\pm$18.2,83.6±18.2,yes,5,DyF-ZTL-V-soft_s0_p0.6_R100_dadb6c74a3;DyF-ZTL-V-soft_s1_p0.6_R100_f434cdc09b;DyF-ZTL-V-soft_s2_p0.6_R100_acf1d4b13f;DyF-ZTL-V-soft_s3_p0.6_R100_5ea81d6282;DyF-ZTL-V-soft_s4_p0.6_R100_4155441a32,results_r02/trust_modes/final_DyF-ZTL-V-soft_s0_p0.6_R100_dadb6c74a3.json;results_r02/trust_modes/final_DyF-ZTL-V-soft_s1_p0.6_R100_f434cdc09b.json;results_r02/trust_modes/final_DyF-ZTL-V-soft_s2_p0.6_R100_acf1d4b13f.json;results_r02/trust_modes/final_DyF-ZTL-V-soft_s3_p0.6_R100_5ea81d6282.json;results_r02/trust_modes/final_DyF-ZTL-V-soft_s4_p0.6_R100_4155441a32.json,
Table 15 modes,tab:modes,0.6 / DyF-ZTL-V-soft,Honest rej. (\%),0.0$\pm$0.0,0 by construction,yes,5,DyF-ZTL-V-soft_s0_p0.6_R100_dadb6c74a3;DyF-ZTL-V-soft_s1_p0.6_R100_f434cdc09b;DyF-ZTL-V-soft_s2_p0.6_R100_acf1d4b13f;DyF-ZTL-V-soft_s3_p0.6_R100_5ea81d6282;DyF-ZTL-V-soft_s4_p0.6_R100_4155441a32,results_r02/trust_modes/decisions_DyF-ZTL-V-soft_s0_p0.6_R100_dadb6c74a3.csv;results_r02/trust_modes/decisions_DyF-ZTL-V-soft_s1_p0.6_R100_f434cdc09b.csv;results_r02/trust_modes/decisions_DyF-ZTL-V-soft_s2_p0.6_R100_acf1d4b13f.csv;results_r02/trust_modes/decisions_DyF-ZTL-V-soft_s3_p0.6_R100_5ea81d6282.csv;results_r02/trust_modes/decisions_DyF-ZTL-V-soft_s4_p0.6_R100_4155441a32.csv,soft mode never excludes
Table 15 modes,tab:modes,0.6 / DyF-ZTL-V-soft,Mal. rej. (\%),0.0$\pm$0.0,0 by construction,yes,5,DyF-ZTL-V-soft_s0_p0.6_R100_dadb6c74a3;DyF-ZTL-V-soft_s1_p0.6_R100_f434cdc09b;DyF-ZTL-V-soft_s2_p0.6_R100_acf1d4b13f;DyF-ZTL-V-soft_s3_p0.6_R100_5ea81d6282;DyF-ZTL-V-soft_s4_p0.6_R100_4155441a32,results_r02/trust_modes/decisions_DyF-ZTL-V-soft_s0_p0.6_R100_dadb6c74a3.csv;results_r02/trust_modes/decisions_DyF-ZTL-V-soft_s1_p0.6_R100_f434cdc09b.csv;results_r02/trust_modes/decisions_DyF-ZTL-V-soft_s2_p0.6_R100_acf1d4b13f.csv;results_r02/trust_modes/decisions_DyF-ZTL-V-soft_s3_p0.6_R100_5ea81d6282.csv;results_r02/trust_modes/decisions_DyF-ZTL-V-soft_s4_p0.6_R100_4155441a32.csv,soft mode never excludes
Table 15 modes,tab:modes,0.6 / DyF-ZTL-V-soft,Attacker weight (\%),1.4$\pm$2.0,,pipeline,5,DyF-ZTL-V-soft_s0_p0.6_R100_dadb6c74a3;DyF-ZTL-V-soft_s1_p0.6_R100_f434cdc09b;DyF-ZTL-V-soft_s2_p0.6_R100_acf1d4b13f;DyF-ZTL-V-soft_s3_p0.6_R100_5ea81d6282;DyF-ZTL-V-soft_s4_p0.6_R100_4155441a32,results_r02/analysis/admission_runs.csv,attacker weight share / rehabilitation time via analyze_r02.admission_metrics
Table 15 modes,tab:modes,0.6 / DyF-ZTL-V-soft,Rounds to rehab.,--,,pipeline,5,DyF-ZTL-V-soft_s0_p0.6_R100_dadb6c74a3;DyF-ZTL-V-soft_s1_p0.6_R100_f434cdc09b;DyF-ZTL-V-soft_s2_p0.6_R100_acf1d4b13f;DyF-ZTL-V-soft_s3_p0.6_R100_5ea81d6282;DyF-ZTL-V-soft_s4_p0.6_R100_4155441a32,results_r02/analysis/admission_runs.csv,attacker weight share / rehabilitation time via analyze_r02.admission_metrics
Table 15 modes,tab:modes,0.8 / DyF-ZTL-V,Acc. (\%),96.5$\pm$0.8,96.5±0.8,yes,5,DyF-ZTL-V_s0_p0.8_R100_91b47bcdf3;DyF-ZTL-V_s1_p0.8_R100_0332ae189d;DyF-ZTL-V_s2_p0.8_R100_e541573b8d;DyF-ZTL-V_s3_p0.8_R100_6a5f9ecbf8;DyF-ZTL-V_s4_p0.8_R100_bcba43729f,results_r02/cyclic/final_DyF-ZTL-V_s0_p0.8_R100_91b47bcdf3.json;results_r02/cyclic/final_DyF-ZTL-V_s1_p0.8_R100_0332ae189d.json;results_r02/cyclic/final_DyF-ZTL-V_s2_p0.8_R100_e541573b8d.json;results_r02/cyclic/final_DyF-ZTL-V_s3_p0.8_R100_6a5f9ecbf8.json;results_r02/cyclic/final_DyF-ZTL-V_s4_p0.8_R100_bcba43729f.json,
Table 15 modes,tab:modes,0.8 / DyF-ZTL-V,Macro-F1 (\%),90.2$\pm$1.4,90.2±1.4,yes,5,DyF-ZTL-V_s0_p0.8_R100_91b47bcdf3;DyF-ZTL-V_s1_p0.8_R100_0332ae189d;DyF-ZTL-V_s2_p0.8_R100_e541573b8d;DyF-ZTL-V_s3_p0.8_R100_6a5f9ecbf8;DyF-ZTL-V_s4_p0.8_R100_bcba43729f,results_r02/cyclic/final_DyF-ZTL-V_s0_p0.8_R100_91b47bcdf3.json;results_r02/cyclic/final_DyF-ZTL-V_s1_p0.8_R100_0332ae189d.json;results_r02/cyclic/final_DyF-ZTL-V_s2_p0.8_R100_e541573b8d.json;results_r02/cyclic/final_DyF-ZTL-V_s3_p0.8_R100_6a5f9ecbf8.json;results_r02/cyclic/final_DyF-ZTL-V_s4_p0.8_R100_bcba43729f.json,
Table 15 modes,tab:modes,0.8 / DyF-ZTL-V,Honest rej. (\%),19.0$\pm$15.1,19.0±15.1,yes,5,DyF-ZTL-V_s0_p0.8_R100_91b47bcdf3;DyF-ZTL-V_s1_p0.8_R100_0332ae189d;DyF-ZTL-V_s2_p0.8_R100_e541573b8d;DyF-ZTL-V_s3_p0.8_R100_6a5f9ecbf8;DyF-ZTL-V_s4_p0.8_R100_bcba43729f,results_r02/cyclic/decisions_DyF-ZTL-V_s0_p0.8_R100_91b47bcdf3.csv;results_r02/cyclic/decisions_DyF-ZTL-V_s1_p0.8_R100_0332ae189d.csv;results_r02/cyclic/decisions_DyF-ZTL-V_s2_p0.8_R100_e541573b8d.csv;results_r02/cyclic/decisions_DyF-ZTL-V_s3_p0.8_R100_6a5f9ecbf8.csv;results_r02/cyclic/decisions_DyF-ZTL-V_s4_p0.8_R100_bcba43729f.csv,
Table 15 modes,tab:modes,0.8 / DyF-ZTL-V,Mal. rej. (\%),100.0$\pm$0.1,100.0±0.1,yes,5,DyF-ZTL-V_s0_p0.8_R100_91b47bcdf3;DyF-ZTL-V_s1_p0.8_R100_0332ae189d;DyF-ZTL-V_s2_p0.8_R100_e541573b8d;DyF-ZTL-V_s3_p0.8_R100_6a5f9ecbf8;DyF-ZTL-V_s4_p0.8_R100_bcba43729f,results_r02/cyclic/decisions_DyF-ZTL-V_s0_p0.8_R100_91b47bcdf3.csv;results_r02/cyclic/decisions_DyF-ZTL-V_s1_p0.8_R100_0332ae189d.csv;results_r02/cyclic/decisions_DyF-ZTL-V_s2_p0.8_R100_e541573b8d.csv;results_r02/cyclic/decisions_DyF-ZTL-V_s3_p0.8_R100_6a5f9ecbf8.csv;results_r02/cyclic/decisions_DyF-ZTL-V_s4_p0.8_R100_bcba43729f.csv,
Table 15 modes,tab:modes,0.8 / DyF-ZTL-V,Attacker weight (\%),0.1$\pm$0.2,,pipeline,5,DyF-ZTL-V_s0_p0.8_R100_91b47bcdf3;DyF-ZTL-V_s1_p0.8_R100_0332ae189d;DyF-ZTL-V_s2_p0.8_R100_e541573b8d;DyF-ZTL-V_s3_p0.8_R100_6a5f9ecbf8;DyF-ZTL-V_s4_p0.8_R100_bcba43729f,results_r02/analysis/admission_runs.csv,attacker weight share / rehabilitation time via analyze_r02.admission_metrics
Table 15 modes,tab:modes,0.8 / DyF-ZTL-V,Rounds to rehab.,10.3$\pm$9.0,,pipeline,5,DyF-ZTL-V_s0_p0.8_R100_91b47bcdf3;DyF-ZTL-V_s1_p0.8_R100_0332ae189d;DyF-ZTL-V_s2_p0.8_R100_e541573b8d;DyF-ZTL-V_s3_p0.8_R100_6a5f9ecbf8;DyF-ZTL-V_s4_p0.8_R100_bcba43729f,results_r02/analysis/admission_runs.csv,attacker weight share / rehabilitation time via analyze_r02.admission_metrics
Table 15 modes,tab:modes,0.8 / DyF-ZTL-V-prob,Acc. (\%),96.2$\pm$2.3,96.2±2.3,yes,5,DyF-ZTL-V-prob_s0_p0.8_R100_342dd5cb3a;DyF-ZTL-V-prob_s1_p0.8_R100_d2bf662c54;DyF-ZTL-V-prob_s2_p0.8_R100_cda5c38d51;DyF-ZTL-V-prob_s3_p0.8_R100_6513f34fd6;DyF-ZTL-V-prob_s4_p0.8_R100_85b3a720c8,results_r02/trust_modes/final_DyF-ZTL-V-prob_s0_p0.8_R100_342dd5cb3a.json;results_r02/trust_modes/final_DyF-ZTL-V-prob_s1_p0.8_R100_d2bf662c54.json;results_r02/trust_modes/final_DyF-ZTL-V-prob_s2_p0.8_R100_cda5c38d51.json;results_r02/trust_modes/final_DyF-ZTL-V-prob_s3_p0.8_R100_6513f34fd6.json;results_r02/trust_modes/final_DyF-ZTL-V-prob_s4_p0.8_R100_85b3a720c8.json,
Table 15 modes,tab:modes,0.8 / DyF-ZTL-V-prob,Macro-F1 (\%),88.8$\pm$6.1,88.8±6.1,yes,5,DyF-ZTL-V-prob_s0_p0.8_R100_342dd5cb3a;DyF-ZTL-V-prob_s1_p0.8_R100_d2bf662c54;DyF-ZTL-V-prob_s2_p0.8_R100_cda5c38d51;DyF-ZTL-V-prob_s3_p0.8_R100_6513f34fd6;DyF-ZTL-V-prob_s4_p0.8_R100_85b3a720c8,results_r02/trust_modes/final_DyF-ZTL-V-prob_s0_p0.8_R100_342dd5cb3a.json;results_r02/trust_modes/final_DyF-ZTL-V-prob_s1_p0.8_R100_d2bf662c54.json;results_r02/trust_modes/final_DyF-ZTL-V-prob_s2_p0.8_R100_cda5c38d51.json;results_r02/trust_modes/final_DyF-ZTL-V-prob_s3_p0.8_R100_6513f34fd6.json;results_r02/trust_modes/final_DyF-ZTL-V-prob_s4_p0.8_R100_85b3a720c8.json,
Table 15 modes,tab:modes,0.8 / DyF-ZTL-V-prob,Honest rej. (\%),7.6$\pm$6.1,7.6±6.1,yes,5,DyF-ZTL-V-prob_s0_p0.8_R100_342dd5cb3a;DyF-ZTL-V-prob_s1_p0.8_R100_d2bf662c54;DyF-ZTL-V-prob_s2_p0.8_R100_cda5c38d51;DyF-ZTL-V-prob_s3_p0.8_R100_6513f34fd6;DyF-ZTL-V-prob_s4_p0.8_R100_85b3a720c8,results_r02/trust_modes/decisions_DyF-ZTL-V-prob_s0_p0.8_R100_342dd5cb3a.csv;results_r02/trust_modes/decisions_DyF-ZTL-V-prob_s1_p0.8_R100_d2bf662c54.csv;results_r02/trust_modes/decisions_DyF-ZTL-V-prob_s2_p0.8_R100_cda5c38d51.csv;results_r02/trust_modes/decisions_DyF-ZTL-V-prob_s3_p0.8_R100_6513f34fd6.csv;results_r02/trust_modes/decisions_DyF-ZTL-V-prob_s4_p0.8_R100_85b3a720c8.csv,
Table 15 modes,tab:modes,0.8 / DyF-ZTL-V-prob,Mal. rej. (\%),99.5$\pm$0.4,99.5±0.4,yes,5,DyF-ZTL-V-prob_s0_p0.8_R100_342dd5cb3a;DyF-ZTL-V-prob_s1_p0.8_R100_d2bf662c54;DyF-ZTL-V-prob_s2_p0.8_R100_cda5c38d51;DyF-ZTL-V-prob_s3_p0.8_R100_6513f34fd6;DyF-ZTL-V-prob_s4_p0.8_R100_85b3a720c8,results_r02/trust_modes/decisions_DyF-ZTL-V-prob_s0_p0.8_R100_342dd5cb3a.csv;results_r02/trust_modes/decisions_DyF-ZTL-V-prob_s1_p0.8_R100_d2bf662c54.csv;results_r02/trust_modes/decisions_DyF-ZTL-V-prob_s2_p0.8_R100_cda5c38d51.csv;results_r02/trust_modes/decisions_DyF-ZTL-V-prob_s3_p0.8_R100_6513f34fd6.csv;results_r02/trust_modes/decisions_DyF-ZTL-V-prob_s4_p0.8_R100_85b3a720c8.csv,
Table 15 modes,tab:modes,0.8 / DyF-ZTL-V-prob,Attacker weight (\%),1.7$\pm$1.4,,pipeline,5,DyF-ZTL-V-prob_s0_p0.8_R100_342dd5cb3a;DyF-ZTL-V-prob_s1_p0.8_R100_d2bf662c54;DyF-ZTL-V-prob_s2_p0.8_R100_cda5c38d51;DyF-ZTL-V-prob_s3_p0.8_R100_6513f34fd6;DyF-ZTL-V-prob_s4_p0.8_R100_85b3a720c8,results_r02/analysis/admission_runs.csv,attacker weight share / rehabilitation time via analyze_r02.admission_metrics
Table 15 modes,tab:modes,0.8 / DyF-ZTL-V-prob,Rounds to rehab.,6.0$\pm$0.0,,pipeline,5,DyF-ZTL-V-prob_s0_p0.8_R100_342dd5cb3a;DyF-ZTL-V-prob_s1_p0.8_R100_d2bf662c54;DyF-ZTL-V-prob_s2_p0.8_R100_cda5c38d51;DyF-ZTL-V-prob_s3_p0.8_R100_6513f34fd6;DyF-ZTL-V-prob_s4_p0.8_R100_85b3a720c8,results_r02/analysis/admission_runs.csv,attacker weight share / rehabilitation time via analyze_r02.admission_metrics
Table 15 modes,tab:modes,0.8 / DyF-ZTL-V-soft,Acc. (\%),97.1$\pm$0.5,97.1±0.5,yes,5,DyF-ZTL-V-soft_s0_p0.8_R100_7613f8fa68;DyF-ZTL-V-soft_s1_p0.8_R100_dc49e16e93;DyF-ZTL-V-soft_s2_p0.8_R100_06a6945185;DyF-ZTL-V-soft_s3_p0.8_R100_d11ec4b06a;DyF-ZTL-V-soft_s4_p0.8_R100_760d4e98ad,results_r02/trust_modes/final_DyF-ZTL-V-soft_s0_p0.8_R100_7613f8fa68.json;results_r02/trust_modes/final_DyF-ZTL-V-soft_s1_p0.8_R100_dc49e16e93.json;results_r02/trust_modes/final_DyF-ZTL-V-soft_s2_p0.8_R100_06a6945185.json;results_r02/trust_modes/final_DyF-ZTL-V-soft_s3_p0.8_R100_d11ec4b06a.json;results_r02/trust_modes/final_DyF-ZTL-V-soft_s4_p0.8_R100_760d4e98ad.json,
Table 15 modes,tab:modes,0.8 / DyF-ZTL-V-soft,Macro-F1 (\%),91.6$\pm$1.6,91.6±1.6,yes,5,DyF-ZTL-V-soft_s0_p0.8_R100_7613f8fa68;DyF-ZTL-V-soft_s1_p0.8_R100_dc49e16e93;DyF-ZTL-V-soft_s2_p0.8_R100_06a6945185;DyF-ZTL-V-soft_s3_p0.8_R100_d11ec4b06a;DyF-ZTL-V-soft_s4_p0.8_R100_760d4e98ad,results_r02/trust_modes/final_DyF-ZTL-V-soft_s0_p0.8_R100_7613f8fa68.json;results_r02/trust_modes/final_DyF-ZTL-V-soft_s1_p0.8_R100_dc49e16e93.json;results_r02/trust_modes/final_DyF-ZTL-V-soft_s2_p0.8_R100_06a6945185.json;results_r02/trust_modes/final_DyF-ZTL-V-soft_s3_p0.8_R100_d11ec4b06a.json;results_r02/trust_modes/final_DyF-ZTL-V-soft_s4_p0.8_R100_760d4e98ad.json,
Table 15 modes,tab:modes,0.8 / DyF-ZTL-V-soft,Honest rej. (\%),0.0$\pm$0.0,0 by construction,yes,5,DyF-ZTL-V-soft_s0_p0.8_R100_7613f8fa68;DyF-ZTL-V-soft_s1_p0.8_R100_dc49e16e93;DyF-ZTL-V-soft_s2_p0.8_R100_06a6945185;DyF-ZTL-V-soft_s3_p0.8_R100_d11ec4b06a;DyF-ZTL-V-soft_s4_p0.8_R100_760d4e98ad,results_r02/trust_modes/decisions_DyF-ZTL-V-soft_s0_p0.8_R100_7613f8fa68.csv;results_r02/trust_modes/decisions_DyF-ZTL-V-soft_s1_p0.8_R100_dc49e16e93.csv;results_r02/trust_modes/decisions_DyF-ZTL-V-soft_s2_p0.8_R100_06a6945185.csv;results_r02/trust_modes/decisions_DyF-ZTL-V-soft_s3_p0.8_R100_d11ec4b06a.csv;results_r02/trust_modes/decisions_DyF-ZTL-V-soft_s4_p0.8_R100_760d4e98ad.csv,soft mode never excludes
Table 15 modes,tab:modes,0.8 / DyF-ZTL-V-soft,Mal. rej. (\%),0.0$\pm$0.0,0 by construction,yes,5,DyF-ZTL-V-soft_s0_p0.8_R100_7613f8fa68;DyF-ZTL-V-soft_s1_p0.8_R100_dc49e16e93;DyF-ZTL-V-soft_s2_p0.8_R100_06a6945185;DyF-ZTL-V-soft_s3_p0.8_R100_d11ec4b06a;DyF-ZTL-V-soft_s4_p0.8_R100_760d4e98ad,results_r02/trust_modes/decisions_DyF-ZTL-V-soft_s0_p0.8_R100_7613f8fa68.csv;results_r02/trust_modes/decisions_DyF-ZTL-V-soft_s1_p0.8_R100_dc49e16e93.csv;results_r02/trust_modes/decisions_DyF-ZTL-V-soft_s2_p0.8_R100_06a6945185.csv;results_r02/trust_modes/decisions_DyF-ZTL-V-soft_s3_p0.8_R100_d11ec4b06a.csv;results_r02/trust_modes/decisions_DyF-ZTL-V-soft_s4_p0.8_R100_760d4e98ad.csv,soft mode never excludes
Table 15 modes,tab:modes,0.8 / DyF-ZTL-V-soft,Attacker weight (\%),3.1$\pm$3.6,,pipeline,5,DyF-ZTL-V-soft_s0_p0.8_R100_7613f8fa68;DyF-ZTL-V-soft_s1_p0.8_R100_dc49e16e93;DyF-ZTL-V-soft_s2_p0.8_R100_06a6945185;DyF-ZTL-V-soft_s3_p0.8_R100_d11ec4b06a;DyF-ZTL-V-soft_s4_p0.8_R100_760d4e98ad,results_r02/analysis/admission_runs.csv,attacker weight share / rehabilitation time via analyze_r02.admission_metrics
Table 15 modes,tab:modes,0.8 / DyF-ZTL-V-soft,Rounds to rehab.,--,,pipeline,5,DyF-ZTL-V-soft_s0_p0.8_R100_7613f8fa68;DyF-ZTL-V-soft_s1_p0.8_R100_dc49e16e93;DyF-ZTL-V-soft_s2_p0.8_R100_06a6945185;DyF-ZTL-V-soft_s3_p0.8_R100_d11ec4b06a;DyF-ZTL-V-soft_s4_p0.8_R100_760d4e98ad,results_r02/analysis/admission_runs.csv,attacker weight share / rehabilitation time via analyze_r02.admission_metrics
Table 16 server-only,tab:server_only,|D_trust|=100,DyF-ZTL acc.,96.86$\pm$0.36,96.86±0.36,yes,5,DyF-ZTL-V_s0_p0.0_R100_9b36b061b5;DyF-ZTL-V_s1_p0.0_R100_e41e016b66;DyF-ZTL-V_s2_p0.0_R100_2c4edf91ee;DyF-ZTL-V_s3_p0.0_R100_aa679853e0;DyF-ZTL-V_s4_p0.0_R100_341accd528,results_r02/server_only_sizes/final_DyF-ZTL-V_s0_p0.0_R100_9b36b061b5.json;results_r02/server_only_sizes/final_DyF-ZTL-V_s1_p0.0_R100_e41e016b66.json;results_r02/server_only_sizes/final_DyF-ZTL-V_s2_p0.0_R100_2c4edf91ee.json;results_r02/server_only_sizes/final_DyF-ZTL-V_s3_p0.0_R100_aa679853e0.json;results_r02/server_only_sizes/final_DyF-ZTL-V_s4_p0.0_R100_341accd528.json,
Table 16 server-only,tab:server_only,|D_trust|=100,DyF-ZTL F1,87.58$\pm$4.91,87.58±4.91,yes,5,DyF-ZTL-V_s0_p0.0_R100_9b36b061b5;DyF-ZTL-V_s1_p0.0_R100_e41e016b66;DyF-ZTL-V_s2_p0.0_R100_2c4edf91ee;DyF-ZTL-V_s3_p0.0_R100_aa679853e0;DyF-ZTL-V_s4_p0.0_R100_341accd528,results_r02/server_only_sizes/final_DyF-ZTL-V_s0_p0.0_R100_9b36b061b5.json;results_r02/server_only_sizes/final_DyF-ZTL-V_s1_p0.0_R100_e41e016b66.json;results_r02/server_only_sizes/final_DyF-ZTL-V_s2_p0.0_R100_2c4edf91ee.json;results_r02/server_only_sizes/final_DyF-ZTL-V_s3_p0.0_R100_aa679853e0.json;results_r02/server_only_sizes/final_DyF-ZTL-V_s4_p0.0_R100_341accd528.json,
Table 16 server-only,tab:server_only,|D_trust|=100,Server-only acc.,92.53$\pm$1.58,92.53±1.58,yes,10,ServerOnly_s0_p0.0_R100_3dda4ebed1;ServerOnly_s1_p0.0_R100_85de7fd689;ServerOnly_s2_p0.0_R100_b6f80a3c7f;ServerOnly_s3_p0.0_R100_6e9d88b80f;ServerOnly_s4_p0.0_R100_5a0dfc9c9a;ServerOnly_s5_p0.0_R100_9a66233ae1;ServerOnly_s6_p0.0_R100_8e43de65a3;ServerOnly_s7_p0.0_R100_0fe0a36a65;ServerOnly_s8_p0.0_R100_4cc4ae4faa;ServerOnly_s9_p0.0_R100_afa141abe7,results_r02/server_only_sizes/final_ServerOnly_s0_p0.0_R100_3dda4ebed1.json;results_r02/server_only_sizes/final_ServerOnly_s1_p0.0_R100_85de7fd689.json;results_r02/server_only_sizes/final_ServerOnly_s2_p0.0_R100_b6f80a3c7f.json;results_r02/server_only_sizes/final_ServerOnly_s3_p0.0_R100_6e9d88b80f.json;results_r02/server_only_sizes/final_ServerOnly_s4_p0.0_R100_5a0dfc9c9a.json;results_r02/server_only_sizes/final_ServerOnly_s5_p0.0_R100_9a66233ae1.json;results_r02/server_only_sizes/final_ServerOnly_s6_p0.0_R100_8e43de65a3.json;results_r02/server_only_sizes/final_ServerOnly_s7_p0.0_R100_0fe0a36a65.json;results_r02/server_only_sizes/final_ServerOnly_s8_p0.0_R100_4cc4ae4faa.json;results_r02/server_only_sizes/final_ServerOnly_s9_p0.0_R100_afa141abe7.json,
Table 16 server-only,tab:server_only,|D_trust|=100,Server-only F1,71.94$\pm$4.95,71.94±4.95,yes,10,ServerOnly_s0_p0.0_R100_3dda4ebed1;ServerOnly_s1_p0.0_R100_85de7fd689;ServerOnly_s2_p0.0_R100_b6f80a3c7f;ServerOnly_s3_p0.0_R100_6e9d88b80f;ServerOnly_s4_p0.0_R100_5a0dfc9c9a;ServerOnly_s5_p0.0_R100_9a66233ae1;ServerOnly_s6_p0.0_R100_8e43de65a3;ServerOnly_s7_p0.0_R100_0fe0a36a65;ServerOnly_s8_p0.0_R100_4cc4ae4faa;ServerOnly_s9_p0.0_R100_afa141abe7,results_r02/server_only_sizes/final_ServerOnly_s0_p0.0_R100_3dda4ebed1.json;results_r02/server_only_sizes/final_ServerOnly_s1_p0.0_R100_85de7fd689.json;results_r02/server_only_sizes/final_ServerOnly_s2_p0.0_R100_b6f80a3c7f.json;results_r02/server_only_sizes/final_ServerOnly_s3_p0.0_R100_6e9d88b80f.json;results_r02/server_only_sizes/final_ServerOnly_s4_p0.0_R100_5a0dfc9c9a.json;results_r02/server_only_sizes/final_ServerOnly_s5_p0.0_R100_9a66233ae1.json;results_r02/server_only_sizes/final_ServerOnly_s6_p0.0_R100_8e43de65a3.json;results_r02/server_only_sizes/final_ServerOnly_s7_p0.0_R100_0fe0a36a65.json;results_r02/server_only_sizes/final_ServerOnly_s8_p0.0_R100_4cc4ae4faa.json;results_r02/server_only_sizes/final_ServerOnly_s9_p0.0_R100_afa141abe7.json,
Table 16 server-only,tab:server_only,|D_trust|=100,Server-only MLP acc.,91.44$\pm$1.63,91.44±1.63,yes,10,ServerOnly-MLP_s0_p0.0_R100_ec15b6c969;ServerOnly-MLP_s1_p0.0_R100_e625840ab3;ServerOnly-MLP_s2_p0.0_R100_e3d27e3ab5;ServerOnly-MLP_s3_p0.0_R100_4f26ad1e2d;ServerOnly-MLP_s4_p0.0_R100_c43363cced;ServerOnly-MLP_s5_p0.0_R100_b2fb7beb1f;ServerOnly-MLP_s6_p0.0_R100_d95293c259;ServerOnly-MLP_s7_p0.0_R100_a967ca05bc;ServerOnly-MLP_s8_p0.0_R100_3a5576bf2e;ServerOnly-MLP_s9_p0.0_R100_eec4c42643,results_r02/server_only_sizes/final_ServerOnly-MLP_s0_p0.0_R100_ec15b6c969.json;results_r02/server_only_sizes/final_ServerOnly-MLP_s1_p0.0_R100_e625840ab3.json;results_r02/server_only_sizes/final_ServerOnly-MLP_s2_p0.0_R100_e3d27e3ab5.json;results_r02/server_only_sizes/final_ServerOnly-MLP_s3_p0.0_R100_4f26ad1e2d.json;results_r02/server_only_sizes/final_ServerOnly-MLP_s4_p0.0_R100_c43363cced.json;results_r02/server_only_sizes/final_ServerOnly-MLP_s5_p0.0_R100_b2fb7beb1f.json;results_r02/server_only_sizes/final_ServerOnly-MLP_s6_p0.0_R100_d95293c259.json;results_r02/server_only_sizes/final_ServerOnly-MLP_s7_p0.0_R100_a967ca05bc.json;results_r02/server_only_sizes/final_ServerOnly-MLP_s8_p0.0_R100_3a5576bf2e.json;results_r02/server_only_sizes/final_ServerOnly-MLP_s9_p0.0_R100_eec4c42643.json,
Table 16 server-only,tab:server_only,|D_trust|=100,paired differences,+4.32 (0.002) | +15.25 ($<$0.001),+4.32 (0.002) | +15.25 ($<$0.001),yes,5,DyF-ZTL-V_s0_p0.0_R100_9b36b061b5;DyF-ZTL-V_s1_p0.0_R100_e41e016b66;DyF-ZTL-V_s2_p0.0_R100_2c4edf91ee;DyF-ZTL-V_s3_p0.0_R100_aa679853e0;DyF-ZTL-V_s4_p0.0_R100_341accd528|ServerOnly_s0_p0.0_R100_3dda4ebed1;ServerOnly_s1_p0.0_R100_85de7fd689;ServerOnly_s2_p0.0_R100_b6f80a3c7f;ServerOnly_s3_p0.0_R100_6e9d88b80f;ServerOnly_s4_p0.0_R100_5a0dfc9c9a;ServerOnly_s5_p0.0_R100_9a66233ae1;ServerOnly_s6_p0.0_R100_8e43de65a3;ServerOnly_s7_p0.0_R100_0fe0a36a65;ServerOnly_s8_p0.0_R100_4cc4ae4faa;ServerOnly_s9_p0.0_R100_afa141abe7,results_r02/server_only_sizes/final_DyF-ZTL-V_s0_p0.0_R100_9b36b061b5.json;results_r02/server_only_sizes/final_DyF-ZTL-V_s1_p0.0_R100_e41e016b66.json;results_r02/server_only_sizes/final_DyF-ZTL-V_s2_p0.0_R100_2c4edf91ee.json;results_r02/server_only_sizes/final_DyF-ZTL-V_s3_p0.0_R100_aa679853e0.json;results_r02/server_only_sizes/final_DyF-ZTL-V_s4_p0.0_R100_341accd528.json;results_r02/server_only_sizes/final_ServerOnly_s0_p0.0_R100_3dda4ebed1.json;results_r02/server_only_sizes/final_ServerOnly_s1_p0.0_R100_85de7fd689.json;results_r02/server_only_sizes/final_ServerOnly_s2_p0.0_R100_b6f80a3c7f.json;results_r02/server_only_sizes/final_ServerOnly_s3_p0.0_R100_6e9d88b80f.json;results_r02/server_only_sizes/final_ServerOnly_s4_p0.0_R100_5a0dfc9c9a.json;results_r02/server_only_sizes/final_ServerOnly_s5_p0.0_R100_9a66233ae1.json;results_r02/server_only_sizes/final_ServerOnly_s6_p0.0_R100_8e43de65a3.json;results_r02/server_only_sizes/final_ServerOnly_s7_p0.0_R100_0fe0a36a65.json;results_r02/server_only_sizes/final_ServerOnly_s8_p0.0_R100_4cc4ae4faa.json;results_r02/server_only_sizes/final_ServerOnly_s9_p0.0_R100_afa141abe7.json,
Table 16 server-only,tab:server_only,|D_trust|=300,DyF-ZTL acc.,96.98$\pm$0.54,96.98±0.54,yes,5,DyF-ZTL-V_s0_p0.0_R100_2b23c706f7;DyF-ZTL-V_s1_p0.0_R100_cbdb648e44;DyF-ZTL-V_s2_p0.0_R100_3ce00ab0ec;DyF-ZTL-V_s3_p0.0_R100_adff206e0c;DyF-ZTL-V_s4_p0.0_R100_966deed31f,results_r02/server_only_sizes/final_DyF-ZTL-V_s0_p0.0_R100_2b23c706f7.json;results_r02/server_only_sizes/final_DyF-ZTL-V_s1_p0.0_R100_cbdb648e44.json;results_r02/server_only_sizes/final_DyF-ZTL-V_s2_p0.0_R100_3ce00ab0ec.json;results_r02/server_only_sizes/final_DyF-ZTL-V_s3_p0.0_R100_adff206e0c.json;results_r02/server_only_sizes/final_DyF-ZTL-V_s4_p0.0_R100_966deed31f.json,
Table 16 server-only,tab:server_only,|D_trust|=300,DyF-ZTL F1,88.92$\pm$5.51,88.92±5.51,yes,5,DyF-ZTL-V_s0_p0.0_R100_2b23c706f7;DyF-ZTL-V_s1_p0.0_R100_cbdb648e44;DyF-ZTL-V_s2_p0.0_R100_3ce00ab0ec;DyF-ZTL-V_s3_p0.0_R100_adff206e0c;DyF-ZTL-V_s4_p0.0_R100_966deed31f,results_r02/server_only_sizes/final_DyF-ZTL-V_s0_p0.0_R100_2b23c706f7.json;results_r02/server_only_sizes/final_DyF-ZTL-V_s1_p0.0_R100_cbdb648e44.json;results_r02/server_only_sizes/final_DyF-ZTL-V_s2_p0.0_R100_3ce00ab0ec.json;results_r02/server_only_sizes/final_DyF-ZTL-V_s3_p0.0_R100_adff206e0c.json;results_r02/server_only_sizes/final_DyF-ZTL-V_s4_p0.0_R100_966deed31f.json,
Table 16 server-only,tab:server_only,|D_trust|=300,Server-only acc.,95.15$\pm$0.66,95.15±0.66,yes,10,ServerOnly_s0_p0.0_R100_d6de3d4a1f;ServerOnly_s1_p0.0_R100_94adb15770;ServerOnly_s2_p0.0_R100_950f830962;ServerOnly_s3_p0.0_R100_197cf48eda;ServerOnly_s4_p0.0_R100_bf6e773e57;ServerOnly_s5_p0.0_R100_f85db9d8b6;ServerOnly_s6_p0.0_R100_8b8a992e70;ServerOnly_s7_p0.0_R100_fb9fad8fda;ServerOnly_s8_p0.0_R100_ccfd52e1de;ServerOnly_s9_p0.0_R100_b983032739,results_r02/server_only_sizes/final_ServerOnly_s0_p0.0_R100_d6de3d4a1f.json;results_r02/server_only_sizes/final_ServerOnly_s1_p0.0_R100_94adb15770.json;results_r02/server_only_sizes/final_ServerOnly_s2_p0.0_R100_950f830962.json;results_r02/server_only_sizes/final_ServerOnly_s3_p0.0_R100_197cf48eda.json;results_r02/server_only_sizes/final_ServerOnly_s4_p0.0_R100_bf6e773e57.json;results_r02/server_only_sizes/final_ServerOnly_s5_p0.0_R100_f85db9d8b6.json;results_r02/server_only_sizes/final_ServerOnly_s6_p0.0_R100_8b8a992e70.json;results_r02/server_only_sizes/final_ServerOnly_s7_p0.0_R100_fb9fad8fda.json;results_r02/server_only_sizes/final_ServerOnly_s8_p0.0_R100_ccfd52e1de.json;results_r02/server_only_sizes/final_ServerOnly_s9_p0.0_R100_b983032739.json,
Table 16 server-only,tab:server_only,|D_trust|=300,Server-only F1,83.41$\pm$2.97,83.41±2.97,yes,10,ServerOnly_s0_p0.0_R100_d6de3d4a1f;ServerOnly_s1_p0.0_R100_94adb15770;ServerOnly_s2_p0.0_R100_950f830962;ServerOnly_s3_p0.0_R100_197cf48eda;ServerOnly_s4_p0.0_R100_bf6e773e57;ServerOnly_s5_p0.0_R100_f85db9d8b6;ServerOnly_s6_p0.0_R100_8b8a992e70;ServerOnly_s7_p0.0_R100_fb9fad8fda;ServerOnly_s8_p0.0_R100_ccfd52e1de;ServerOnly_s9_p0.0_R100_b983032739,results_r02/server_only_sizes/final_ServerOnly_s0_p0.0_R100_d6de3d4a1f.json;results_r02/server_only_sizes/final_ServerOnly_s1_p0.0_R100_94adb15770.json;results_r02/server_only_sizes/final_ServerOnly_s2_p0.0_R100_950f830962.json;results_r02/server_only_sizes/final_ServerOnly_s3_p0.0_R100_197cf48eda.json;results_r02/server_only_sizes/final_ServerOnly_s4_p0.0_R100_bf6e773e57.json;results_r02/server_only_sizes/final_ServerOnly_s5_p0.0_R100_f85db9d8b6.json;results_r02/server_only_sizes/final_ServerOnly_s6_p0.0_R100_8b8a992e70.json;results_r02/server_only_sizes/final_ServerOnly_s7_p0.0_R100_fb9fad8fda.json;results_r02/server_only_sizes/final_ServerOnly_s8_p0.0_R100_ccfd52e1de.json;results_r02/server_only_sizes/final_ServerOnly_s9_p0.0_R100_b983032739.json,
Table 16 server-only,tab:server_only,|D_trust|=300,Server-only MLP acc.,94.43$\pm$0.50,94.43±0.50,yes,10,ServerOnly-MLP_s0_p0.0_R100_f6ac1d4ec6;ServerOnly-MLP_s1_p0.0_R100_27f656706a;ServerOnly-MLP_s2_p0.0_R100_4dc0f2a4a9;ServerOnly-MLP_s3_p0.0_R100_6795b96ddd;ServerOnly-MLP_s4_p0.0_R100_d21fc5d88e;ServerOnly-MLP_s5_p0.0_R100_463b8f5763;ServerOnly-MLP_s6_p0.0_R100_7a8a91bbd7;ServerOnly-MLP_s7_p0.0_R100_ebae821c56;ServerOnly-MLP_s8_p0.0_R100_2c86f7a68e;ServerOnly-MLP_s9_p0.0_R100_0525923cf0,results_r02/server_only_sizes/final_ServerOnly-MLP_s0_p0.0_R100_f6ac1d4ec6.json;results_r02/server_only_sizes/final_ServerOnly-MLP_s1_p0.0_R100_27f656706a.json;results_r02/server_only_sizes/final_ServerOnly-MLP_s2_p0.0_R100_4dc0f2a4a9.json;results_r02/server_only_sizes/final_ServerOnly-MLP_s3_p0.0_R100_6795b96ddd.json;results_r02/server_only_sizes/final_ServerOnly-MLP_s4_p0.0_R100_d21fc5d88e.json;results_r02/server_only_sizes/final_ServerOnly-MLP_s5_p0.0_R100_463b8f5763.json;results_r02/server_only_sizes/final_ServerOnly-MLP_s6_p0.0_R100_7a8a91bbd7.json;results_r02/server_only_sizes/final_ServerOnly-MLP_s7_p0.0_R100_ebae821c56.json;results_r02/server_only_sizes/final_ServerOnly-MLP_s8_p0.0_R100_2c86f7a68e.json;results_r02/server_only_sizes/final_ServerOnly-MLP_s9_p0.0_R100_0525923cf0.json,
Table 16 server-only,tab:server_only,|D_trust|=300,paired differences,+1.76 (0.027) | +5.26 (0.165),+1.76 (0.027) | +5.26 (0.165),yes,5,DyF-ZTL-V_s0_p0.0_R100_2b23c706f7;DyF-ZTL-V_s1_p0.0_R100_cbdb648e44;DyF-ZTL-V_s2_p0.0_R100_3ce00ab0ec;DyF-ZTL-V_s3_p0.0_R100_adff206e0c;DyF-ZTL-V_s4_p0.0_R100_966deed31f|ServerOnly_s0_p0.0_R100_d6de3d4a1f;ServerOnly_s1_p0.0_R100_94adb15770;ServerOnly_s2_p0.0_R100_950f830962;ServerOnly_s3_p0.0_R100_197cf48eda;ServerOnly_s4_p0.0_R100_bf6e773e57;ServerOnly_s5_p0.0_R100_f85db9d8b6;ServerOnly_s6_p0.0_R100_8b8a992e70;ServerOnly_s7_p0.0_R100_fb9fad8fda;ServerOnly_s8_p0.0_R100_ccfd52e1de;ServerOnly_s9_p0.0_R100_b983032739,results_r02/server_only_sizes/final_DyF-ZTL-V_s0_p0.0_R100_2b23c706f7.json;results_r02/server_only_sizes/final_DyF-ZTL-V_s1_p0.0_R100_cbdb648e44.json;results_r02/server_only_sizes/final_DyF-ZTL-V_s2_p0.0_R100_3ce00ab0ec.json;results_r02/server_only_sizes/final_DyF-ZTL-V_s3_p0.0_R100_adff206e0c.json;results_r02/server_only_sizes/final_DyF-ZTL-V_s4_p0.0_R100_966deed31f.json;results_r02/server_only_sizes/final_ServerOnly_s0_p0.0_R100_d6de3d4a1f.json;results_r02/server_only_sizes/final_ServerOnly_s1_p0.0_R100_94adb15770.json;results_r02/server_only_sizes/final_ServerOnly_s2_p0.0_R100_950f830962.json;results_r02/server_only_sizes/final_ServerOnly_s3_p0.0_R100_197cf48eda.json;results_r02/server_only_sizes/final_ServerOnly_s4_p0.0_R100_bf6e773e57.json;results_r02/server_only_sizes/final_ServerOnly_s5_p0.0_R100_f85db9d8b6.json;results_r02/server_only_sizes/final_ServerOnly_s6_p0.0_R100_8b8a992e70.json;results_r02/server_only_sizes/final_ServerOnly_s7_p0.0_R100_fb9fad8fda.json;results_r02/server_only_sizes/final_ServerOnly_s8_p0.0_R100_ccfd52e1de.json;results_r02/server_only_sizes/final_ServerOnly_s9_p0.0_R100_b983032739.json,
Table 16 server-only,tab:server_only,|D_trust|=1200,DyF-ZTL acc.,96.85$\pm$0.42,96.85±0.42,yes,5,DyF-ZTL-V_s0_p0.0_R100_83ade77250;DyF-ZTL-V_s1_p0.0_R100_148be81c2e;DyF-ZTL-V_s2_p0.0_R100_65ee4fc57a;DyF-ZTL-V_s3_p0.0_R100_280dfa730c;DyF-ZTL-V_s4_p0.0_R100_fd38a795c3,results_r02/server_only_sizes/final_DyF-ZTL-V_s0_p0.0_R100_83ade77250.json;results_r02/server_only_sizes/final_DyF-ZTL-V_s1_p0.0_R100_148be81c2e.json;results_r02/server_only_sizes/final_DyF-ZTL-V_s2_p0.0_R100_65ee4fc57a.json;results_r02/server_only_sizes/final_DyF-ZTL-V_s3_p0.0_R100_280dfa730c.json;results_r02/server_only_sizes/final_DyF-ZTL-V_s4_p0.0_R100_fd38a795c3.json,
Table 16 server-only,tab:server_only,|D_trust|=1200,DyF-ZTL F1,88.46$\pm$5.41,88.46±5.41,yes,5,DyF-ZTL-V_s0_p0.0_R100_83ade77250;DyF-ZTL-V_s1_p0.0_R100_148be81c2e;DyF-ZTL-V_s2_p0.0_R100_65ee4fc57a;DyF-ZTL-V_s3_p0.0_R100_280dfa730c;DyF-ZTL-V_s4_p0.0_R100_fd38a795c3,results_r02/server_only_sizes/final_DyF-ZTL-V_s0_p0.0_R100_83ade77250.json;results_r02/server_only_sizes/final_DyF-ZTL-V_s1_p0.0_R100_148be81c2e.json;results_r02/server_only_sizes/final_DyF-ZTL-V_s2_p0.0_R100_65ee4fc57a.json;results_r02/server_only_sizes/final_DyF-ZTL-V_s3_p0.0_R100_280dfa730c.json;results_r02/server_only_sizes/final_DyF-ZTL-V_s4_p0.0_R100_fd38a795c3.json,
Table 16 server-only,tab:server_only,|D_trust|=1200,Server-only acc.,96.50$\pm$0.38,96.50±0.38,yes,10,ServerOnly_s0_p0.0_R100_268a47fb94;ServerOnly_s1_p0.0_R100_99f669a620;ServerOnly_s2_p0.0_R100_a104549adf;ServerOnly_s3_p0.0_R100_a33d534571;ServerOnly_s4_p0.0_R100_4ce09939f1;ServerOnly_s5_p0.0_R100_4afea2e99b;ServerOnly_s6_p0.0_R100_1c754ba48a;ServerOnly_s7_p0.0_R100_6718a94579;ServerOnly_s8_p0.0_R100_481b905926;ServerOnly_s9_p0.0_R100_db09cf3cc6,results_r02/server_only_sizes/final_ServerOnly_s0_p0.0_R100_268a47fb94.json;results_r02/server_only_sizes/final_ServerOnly_s1_p0.0_R100_99f669a620.json;results_r02/server_only_sizes/final_ServerOnly_s2_p0.0_R100_a104549adf.json;results_r02/server_only_sizes/final_ServerOnly_s3_p0.0_R100_a33d534571.json;results_r02/server_only_sizes/final_ServerOnly_s4_p0.0_R100_4ce09939f1.json;results_r02/server_only_sizes/final_ServerOnly_s5_p0.0_R100_4afea2e99b.json;results_r02/server_only_sizes/final_ServerOnly_s6_p0.0_R100_1c754ba48a.json;results_r02/server_only_sizes/final_ServerOnly_s7_p0.0_R100_6718a94579.json;results_r02/server_only_sizes/final_ServerOnly_s8_p0.0_R100_481b905926.json;results_r02/server_only_sizes/final_ServerOnly_s9_p0.0_R100_db09cf3cc6.json,
Table 16 server-only,tab:server_only,|D_trust|=1200,Server-only F1,88.20$\pm$2.23,88.20±2.23,yes,10,ServerOnly_s0_p0.0_R100_268a47fb94;ServerOnly_s1_p0.0_R100_99f669a620;ServerOnly_s2_p0.0_R100_a104549adf;ServerOnly_s3_p0.0_R100_a33d534571;ServerOnly_s4_p0.0_R100_4ce09939f1;ServerOnly_s5_p0.0_R100_4afea2e99b;ServerOnly_s6_p0.0_R100_1c754ba48a;ServerOnly_s7_p0.0_R100_6718a94579;ServerOnly_s8_p0.0_R100_481b905926;ServerOnly_s9_p0.0_R100_db09cf3cc6,results_r02/server_only_sizes/final_ServerOnly_s0_p0.0_R100_268a47fb94.json;results_r02/server_only_sizes/final_ServerOnly_s1_p0.0_R100_99f669a620.json;results_r02/server_only_sizes/final_ServerOnly_s2_p0.0_R100_a104549adf.json;results_r02/server_only_sizes/final_ServerOnly_s3_p0.0_R100_a33d534571.json;results_r02/server_only_sizes/final_ServerOnly_s4_p0.0_R100_4ce09939f1.json;results_r02/server_only_sizes/final_ServerOnly_s5_p0.0_R100_4afea2e99b.json;results_r02/server_only_sizes/final_ServerOnly_s6_p0.0_R100_1c754ba48a.json;results_r02/server_only_sizes/final_ServerOnly_s7_p0.0_R100_6718a94579.json;results_r02/server_only_sizes/final_ServerOnly_s8_p0.0_R100_481b905926.json;results_r02/server_only_sizes/final_ServerOnly_s9_p0.0_R100_db09cf3cc6.json,
Table 16 server-only,tab:server_only,|D_trust|=1200,Server-only MLP acc.,95.55$\pm$0.95,95.55±0.95,yes,10,ServerOnly-MLP_s0_p0.0_R100_3114d187ca;ServerOnly-MLP_s1_p0.0_R100_6ebaade4ae;ServerOnly-MLP_s2_p0.0_R100_5c6f357b68;ServerOnly-MLP_s3_p0.0_R100_95a851e4d2;ServerOnly-MLP_s4_p0.0_R100_0f9cbc0ed5;ServerOnly-MLP_s5_p0.0_R100_74c042b5a9;ServerOnly-MLP_s6_p0.0_R100_b99e362b04;ServerOnly-MLP_s7_p0.0_R100_aab5f898d6;ServerOnly-MLP_s8_p0.0_R100_c98f6fbf83;ServerOnly-MLP_s9_p0.0_R100_fbfbfcbf01,results_r02/server_only_sizes/final_ServerOnly-MLP_s0_p0.0_R100_3114d187ca.json;results_r02/server_only_sizes/final_ServerOnly-MLP_s1_p0.0_R100_6ebaade4ae.json;results_r02/server_only_sizes/final_ServerOnly-MLP_s2_p0.0_R100_5c6f357b68.json;results_r02/server_only_sizes/final_ServerOnly-MLP_s3_p0.0_R100_95a851e4d2.json;results_r02/server_only_sizes/final_ServerOnly-MLP_s4_p0.0_R100_0f9cbc0ed5.json;results_r02/server_only_sizes/final_ServerOnly-MLP_s5_p0.0_R100_74c042b5a9.json;results_r02/server_only_sizes/final_ServerOnly-MLP_s6_p0.0_R100_b99e362b04.json;results_r02/server_only_sizes/final_ServerOnly-MLP_s7_p0.0_R100_aab5f898d6.json;results_r02/server_only_sizes/final_ServerOnly-MLP_s8_p0.0_R100_c98f6fbf83.json;results_r02/server_only_sizes/final_ServerOnly-MLP_s9_p0.0_R100_fbfbfcbf01.json,
Table 16 server-only,tab:server_only,|D_trust|=1200,paired differences,+0.39 (0.173) | +0.56 (0.830),+0.39 (0.173) | +0.56 (0.830),yes,5,DyF-ZTL-V_s0_p0.0_R100_83ade77250;DyF-ZTL-V_s1_p0.0_R100_148be81c2e;DyF-ZTL-V_s2_p0.0_R100_65ee4fc57a;DyF-ZTL-V_s3_p0.0_R100_280dfa730c;DyF-ZTL-V_s4_p0.0_R100_fd38a795c3|ServerOnly_s0_p0.0_R100_268a47fb94;ServerOnly_s1_p0.0_R100_99f669a620;ServerOnly_s2_p0.0_R100_a104549adf;ServerOnly_s3_p0.0_R100_a33d534571;ServerOnly_s4_p0.0_R100_4ce09939f1;ServerOnly_s5_p0.0_R100_4afea2e99b;ServerOnly_s6_p0.0_R100_1c754ba48a;ServerOnly_s7_p0.0_R100_6718a94579;ServerOnly_s8_p0.0_R100_481b905926;ServerOnly_s9_p0.0_R100_db09cf3cc6,results_r02/server_only_sizes/final_DyF-ZTL-V_s0_p0.0_R100_83ade77250.json;results_r02/server_only_sizes/final_DyF-ZTL-V_s1_p0.0_R100_148be81c2e.json;results_r02/server_only_sizes/final_DyF-ZTL-V_s2_p0.0_R100_65ee4fc57a.json;results_r02/server_only_sizes/final_DyF-ZTL-V_s3_p0.0_R100_280dfa730c.json;results_r02/server_only_sizes/final_DyF-ZTL-V_s4_p0.0_R100_fd38a795c3.json;results_r02/server_only_sizes/final_ServerOnly_s0_p0.0_R100_268a47fb94.json;results_r02/server_only_sizes/final_ServerOnly_s1_p0.0_R100_99f669a620.json;results_r02/server_only_sizes/final_ServerOnly_s2_p0.0_R100_a104549adf.json;results_r02/server_only_sizes/final_ServerOnly_s3_p0.0_R100_a33d534571.json;results_r02/server_only_sizes/final_ServerOnly_s4_p0.0_R100_4ce09939f1.json;results_r02/server_only_sizes/final_ServerOnly_s5_p0.0_R100_4afea2e99b.json;results_r02/server_only_sizes/final_ServerOnly_s6_p0.0_R100_1c754ba48a.json;results_r02/server_only_sizes/final_ServerOnly_s7_p0.0_R100_6718a94579.json;results_r02/server_only_sizes/final_ServerOnly_s8_p0.0_R100_481b905926.json;results_r02/server_only_sizes/final_ServerOnly_s9_p0.0_R100_db09cf3cc6.json,
Table 16 server-only,tab:server_only,|D_trust|=5280,DyF-ZTL acc.,96.88$\pm$0.50,96.88±0.50,yes,10,DyF-ZTL-V_s0_p0.0_R100_80bf0e9a50;DyF-ZTL-V_s1_p0.0_R100_749ae4dd2f;DyF-ZTL-V_s2_p0.0_R100_51acb3fbbb;DyF-ZTL-V_s3_p0.0_R100_c5ab1537e6;DyF-ZTL-V_s4_p0.0_R100_637d44f118;DyF-ZTL-V_s5_p0.0_R100_5b42d47528;DyF-ZTL-V_s6_p0.0_R100_4647357bee;DyF-ZTL-V_s7_p0.0_R100_42bec17b54;DyF-ZTL-V_s8_p0.0_R100_360545a5f2;DyF-ZTL-V_s9_p0.0_R100_c38dc802e2,results_r02/main/final_DyF-ZTL-V_s0_p0.0_R100_80bf0e9a50.json;results_r02/main/final_DyF-ZTL-V_s1_p0.0_R100_749ae4dd2f.json;results_r02/main/final_DyF-ZTL-V_s2_p0.0_R100_51acb3fbbb.json;results_r02/main/final_DyF-ZTL-V_s3_p0.0_R100_c5ab1537e6.json;results_r02/main/final_DyF-ZTL-V_s4_p0.0_R100_637d44f118.json;results_r02/main/final_DyF-ZTL-V_s5_p0.0_R100_5b42d47528.json;results_r02/main/final_DyF-ZTL-V_s6_p0.0_R100_4647357bee.json;results_r02/main/final_DyF-ZTL-V_s7_p0.0_R100_42bec17b54.json;results_r02/main/final_DyF-ZTL-V_s8_p0.0_R100_360545a5f2.json;results_r02/main/final_DyF-ZTL-V_s9_p0.0_R100_c38dc802e2.json,
Table 16 server-only,tab:server_only,|D_trust|=5280,DyF-ZTL F1,88.05$\pm$5.38,88.05±5.38,yes,10,DyF-ZTL-V_s0_p0.0_R100_80bf0e9a50;DyF-ZTL-V_s1_p0.0_R100_749ae4dd2f;DyF-ZTL-V_s2_p0.0_R100_51acb3fbbb;DyF-ZTL-V_s3_p0.0_R100_c5ab1537e6;DyF-ZTL-V_s4_p0.0_R100_637d44f118;DyF-ZTL-V_s5_p0.0_R100_5b42d47528;DyF-ZTL-V_s6_p0.0_R100_4647357bee;DyF-ZTL-V_s7_p0.0_R100_42bec17b54;DyF-ZTL-V_s8_p0.0_R100_360545a5f2;DyF-ZTL-V_s9_p0.0_R100_c38dc802e2,results_r02/main/final_DyF-ZTL-V_s0_p0.0_R100_80bf0e9a50.json;results_r02/main/final_DyF-ZTL-V_s1_p0.0_R100_749ae4dd2f.json;results_r02/main/final_DyF-ZTL-V_s2_p0.0_R100_51acb3fbbb.json;results_r02/main/final_DyF-ZTL-V_s3_p0.0_R100_c5ab1537e6.json;results_r02/main/final_DyF-ZTL-V_s4_p0.0_R100_637d44f118.json;results_r02/main/final_DyF-ZTL-V_s5_p0.0_R100_5b42d47528.json;results_r02/main/final_DyF-ZTL-V_s6_p0.0_R100_4647357bee.json;results_r02/main/final_DyF-ZTL-V_s7_p0.0_R100_42bec17b54.json;results_r02/main/final_DyF-ZTL-V_s8_p0.0_R100_360545a5f2.json;results_r02/main/final_DyF-ZTL-V_s9_p0.0_R100_c38dc802e2.json,
Table 16 server-only,tab:server_only,|D_trust|=5280,Server-only acc.,97.46$\pm$0.16,97.46±0.16,yes,10,ServerOnly_s0_p0.0_R100_e5d41fc54f;ServerOnly_s1_p0.0_R100_a9b4ae553a;ServerOnly_s2_p0.0_R100_c5b9cae6e6;ServerOnly_s3_p0.0_R100_fbf83f1f03;ServerOnly_s4_p0.0_R100_b312466574;ServerOnly_s5_p0.0_R100_88cb63e806;ServerOnly_s6_p0.0_R100_33854e387f;ServerOnly_s7_p0.0_R100_0c9500ca56;ServerOnly_s8_p0.0_R100_f5e99ad1e9;ServerOnly_s9_p0.0_R100_8ccbfc7a48,results_r02/main/final_ServerOnly_s0_p0.0_R100_e5d41fc54f.json;results_r02/main/final_ServerOnly_s1_p0.0_R100_a9b4ae553a.json;results_r02/main/final_ServerOnly_s2_p0.0_R100_c5b9cae6e6.json;results_r02/main/final_ServerOnly_s3_p0.0_R100_fbf83f1f03.json;results_r02/main/final_ServerOnly_s4_p0.0_R100_b312466574.json;results_r02/main/final_ServerOnly_s5_p0.0_R100_88cb63e806.json;results_r02/main/final_ServerOnly_s6_p0.0_R100_33854e387f.json;results_r02/main/final_ServerOnly_s7_p0.0_R100_0c9500ca56.json;results_r02/main/final_ServerOnly_s8_p0.0_R100_f5e99ad1e9.json;results_r02/main/final_ServerOnly_s9_p0.0_R100_8ccbfc7a48.json,
Table 16 server-only,tab:server_only,|D_trust|=5280,Server-only F1,92.30$\pm$0.55,92.30±0.55,yes,10,ServerOnly_s0_p0.0_R100_e5d41fc54f;ServerOnly_s1_p0.0_R100_a9b4ae553a;ServerOnly_s2_p0.0_R100_c5b9cae6e6;ServerOnly_s3_p0.0_R100_fbf83f1f03;ServerOnly_s4_p0.0_R100_b312466574;ServerOnly_s5_p0.0_R100_88cb63e806;ServerOnly_s6_p0.0_R100_33854e387f;ServerOnly_s7_p0.0_R100_0c9500ca56;ServerOnly_s8_p0.0_R100_f5e99ad1e9;ServerOnly_s9_p0.0_R100_8ccbfc7a48,results_r02/main/final_ServerOnly_s0_p0.0_R100_e5d41fc54f.json;results_r02/main/final_ServerOnly_s1_p0.0_R100_a9b4ae553a.json;results_r02/main/final_ServerOnly_s2_p0.0_R100_c5b9cae6e6.json;results_r02/main/final_ServerOnly_s3_p0.0_R100_fbf83f1f03.json;results_r02/main/final_ServerOnly_s4_p0.0_R100_b312466574.json;results_r02/main/final_ServerOnly_s5_p0.0_R100_88cb63e806.json;results_r02/main/final_ServerOnly_s6_p0.0_R100_33854e387f.json;results_r02/main/final_ServerOnly_s7_p0.0_R100_0c9500ca56.json;results_r02/main/final_ServerOnly_s8_p0.0_R100_f5e99ad1e9.json;results_r02/main/final_ServerOnly_s9_p0.0_R100_8ccbfc7a48.json,
Table 16 server-only,tab:server_only,|D_trust|=5280,Server-only MLP acc.,95.73$\pm$0.82,95.73±0.82,yes,10,ServerOnly-MLP_s0_p0.0_R100_6d063ba793;ServerOnly-MLP_s1_p0.0_R100_b106c3095f;ServerOnly-MLP_s2_p0.0_R100_a8e9741c65;ServerOnly-MLP_s3_p0.0_R100_bf3b43c225;ServerOnly-MLP_s4_p0.0_R100_e9a1c34c47;ServerOnly-MLP_s5_p0.0_R100_427dbba3fb;ServerOnly-MLP_s6_p0.0_R100_5ad78ad957;ServerOnly-MLP_s7_p0.0_R100_c106db45ad;ServerOnly-MLP_s8_p0.0_R100_d2524758dd;ServerOnly-MLP_s9_p0.0_R100_f874df000c,results_r02/main/final_ServerOnly-MLP_s0_p0.0_R100_6d063ba793.json;results_r02/main/final_ServerOnly-MLP_s1_p0.0_R100_b106c3095f.json;results_r02/main/final_ServerOnly-MLP_s2_p0.0_R100_a8e9741c65.json;results_r02/main/final_ServerOnly-MLP_s3_p0.0_R100_bf3b43c225.json;results_r02/main/final_ServerOnly-MLP_s4_p0.0_R100_e9a1c34c47.json;results_r02/main/final_ServerOnly-MLP_s5_p0.0_R100_427dbba3fb.json;results_r02/main/final_ServerOnly-MLP_s6_p0.0_R100_5ad78ad957.json;results_r02/main/final_ServerOnly-MLP_s7_p0.0_R100_c106db45ad.json;results_r02/main/final_ServerOnly-MLP_s8_p0.0_R100_d2524758dd.json;results_r02/main/final_ServerOnly-MLP_s9_p0.0_R100_f874df000c.json,
Table 16 server-only,tab:server_only,|D_trust|=5280,paired differences,-0.57 (0.011) | -4.25 (0.035),-0.57 (0.011) | -4.25 (0.035),yes,10,DyF-ZTL-V_s0_p0.0_R100_80bf0e9a50;DyF-ZTL-V_s1_p0.0_R100_749ae4dd2f;DyF-ZTL-V_s2_p0.0_R100_51acb3fbbb;DyF-ZTL-V_s3_p0.0_R100_c5ab1537e6;DyF-ZTL-V_s4_p0.0_R100_637d44f118;DyF-ZTL-V_s5_p0.0_R100_5b42d47528;DyF-ZTL-V_s6_p0.0_R100_4647357bee;DyF-ZTL-V_s7_p0.0_R100_42bec17b54;DyF-ZTL-V_s8_p0.0_R100_360545a5f2;DyF-ZTL-V_s9_p0.0_R100_c38dc802e2|ServerOnly_s0_p0.0_R100_e5d41fc54f;ServerOnly_s1_p0.0_R100_a9b4ae553a;ServerOnly_s2_p0.0_R100_c5b9cae6e6;ServerOnly_s3_p0.0_R100_fbf83f1f03;ServerOnly_s4_p0.0_R100_b312466574;ServerOnly_s5_p0.0_R100_88cb63e806;ServerOnly_s6_p0.0_R100_33854e387f;ServerOnly_s7_p0.0_R100_0c9500ca56;ServerOnly_s8_p0.0_R100_f5e99ad1e9;ServerOnly_s9_p0.0_R100_8ccbfc7a48,results_r02/main/final_DyF-ZTL-V_s0_p0.0_R100_80bf0e9a50.json;results_r02/main/final_DyF-ZTL-V_s1_p0.0_R100_749ae4dd2f.json;results_r02/main/final_DyF-ZTL-V_s2_p0.0_R100_51acb3fbbb.json;results_r02/main/final_DyF-ZTL-V_s3_p0.0_R100_c5ab1537e6.json;results_r02/main/final_DyF-ZTL-V_s4_p0.0_R100_637d44f118.json;results_r02/main/final_DyF-ZTL-V_s5_p0.0_R100_5b42d47528.json;results_r02/main/final_DyF-ZTL-V_s6_p0.0_R100_4647357bee.json;results_r02/main/final_DyF-ZTL-V_s7_p0.0_R100_42bec17b54.json;results_r02/main/final_DyF-ZTL-V_s8_p0.0_R100_360545a5f2.json;results_r02/main/final_DyF-ZTL-V_s9_p0.0_R100_c38dc802e2.json;results_r02/main/final_ServerOnly_s0_p0.0_R100_e5d41fc54f.json;results_r02/main/final_ServerOnly_s1_p0.0_R100_a9b4ae553a.json;results_r02/main/final_ServerOnly_s2_p0.0_R100_c5b9cae6e6.json;results_r02/main/final_ServerOnly_s3_p0.0_R100_fbf83f1f03.json;results_r02/main/final_ServerOnly_s4_p0.0_R100_b312466574.json;results_r02/main/final_ServerOnly_s5_p0.0_R100_88cb63e806.json;results_r02/main/final_ServerOnly_s6_p0.0_R100_33854e387f.json;results_r02/main/final_ServerOnly_s7_p0.0_R100_0c9500ca56.json;results_r02/main/final_ServerOnly_s8_p0.0_R100_f5e99ad1e9.json;results_r02/main/final_ServerOnly_s9_p0.0_R100_8ccbfc7a48.json,
Table 17 heterogeneity,tab:heterogeneity,$\alpha=0.1$,DyF-ZTL-V,96.0$\pm$0.5 / 85.5$\pm$4.3,96.0±0.5 / 85.5±4.3,yes,5,DyF-ZTL-V_s0_p0.0_R100_766665c0e7;DyF-ZTL-V_s1_p0.0_R100_64407a3b55;DyF-ZTL-V_s2_p0.0_R100_f393de2996;DyF-ZTL-V_s3_p0.0_R100_f5271db07e;DyF-ZTL-V_s4_p0.0_R100_296548567c,results_r02/heterogeneity/final_DyF-ZTL-V_s0_p0.0_R100_766665c0e7.json;results_r02/heterogeneity/final_DyF-ZTL-V_s1_p0.0_R100_64407a3b55.json;results_r02/heterogeneity/final_DyF-ZTL-V_s2_p0.0_R100_f393de2996.json;results_r02/heterogeneity/final_DyF-ZTL-V_s3_p0.0_R100_f5271db07e.json;results_r02/heterogeneity/final_DyF-ZTL-V_s4_p0.0_R100_296548567c.json,
Table 17 heterogeneity,tab:heterogeneity,$\alpha=0.1$,SCAFFOLD,94.5$\pm$1.6 / 80.6$\pm$4.6,94.5±1.6 / 80.6±4.6,yes,5,SCAFFOLD2-SGD05_s0_p0.0_R100_b206fd7c46;SCAFFOLD2-SGD05_s1_p0.0_R100_d704350f1a;SCAFFOLD2-SGD05_s2_p0.0_R100_81eb608571;SCAFFOLD2-SGD05_s3_p0.0_R100_ebb87493ac;SCAFFOLD2-SGD05_s4_p0.0_R100_e80a31be02,results_r02/heterogeneity/final_SCAFFOLD2-SGD05_s0_p0.0_R100_b206fd7c46.json;results_r02/heterogeneity/final_SCAFFOLD2-SGD05_s1_p0.0_R100_d704350f1a.json;results_r02/heterogeneity/final_SCAFFOLD2-SGD05_s2_p0.0_R100_81eb608571.json;results_r02/heterogeneity/final_SCAFFOLD2-SGD05_s3_p0.0_R100_ebb87493ac.json;results_r02/heterogeneity/final_SCAFFOLD2-SGD05_s4_p0.0_R100_e80a31be02.json,
Table 17 heterogeneity,tab:heterogeneity,$\alpha=0.1$,FedProx,89.3$\pm$3.6 / 56.2$\pm$11.7,89.3±3.6 / 56.2±11.7,yes,5,FedProx_s0_p0.0_R100_32f08056d4;FedProx_s1_p0.0_R100_b5f5634de2;FedProx_s2_p0.0_R100_1ca4c5fe7c;FedProx_s3_p0.0_R100_35577099f9;FedProx_s4_p0.0_R100_adfa69e78e,results_r02/heterogeneity/final_FedProx_s0_p0.0_R100_32f08056d4.json;results_r02/heterogeneity/final_FedProx_s1_p0.0_R100_b5f5634de2.json;results_r02/heterogeneity/final_FedProx_s2_p0.0_R100_1ca4c5fe7c.json;results_r02/heterogeneity/final_FedProx_s3_p0.0_R100_35577099f9.json;results_r02/heterogeneity/final_FedProx_s4_p0.0_R100_adfa69e78e.json,
Table 17 heterogeneity,tab:heterogeneity,$\alpha=0.1$,FedAvg,79.4$\pm$7.1 / 33.1$\pm$11.4,79.4±7.1 / 33.1±11.4,yes,5,FedAvg_s0_p0.0_R100_f38cec4aee;FedAvg_s1_p0.0_R100_0760fa3884;FedAvg_s2_p0.0_R100_353253d514;FedAvg_s3_p0.0_R100_03b1e3e249;FedAvg_s4_p0.0_R100_1042a2c616,results_r02/heterogeneity/final_FedAvg_s0_p0.0_R100_f38cec4aee.json;results_r02/heterogeneity/final_FedAvg_s1_p0.0_R100_0760fa3884.json;results_r02/heterogeneity/final_FedAvg_s2_p0.0_R100_353253d514.json;results_r02/heterogeneity/final_FedAvg_s3_p0.0_R100_03b1e3e249.json;results_r02/heterogeneity/final_FedAvg_s4_p0.0_R100_1042a2c616.json,
Table 17 heterogeneity,tab:heterogeneity,$\alpha=0.1$,JS / classes per client,0.45 / 3.4,,pipeline,,,results_r02/analysis/reviewer/R1.5_heterogeneity_measures.csv,reviewer_evidence.py from results_r02/partitions/*.json
Table 17 heterogeneity,tab:heterogeneity,$\alpha=0.5$ (main),DyF-ZTL-V,96.9$\pm$0.5 / 88.0$\pm$5.4,96.9±0.5 / 88.0±5.4,yes,10,DyF-ZTL-V_s0_p0.0_R100_80bf0e9a50;DyF-ZTL-V_s1_p0.0_R100_749ae4dd2f;DyF-ZTL-V_s2_p0.0_R100_51acb3fbbb;DyF-ZTL-V_s3_p0.0_R100_c5ab1537e6;DyF-ZTL-V_s4_p0.0_R100_637d44f118;DyF-ZTL-V_s5_p0.0_R100_5b42d47528;DyF-ZTL-V_s6_p0.0_R100_4647357bee;DyF-ZTL-V_s7_p0.0_R100_42bec17b54;DyF-ZTL-V_s8_p0.0_R100_360545a5f2;DyF-ZTL-V_s9_p0.0_R100_c38dc802e2,results_r02/main/final_DyF-ZTL-V_s0_p0.0_R100_80bf0e9a50.json;results_r02/main/final_DyF-ZTL-V_s1_p0.0_R100_749ae4dd2f.json;results_r02/main/final_DyF-ZTL-V_s2_p0.0_R100_51acb3fbbb.json;results_r02/main/final_DyF-ZTL-V_s3_p0.0_R100_c5ab1537e6.json;results_r02/main/final_DyF-ZTL-V_s4_p0.0_R100_637d44f118.json;results_r02/main/final_DyF-ZTL-V_s5_p0.0_R100_5b42d47528.json;results_r02/main/final_DyF-ZTL-V_s6_p0.0_R100_4647357bee.json;results_r02/main/final_DyF-ZTL-V_s7_p0.0_R100_42bec17b54.json;results_r02/main/final_DyF-ZTL-V_s8_p0.0_R100_360545a5f2.json;results_r02/main/final_DyF-ZTL-V_s9_p0.0_R100_c38dc802e2.json,
Table 17 heterogeneity,tab:heterogeneity,$\alpha=0.5$ (main),SCAFFOLD,96.5$\pm$0.4 / 89.8$\pm$1.4,96.5±0.4 / 89.8±1.4,yes,10,SCAFFOLD2-SGD05_s0_p0.0_R100_97159d895b;SCAFFOLD2-SGD05_s1_p0.0_R100_120cffedd7;SCAFFOLD2-SGD05_s2_p0.0_R100_b4a63a5e36;SCAFFOLD2-SGD05_s3_p0.0_R100_39ab852c64;SCAFFOLD2-SGD05_s4_p0.0_R100_4e249d164e;SCAFFOLD2-SGD05_s5_p0.0_R100_6a6eaa02af;SCAFFOLD2-SGD05_s6_p0.0_R100_e5e7ecfc23;SCAFFOLD2-SGD05_s7_p0.0_R100_ad9f553018;SCAFFOLD2-SGD05_s8_p0.0_R100_33f48f5f9a;SCAFFOLD2-SGD05_s9_p0.0_R100_6731923dbb,results_r02/main/final_SCAFFOLD2-SGD05_s0_p0.0_R100_97159d895b.json;results_r02/main/final_SCAFFOLD2-SGD05_s1_p0.0_R100_120cffedd7.json;results_r02/main/final_SCAFFOLD2-SGD05_s2_p0.0_R100_b4a63a5e36.json;results_r02/main/final_SCAFFOLD2-SGD05_s3_p0.0_R100_39ab852c64.json;results_r02/main/final_SCAFFOLD2-SGD05_s4_p0.0_R100_4e249d164e.json;results_r02/main/final_SCAFFOLD2-SGD05_s5_p0.0_R100_6a6eaa02af.json;results_r02/main/final_SCAFFOLD2-SGD05_s6_p0.0_R100_e5e7ecfc23.json;results_r02/main/final_SCAFFOLD2-SGD05_s7_p0.0_R100_ad9f553018.json;results_r02/main/final_SCAFFOLD2-SGD05_s8_p0.0_R100_33f48f5f9a.json;results_r02/main/final_SCAFFOLD2-SGD05_s9_p0.0_R100_6731923dbb.json,
Table 17 heterogeneity,tab:heterogeneity,$\alpha=0.5$ (main),FedProx,93.9$\pm$1.4 / 76.6$\pm$7.7,93.9±1.4 / 76.6±7.7,yes,10,FedProx_s0_p0.0_R100_d2f48b4d2d;FedProx_s1_p0.0_R100_ea761b5b31;FedProx_s2_p0.0_R100_a9e66fb6e3;FedProx_s3_p0.0_R100_35289c22c3;FedProx_s4_p0.0_R100_d0b0d7a309;FedProx_s5_p0.0_R100_462c834450;FedProx_s6_p0.0_R100_4747fef7d5;FedProx_s7_p0.0_R100_dd6d660b9d;FedProx_s8_p0.0_R100_fa1dee6c4c;FedProx_s9_p0.0_R100_d39703bf46,results_r02/main/final_FedProx_s0_p0.0_R100_d2f48b4d2d.json;results_r02/main/final_FedProx_s1_p0.0_R100_ea761b5b31.json;results_r02/main/final_FedProx_s2_p0.0_R100_a9e66fb6e3.json;results_r02/main/final_FedProx_s3_p0.0_R100_35289c22c3.json;results_r02/main/final_FedProx_s4_p0.0_R100_d0b0d7a309.json;results_r02/main/final_FedProx_s5_p0.0_R100_462c834450.json;results_r02/main/final_FedProx_s6_p0.0_R100_4747fef7d5.json;results_r02/main/final_FedProx_s7_p0.0_R100_dd6d660b9d.json;results_r02/main/final_FedProx_s8_p0.0_R100_fa1dee6c4c.json;results_r02/main/final_FedProx_s9_p0.0_R100_d39703bf46.json,
Table 17 heterogeneity,tab:heterogeneity,$\alpha=0.5$ (main),FedAvg,88.1$\pm$3.9 / 58.6$\pm$8.6,88.1±3.9 / 58.6±8.6,yes,10,FedAvg_s0_p0.0_R100_ea8bac71c4;FedAvg_s1_p0.0_R100_5583fb0784;FedAvg_s2_p0.0_R100_d7cc5424da;FedAvg_s3_p0.0_R100_20033be89f;FedAvg_s4_p0.0_R100_76afbd23ee;FedAvg_s5_p0.0_R100_b38c34ec9f;FedAvg_s6_p0.0_R100_787f6a9497;FedAvg_s7_p0.0_R100_d659c9a50d;FedAvg_s8_p0.0_R100_5af931b1a8;FedAvg_s9_p0.0_R100_b46cc80f55,results_r02/main/final_FedAvg_s0_p0.0_R100_ea8bac71c4.json;results_r02/main/final_FedAvg_s1_p0.0_R100_5583fb0784.json;results_r02/main/final_FedAvg_s2_p0.0_R100_d7cc5424da.json;results_r02/main/final_FedAvg_s3_p0.0_R100_20033be89f.json;results_r02/main/final_FedAvg_s4_p0.0_R100_76afbd23ee.json;results_r02/main/final_FedAvg_s5_p0.0_R100_b38c34ec9f.json;results_r02/main/final_FedAvg_s6_p0.0_R100_787f6a9497.json;results_r02/main/final_FedAvg_s7_p0.0_R100_d659c9a50d.json;results_r02/main/final_FedAvg_s8_p0.0_R100_5af931b1a8.json;results_r02/main/final_FedAvg_s9_p0.0_R100_b46cc80f55.json,
Table 17 heterogeneity,tab:heterogeneity,$\alpha=0.5$ (main),JS / classes per client,0.22 / 5.5,,pipeline,,,results_r02/analysis/reviewer/R1.5_heterogeneity_measures.csv,reviewer_evidence.py from results_r02/partitions/*.json
Table 17 heterogeneity,tab:heterogeneity,"$\alpha=0.5$, no SMOTE",DyF-ZTL-V,97.1$\pm$0.4 / 89.2$\pm$4.8,97.1±0.4 / 89.2±4.8,yes,5,DyF-ZTL-V_s0_p0.0_R100_bfc7673ef4;DyF-ZTL-V_s1_p0.0_R100_363c6b5309;DyF-ZTL-V_s2_p0.0_R100_8b0f751301;DyF-ZTL-V_s3_p0.0_R100_23daef7465;DyF-ZTL-V_s4_p0.0_R100_8f7befc5bf,results_r02/heterogeneity/final_DyF-ZTL-V_s0_p0.0_R100_bfc7673ef4.json;results_r02/heterogeneity/final_DyF-ZTL-V_s1_p0.0_R100_363c6b5309.json;results_r02/heterogeneity/final_DyF-ZTL-V_s2_p0.0_R100_8b0f751301.json;results_r02/heterogeneity/final_DyF-ZTL-V_s3_p0.0_R100_23daef7465.json;results_r02/heterogeneity/final_DyF-ZTL-V_s4_p0.0_R100_8f7befc5bf.json,
Table 17 heterogeneity,tab:heterogeneity,"$\alpha=0.5$, no SMOTE",SCAFFOLD,96.5$\pm$0.4 / 88.5$\pm$1.0,96.5±0.4 / 88.5±1.0,yes,5,SCAFFOLD2-SGD05_s0_p0.0_R100_bb9299ac3b;SCAFFOLD2-SGD05_s1_p0.0_R100_78153bc5ff;SCAFFOLD2-SGD05_s2_p0.0_R100_8adc065850;SCAFFOLD2-SGD05_s3_p0.0_R100_0b137ce034;SCAFFOLD2-SGD05_s4_p0.0_R100_e215985530,results_r02/heterogeneity/final_SCAFFOLD2-SGD05_s0_p0.0_R100_bb9299ac3b.json;results_r02/heterogeneity/final_SCAFFOLD2-SGD05_s1_p0.0_R100_78153bc5ff.json;results_r02/heterogeneity/final_SCAFFOLD2-SGD05_s2_p0.0_R100_8adc065850.json;results_r02/heterogeneity/final_SCAFFOLD2-SGD05_s3_p0.0_R100_0b137ce034.json;results_r02/heterogeneity/final_SCAFFOLD2-SGD05_s4_p0.0_R100_e215985530.json,
Table 17 heterogeneity,tab:heterogeneity,"$\alpha=0.5$, no SMOTE",FedProx,93.3$\pm$1.4 / 70.6$\pm$5.1,93.3±1.4 / 70.6±5.1,yes,5,FedProx_s0_p0.0_R100_9a3e39f788;FedProx_s1_p0.0_R100_bf108887b2;FedProx_s2_p0.0_R100_3e2faed7cd;FedProx_s3_p0.0_R100_7a850b2dae;FedProx_s4_p0.0_R100_0532d24248,results_r02/heterogeneity/final_FedProx_s0_p0.0_R100_9a3e39f788.json;results_r02/heterogeneity/final_FedProx_s1_p0.0_R100_bf108887b2.json;results_r02/heterogeneity/final_FedProx_s2_p0.0_R100_3e2faed7cd.json;results_r02/heterogeneity/final_FedProx_s3_p0.0_R100_7a850b2dae.json;results_r02/heterogeneity/final_FedProx_s4_p0.0_R100_0532d24248.json,
Table 17 heterogeneity,tab:heterogeneity,"$\alpha=0.5$, no SMOTE",FedAvg,85.5$\pm$4.4 / 52.0$\pm$6.8,85.5±4.4 / 52.0±6.8,yes,5,FedAvg_s0_p0.0_R100_dac9130f24;FedAvg_s1_p0.0_R100_9f5a175f53;FedAvg_s2_p0.0_R100_1373a9b9c6;FedAvg_s3_p0.0_R100_e99c98bf87;FedAvg_s4_p0.0_R100_476ee826a6,results_r02/heterogeneity/final_FedAvg_s0_p0.0_R100_dac9130f24.json;results_r02/heterogeneity/final_FedAvg_s1_p0.0_R100_9f5a175f53.json;results_r02/heterogeneity/final_FedAvg_s2_p0.0_R100_1373a9b9c6.json;results_r02/heterogeneity/final_FedAvg_s3_p0.0_R100_e99c98bf87.json;results_r02/heterogeneity/final_FedAvg_s4_p0.0_R100_476ee826a6.json,
Table 17 heterogeneity,tab:heterogeneity,"$\alpha=0.5$, no SMOTE",JS / classes per client,0.22 / 5.5,,pipeline,,,results_r02/analysis/reviewer/R1.5_heterogeneity_measures.csv,reviewer_evidence.py from results_r02/partitions/*.json
Table 17 heterogeneity,tab:heterogeneity,"$\alpha=0.5$, no SMOTE, class-weighted loss",DyF-ZTL-V,96.8$\pm$0.5 / 87.7$\pm$5.1,96.8±0.5 / 87.7±5.1,yes,5,DyF-ZTL-V-CW_s0_p0.0_R100_b33f2ae033;DyF-ZTL-V-CW_s1_p0.0_R100_0feda56afc;DyF-ZTL-V-CW_s2_p0.0_R100_89701ba582;DyF-ZTL-V-CW_s3_p0.0_R100_94d6d3bdf4;DyF-ZTL-V-CW_s4_p0.0_R100_11ef33a844,results_r02/heterogeneity/final_DyF-ZTL-V-CW_s0_p0.0_R100_b33f2ae033.json;results_r02/heterogeneity/final_DyF-ZTL-V-CW_s1_p0.0_R100_0feda56afc.json;results_r02/heterogeneity/final_DyF-ZTL-V-CW_s2_p0.0_R100_89701ba582.json;results_r02/heterogeneity/final_DyF-ZTL-V-CW_s3_p0.0_R100_94d6d3bdf4.json;results_r02/heterogeneity/final_DyF-ZTL-V-CW_s4_p0.0_R100_11ef33a844.json,
Table 17 heterogeneity,tab:heterogeneity,"$\alpha=0.5$, no SMOTE, class-weighted loss",SCAFFOLD,--,,yes,0,,,
Table 17 heterogeneity,tab:heterogeneity,"$\alpha=0.5$, no SMOTE, class-weighted loss",FedProx,95.2$\pm$0.8 / 83.9$\pm$5.6,95.2±0.8 / 83.9±5.6,yes,5,FedProx-CW_s0_p0.0_R100_8d504e0587;FedProx-CW_s1_p0.0_R100_41c5d19dbd;FedProx-CW_s2_p0.0_R100_fa6d49319a;FedProx-CW_s3_p0.0_R100_64b81a7ad0;FedProx-CW_s4_p0.0_R100_44c829a215,results_r02/heterogeneity/final_FedProx-CW_s0_p0.0_R100_8d504e0587.json;results_r02/heterogeneity/final_FedProx-CW_s1_p0.0_R100_41c5d19dbd.json;results_r02/heterogeneity/final_FedProx-CW_s2_p0.0_R100_fa6d49319a.json;results_r02/heterogeneity/final_FedProx-CW_s3_p0.0_R100_64b81a7ad0.json;results_r02/heterogeneity/final_FedProx-CW_s4_p0.0_R100_44c829a215.json,
Table 17 heterogeneity,tab:heterogeneity,"$\alpha=0.5$, no SMOTE, class-weighted loss",FedAvg,87.9$\pm$5.0 / 60.3$\pm$10.9,87.9±5.0 / 60.3±10.9,yes,5,FedAvg-CW_s0_p0.0_R100_0d580d5629;FedAvg-CW_s1_p0.0_R100_1427d3849d;FedAvg-CW_s2_p0.0_R100_bebc2fb33b;FedAvg-CW_s3_p0.0_R100_7e39bd2559;FedAvg-CW_s4_p0.0_R100_f2097df131,results_r02/heterogeneity/final_FedAvg-CW_s0_p0.0_R100_0d580d5629.json;results_r02/heterogeneity/final_FedAvg-CW_s1_p0.0_R100_1427d3849d.json;results_r02/heterogeneity/final_FedAvg-CW_s2_p0.0_R100_bebc2fb33b.json;results_r02/heterogeneity/final_FedAvg-CW_s3_p0.0_R100_7e39bd2559.json;results_r02/heterogeneity/final_FedAvg-CW_s4_p0.0_R100_f2097df131.json,
Table 17 heterogeneity,tab:heterogeneity,"$\alpha=0.5$, no SMOTE, class-weighted loss",JS / classes per client,0.22 / 5.5,,pipeline,,,results_r02/analysis/reviewer/R1.5_heterogeneity_measures.csv,reviewer_evidence.py from results_r02/partitions/*.json
Table 17 heterogeneity,tab:heterogeneity,$\alpha=1$,DyF-ZTL-V,97.4$\pm$0.1 / 92.3$\pm$0.6,97.4±0.1 / 92.3±0.6,yes,5,DyF-ZTL-V_s0_p0.0_R100_df2a44e6d1;DyF-ZTL-V_s1_p0.0_R100_f4d3c2e7b5;DyF-ZTL-V_s2_p0.0_R100_0ff87e2e03;DyF-ZTL-V_s3_p0.0_R100_716a618ebc;DyF-ZTL-V_s4_p0.0_R100_f87cd1edb3,results_r02/heterogeneity/final_DyF-ZTL-V_s0_p0.0_R100_df2a44e6d1.json;results_r02/heterogeneity/final_DyF-ZTL-V_s1_p0.0_R100_f4d3c2e7b5.json;results_r02/heterogeneity/final_DyF-ZTL-V_s2_p0.0_R100_0ff87e2e03.json;results_r02/heterogeneity/final_DyF-ZTL-V_s3_p0.0_R100_716a618ebc.json;results_r02/heterogeneity/final_DyF-ZTL-V_s4_p0.0_R100_f87cd1edb3.json,
Table 17 heterogeneity,tab:heterogeneity,$\alpha=1$,SCAFFOLD,96.5$\pm$0.3 / 90.1$\pm$0.7,96.5±0.3 / 90.1±0.7,yes,5,SCAFFOLD2-SGD05_s0_p0.0_R100_3ba39f43f0;SCAFFOLD2-SGD05_s1_p0.0_R100_b02c89e939;SCAFFOLD2-SGD05_s2_p0.0_R100_4614f0d7e9;SCAFFOLD2-SGD05_s3_p0.0_R100_606bb0ea43;SCAFFOLD2-SGD05_s4_p0.0_R100_d538352f04,results_r02/heterogeneity/final_SCAFFOLD2-SGD05_s0_p0.0_R100_3ba39f43f0.json;results_r02/heterogeneity/final_SCAFFOLD2-SGD05_s1_p0.0_R100_b02c89e939.json;results_r02/heterogeneity/final_SCAFFOLD2-SGD05_s2_p0.0_R100_4614f0d7e9.json;results_r02/heterogeneity/final_SCAFFOLD2-SGD05_s3_p0.0_R100_606bb0ea43.json;results_r02/heterogeneity/final_SCAFFOLD2-SGD05_s4_p0.0_R100_d538352f04.json,
Table 17 heterogeneity,tab:heterogeneity,$\alpha=1$,FedProx,95.3$\pm$0.8 / 83.8$\pm$3.1,95.3±0.8 / 83.8±3.1,yes,5,FedProx_s0_p0.0_R100_1a59f3eae7;FedProx_s1_p0.0_R100_d4b9af4266;FedProx_s2_p0.0_R100_05cf65d047;FedProx_s3_p0.0_R100_523b20ecf3;FedProx_s4_p0.0_R100_6ad1d4993e,results_r02/heterogeneity/final_FedProx_s0_p0.0_R100_1a59f3eae7.json;results_r02/heterogeneity/final_FedProx_s1_p0.0_R100_d4b9af4266.json;results_r02/heterogeneity/final_FedProx_s2_p0.0_R100_05cf65d047.json;results_r02/heterogeneity/final_FedProx_s3_p0.0_R100_523b20ecf3.json;results_r02/heterogeneity/final_FedProx_s4_p0.0_R100_6ad1d4993e.json,
Table 17 heterogeneity,tab:heterogeneity,$\alpha=1$,FedAvg,90.5$\pm$0.9 / 63.1$\pm$1.8,90.5±0.9 / 63.1±1.8,yes,5,FedAvg_s0_p0.0_R100_50d6291c5d;FedAvg_s1_p0.0_R100_eba99fe188;FedAvg_s2_p0.0_R100_eefef761a9;FedAvg_s3_p0.0_R100_5244e8efab;FedAvg_s4_p0.0_R100_f1997f9be9,results_r02/heterogeneity/final_FedAvg_s0_p0.0_R100_50d6291c5d.json;results_r02/heterogeneity/final_FedAvg_s1_p0.0_R100_eba99fe188.json;results_r02/heterogeneity/final_FedAvg_s2_p0.0_R100_eefef761a9.json;results_r02/heterogeneity/final_FedAvg_s3_p0.0_R100_5244e8efab.json;results_r02/heterogeneity/final_FedAvg_s4_p0.0_R100_f1997f9be9.json,
Table 17 heterogeneity,tab:heterogeneity,$\alpha=1$,JS / classes per client,0.13 / 5.8,,pipeline,,,results_r02/analysis/reviewer/R1.5_heterogeneity_measures.csv,reviewer_evidence.py from results_r02/partitions/*.json
Table 17 heterogeneity,tab:heterogeneity,$\alpha=10$,DyF-ZTL-V,97.5$\pm$0.2 / 92.7$\pm$1.0,97.5±0.2 / 92.7±1.0,yes,5,DyF-ZTL-V_s0_p0.0_R100_9ec3dec230;DyF-ZTL-V_s1_p0.0_R100_011bacdf39;DyF-ZTL-V_s2_p0.0_R100_af23c5164f;DyF-ZTL-V_s3_p0.0_R100_14d41045dc;DyF-ZTL-V_s4_p0.0_R100_3a840318bc,results_r02/heterogeneity/final_DyF-ZTL-V_s0_p0.0_R100_9ec3dec230.json;results_r02/heterogeneity/final_DyF-ZTL-V_s1_p0.0_R100_011bacdf39.json;results_r02/heterogeneity/final_DyF-ZTL-V_s2_p0.0_R100_af23c5164f.json;results_r02/heterogeneity/final_DyF-ZTL-V_s3_p0.0_R100_14d41045dc.json;results_r02/heterogeneity/final_DyF-ZTL-V_s4_p0.0_R100_3a840318bc.json,
Table 17 heterogeneity,tab:heterogeneity,$\alpha=10$,SCAFFOLD,96.2$\pm$0.2 / 89.4$\pm$0.6,96.2±0.2 / 89.4±0.6,yes,5,SCAFFOLD2-SGD05_s0_p0.0_R100_111d8b96b7;SCAFFOLD2-SGD05_s1_p0.0_R100_40d84f8482;SCAFFOLD2-SGD05_s2_p0.0_R100_a0723fd306;SCAFFOLD2-SGD05_s3_p0.0_R100_5920cd53ae;SCAFFOLD2-SGD05_s4_p0.0_R100_2646a7bf42,results_r02/heterogeneity/final_SCAFFOLD2-SGD05_s0_p0.0_R100_111d8b96b7.json;results_r02/heterogeneity/final_SCAFFOLD2-SGD05_s1_p0.0_R100_40d84f8482.json;results_r02/heterogeneity/final_SCAFFOLD2-SGD05_s2_p0.0_R100_a0723fd306.json;results_r02/heterogeneity/final_SCAFFOLD2-SGD05_s3_p0.0_R100_5920cd53ae.json;results_r02/heterogeneity/final_SCAFFOLD2-SGD05_s4_p0.0_R100_2646a7bf42.json,
Table 17 heterogeneity,tab:heterogeneity,$\alpha=10$,FedProx,96.6$\pm$0.5 / 90.2$\pm$1.9,96.6±0.5 / 90.2±1.9,yes,5,FedProx_s0_p0.0_R100_0ad009a5f0;FedProx_s1_p0.0_R100_2a9c58fe31;FedProx_s2_p0.0_R100_c30d6c5829;FedProx_s3_p0.0_R100_348905b6da;FedProx_s4_p0.0_R100_3fe687f5b6,results_r02/heterogeneity/final_FedProx_s0_p0.0_R100_0ad009a5f0.json;results_r02/heterogeneity/final_FedProx_s1_p0.0_R100_2a9c58fe31.json;results_r02/heterogeneity/final_FedProx_s2_p0.0_R100_c30d6c5829.json;results_r02/heterogeneity/final_FedProx_s3_p0.0_R100_348905b6da.json;results_r02/heterogeneity/final_FedProx_s4_p0.0_R100_3fe687f5b6.json,
Table 17 heterogeneity,tab:heterogeneity,$\alpha=10$,FedAvg,92.9$\pm$0.2 / 65.8$\pm$1.2,92.9±0.2 / 65.8±1.2,yes,5,FedAvg_s0_p0.0_R100_a1b358d852;FedAvg_s1_p0.0_R100_d87429be49;FedAvg_s2_p0.0_R100_9cead56d8e;FedAvg_s3_p0.0_R100_7543942c93;FedAvg_s4_p0.0_R100_b4a8ed3aab,results_r02/heterogeneity/final_FedAvg_s0_p0.0_R100_a1b358d852.json;results_r02/heterogeneity/final_FedAvg_s1_p0.0_R100_d87429be49.json;results_r02/heterogeneity/final_FedAvg_s2_p0.0_R100_9cead56d8e.json;results_r02/heterogeneity/final_FedAvg_s3_p0.0_R100_7543942c93.json;results_r02/heterogeneity/final_FedAvg_s4_p0.0_R100_b4a8ed3aab.json,
Table 17 heterogeneity,tab:heterogeneity,$\alpha=10$,JS / classes per client,0.04 / 5.8,,pipeline,,,results_r02/analysis/reviewer/R1.5_heterogeneity_measures.csv,reviewer_evidence.py from results_r02/partitions/*.json
Table 17 heterogeneity,tab:heterogeneity,IID,DyF-ZTL-V,97.5$\pm$0.2 / 92.8$\pm$0.6,97.5±0.2 / 92.8±0.6,yes,5,DyF-ZTL-V_s0_p0.0_R100_0815ebebfe;DyF-ZTL-V_s1_p0.0_R100_6459e5005b;DyF-ZTL-V_s2_p0.0_R100_f9e22e1578;DyF-ZTL-V_s3_p0.0_R100_723916187b;DyF-ZTL-V_s4_p0.0_R100_2f6a0ae090,results_r02/heterogeneity/final_DyF-ZTL-V_s0_p0.0_R100_0815ebebfe.json;results_r02/heterogeneity/final_DyF-ZTL-V_s1_p0.0_R100_6459e5005b.json;results_r02/heterogeneity/final_DyF-ZTL-V_s2_p0.0_R100_f9e22e1578.json;results_r02/heterogeneity/final_DyF-ZTL-V_s3_p0.0_R100_723916187b.json;results_r02/heterogeneity/final_DyF-ZTL-V_s4_p0.0_R100_2f6a0ae090.json,
Table 17 heterogeneity,tab:heterogeneity,IID,SCAFFOLD,96.7$\pm$0.1 / 90.7$\pm$0.2,96.7±0.1 / 90.7±0.2,yes,5,SCAFFOLD2-SGD05_s0_p0.0_R100_d39fdd45ee;SCAFFOLD2-SGD05_s1_p0.0_R100_033418f534;SCAFFOLD2-SGD05_s2_p0.0_R100_765281d631;SCAFFOLD2-SGD05_s3_p0.0_R100_3f39af8886;SCAFFOLD2-SGD05_s4_p0.0_R100_48f85a04ab,results_r02/heterogeneity/final_SCAFFOLD2-SGD05_s0_p0.0_R100_d39fdd45ee.json;results_r02/heterogeneity/final_SCAFFOLD2-SGD05_s1_p0.0_R100_033418f534.json;results_r02/heterogeneity/final_SCAFFOLD2-SGD05_s2_p0.0_R100_765281d631.json;results_r02/heterogeneity/final_SCAFFOLD2-SGD05_s3_p0.0_R100_3f39af8886.json;results_r02/heterogeneity/final_SCAFFOLD2-SGD05_s4_p0.0_R100_48f85a04ab.json,
Table 17 heterogeneity,tab:heterogeneity,IID,FedProx,96.2$\pm$0.1 / 89.5$\pm$0.2,96.2±0.1 / 89.5±0.2,yes,5,FedProx_s0_p0.0_R100_eced72d95f;FedProx_s1_p0.0_R100_0984304ba5;FedProx_s2_p0.0_R100_03c4969f2c;FedProx_s3_p0.0_R100_7642dd6fb2;FedProx_s4_p0.0_R100_5c1c450db9,results_r02/heterogeneity/final_FedProx_s0_p0.0_R100_eced72d95f.json;results_r02/heterogeneity/final_FedProx_s1_p0.0_R100_0984304ba5.json;results_r02/heterogeneity/final_FedProx_s2_p0.0_R100_03c4969f2c.json;results_r02/heterogeneity/final_FedProx_s3_p0.0_R100_7642dd6fb2.json;results_r02/heterogeneity/final_FedProx_s4_p0.0_R100_5c1c450db9.json,
Table 17 heterogeneity,tab:heterogeneity,IID,FedAvg,95.6$\pm$0.5 / 88.5$\pm$1.0,95.6±0.5 / 88.5±1.0,yes,5,FedAvg_s0_p0.0_R100_c471c34caf;FedAvg_s1_p0.0_R100_dc7499be45;FedAvg_s2_p0.0_R100_ff2c34089e;FedAvg_s3_p0.0_R100_96c1bb5af1;FedAvg_s4_p0.0_R100_9bd87da4fd,results_r02/heterogeneity/final_FedAvg_s0_p0.0_R100_c471c34caf.json;results_r02/heterogeneity/final_FedAvg_s1_p0.0_R100_dc7499be45.json;results_r02/heterogeneity/final_FedAvg_s2_p0.0_R100_ff2c34089e.json;results_r02/heterogeneity/final_FedAvg_s3_p0.0_R100_96c1bb5af1.json;results_r02/heterogeneity/final_FedAvg_s4_p0.0_R100_9bd87da4fd.json,
Table 17 heterogeneity,tab:heterogeneity,IID,JS / classes per client,0.00 / 7.0,,pipeline,,,results_r02/analysis/reviewer/R1.5_heterogeneity_measures.csv,reviewer_evidence.py from results_r02/partitions/*.json
Table 18 drift,tab:drift,random / original,DyF-ZTL-V,96.9$\pm$0.5 / 3$\pm$0 (10),96.9±0.5 / 3±0 (10),yes,10,DyF-ZTL-V_s0_p0.0_R100_80bf0e9a50;DyF-ZTL-V_s1_p0.0_R100_749ae4dd2f;DyF-ZTL-V_s2_p0.0_R100_51acb3fbbb;DyF-ZTL-V_s3_p0.0_R100_c5ab1537e6;DyF-ZTL-V_s4_p0.0_R100_637d44f118;DyF-ZTL-V_s5_p0.0_R100_5b42d47528;DyF-ZTL-V_s6_p0.0_R100_4647357bee;DyF-ZTL-V_s7_p0.0_R100_42bec17b54;DyF-ZTL-V_s8_p0.0_R100_360545a5f2;DyF-ZTL-V_s9_p0.0_R100_c38dc802e2,results_r02/main/final_DyF-ZTL-V_s0_p0.0_R100_80bf0e9a50.json;results_r02/main/final_DyF-ZTL-V_s1_p0.0_R100_749ae4dd2f.json;results_r02/main/final_DyF-ZTL-V_s2_p0.0_R100_51acb3fbbb.json;results_r02/main/final_DyF-ZTL-V_s3_p0.0_R100_c5ab1537e6.json;results_r02/main/final_DyF-ZTL-V_s4_p0.0_R100_637d44f118.json;results_r02/main/final_DyF-ZTL-V_s5_p0.0_R100_5b42d47528.json;results_r02/main/final_DyF-ZTL-V_s6_p0.0_R100_4647357bee.json;results_r02/main/final_DyF-ZTL-V_s7_p0.0_R100_42bec17b54.json;results_r02/main/final_DyF-ZTL-V_s8_p0.0_R100_360545a5f2.json;results_r02/main/final_DyF-ZTL-V_s9_p0.0_R100_c38dc802e2.json,
Table 18 drift,tab:drift,random / original,FedProx-U,--,,yes,0,,,
Table 18 drift,tab:drift,random / original,FedProx,93.9$\pm$1.4 / 3$\pm$0 (10),93.9±1.4 / 3±0 (10),yes,10,FedProx_s0_p0.0_R100_d2f48b4d2d;FedProx_s1_p0.0_R100_ea761b5b31;FedProx_s2_p0.0_R100_a9e66fb6e3;FedProx_s3_p0.0_R100_35289c22c3;FedProx_s4_p0.0_R100_d0b0d7a309;FedProx_s5_p0.0_R100_462c834450;FedProx_s6_p0.0_R100_4747fef7d5;FedProx_s7_p0.0_R100_dd6d660b9d;FedProx_s8_p0.0_R100_fa1dee6c4c;FedProx_s9_p0.0_R100_d39703bf46,results_r02/main/final_FedProx_s0_p0.0_R100_d2f48b4d2d.json;results_r02/main/final_FedProx_s1_p0.0_R100_ea761b5b31.json;results_r02/main/final_FedProx_s2_p0.0_R100_a9e66fb6e3.json;results_r02/main/final_FedProx_s3_p0.0_R100_35289c22c3.json;results_r02/main/final_FedProx_s4_p0.0_R100_d0b0d7a309.json;results_r02/main/final_FedProx_s5_p0.0_R100_462c834450.json;results_r02/main/final_FedProx_s6_p0.0_R100_4747fef7d5.json;results_r02/main/final_FedProx_s7_p0.0_R100_dd6d660b9d.json;results_r02/main/final_FedProx_s8_p0.0_R100_fa1dee6c4c.json;results_r02/main/final_FedProx_s9_p0.0_R100_d39703bf46.json,
Table 18 drift,tab:drift,random / original,FedAvg,88.1$\pm$3.9 / 3$\pm$0 (10),88.1±3.9 / 3±0 (10),yes,10,FedAvg_s0_p0.0_R100_ea8bac71c4;FedAvg_s1_p0.0_R100_5583fb0784;FedAvg_s2_p0.0_R100_d7cc5424da;FedAvg_s3_p0.0_R100_20033be89f;FedAvg_s4_p0.0_R100_76afbd23ee;FedAvg_s5_p0.0_R100_b38c34ec9f;FedAvg_s6_p0.0_R100_787f6a9497;FedAvg_s7_p0.0_R100_d659c9a50d;FedAvg_s8_p0.0_R100_5af931b1a8;FedAvg_s9_p0.0_R100_b46cc80f55,results_r02/main/final_FedAvg_s0_p0.0_R100_ea8bac71c4.json;results_r02/main/final_FedAvg_s1_p0.0_R100_5583fb0784.json;results_r02/main/final_FedAvg_s2_p0.0_R100_d7cc5424da.json;results_r02/main/final_FedAvg_s3_p0.0_R100_20033be89f.json;results_r02/main/final_FedAvg_s4_p0.0_R100_76afbd23ee.json;results_r02/main/final_FedAvg_s5_p0.0_R100_b38c34ec9f.json;results_r02/main/final_FedAvg_s6_p0.0_R100_787f6a9497.json;results_r02/main/final_FedAvg_s7_p0.0_R100_d659c9a50d.json;results_r02/main/final_FedAvg_s8_p0.0_R100_5af931b1a8.json;results_r02/main/final_FedAvg_s9_p0.0_R100_b46cc80f55.json,
Table 18 drift,tab:drift,random / drift_oracle,DyF-ZTL-V,96.5$\pm$0.6 / 3$\pm$1 (5),96.5±0.6 / 3±1 (5),yes,5,DyF-ZTL-V_s0_p0.0_R100_7bb12f1ec8;DyF-ZTL-V_s1_p0.0_R100_38abbf6144;DyF-ZTL-V_s2_p0.0_R100_2b8b724099;DyF-ZTL-V_s3_p0.0_R100_ce81dfd4c8;DyF-ZTL-V_s4_p0.0_R100_98c95f20dc,results_r02/drift/final_DyF-ZTL-V_s0_p0.0_R100_7bb12f1ec8.json;results_r02/drift/final_DyF-ZTL-V_s1_p0.0_R100_38abbf6144.json;results_r02/drift/final_DyF-ZTL-V_s2_p0.0_R100_2b8b724099.json;results_r02/drift/final_DyF-ZTL-V_s3_p0.0_R100_ce81dfd4c8.json;results_r02/drift/final_DyF-ZTL-V_s4_p0.0_R100_98c95f20dc.json,
Table 18 drift,tab:drift,random / drift_oracle,FedProx-U,96.3$\pm$0.3 / 5$\pm$1 (5),96.3±0.3 / 5±1 (5),yes,5,FedProx-U_s0_p0.0_R100_faf14ed98b;FedProx-U_s1_p0.0_R100_b1d46a8c2f;FedProx-U_s2_p0.0_R100_f5772d7e4d;FedProx-U_s3_p0.0_R100_13feae1a40;FedProx-U_s4_p0.0_R100_2ba441d9c3,results_r02/drift/final_FedProx-U_s0_p0.0_R100_faf14ed98b.json;results_r02/drift/final_FedProx-U_s1_p0.0_R100_b1d46a8c2f.json;results_r02/drift/final_FedProx-U_s2_p0.0_R100_f5772d7e4d.json;results_r02/drift/final_FedProx-U_s3_p0.0_R100_13feae1a40.json;results_r02/drift/final_FedProx-U_s4_p0.0_R100_2ba441d9c3.json,
Table 18 drift,tab:drift,random / drift_oracle,FedProx,92.3$\pm$4.2 / 3$\pm$0 (5),92.3±4.2 / 3±0 (5),yes,5,FedProx_s0_p0.0_R100_a4e8023a35;FedProx_s1_p0.0_R100_58fb3f0d47;FedProx_s2_p0.0_R100_5cd67bb8c3;FedProx_s3_p0.0_R100_f37cde8e80;FedProx_s4_p0.0_R100_c13409edf9,results_r02/drift/final_FedProx_s0_p0.0_R100_a4e8023a35.json;results_r02/drift/final_FedProx_s1_p0.0_R100_58fb3f0d47.json;results_r02/drift/final_FedProx_s2_p0.0_R100_5cd67bb8c3.json;results_r02/drift/final_FedProx_s3_p0.0_R100_f37cde8e80.json;results_r02/drift/final_FedProx_s4_p0.0_R100_c13409edf9.json,
Table 18 drift,tab:drift,random / drift_oracle,FedAvg,--,,yes,0,,,
Table 18 drift,tab:drift,chrono_class / original,DyF-ZTL-V,26.1$\pm$6.8 / 94$\pm$8 (10),26.1±6.8 / 94±8 (10),yes,10,DyF-ZTL-V_s0_p0.0_R100_b495be8786;DyF-ZTL-V_s1_p0.0_R100_7820860c9d;DyF-ZTL-V_s2_p0.0_R100_089c868186;DyF-ZTL-V_s3_p0.0_R100_39410d2d12;DyF-ZTL-V_s4_p0.0_R100_b9467c539d;DyF-ZTL-V_s5_p0.0_R100_b3955a9ce4;DyF-ZTL-V_s6_p0.0_R100_44af7bdf03;DyF-ZTL-V_s7_p0.0_R100_7cc17135bf;DyF-ZTL-V_s8_p0.0_R100_28951efd99;DyF-ZTL-V_s9_p0.0_R100_5e5827de4f,results_r02/chrono/final_DyF-ZTL-V_s0_p0.0_R100_b495be8786.json;results_r02/chrono/final_DyF-ZTL-V_s1_p0.0_R100_7820860c9d.json;results_r02/chrono/final_DyF-ZTL-V_s2_p0.0_R100_089c868186.json;results_r02/chrono/final_DyF-ZTL-V_s3_p0.0_R100_39410d2d12.json;results_r02/chrono/final_DyF-ZTL-V_s4_p0.0_R100_b9467c539d.json;results_r02/chrono/final_DyF-ZTL-V_s5_p0.0_R100_b3955a9ce4.json;results_r02/chrono/final_DyF-ZTL-V_s6_p0.0_R100_44af7bdf03.json;results_r02/chrono/final_DyF-ZTL-V_s7_p0.0_R100_7cc17135bf.json;results_r02/chrono/final_DyF-ZTL-V_s8_p0.0_R100_28951efd99.json;results_r02/chrono/final_DyF-ZTL-V_s9_p0.0_R100_5e5827de4f.json,
Table 18 drift,tab:drift,chrono_class / original,FedProx-U,23.8$\pm$1.5 / 100$\pm$0 (10),23.8±1.5 / 100±0 (10),yes,10,FedProx-U_s0_p0.0_R100_a9967052af;FedProx-U_s1_p0.0_R100_5945496c2a;FedProx-U_s2_p0.0_R100_5d239a66da;FedProx-U_s3_p0.0_R100_123894b9b6;FedProx-U_s4_p0.0_R100_2d596a4493;FedProx-U_s5_p0.0_R100_99070d3cde;FedProx-U_s6_p0.0_R100_b28f9c9334;FedProx-U_s7_p0.0_R100_fd56106de2;FedProx-U_s8_p0.0_R100_6036acbf05;FedProx-U_s9_p0.0_R100_ebf452f357,results_r02/drift/final_FedProx-U_s0_p0.0_R100_a9967052af.json;results_r02/drift/final_FedProx-U_s1_p0.0_R100_5945496c2a.json;results_r02/drift/final_FedProx-U_s2_p0.0_R100_5d239a66da.json;results_r02/drift/final_FedProx-U_s3_p0.0_R100_123894b9b6.json;results_r02/drift/final_FedProx-U_s4_p0.0_R100_2d596a4493.json;results_r02/drift/final_FedProx-U_s5_p0.0_R100_99070d3cde.json;results_r02/drift/final_FedProx-U_s6_p0.0_R100_b28f9c9334.json;results_r02/drift/final_FedProx-U_s7_p0.0_R100_fd56106de2.json;results_r02/drift/final_FedProx-U_s8_p0.0_R100_6036acbf05.json;results_r02/drift/final_FedProx-U_s9_p0.0_R100_ebf452f357.json,
Table 18 drift,tab:drift,chrono_class / original,FedProx,25.0$\pm$1.6 / 99$\pm$1 (10),25.0±1.6 / 99±1 (10),yes,10,FedProx_s0_p0.0_R100_b5e790a5ee;FedProx_s1_p0.0_R100_e156729a31;FedProx_s2_p0.0_R100_2de5133055;FedProx_s3_p0.0_R100_b1df822368;FedProx_s4_p0.0_R100_b72b2acd2f;FedProx_s5_p0.0_R100_41e95f926a;FedProx_s6_p0.0_R100_4faf97f307;FedProx_s7_p0.0_R100_ae9750a5da;FedProx_s8_p0.0_R100_85f12a305c;FedProx_s9_p0.0_R100_054fc22ce1,results_r02/chrono/final_FedProx_s0_p0.0_R100_b5e790a5ee.json;results_r02/chrono/final_FedProx_s1_p0.0_R100_e156729a31.json;results_r02/chrono/final_FedProx_s2_p0.0_R100_2de5133055.json;results_r02/chrono/final_FedProx_s3_p0.0_R100_b1df822368.json;results_r02/chrono/final_FedProx_s4_p0.0_R100_b72b2acd2f.json;results_r02/chrono/final_FedProx_s5_p0.0_R100_41e95f926a.json;results_r02/chrono/final_FedProx_s6_p0.0_R100_4faf97f307.json;results_r02/chrono/final_FedProx_s7_p0.0_R100_ae9750a5da.json;results_r02/chrono/final_FedProx_s8_p0.0_R100_85f12a305c.json;results_r02/chrono/final_FedProx_s9_p0.0_R100_054fc22ce1.json,
Table 18 drift,tab:drift,chrono_class / original,FedAvg,23.4$\pm$4.5 / 91$\pm$7 (10),23.4±4.5 / 91±7 (10),yes,10,FedAvg_s0_p0.0_R100_b18f27be6f;FedAvg_s1_p0.0_R100_d346285527;FedAvg_s2_p0.0_R100_09e162363d;FedAvg_s3_p0.0_R100_a53c7e4d51;FedAvg_s4_p0.0_R100_dad1d64fa7;FedAvg_s5_p0.0_R100_5d90acc2c9;FedAvg_s6_p0.0_R100_b69d2616fb;FedAvg_s7_p0.0_R100_49f4fb5888;FedAvg_s8_p0.0_R100_c1cc05061b;FedAvg_s9_p0.0_R100_6aba8fd4dc,results_r02/chrono/final_FedAvg_s0_p0.0_R100_b18f27be6f.json;results_r02/chrono/final_FedAvg_s1_p0.0_R100_d346285527.json;results_r02/chrono/final_FedAvg_s2_p0.0_R100_09e162363d.json;results_r02/chrono/final_FedAvg_s3_p0.0_R100_a53c7e4d51.json;results_r02/chrono/final_FedAvg_s4_p0.0_R100_dad1d64fa7.json;results_r02/chrono/final_FedAvg_s5_p0.0_R100_5d90acc2c9.json;results_r02/chrono/final_FedAvg_s6_p0.0_R100_b69d2616fb.json;results_r02/chrono/final_FedAvg_s7_p0.0_R100_49f4fb5888.json;results_r02/chrono/final_FedAvg_s8_p0.0_R100_c1cc05061b.json;results_r02/chrono/final_FedAvg_s9_p0.0_R100_6aba8fd4dc.json,
Table 18 drift,tab:drift,chrono_class / drift_robust,DyF-ZTL-V,30.5$\pm$0.8 / 100$\pm$0 (10),30.5±0.8 / 100±0 (10),yes,10,DyF-ZTL-V_s0_p0.0_R100_5a4d0f51be;DyF-ZTL-V_s1_p0.0_R100_0cfc24b48b;DyF-ZTL-V_s2_p0.0_R100_7141f827cf;DyF-ZTL-V_s3_p0.0_R100_fcd2d2fb05;DyF-ZTL-V_s4_p0.0_R100_a75fdce52c;DyF-ZTL-V_s5_p0.0_R100_eb738bbf8f;DyF-ZTL-V_s6_p0.0_R100_0626bfec62;DyF-ZTL-V_s7_p0.0_R100_0a33af0c17;DyF-ZTL-V_s8_p0.0_R100_23c6ffdc15;DyF-ZTL-V_s9_p0.0_R100_446079e31d,results_r02/drift/final_DyF-ZTL-V_s0_p0.0_R100_5a4d0f51be.json;results_r02/drift/final_DyF-ZTL-V_s1_p0.0_R100_0cfc24b48b.json;results_r02/drift/final_DyF-ZTL-V_s2_p0.0_R100_7141f827cf.json;results_r02/drift/final_DyF-ZTL-V_s3_p0.0_R100_fcd2d2fb05.json;results_r02/drift/final_DyF-ZTL-V_s4_p0.0_R100_a75fdce52c.json;results_r02/drift/final_DyF-ZTL-V_s5_p0.0_R100_eb738bbf8f.json;results_r02/drift/final_DyF-ZTL-V_s6_p0.0_R100_0626bfec62.json;results_r02/drift/final_DyF-ZTL-V_s7_p0.0_R100_0a33af0c17.json;results_r02/drift/final_DyF-ZTL-V_s8_p0.0_R100_23c6ffdc15.json;results_r02/drift/final_DyF-ZTL-V_s9_p0.0_R100_446079e31d.json,
Table 18 drift,tab:drift,chrono_class / drift_robust,FedProx-U,30.9$\pm$0.3 / 100$\pm$0 (10),30.9±0.3 / 100±0 (10),yes,10,FedProx-U_s0_p0.0_R100_0c8e4bf49b;FedProx-U_s1_p0.0_R100_02ddb6f72d;FedProx-U_s2_p0.0_R100_e03b289dce;FedProx-U_s3_p0.0_R100_c58d099a3b;FedProx-U_s4_p0.0_R100_db2f5653a7;FedProx-U_s5_p0.0_R100_e1977366d1;FedProx-U_s6_p0.0_R100_c639d96da7;FedProx-U_s7_p0.0_R100_4b03831242;FedProx-U_s8_p0.0_R100_311c6f6ad3;FedProx-U_s9_p0.0_R100_8fd465785d,results_r02/drift/final_FedProx-U_s0_p0.0_R100_0c8e4bf49b.json;results_r02/drift/final_FedProx-U_s1_p0.0_R100_02ddb6f72d.json;results_r02/drift/final_FedProx-U_s2_p0.0_R100_e03b289dce.json;results_r02/drift/final_FedProx-U_s3_p0.0_R100_c58d099a3b.json;results_r02/drift/final_FedProx-U_s4_p0.0_R100_db2f5653a7.json;results_r02/drift/final_FedProx-U_s5_p0.0_R100_e1977366d1.json;results_r02/drift/final_FedProx-U_s6_p0.0_R100_c639d96da7.json;results_r02/drift/final_FedProx-U_s7_p0.0_R100_4b03831242.json;results_r02/drift/final_FedProx-U_s8_p0.0_R100_311c6f6ad3.json;results_r02/drift/final_FedProx-U_s9_p0.0_R100_8fd465785d.json,
Table 18 drift,tab:drift,chrono_class / drift_robust,FedProx,30.4$\pm$0.5 / 100$\pm$0 (10),30.4±0.5 / 100±0 (10),yes,10,FedProx_s0_p0.0_R100_5914251b43;FedProx_s1_p0.0_R100_68d2594919;FedProx_s2_p0.0_R100_8b33b27c79;FedProx_s3_p0.0_R100_5a01dfadf6;FedProx_s4_p0.0_R100_41dfd5f41f;FedProx_s5_p0.0_R100_0567e0eb84;FedProx_s6_p0.0_R100_5240cc6878;FedProx_s7_p0.0_R100_77068f4c22;FedProx_s8_p0.0_R100_3173f59a5a;FedProx_s9_p0.0_R100_0be0b89a7c,results_r02/drift/final_FedProx_s0_p0.0_R100_5914251b43.json;results_r02/drift/final_FedProx_s1_p0.0_R100_68d2594919.json;results_r02/drift/final_FedProx_s2_p0.0_R100_8b33b27c79.json;results_r02/drift/final_FedProx_s3_p0.0_R100_5a01dfadf6.json;results_r02/drift/final_FedProx_s4_p0.0_R100_41dfd5f41f.json;results_r02/drift/final_FedProx_s5_p0.0_R100_0567e0eb84.json;results_r02/drift/final_FedProx_s6_p0.0_R100_5240cc6878.json;results_r02/drift/final_FedProx_s7_p0.0_R100_77068f4c22.json;results_r02/drift/final_FedProx_s8_p0.0_R100_3173f59a5a.json;results_r02/drift/final_FedProx_s9_p0.0_R100_0be0b89a7c.json,
Table 18 drift,tab:drift,chrono_class / drift_robust,FedAvg,--,,yes,0,,,
Table 18 drift,tab:drift,chrono_class / drift_oracle,DyF-ZTL-V,61.3$\pm$2.6 / 51$\pm$0 (10),61.3±2.6 / 51±0 (10),yes,10,DyF-ZTL-V_s0_p0.0_R100_ac7bac9477;DyF-ZTL-V_s1_p0.0_R100_7b24c99b25;DyF-ZTL-V_s2_p0.0_R100_f47349bb52;DyF-ZTL-V_s3_p0.0_R100_e8096d9ced;DyF-ZTL-V_s4_p0.0_R100_8757e5295e;DyF-ZTL-V_s5_p0.0_R100_6299ead4b5;DyF-ZTL-V_s6_p0.0_R100_10692ad434;DyF-ZTL-V_s7_p0.0_R100_824a83e4d2;DyF-ZTL-V_s8_p0.0_R100_e734c58e2c;DyF-ZTL-V_s9_p0.0_R100_f32dca8351,results_r02/drift/final_DyF-ZTL-V_s0_p0.0_R100_ac7bac9477.json;results_r02/drift/final_DyF-ZTL-V_s1_p0.0_R100_7b24c99b25.json;results_r02/drift/final_DyF-ZTL-V_s2_p0.0_R100_f47349bb52.json;results_r02/drift/final_DyF-ZTL-V_s3_p0.0_R100_e8096d9ced.json;results_r02/drift/final_DyF-ZTL-V_s4_p0.0_R100_8757e5295e.json;results_r02/drift/final_DyF-ZTL-V_s5_p0.0_R100_6299ead4b5.json;results_r02/drift/final_DyF-ZTL-V_s6_p0.0_R100_10692ad434.json;results_r02/drift/final_DyF-ZTL-V_s7_p0.0_R100_824a83e4d2.json;results_r02/drift/final_DyF-ZTL-V_s8_p0.0_R100_e734c58e2c.json;results_r02/drift/final_DyF-ZTL-V_s9_p0.0_R100_f32dca8351.json,
Table 18 drift,tab:drift,chrono_class / drift_oracle,FedProx-U,46.6$\pm$0.6 / 70$\pm$1 (10),46.6±0.6 / 70±1 (10),yes,10,FedProx-U_s0_p0.0_R100_43052e3fbd;FedProx-U_s1_p0.0_R100_e54b5be9d5;FedProx-U_s2_p0.0_R100_14a260edf3;FedProx-U_s3_p0.0_R100_8158cc0543;FedProx-U_s4_p0.0_R100_5ed680e896;FedProx-U_s5_p0.0_R100_c64caa405c;FedProx-U_s6_p0.0_R100_a85ce2f6ca;FedProx-U_s7_p0.0_R100_b0155ac78e;FedProx-U_s8_p0.0_R100_ccfd45636b;FedProx-U_s9_p0.0_R100_ffbbda8726,results_r02/drift/final_FedProx-U_s0_p0.0_R100_43052e3fbd.json;results_r02/drift/final_FedProx-U_s1_p0.0_R100_e54b5be9d5.json;results_r02/drift/final_FedProx-U_s2_p0.0_R100_14a260edf3.json;results_r02/drift/final_FedProx-U_s3_p0.0_R100_8158cc0543.json;results_r02/drift/final_FedProx-U_s4_p0.0_R100_5ed680e896.json;results_r02/drift/final_FedProx-U_s5_p0.0_R100_c64caa405c.json;results_r02/drift/final_FedProx-U_s6_p0.0_R100_a85ce2f6ca.json;results_r02/drift/final_FedProx-U_s7_p0.0_R100_b0155ac78e.json;results_r02/drift/final_FedProx-U_s8_p0.0_R100_ccfd45636b.json;results_r02/drift/final_FedProx-U_s9_p0.0_R100_ffbbda8726.json,
Table 18 drift,tab:drift,chrono_class / drift_oracle,FedProx,46.5$\pm$0.8 / 69$\pm$1 (10),46.5±0.8 / 69±1 (10),yes,10,FedProx_s0_p0.0_R100_44c741d0d4;FedProx_s1_p0.0_R100_019a215790;FedProx_s2_p0.0_R100_eec9a73317;FedProx_s3_p0.0_R100_7307647069;FedProx_s4_p0.0_R100_d00d75f513;FedProx_s5_p0.0_R100_6c262a21bd;FedProx_s6_p0.0_R100_c9b905b8f9;FedProx_s7_p0.0_R100_573a580ffb;FedProx_s8_p0.0_R100_05fbbfae02;FedProx_s9_p0.0_R100_60ad7a53f6,results_r02/drift/final_FedProx_s0_p0.0_R100_44c741d0d4.json;results_r02/drift/final_FedProx_s1_p0.0_R100_019a215790.json;results_r02/drift/final_FedProx_s2_p0.0_R100_eec9a73317.json;results_r02/drift/final_FedProx_s3_p0.0_R100_7307647069.json;results_r02/drift/final_FedProx_s4_p0.0_R100_d00d75f513.json;results_r02/drift/final_FedProx_s5_p0.0_R100_6c262a21bd.json;results_r02/drift/final_FedProx_s6_p0.0_R100_c9b905b8f9.json;results_r02/drift/final_FedProx_s7_p0.0_R100_573a580ffb.json;results_r02/drift/final_FedProx_s8_p0.0_R100_05fbbfae02.json;results_r02/drift/final_FedProx_s9_p0.0_R100_60ad7a53f6.json,
Table 18 drift,tab:drift,chrono_class / drift_oracle,FedAvg,--,,yes,0,,,
Table 19 rules,tab:rules,ddos,seed / precision / recall / median / n>=90,6 | 98.5 | 69.0 | 60.6 | 3,6 | 98.5 | 69.0 | 60.6 | 3,yes,10,DyF-ZTL-V_s0_p0.0_R100_80bf0e9a50;DyF-ZTL-V_s1_p0.0_R100_749ae4dd2f;DyF-ZTL-V_s2_p0.0_R100_51acb3fbbb;DyF-ZTL-V_s3_p0.0_R100_c5ab1537e6;DyF-ZTL-V_s4_p0.0_R100_637d44f118;DyF-ZTL-V_s5_p0.0_R100_5b42d47528;DyF-ZTL-V_s6_p0.0_R100_4647357bee;DyF-ZTL-V_s7_p0.0_R100_42bec17b54;DyF-ZTL-V_s8_p0.0_R100_360545a5f2;DyF-ZTL-V_s9_p0.0_R100_c38dc802e2,results_r02/fuzzy_diagnostics/approx_rules_main_DyF-ZTL-V.csv;results_r02/main/global_DyF-ZTL-V_s0_p0.0_R100_80bf0e9a50.pt;results_r02/main/global_DyF-ZTL-V_s1_p0.0_R100_749ae4dd2f.pt;results_r02/main/global_DyF-ZTL-V_s2_p0.0_R100_51acb3fbbb.pt;results_r02/main/global_DyF-ZTL-V_s3_p0.0_R100_c5ab1537e6.pt;results_r02/main/global_DyF-ZTL-V_s4_p0.0_R100_637d44f118.pt;results_r02/main/global_DyF-ZTL-V_s5_p0.0_R100_5b42d47528.pt;results_r02/main/global_DyF-ZTL-V_s6_p0.0_R100_4647357bee.pt;results_r02/main/global_DyF-ZTL-V_s7_p0.0_R100_42bec17b54.pt;results_r02/main/global_DyF-ZTL-V_s8_p0.0_R100_360545a5f2.pt;results_r02/main/global_DyF-ZTL-V_s9_p0.0_R100_c38dc802e2.pt,rules extracted by audit/fuzzy_rules.py from the saved global models (validation split only)
Table 19 rules,tab:rules,dos,seed / precision / recall / median / n>=90,5 | 69.4 | 89.5 | 68.4 | 0,5 | 69.4 | 89.5 | 68.4 | 0,yes,10,DyF-ZTL-V_s0_p0.0_R100_80bf0e9a50;DyF-ZTL-V_s1_p0.0_R100_749ae4dd2f;DyF-ZTL-V_s2_p0.0_R100_51acb3fbbb;DyF-ZTL-V_s3_p0.0_R100_c5ab1537e6;DyF-ZTL-V_s4_p0.0_R100_637d44f118;DyF-ZTL-V_s5_p0.0_R100_5b42d47528;DyF-ZTL-V_s6_p0.0_R100_4647357bee;DyF-ZTL-V_s7_p0.0_R100_42bec17b54;DyF-ZTL-V_s8_p0.0_R100_360545a5f2;DyF-ZTL-V_s9_p0.0_R100_c38dc802e2,results_r02/fuzzy_diagnostics/approx_rules_main_DyF-ZTL-V.csv;results_r02/main/global_DyF-ZTL-V_s0_p0.0_R100_80bf0e9a50.pt;results_r02/main/global_DyF-ZTL-V_s1_p0.0_R100_749ae4dd2f.pt;results_r02/main/global_DyF-ZTL-V_s2_p0.0_R100_51acb3fbbb.pt;results_r02/main/global_DyF-ZTL-V_s3_p0.0_R100_c5ab1537e6.pt;results_r02/main/global_DyF-ZTL-V_s4_p0.0_R100_637d44f118.pt;results_r02/main/global_DyF-ZTL-V_s5_p0.0_R100_5b42d47528.pt;results_r02/main/global_DyF-ZTL-V_s6_p0.0_R100_4647357bee.pt;results_r02/main/global_DyF-ZTL-V_s7_p0.0_R100_42bec17b54.pt;results_r02/main/global_DyF-ZTL-V_s8_p0.0_R100_360545a5f2.pt;results_r02/main/global_DyF-ZTL-V_s9_p0.0_R100_c38dc802e2.pt,rules extracted by audit/fuzzy_rules.py from the saved global models (validation split only)
Table 19 rules,tab:rules,injection,seed / precision / recall / median / n>=90,5 | 78.8 | 69.2 | 46.2 | 0,5 | 78.8 | 69.2 | 46.2 | 0,yes,10,DyF-ZTL-V_s0_p0.0_R100_80bf0e9a50;DyF-ZTL-V_s1_p0.0_R100_749ae4dd2f;DyF-ZTL-V_s2_p0.0_R100_51acb3fbbb;DyF-ZTL-V_s3_p0.0_R100_c5ab1537e6;DyF-ZTL-V_s4_p0.0_R100_637d44f118;DyF-ZTL-V_s5_p0.0_R100_5b42d47528;DyF-ZTL-V_s6_p0.0_R100_4647357bee;DyF-ZTL-V_s7_p0.0_R100_42bec17b54;DyF-ZTL-V_s8_p0.0_R100_360545a5f2;DyF-ZTL-V_s9_p0.0_R100_c38dc802e2,results_r02/fuzzy_diagnostics/approx_rules_main_DyF-ZTL-V.csv;results_r02/main/global_DyF-ZTL-V_s0_p0.0_R100_80bf0e9a50.pt;results_r02/main/global_DyF-ZTL-V_s1_p0.0_R100_749ae4dd2f.pt;results_r02/main/global_DyF-ZTL-V_s2_p0.0_R100_51acb3fbbb.pt;results_r02/main/global_DyF-ZTL-V_s3_p0.0_R100_c5ab1537e6.pt;results_r02/main/global_DyF-ZTL-V_s4_p0.0_R100_637d44f118.pt;results_r02/main/global_DyF-ZTL-V_s5_p0.0_R100_5b42d47528.pt;results_r02/main/global_DyF-ZTL-V_s6_p0.0_R100_4647357bee.pt;results_r02/main/global_DyF-ZTL-V_s7_p0.0_R100_42bec17b54.pt;results_r02/main/global_DyF-ZTL-V_s8_p0.0_R100_360545a5f2.pt;results_r02/main/global_DyF-ZTL-V_s9_p0.0_R100_c38dc802e2.pt,rules extracted by audit/fuzzy_rules.py from the saved global models (validation split only)
Table 19 rules,tab:rules,normal,seed / precision / recall / median / n>=90,0 | 100.0 | 43.7 | 100.0 | 7,0 | 100.0 | 43.7 | 100.0 | 7,yes,10,DyF-ZTL-V_s0_p0.0_R100_80bf0e9a50;DyF-ZTL-V_s1_p0.0_R100_749ae4dd2f;DyF-ZTL-V_s2_p0.0_R100_51acb3fbbb;DyF-ZTL-V_s3_p0.0_R100_c5ab1537e6;DyF-ZTL-V_s4_p0.0_R100_637d44f118;DyF-ZTL-V_s5_p0.0_R100_5b42d47528;DyF-ZTL-V_s6_p0.0_R100_4647357bee;DyF-ZTL-V_s7_p0.0_R100_42bec17b54;DyF-ZTL-V_s8_p0.0_R100_360545a5f2;DyF-ZTL-V_s9_p0.0_R100_c38dc802e2,results_r02/fuzzy_diagnostics/approx_rules_main_DyF-ZTL-V.csv;results_r02/main/global_DyF-ZTL-V_s0_p0.0_R100_80bf0e9a50.pt;results_r02/main/global_DyF-ZTL-V_s1_p0.0_R100_749ae4dd2f.pt;results_r02/main/global_DyF-ZTL-V_s2_p0.0_R100_51acb3fbbb.pt;results_r02/main/global_DyF-ZTL-V_s3_p0.0_R100_c5ab1537e6.pt;results_r02/main/global_DyF-ZTL-V_s4_p0.0_R100_637d44f118.pt;results_r02/main/global_DyF-ZTL-V_s5_p0.0_R100_5b42d47528.pt;results_r02/main/global_DyF-ZTL-V_s6_p0.0_R100_4647357bee.pt;results_r02/main/global_DyF-ZTL-V_s7_p0.0_R100_42bec17b54.pt;results_r02/main/global_DyF-ZTL-V_s8_p0.0_R100_360545a5f2.pt;results_r02/main/global_DyF-ZTL-V_s9_p0.0_R100_c38dc802e2.pt,rules extracted by audit/fuzzy_rules.py from the saved global models (validation split only)
Table 19 rules,tab:rules,password,seed / precision / recall / median / n>=90,9 | 98.0 | 73.3 | 42.6 | 2,9 | 98.0 | 73.3 | 42.6 | 2,yes,10,DyF-ZTL-V_s0_p0.0_R100_80bf0e9a50;DyF-ZTL-V_s1_p0.0_R100_749ae4dd2f;DyF-ZTL-V_s2_p0.0_R100_51acb3fbbb;DyF-ZTL-V_s3_p0.0_R100_c5ab1537e6;DyF-ZTL-V_s4_p0.0_R100_637d44f118;DyF-ZTL-V_s5_p0.0_R100_5b42d47528;DyF-ZTL-V_s6_p0.0_R100_4647357bee;DyF-ZTL-V_s7_p0.0_R100_42bec17b54;DyF-ZTL-V_s8_p0.0_R100_360545a5f2;DyF-ZTL-V_s9_p0.0_R100_c38dc802e2,results_r02/fuzzy_diagnostics/approx_rules_main_DyF-ZTL-V.csv;results_r02/main/global_DyF-ZTL-V_s0_p0.0_R100_80bf0e9a50.pt;results_r02/main/global_DyF-ZTL-V_s1_p0.0_R100_749ae4dd2f.pt;results_r02/main/global_DyF-ZTL-V_s2_p0.0_R100_51acb3fbbb.pt;results_r02/main/global_DyF-ZTL-V_s3_p0.0_R100_c5ab1537e6.pt;results_r02/main/global_DyF-ZTL-V_s4_p0.0_R100_637d44f118.pt;results_r02/main/global_DyF-ZTL-V_s5_p0.0_R100_5b42d47528.pt;results_r02/main/global_DyF-ZTL-V_s6_p0.0_R100_4647357bee.pt;results_r02/main/global_DyF-ZTL-V_s7_p0.0_R100_42bec17b54.pt;results_r02/main/global_DyF-ZTL-V_s8_p0.0_R100_360545a5f2.pt;results_r02/main/global_DyF-ZTL-V_s9_p0.0_R100_c38dc802e2.pt,rules extracted by audit/fuzzy_rules.py from the saved global models (validation split only)
Table 19 rules,tab:rules,scanning,seed / precision / recall / median / n>=90,9 | 7.3 | 100.0 | 4.1 | 0,9 | 7.3 | 100.0 | 4.1 | 0,yes,10,DyF-ZTL-V_s0_p0.0_R100_80bf0e9a50;DyF-ZTL-V_s1_p0.0_R100_749ae4dd2f;DyF-ZTL-V_s2_p0.0_R100_51acb3fbbb;DyF-ZTL-V_s3_p0.0_R100_c5ab1537e6;DyF-ZTL-V_s4_p0.0_R100_637d44f118;DyF-ZTL-V_s5_p0.0_R100_5b42d47528;DyF-ZTL-V_s6_p0.0_R100_4647357bee;DyF-ZTL-V_s7_p0.0_R100_42bec17b54;DyF-ZTL-V_s8_p0.0_R100_360545a5f2;DyF-ZTL-V_s9_p0.0_R100_c38dc802e2,results_r02/fuzzy_diagnostics/approx_rules_main_DyF-ZTL-V.csv;results_r02/main/global_DyF-ZTL-V_s0_p0.0_R100_80bf0e9a50.pt;results_r02/main/global_DyF-ZTL-V_s1_p0.0_R100_749ae4dd2f.pt;results_r02/main/global_DyF-ZTL-V_s2_p0.0_R100_51acb3fbbb.pt;results_r02/main/global_DyF-ZTL-V_s3_p0.0_R100_c5ab1537e6.pt;results_r02/main/global_DyF-ZTL-V_s4_p0.0_R100_637d44f118.pt;results_r02/main/global_DyF-ZTL-V_s5_p0.0_R100_5b42d47528.pt;results_r02/main/global_DyF-ZTL-V_s6_p0.0_R100_4647357bee.pt;results_r02/main/global_DyF-ZTL-V_s7_p0.0_R100_42bec17b54.pt;results_r02/main/global_DyF-ZTL-V_s8_p0.0_R100_360545a5f2.pt;results_r02/main/global_DyF-ZTL-V_s9_p0.0_R100_c38dc802e2.pt,rules extracted by audit/fuzzy_rules.py from the saved global models (validation split only)
Table 19 rules,tab:rules,xss,seed / precision / recall / median / n>=90,9 | 52.4 | 99.5 | 29.1 | 0,9 | 52.4 | 99.5 | 29.1 | 0,yes,10,DyF-ZTL-V_s0_p0.0_R100_80bf0e9a50;DyF-ZTL-V_s1_p0.0_R100_749ae4dd2f;DyF-ZTL-V_s2_p0.0_R100_51acb3fbbb;DyF-ZTL-V_s3_p0.0_R100_c5ab1537e6;DyF-ZTL-V_s4_p0.0_R100_637d44f118;DyF-ZTL-V_s5_p0.0_R100_5b42d47528;DyF-ZTL-V_s6_p0.0_R100_4647357bee;DyF-ZTL-V_s7_p0.0_R100_42bec17b54;DyF-ZTL-V_s8_p0.0_R100_360545a5f2;DyF-ZTL-V_s9_p0.0_R100_c38dc802e2,results_r02/fuzzy_diagnostics/approx_rules_main_DyF-ZTL-V.csv;results_r02/main/global_DyF-ZTL-V_s0_p0.0_R100_80bf0e9a50.pt;results_r02/main/global_DyF-ZTL-V_s1_p0.0_R100_749ae4dd2f.pt;results_r02/main/global_DyF-ZTL-V_s2_p0.0_R100_51acb3fbbb.pt;results_r02/main/global_DyF-ZTL-V_s3_p0.0_R100_c5ab1537e6.pt;results_r02/main/global_DyF-ZTL-V_s4_p0.0_R100_637d44f118.pt;results_r02/main/global_DyF-ZTL-V_s5_p0.0_R100_5b42d47528.pt;results_r02/main/global_DyF-ZTL-V_s6_p0.0_R100_4647357bee.pt;results_r02/main/global_DyF-ZTL-V_s7_p0.0_R100_42bec17b54.pt;results_r02/main/global_DyF-ZTL-V_s8_p0.0_R100_360545a5f2.pt;results_r02/main/global_DyF-ZTL-V_s9_p0.0_R100_c38dc802e2.pt,rules extracted by audit/fuzzy_rules.py from the saved global models (validation split only)
Table 21 systems,tab:systems,"K=10, $|D_{\mathrm{trust}}|$=5,280","received/admitted, bytes, t_local, t_gate, t_round, cpu, val acc",8 / 7 | 0 | 55 / 55 / 10 | 1.15 | 0.92 | 1.2 | 3.47 | 0.92 | 202 / 15 | 95.5,8/7 | 55/55/10 KiB | 1.15 | 0.92 | 1.2 ms | 3.47 | 0.92 | 202/15 J | 95.5,yes,3,K10_T5280_d0.0_j0_s0;K10_T5280_d0.0_j0_s1;K10_T5280_d0.0_j0_s2,results_r02/systems/K10_T5280_d0.0_j0_s0_rounds.csv;results_r02/systems/K10_T5280_d0.0_j0_s1_rounds.csv;results_r02/systems/K10_T5280_d0.0_j0_s2_rounds.csv;results_r02/systems/K10_T5280_d0.0_j0_s0.json;results_r02/systems/K10_T5280_d0.0_j0_s1.json;results_r02/systems/K10_T5280_d0.0_j0_s2.json,medians over rounds x seeds recomputed from the per-round emulation records
Table 21 systems,tab:systems,"K=20, $|D_{\mathrm{trust}}|$=300","received/admitted, bytes, t_local, t_gate, t_round, cpu, val acc",16 / 15 | 0 | 109 / 110 / 21 | 0.77 | 0.07 | 1.7 | 1.95 | 0.08 | 220 / 1 | 95.5,16/15 | 109/110/21 KiB | 0.77 | 0.07 | 1.7 ms | 1.95 | 0.08 | 220/1 J | 95.5,yes,3,K20_T300_d0.0_j0_s0;K20_T300_d0.0_j0_s1;K20_T300_d0.0_j0_s2,results_r02/systems/K20_T300_d0.0_j0_s0_rounds.csv;results_r02/systems/K20_T300_d0.0_j0_s1_rounds.csv;results_r02/systems/K20_T300_d0.0_j0_s2_rounds.csv;results_r02/systems/K20_T300_d0.0_j0_s0.json;results_r02/systems/K20_T300_d0.0_j0_s1.json;results_r02/systems/K20_T300_d0.0_j0_s2.json,medians over rounds x seeds recomputed from the per-round emulation records
Table 21 systems,tab:systems,"K=20, $|D_{\mathrm{trust}}|$=1,200","received/admitted, bytes, t_local, t_gate, t_round, cpu, val acc",16 / 15 | 0 | 109 / 110 / 21 | 0.82 | 0.23 | 1.8 | 2.09 | 0.23 | 229 / 4 | 95.1,16/15 | 109/110/21 KiB | 0.82 | 0.23 | 1.8 ms | 2.09 | 0.23 | 229/4 J | 95.1,yes,3,K20_T1200_d0.0_j0_s0;K20_T1200_d0.0_j0_s1;K20_T1200_d0.0_j0_s2,results_r02/systems/K20_T1200_d0.0_j0_s0_rounds.csv;results_r02/systems/K20_T1200_d0.0_j0_s1_rounds.csv;results_r02/systems/K20_T1200_d0.0_j0_s2_rounds.csv;results_r02/systems/K20_T1200_d0.0_j0_s0.json;results_r02/systems/K20_T1200_d0.0_j0_s1.json;results_r02/systems/K20_T1200_d0.0_j0_s2.json,medians over rounds x seeds recomputed from the per-round emulation records
Table 21 systems,tab:systems,"K=20, $|D_{\mathrm{trust}}|$=5,280","received/admitted, bytes, t_local, t_gate, t_round, cpu, val acc",16 / 16 | 0 | 109 / 110 / 21 | 0.82 | 0.96 | 1.9 | 2.76 | 0.97 | 224 / 16 | 94.9,16/16 | 109/110/21 KiB | 0.82 | 0.96 | 1.9 ms | 2.76 | 0.97 | 224/16 J | 94.9,yes,3,K20_T5280_d0.0_j0_s0;K20_T5280_d0.0_j0_s1;K20_T5280_d0.0_j0_s2,results_r02/systems/K20_T5280_d0.0_j0_s0_rounds.csv;results_r02/systems/K20_T5280_d0.0_j0_s1_rounds.csv;results_r02/systems/K20_T5280_d0.0_j0_s2_rounds.csv;results_r02/systems/K20_T5280_d0.0_j0_s0.json;results_r02/systems/K20_T5280_d0.0_j0_s1.json;results_r02/systems/K20_T5280_d0.0_j0_s2.json,medians over rounds x seeds recomputed from the per-round emulation records
Table 21 systems,tab:systems,"K=20, $|D_{\mathrm{trust}}|$=5,280, join @10","received/admitted, bytes, t_local, t_gate, t_round, cpu, val acc",16 / 15 | 0 | 109 / 110 / 21 | 0.77 | 1.09 | 1.9 | 2.80 | 1.09 | 228 / 18 | 95.9,16/15 | 109/110/21 KiB | 0.77 | 1.09 | 1.9 ms | 2.80 | 1.09 | 228/18 J | 95.9,yes,3,K20_T5280_d0.0_j10_s0;K20_T5280_d0.0_j10_s1;K20_T5280_d0.0_j10_s2,results_r02/systems/K20_T5280_d0.0_j10_s0_rounds.csv;results_r02/systems/K20_T5280_d0.0_j10_s1_rounds.csv;results_r02/systems/K20_T5280_d0.0_j10_s2_rounds.csv;results_r02/systems/K20_T5280_d0.0_j10_s0.json;results_r02/systems/K20_T5280_d0.0_j10_s1.json;results_r02/systems/K20_T5280_d0.0_j10_s2.json,medians over rounds x seeds recomputed from the per-round emulation records
Table 21 systems,tab:systems,"K=20, $|D_{\mathrm{trust}}|$=5,280, drop 0.1","received/admitted, bytes, t_local, t_gate, t_round, cpu, val acc",15 / 14 | 0 | 109 / 104 / 21 | 0.77 | 0.99 | 1.8 | 3.60 | 0.98 | 214 / 16 | 95.0,15/14 | 109/104/21 KiB | 0.77 | 0.99 | 1.8 ms | 3.60 | 0.98 | 214/16 J | 95.0,yes,3,K20_T5280_d0.1_j0_s0;K20_T5280_d0.1_j0_s1;K20_T5280_d0.1_j0_s2,results_r02/systems/K20_T5280_d0.1_j0_s0_rounds.csv;results_r02/systems/K20_T5280_d0.1_j0_s1_rounds.csv;results_r02/systems/K20_T5280_d0.1_j0_s2_rounds.csv;results_r02/systems/K20_T5280_d0.1_j0_s0.json;results_r02/systems/K20_T5280_d0.1_j0_s1.json;results_r02/systems/K20_T5280_d0.1_j0_s2.json,medians over rounds x seeds recomputed from the per-round emulation records
Table 21 systems,tab:systems,"K=20, $|D_{\mathrm{trust}}|$=5,280, drop 0.3","received/admitted, bytes, t_local, t_gate, t_round, cpu, val acc",12 / 11 | 0 | 116 / 83 / 22 | 0.71 | 0.93 | 1.5 | 3.81 | 0.92 | 159 / 15 | 94.8,12/11 | 116/83/22 KiB | 0.71 | 0.93 | 1.5 ms | 3.81 | 0.92 | 159/15 J | 94.8,yes,3,K20_T5280_d0.3_j0_s0;K20_T5280_d0.3_j0_s1;K20_T5280_d0.3_j0_s2,results_r02/systems/K20_T5280_d0.3_j0_s0_rounds.csv;results_r02/systems/K20_T5280_d0.3_j0_s1_rounds.csv;results_r02/systems/K20_T5280_d0.3_j0_s2_rounds.csv;results_r02/systems/K20_T5280_d0.3_j0_s0.json;results_r02/systems/K20_T5280_d0.3_j0_s1.json;results_r02/systems/K20_T5280_d0.3_j0_s2.json,medians over rounds x seeds recomputed from the per-round emulation records
Table 21 systems,tab:systems,"K=40, $|D_{\mathrm{trust}}|$=5,280","received/admitted, bytes, t_local, t_gate, t_round, cpu, val acc",30 / 30 | 0 | 205 / 207 / 39 | 0.54 | 1.03 | 3.1 | 2.59 | 1.03 | 243 / 17 | 95.7,30/30 | 205/207/39 KiB | 0.54 | 1.03 | 3.1 ms | 2.59 | 1.03 | 243/17 J | 95.7,yes,3,K40_T5280_d0.0_j0_s0;K40_T5280_d0.0_j0_s1;K40_T5280_d0.0_j0_s2,results_r02/systems/K40_T5280_d0.0_j0_s0_rounds.csv;results_r02/systems/K40_T5280_d0.0_j0_s1_rounds.csv;results_r02/systems/K40_T5280_d0.0_j0_s2_rounds.csv;results_r02/systems/K40_T5280_d0.0_j0_s0.json;results_r02/systems/K40_T5280_d0.0_j0_s1.json;results_r02/systems/K40_T5280_d0.0_j0_s2.json,medians over rounds x seeds recomputed from the per-round emulation records
Table 20 sensitivity,tab:sensitivity,default,0.2 | 0.4,95.58$\pm$2.52 | 96.36$\pm$1.27,95.58±2.52 | 96.36±1.27,yes,5,DyF-ZTL-V_s0_p0.2_R100_70f55769d2;DyF-ZTL-V_s1_p0.2_R100_c9c4d1ef7b;DyF-ZTL-V_s2_p0.2_R100_7f85b4de6e;DyF-ZTL-V_s3_p0.2_R100_a9734df61c;DyF-ZTL-V_s4_p0.2_R100_c32904e9cf|DyF-ZTL-V_s0_p0.4_R100_9d28d361af;DyF-ZTL-V_s1_p0.4_R100_eb956f537a;DyF-ZTL-V_s2_p0.4_R100_439661ae3a;DyF-ZTL-V_s3_p0.4_R100_019e0715d8;DyF-ZTL-V_s4_p0.4_R100_f908bf4b7f,results_r02/cyclic/final_DyF-ZTL-V_s0_p0.2_R100_70f55769d2.json;results_r02/cyclic/final_DyF-ZTL-V_s1_p0.2_R100_c9c4d1ef7b.json;results_r02/cyclic/final_DyF-ZTL-V_s2_p0.2_R100_7f85b4de6e.json;results_r02/cyclic/final_DyF-ZTL-V_s3_p0.2_R100_a9734df61c.json;results_r02/cyclic/final_DyF-ZTL-V_s4_p0.2_R100_c32904e9cf.json;results_r02/cyclic/final_DyF-ZTL-V_s0_p0.4_R100_9d28d361af.json;results_r02/cyclic/final_DyF-ZTL-V_s1_p0.4_R100_eb956f537a.json;results_r02/cyclic/final_DyF-ZTL-V_s2_p0.4_R100_439661ae3a.json;results_r02/cyclic/final_DyF-ZTL-V_s3_p0.4_R100_019e0715d8.json;results_r02/cyclic/final_DyF-ZTL-V_s4_p0.4_R100_f908bf4b7f.json,
Table 20 sensitivity,tab:sensitivity,gate quantiles mild 10\%,0.2 | 0.4,96.83$\pm$0.78 | 96.33$\pm$1.22,96.83±0.78 | 96.33±1.22,yes,5,DyF-ZTL-V_s0_p0.2_R100_98863f2847;DyF-ZTL-V_s1_p0.2_R100_06b886babc;DyF-ZTL-V_s2_p0.2_R100_f4780d46a5;DyF-ZTL-V_s3_p0.2_R100_b4ff031e00;DyF-ZTL-V_s4_p0.2_R100_cde2927675|DyF-ZTL-V_s0_p0.4_R100_4c8623efe8;DyF-ZTL-V_s1_p0.4_R100_0174ef9e29;DyF-ZTL-V_s2_p0.4_R100_d8b1ffdab2;DyF-ZTL-V_s3_p0.4_R100_e408e6ca28;DyF-ZTL-V_s4_p0.4_R100_63cbc653ba,results_r02/sensitivity/final_DyF-ZTL-V_s0_p0.2_R100_98863f2847.json;results_r02/sensitivity/final_DyF-ZTL-V_s1_p0.2_R100_06b886babc.json;results_r02/sensitivity/final_DyF-ZTL-V_s2_p0.2_R100_f4780d46a5.json;results_r02/sensitivity/final_DyF-ZTL-V_s3_p0.2_R100_b4ff031e00.json;results_r02/sensitivity/final_DyF-ZTL-V_s4_p0.2_R100_cde2927675.json;results_r02/sensitivity/final_DyF-ZTL-V_s0_p0.4_R100_4c8623efe8.json;results_r02/sensitivity/final_DyF-ZTL-V_s1_p0.4_R100_0174ef9e29.json;results_r02/sensitivity/final_DyF-ZTL-V_s2_p0.4_R100_d8b1ffdab2.json;results_r02/sensitivity/final_DyF-ZTL-V_s3_p0.4_R100_e408e6ca28.json;results_r02/sensitivity/final_DyF-ZTL-V_s4_p0.4_R100_63cbc653ba.json,
Table 20 sensitivity,tab:sensitivity,gate quantiles mild 2\% (default 5\%),0.2 | 0.4,94.47$\pm$5.15 | 94.06$\pm$5.93,94.47±5.15 | 94.06±5.93,yes,5,DyF-ZTL-V_s0_p0.2_R100_6435d56c84;DyF-ZTL-V_s1_p0.2_R100_086506da12;DyF-ZTL-V_s2_p0.2_R100_79d8740ad2;DyF-ZTL-V_s3_p0.2_R100_f9fabc7b1b;DyF-ZTL-V_s4_p0.2_R100_91036e31c9|DyF-ZTL-V_s0_p0.4_R100_6cdf2cdb04;DyF-ZTL-V_s1_p0.4_R100_dab42354e2;DyF-ZTL-V_s2_p0.4_R100_6606b7284f;DyF-ZTL-V_s3_p0.4_R100_d09a57b277;DyF-ZTL-V_s4_p0.4_R100_3db225d0b9,results_r02/sensitivity/final_DyF-ZTL-V_s0_p0.2_R100_6435d56c84.json;results_r02/sensitivity/final_DyF-ZTL-V_s1_p0.2_R100_086506da12.json;results_r02/sensitivity/final_DyF-ZTL-V_s2_p0.2_R100_79d8740ad2.json;results_r02/sensitivity/final_DyF-ZTL-V_s3_p0.2_R100_f9fabc7b1b.json;results_r02/sensitivity/final_DyF-ZTL-V_s4_p0.2_R100_91036e31c9.json;results_r02/sensitivity/final_DyF-ZTL-V_s0_p0.4_R100_6cdf2cdb04.json;results_r02/sensitivity/final_DyF-ZTL-V_s1_p0.4_R100_dab42354e2.json;results_r02/sensitivity/final_DyF-ZTL-V_s2_p0.4_R100_6606b7284f.json;results_r02/sensitivity/final_DyF-ZTL-V_s3_p0.4_R100_d09a57b277.json;results_r02/sensitivity/final_DyF-ZTL-V_s4_p0.4_R100_3db225d0b9.json,
Table 20 sensitivity,tab:sensitivity,gate quantiles strong 0.1\% (default 0.5\%),0.2 | 0.4,95.57$\pm$2.45 | 96.37$\pm$1.29,95.57±2.45 | 96.37±1.29,yes,5,DyF-ZTL-V_s0_p0.2_R100_2f3a314427;DyF-ZTL-V_s1_p0.2_R100_ac2b6a8f94;DyF-ZTL-V_s2_p0.2_R100_e8b07eeff1;DyF-ZTL-V_s3_p0.2_R100_9059b067e2;DyF-ZTL-V_s4_p0.2_R100_5d9d5bb0ae|DyF-ZTL-V_s0_p0.4_R100_db3e4f2e00;DyF-ZTL-V_s1_p0.4_R100_7c5b57c4d8;DyF-ZTL-V_s2_p0.4_R100_e269693806;DyF-ZTL-V_s3_p0.4_R100_12b0def008;DyF-ZTL-V_s4_p0.4_R100_559ed3e9c0,results_r02/sensitivity/final_DyF-ZTL-V_s0_p0.2_R100_2f3a314427.json;results_r02/sensitivity/final_DyF-ZTL-V_s1_p0.2_R100_ac2b6a8f94.json;results_r02/sensitivity/final_DyF-ZTL-V_s2_p0.2_R100_e8b07eeff1.json;results_r02/sensitivity/final_DyF-ZTL-V_s3_p0.2_R100_9059b067e2.json;results_r02/sensitivity/final_DyF-ZTL-V_s4_p0.2_R100_5d9d5bb0ae.json;results_r02/sensitivity/final_DyF-ZTL-V_s0_p0.4_R100_db3e4f2e00.json;results_r02/sensitivity/final_DyF-ZTL-V_s1_p0.4_R100_7c5b57c4d8.json;results_r02/sensitivity/final_DyF-ZTL-V_s2_p0.4_R100_e269693806.json;results_r02/sensitivity/final_DyF-ZTL-V_s3_p0.4_R100_12b0def008.json;results_r02/sensitivity/final_DyF-ZTL-V_s4_p0.4_R100_559ed3e9c0.json,
Table 20 sensitivity,tab:sensitivity,gate quantiles strong 1\%,0.2 | 0.4,95.15$\pm$3.67 | 96.45$\pm$1.33,95.15±3.67 | 96.45±1.33,yes,5,DyF-ZTL-V_s0_p0.2_R100_ed72865b8e;DyF-ZTL-V_s1_p0.2_R100_ec73021014;DyF-ZTL-V_s2_p0.2_R100_fcfda99699;DyF-ZTL-V_s3_p0.2_R100_4881b5d647;DyF-ZTL-V_s4_p0.2_R100_747d795b95|DyF-ZTL-V_s0_p0.4_R100_b518a5289f;DyF-ZTL-V_s1_p0.4_R100_28ec98b09b;DyF-ZTL-V_s2_p0.4_R100_d99ff7d6d8;DyF-ZTL-V_s3_p0.4_R100_028a0829e2;DyF-ZTL-V_s4_p0.4_R100_761761896d,results_r02/sensitivity/final_DyF-ZTL-V_s0_p0.2_R100_ed72865b8e.json;results_r02/sensitivity/final_DyF-ZTL-V_s1_p0.2_R100_ec73021014.json;results_r02/sensitivity/final_DyF-ZTL-V_s2_p0.2_R100_fcfda99699.json;results_r02/sensitivity/final_DyF-ZTL-V_s3_p0.2_R100_4881b5d647.json;results_r02/sensitivity/final_DyF-ZTL-V_s4_p0.2_R100_747d795b95.json;results_r02/sensitivity/final_DyF-ZTL-V_s0_p0.4_R100_b518a5289f.json;results_r02/sensitivity/final_DyF-ZTL-V_s1_p0.4_R100_28ec98b09b.json;results_r02/sensitivity/final_DyF-ZTL-V_s2_p0.4_R100_d99ff7d6d8.json;results_r02/sensitivity/final_DyF-ZTL-V_s3_p0.4_R100_028a0829e2.json;results_r02/sensitivity/final_DyF-ZTL-V_s4_p0.4_R100_761761896d.json,
Table 20 sensitivity,tab:sensitivity,grace rounds = 2,0.2 | 0.4,94.61$\pm$4.83 | 96.66$\pm$0.76,94.61±4.83 | 96.66±0.76,yes,5,DyF-ZTL-V_s0_p0.2_R100_770c744bd4;DyF-ZTL-V_s1_p0.2_R100_c490e4b489;DyF-ZTL-V_s2_p0.2_R100_3dd29058ea;DyF-ZTL-V_s3_p0.2_R100_d3d8f21cd3;DyF-ZTL-V_s4_p0.2_R100_ae8c3d9052|DyF-ZTL-V_s0_p0.4_R100_77e0166247;DyF-ZTL-V_s1_p0.4_R100_4c26c3b466;DyF-ZTL-V_s2_p0.4_R100_85fa586658;DyF-ZTL-V_s3_p0.4_R100_31b43f77f5;DyF-ZTL-V_s4_p0.4_R100_1dc1479918,results_r02/sensitivity/final_DyF-ZTL-V_s0_p0.2_R100_770c744bd4.json;results_r02/sensitivity/final_DyF-ZTL-V_s1_p0.2_R100_c490e4b489.json;results_r02/sensitivity/final_DyF-ZTL-V_s2_p0.2_R100_3dd29058ea.json;results_r02/sensitivity/final_DyF-ZTL-V_s3_p0.2_R100_d3d8f21cd3.json;results_r02/sensitivity/final_DyF-ZTL-V_s4_p0.2_R100_ae8c3d9052.json;results_r02/sensitivity/final_DyF-ZTL-V_s0_p0.4_R100_77e0166247.json;results_r02/sensitivity/final_DyF-ZTL-V_s1_p0.4_R100_4c26c3b466.json;results_r02/sensitivity/final_DyF-ZTL-V_s2_p0.4_R100_85fa586658.json;results_r02/sensitivity/final_DyF-ZTL-V_s3_p0.4_R100_31b43f77f5.json;results_r02/sensitivity/final_DyF-ZTL-V_s4_p0.4_R100_1dc1479918.json,
Table 20 sensitivity,tab:sensitivity,grace rounds = 3,0.2 | 0.4,94.37$\pm$5.02 | 95.30$\pm$3.20,94.37±5.02 | 95.30±3.20,yes,5,DyF-ZTL-V_s0_p0.2_R100_b8fb356982;DyF-ZTL-V_s1_p0.2_R100_7241455252;DyF-ZTL-V_s2_p0.2_R100_4ed26efe36;DyF-ZTL-V_s3_p0.2_R100_c82fb5e088;DyF-ZTL-V_s4_p0.2_R100_3fdff1e722|DyF-ZTL-V_s0_p0.4_R100_1f9a13bf7b;DyF-ZTL-V_s1_p0.4_R100_26af8c81f7;DyF-ZTL-V_s2_p0.4_R100_df33bd8e28;DyF-ZTL-V_s3_p0.4_R100_566fb6b4a6;DyF-ZTL-V_s4_p0.4_R100_bfd7b69d06,results_r02/sensitivity/final_DyF-ZTL-V_s0_p0.2_R100_b8fb356982.json;results_r02/sensitivity/final_DyF-ZTL-V_s1_p0.2_R100_7241455252.json;results_r02/sensitivity/final_DyF-ZTL-V_s2_p0.2_R100_4ed26efe36.json;results_r02/sensitivity/final_DyF-ZTL-V_s3_p0.2_R100_c82fb5e088.json;results_r02/sensitivity/final_DyF-ZTL-V_s4_p0.2_R100_3fdff1e722.json;results_r02/sensitivity/final_DyF-ZTL-V_s0_p0.4_R100_1f9a13bf7b.json;results_r02/sensitivity/final_DyF-ZTL-V_s1_p0.4_R100_26af8c81f7.json;results_r02/sensitivity/final_DyF-ZTL-V_s2_p0.4_R100_df33bd8e28.json;results_r02/sensitivity/final_DyF-ZTL-V_s3_p0.4_R100_566fb6b4a6.json;results_r02/sensitivity/final_DyF-ZTL-V_s4_p0.4_R100_bfd7b69d06.json,
Table 20 sensitivity,tab:sensitivity,grace rounds = 4,0.2 | 0.4,95.72$\pm$1.89 | 94.36$\pm$5.19,95.72±1.89 | 94.36±5.19,yes,5,DyF-ZTL-V_s0_p0.2_R100_ac07ad4d63;DyF-ZTL-V_s1_p0.2_R100_808f7463a0;DyF-ZTL-V_s2_p0.2_R100_74c5d0935f;DyF-ZTL-V_s3_p0.2_R100_c90ba991f9;DyF-ZTL-V_s4_p0.2_R100_81cac1d062|DyF-ZTL-V_s0_p0.4_R100_471b54065f;DyF-ZTL-V_s1_p0.4_R100_e092238fd8;DyF-ZTL-V_s2_p0.4_R100_abb193be44;DyF-ZTL-V_s3_p0.4_R100_84db058477;DyF-ZTL-V_s4_p0.4_R100_fe3e3199ee,results_r02/sensitivity/final_DyF-ZTL-V_s0_p0.2_R100_ac07ad4d63.json;results_r02/sensitivity/final_DyF-ZTL-V_s1_p0.2_R100_808f7463a0.json;results_r02/sensitivity/final_DyF-ZTL-V_s2_p0.2_R100_74c5d0935f.json;results_r02/sensitivity/final_DyF-ZTL-V_s3_p0.2_R100_c90ba991f9.json;results_r02/sensitivity/final_DyF-ZTL-V_s4_p0.2_R100_81cac1d062.json;results_r02/sensitivity/final_DyF-ZTL-V_s0_p0.4_R100_471b54065f.json;results_r02/sensitivity/final_DyF-ZTL-V_s1_p0.4_R100_e092238fd8.json;results_r02/sensitivity/final_DyF-ZTL-V_s2_p0.4_R100_abb193be44.json;results_r02/sensitivity/final_DyF-ZTL-V_s3_p0.4_R100_84db058477.json;results_r02/sensitivity/final_DyF-ZTL-V_s4_p0.4_R100_fe3e3199ee.json,
Table 20 sensitivity,tab:sensitivity,mild decay $\beta$ = 0.8,0.2 | 0.4,96.11$\pm$1.58 | 94.73$\pm$4.13,96.11±1.58 | 94.73±4.13,yes,5,DyF-ZTL-V_s0_p0.2_R100_81e5972760;DyF-ZTL-V_s1_p0.2_R100_6263e9e3e5;DyF-ZTL-V_s2_p0.2_R100_4bca275b82;DyF-ZTL-V_s3_p0.2_R100_1a9b9ae8cb;DyF-ZTL-V_s4_p0.2_R100_993224ea6c|DyF-ZTL-V_s0_p0.4_R100_f0d0c81522;DyF-ZTL-V_s1_p0.4_R100_a4ae432892;DyF-ZTL-V_s2_p0.4_R100_98dd1c41ea;DyF-ZTL-V_s3_p0.4_R100_ad28985b6a;DyF-ZTL-V_s4_p0.4_R100_6dd898558a,results_r02/sensitivity/final_DyF-ZTL-V_s0_p0.2_R100_81e5972760.json;results_r02/sensitivity/final_DyF-ZTL-V_s1_p0.2_R100_6263e9e3e5.json;results_r02/sensitivity/final_DyF-ZTL-V_s2_p0.2_R100_4bca275b82.json;results_r02/sensitivity/final_DyF-ZTL-V_s3_p0.2_R100_1a9b9ae8cb.json;results_r02/sensitivity/final_DyF-ZTL-V_s4_p0.2_R100_993224ea6c.json;results_r02/sensitivity/final_DyF-ZTL-V_s0_p0.4_R100_f0d0c81522.json;results_r02/sensitivity/final_DyF-ZTL-V_s1_p0.4_R100_a4ae432892.json;results_r02/sensitivity/final_DyF-ZTL-V_s2_p0.4_R100_98dd1c41ea.json;results_r02/sensitivity/final_DyF-ZTL-V_s3_p0.4_R100_ad28985b6a.json;results_r02/sensitivity/final_DyF-ZTL-V_s4_p0.4_R100_6dd898558a.json,
Table 20 sensitivity,tab:sensitivity,mild decay $\beta$ = 0.95,0.2 | 0.4,93.94$\pm$5.00 | 93.85$\pm$5.87,93.94±5.00 | 93.85±5.87,yes,5,DyF-ZTL-V_s0_p0.2_R100_a879d4f569;DyF-ZTL-V_s1_p0.2_R100_75f53b74cf;DyF-ZTL-V_s2_p0.2_R100_29d9dec0a0;DyF-ZTL-V_s3_p0.2_R100_81de5b45d8;DyF-ZTL-V_s4_p0.2_R100_a74da6d8cf|DyF-ZTL-V_s0_p0.4_R100_a2b46a4716;DyF-ZTL-V_s1_p0.4_R100_1d60ac6571;DyF-ZTL-V_s2_p0.4_R100_9a8d371670;DyF-ZTL-V_s3_p0.4_R100_a440ecb3ab;DyF-ZTL-V_s4_p0.4_R100_27fabe2906,results_r02/sensitivity/final_DyF-ZTL-V_s0_p0.2_R100_a879d4f569.json;results_r02/sensitivity/final_DyF-ZTL-V_s1_p0.2_R100_75f53b74cf.json;results_r02/sensitivity/final_DyF-ZTL-V_s2_p0.2_R100_29d9dec0a0.json;results_r02/sensitivity/final_DyF-ZTL-V_s3_p0.2_R100_81de5b45d8.json;results_r02/sensitivity/final_DyF-ZTL-V_s4_p0.2_R100_a74da6d8cf.json;results_r02/sensitivity/final_DyF-ZTL-V_s0_p0.4_R100_a2b46a4716.json;results_r02/sensitivity/final_DyF-ZTL-V_s1_p0.4_R100_1d60ac6571.json;results_r02/sensitivity/final_DyF-ZTL-V_s2_p0.4_R100_9a8d371670.json;results_r02/sensitivity/final_DyF-ZTL-V_s3_p0.4_R100_a440ecb3ab.json;results_r02/sensitivity/final_DyF-ZTL-V_s4_p0.4_R100_27fabe2906.json,
Table 20 sensitivity,tab:sensitivity,recovery $\gamma$ = 0.02,0.2 | 0.4,95.38$\pm$3.60 | 96.33$\pm$1.59,95.38±3.60 | 96.33±1.59,yes,5,DyF-ZTL-V_s0_p0.2_R100_4f6a312f9e;DyF-ZTL-V_s1_p0.2_R100_64bc7e0ccc;DyF-ZTL-V_s2_p0.2_R100_d2ae0c412b;DyF-ZTL-V_s3_p0.2_R100_dee84f1122;DyF-ZTL-V_s4_p0.2_R100_515aba7b3d|DyF-ZTL-V_s0_p0.4_R100_2d6eacb865;DyF-ZTL-V_s1_p0.4_R100_3482e537b5;DyF-ZTL-V_s2_p0.4_R100_0dad74fed5;DyF-ZTL-V_s3_p0.4_R100_4047adc9b0;DyF-ZTL-V_s4_p0.4_R100_e76b1ef07b,results_r02/sensitivity/final_DyF-ZTL-V_s0_p0.2_R100_4f6a312f9e.json;results_r02/sensitivity/final_DyF-ZTL-V_s1_p0.2_R100_64bc7e0ccc.json;results_r02/sensitivity/final_DyF-ZTL-V_s2_p0.2_R100_d2ae0c412b.json;results_r02/sensitivity/final_DyF-ZTL-V_s3_p0.2_R100_dee84f1122.json;results_r02/sensitivity/final_DyF-ZTL-V_s4_p0.2_R100_515aba7b3d.json;results_r02/sensitivity/final_DyF-ZTL-V_s0_p0.4_R100_2d6eacb865.json;results_r02/sensitivity/final_DyF-ZTL-V_s1_p0.4_R100_3482e537b5.json;results_r02/sensitivity/final_DyF-ZTL-V_s2_p0.4_R100_0dad74fed5.json;results_r02/sensitivity/final_DyF-ZTL-V_s3_p0.4_R100_4047adc9b0.json;results_r02/sensitivity/final_DyF-ZTL-V_s4_p0.4_R100_e76b1ef07b.json,
Table 20 sensitivity,tab:sensitivity,recovery $\gamma$ = 0.1,0.2 | 0.4,94.46$\pm$5.03 | 94.95$\pm$4.29,94.46±5.03 | 94.95±4.29,yes,5,DyF-ZTL-V_s0_p0.2_R100_96cd89e3f0;DyF-ZTL-V_s1_p0.2_R100_d678d48caf;DyF-ZTL-V_s2_p0.2_R100_fe2f6fc4c9;DyF-ZTL-V_s3_p0.2_R100_ff0891cbb9;DyF-ZTL-V_s4_p0.2_R100_b3dd448fb8|DyF-ZTL-V_s0_p0.4_R100_c600084dae;DyF-ZTL-V_s1_p0.4_R100_51e318b021;DyF-ZTL-V_s2_p0.4_R100_b737bedb2d;DyF-ZTL-V_s3_p0.4_R100_2fa3a5d469;DyF-ZTL-V_s4_p0.4_R100_83d5697572,results_r02/sensitivity/final_DyF-ZTL-V_s0_p0.2_R100_96cd89e3f0.json;results_r02/sensitivity/final_DyF-ZTL-V_s1_p0.2_R100_d678d48caf.json;results_r02/sensitivity/final_DyF-ZTL-V_s2_p0.2_R100_fe2f6fc4c9.json;results_r02/sensitivity/final_DyF-ZTL-V_s3_p0.2_R100_ff0891cbb9.json;results_r02/sensitivity/final_DyF-ZTL-V_s4_p0.2_R100_b3dd448fb8.json;results_r02/sensitivity/final_DyF-ZTL-V_s0_p0.4_R100_c600084dae.json;results_r02/sensitivity/final_DyF-ZTL-V_s1_p0.4_R100_51e318b021.json;results_r02/sensitivity/final_DyF-ZTL-V_s2_p0.4_R100_b737bedb2d.json;results_r02/sensitivity/final_DyF-ZTL-V_s3_p0.4_R100_2fa3a5d469.json;results_r02/sensitivity/final_DyF-ZTL-V_s4_p0.4_R100_83d5697572.json,
Table 20 sensitivity,tab:sensitivity,strong decay $\lambda$ = 0.1,0.2 | 0.4,95.52$\pm$2.48 | 96.40$\pm$1.30,95.52±2.48 | 96.40±1.30,yes,5,DyF-ZTL-V_s0_p0.2_R100_35dbf54d91;DyF-ZTL-V_s1_p0.2_R100_2895e6bef7;DyF-ZTL-V_s2_p0.2_R100_5a0b46a350;DyF-ZTL-V_s3_p0.2_R100_0d1f1c5b6c;DyF-ZTL-V_s4_p0.2_R100_fdc6cd5e52|DyF-ZTL-V_s0_p0.4_R100_8fa4bf4d51;DyF-ZTL-V_s1_p0.4_R100_3d0b3d3e7d;DyF-ZTL-V_s2_p0.4_R100_374704656a;DyF-ZTL-V_s3_p0.4_R100_3f96625d23;DyF-ZTL-V_s4_p0.4_R100_3132925358,results_r02/sensitivity/final_DyF-ZTL-V_s0_p0.2_R100_35dbf54d91.json;results_r02/sensitivity/final_DyF-ZTL-V_s1_p0.2_R100_2895e6bef7.json;results_r02/sensitivity/final_DyF-ZTL-V_s2_p0.2_R100_5a0b46a350.json;results_r02/sensitivity/final_DyF-ZTL-V_s3_p0.2_R100_0d1f1c5b6c.json;results_r02/sensitivity/final_DyF-ZTL-V_s4_p0.2_R100_fdc6cd5e52.json;results_r02/sensitivity/final_DyF-ZTL-V_s0_p0.4_R100_8fa4bf4d51.json;results_r02/sensitivity/final_DyF-ZTL-V_s1_p0.4_R100_3d0b3d3e7d.json;results_r02/sensitivity/final_DyF-ZTL-V_s2_p0.4_R100_374704656a.json;results_r02/sensitivity/final_DyF-ZTL-V_s3_p0.4_R100_3f96625d23.json;results_r02/sensitivity/final_DyF-ZTL-V_s4_p0.4_R100_3132925358.json,
Table 20 sensitivity,tab:sensitivity,strong decay $\lambda$ = 0.4,0.2 | 0.4,95.66$\pm$2.50 | 96.35$\pm$1.28,95.66±2.50 | 96.35±1.28,yes,5,DyF-ZTL-V_s0_p0.2_R100_2d16d6d6b4;DyF-ZTL-V_s1_p0.2_R100_70cffb52b0;DyF-ZTL-V_s2_p0.2_R100_317448ec26;DyF-ZTL-V_s3_p0.2_R100_4f50a2721b;DyF-ZTL-V_s4_p0.2_R100_39dece3148|DyF-ZTL-V_s0_p0.4_R100_75c3ab5394;DyF-ZTL-V_s1_p0.4_R100_4aa446a5bd;DyF-ZTL-V_s2_p0.4_R100_ea8f4efb3e;DyF-ZTL-V_s3_p0.4_R100_cce4b78bae;DyF-ZTL-V_s4_p0.4_R100_e58bec40ee,results_r02/sensitivity/final_DyF-ZTL-V_s0_p0.2_R100_2d16d6d6b4.json;results_r02/sensitivity/final_DyF-ZTL-V_s1_p0.2_R100_70cffb52b0.json;results_r02/sensitivity/final_DyF-ZTL-V_s2_p0.2_R100_317448ec26.json;results_r02/sensitivity/final_DyF-ZTL-V_s3_p0.2_R100_4f50a2721b.json;results_r02/sensitivity/final_DyF-ZTL-V_s4_p0.2_R100_39dece3148.json;results_r02/sensitivity/final_DyF-ZTL-V_s0_p0.4_R100_75c3ab5394.json;results_r02/sensitivity/final_DyF-ZTL-V_s1_p0.4_R100_4aa446a5bd.json;results_r02/sensitivity/final_DyF-ZTL-V_s2_p0.4_R100_ea8f4efb3e.json;results_r02/sensitivity/final_DyF-ZTL-V_s3_p0.4_R100_cce4b78bae.json;results_r02/sensitivity/final_DyF-ZTL-V_s4_p0.4_R100_e58bec40ee.json,
Table 20 sensitivity,tab:sensitivity,strong decay $\lambda$ = 0.8,0.2 | 0.4,96.89$\pm$0.57 | 96.03$\pm$1.23,96.89±0.57 | 96.03±1.23,yes,5,DyF-ZTL-V_s0_p0.2_R100_a547d2a996;DyF-ZTL-V_s1_p0.2_R100_63de5e1988;DyF-ZTL-V_s2_p0.2_R100_e8d2c7cd09;DyF-ZTL-V_s3_p0.2_R100_b40ef3d740;DyF-ZTL-V_s4_p0.2_R100_235ef09bb5|DyF-ZTL-V_s0_p0.4_R100_18e1c5c542;DyF-ZTL-V_s1_p0.4_R100_57f3e5c5d3;DyF-ZTL-V_s2_p0.4_R100_864fa948c2;DyF-ZTL-V_s3_p0.4_R100_b80eb99523;DyF-ZTL-V_s4_p0.4_R100_dfb2b2562c,results_r02/sensitivity/final_DyF-ZTL-V_s0_p0.2_R100_a547d2a996.json;results_r02/sensitivity/final_DyF-ZTL-V_s1_p0.2_R100_63de5e1988.json;results_r02/sensitivity/final_DyF-ZTL-V_s2_p0.2_R100_e8d2c7cd09.json;results_r02/sensitivity/final_DyF-ZTL-V_s3_p0.2_R100_b40ef3d740.json;results_r02/sensitivity/final_DyF-ZTL-V_s4_p0.2_R100_235ef09bb5.json;results_r02/sensitivity/final_DyF-ZTL-V_s0_p0.4_R100_18e1c5c542.json;results_r02/sensitivity/final_DyF-ZTL-V_s1_p0.4_R100_57f3e5c5d3.json;results_r02/sensitivity/final_DyF-ZTL-V_s2_p0.4_R100_864fa948c2.json;results_r02/sensitivity/final_DyF-ZTL-V_s3_p0.4_R100_b80eb99523.json;results_r02/sensitivity/final_DyF-ZTL-V_s4_p0.4_R100_dfb2b2562c.json,
Table 20 sensitivity,tab:sensitivity,threshold floor $\tau_{\min}$ = 0.2,0.2 | 0.4,95.56$\pm$2.51 | 94.23$\pm$5.80,95.56±2.51 | 94.23±5.80,yes,5,DyF-ZTL-V_s0_p0.2_R100_c15ad3a7e3;DyF-ZTL-V_s1_p0.2_R100_430965b6ee;DyF-ZTL-V_s2_p0.2_R100_ba7f85f1ef;DyF-ZTL-V_s3_p0.2_R100_49735c1788;DyF-ZTL-V_s4_p0.2_R100_0d05042846|DyF-ZTL-V_s0_p0.4_R100_d9e9c29108;DyF-ZTL-V_s1_p0.4_R100_d287b22ad9;DyF-ZTL-V_s2_p0.4_R100_1c17d6f41d;DyF-ZTL-V_s3_p0.4_R100_f8c1238ea7;DyF-ZTL-V_s4_p0.4_R100_e354b160d0,results_r02/sensitivity/final_DyF-ZTL-V_s0_p0.2_R100_c15ad3a7e3.json;results_r02/sensitivity/final_DyF-ZTL-V_s1_p0.2_R100_430965b6ee.json;results_r02/sensitivity/final_DyF-ZTL-V_s2_p0.2_R100_ba7f85f1ef.json;results_r02/sensitivity/final_DyF-ZTL-V_s3_p0.2_R100_49735c1788.json;results_r02/sensitivity/final_DyF-ZTL-V_s4_p0.2_R100_0d05042846.json;results_r02/sensitivity/final_DyF-ZTL-V_s0_p0.4_R100_d9e9c29108.json;results_r02/sensitivity/final_DyF-ZTL-V_s1_p0.4_R100_d287b22ad9.json;results_r02/sensitivity/final_DyF-ZTL-V_s2_p0.4_R100_1c17d6f41d.json;results_r02/sensitivity/final_DyF-ZTL-V_s3_p0.4_R100_f8c1238ea7.json;results_r02/sensitivity/final_DyF-ZTL-V_s4_p0.4_R100_e354b160d0.json,
Table 20 sensitivity,tab:sensitivity,threshold floor $\tau_{\min}$ = 0.6,0.2 | 0.4,95.35$\pm$3.79 | 96.37$\pm$0.91,95.35±3.79 | 96.37±0.91,yes,5,DyF-ZTL-V_s0_p0.2_R100_28316c52b7;DyF-ZTL-V_s1_p0.2_R100_75a7321b72;DyF-ZTL-V_s2_p0.2_R100_efdcc5bdcd;DyF-ZTL-V_s3_p0.2_R100_1a559f49f8;DyF-ZTL-V_s4_p0.2_R100_8c81a29324|DyF-ZTL-V_s0_p0.4_R100_4a72e6feed;DyF-ZTL-V_s1_p0.4_R100_ec3158018c;DyF-ZTL-V_s2_p0.4_R100_54c082c74e;DyF-ZTL-V_s3_p0.4_R100_068a1fde49;DyF-ZTL-V_s4_p0.4_R100_1c98791dee,results_r02/sensitivity/final_DyF-ZTL-V_s0_p0.2_R100_28316c52b7.json;results_r02/sensitivity/final_DyF-ZTL-V_s1_p0.2_R100_75a7321b72.json;results_r02/sensitivity/final_DyF-ZTL-V_s2_p0.2_R100_efdcc5bdcd.json;results_r02/sensitivity/final_DyF-ZTL-V_s3_p0.2_R100_1a559f49f8.json;results_r02/sensitivity/final_DyF-ZTL-V_s4_p0.2_R100_8c81a29324.json;results_r02/sensitivity/final_DyF-ZTL-V_s0_p0.4_R100_4a72e6feed.json;results_r02/sensitivity/final_DyF-ZTL-V_s1_p0.4_R100_ec3158018c.json;results_r02/sensitivity/final_DyF-ZTL-V_s2_p0.4_R100_54c082c74e.json;results_r02/sensitivity/final_DyF-ZTL-V_s3_p0.4_R100_068a1fde49.json;results_r02/sensitivity/final_DyF-ZTL-V_s4_p0.4_R100_1c98791dee.json,
Table 20 sensitivity,tab:sensitivity,threshold spread $\alpha$ = 0.25,0.2 | 0.4,96.14$\pm$1.32 | 94.67$\pm$5.09,96.14±1.32 | 94.67±5.09,yes,5,DyF-ZTL-V_s0_p0.2_R100_6b7063387f;DyF-ZTL-V_s1_p0.2_R100_ac69b2fdca;DyF-ZTL-V_s2_p0.2_R100_d57a1bf67e;DyF-ZTL-V_s3_p0.2_R100_4aa9d92014;DyF-ZTL-V_s4_p0.2_R100_ca559e12d2|DyF-ZTL-V_s0_p0.4_R100_c5371611da;DyF-ZTL-V_s1_p0.4_R100_e6b473a87b;DyF-ZTL-V_s2_p0.4_R100_951daa495c;DyF-ZTL-V_s3_p0.4_R100_0fb69d5bed;DyF-ZTL-V_s4_p0.4_R100_ef66a12649,results_r02/sensitivity/final_DyF-ZTL-V_s0_p0.2_R100_6b7063387f.json;results_r02/sensitivity/final_DyF-ZTL-V_s1_p0.2_R100_ac69b2fdca.json;results_r02/sensitivity/final_DyF-ZTL-V_s2_p0.2_R100_d57a1bf67e.json;results_r02/sensitivity/final_DyF-ZTL-V_s3_p0.2_R100_4aa9d92014.json;results_r02/sensitivity/final_DyF-ZTL-V_s4_p0.2_R100_ca559e12d2.json;results_r02/sensitivity/final_DyF-ZTL-V_s0_p0.4_R100_c5371611da.json;results_r02/sensitivity/final_DyF-ZTL-V_s1_p0.4_R100_e6b473a87b.json;results_r02/sensitivity/final_DyF-ZTL-V_s2_p0.4_R100_951daa495c.json;results_r02/sensitivity/final_DyF-ZTL-V_s3_p0.4_R100_0fb69d5bed.json;results_r02/sensitivity/final_DyF-ZTL-V_s4_p0.4_R100_ef66a12649.json,
Table 20 sensitivity,tab:sensitivity,threshold spread $\alpha$ = 1.0,0.2 | 0.4,94.18$\pm$5.07 | 96.36$\pm$1.27,94.18±5.07 | 96.36±1.27,yes,5,DyF-ZTL-V_s0_p0.2_R100_20c42e0de8;DyF-ZTL-V_s1_p0.2_R100_1f81ebe0e9;DyF-ZTL-V_s2_p0.2_R100_d472b2bf1f;DyF-ZTL-V_s3_p0.2_R100_41c3ee0507;DyF-ZTL-V_s4_p0.2_R100_dbe6bfd31d|DyF-ZTL-V_s0_p0.4_R100_dbbb5a8bf0;DyF-ZTL-V_s1_p0.4_R100_a2f008b69e;DyF-ZTL-V_s2_p0.4_R100_279d38913f;DyF-ZTL-V_s3_p0.4_R100_d450dfa43e;DyF-ZTL-V_s4_p0.4_R100_a4ee03e699,results_r02/sensitivity/final_DyF-ZTL-V_s0_p0.2_R100_20c42e0de8.json;results_r02/sensitivity/final_DyF-ZTL-V_s1_p0.2_R100_1f81ebe0e9.json;results_r02/sensitivity/final_DyF-ZTL-V_s2_p0.2_R100_d472b2bf1f.json;results_r02/sensitivity/final_DyF-ZTL-V_s3_p0.2_R100_41c3ee0507.json;results_r02/sensitivity/final_DyF-ZTL-V_s4_p0.2_R100_dbe6bfd31d.json;results_r02/sensitivity/final_DyF-ZTL-V_s0_p0.4_R100_dbbb5a8bf0.json;results_r02/sensitivity/final_DyF-ZTL-V_s1_p0.4_R100_a2f008b69e.json;results_r02/sensitivity/final_DyF-ZTL-V_s2_p0.4_R100_279d38913f.json;results_r02/sensitivity/final_DyF-ZTL-V_s3_p0.4_R100_d450dfa43e.json;results_r02/sensitivity/final_DyF-ZTL-V_s4_p0.4_R100_a4ee03e699.json,
Table A1 gates,tab:gates,chrono-V-R-U,rho_s rho_m c_s c_m m_s,0.460 | 0.779 | -0.447 | -0.345 | 3.05,0.460 | 0.779 | -0.447 | -0.345 | 3.051,yes,6000,DyF-ZTL-cal-V_s100_p0.0_R100_b4bac501df;DyF-ZTL-cal-V_s101_p0.0_R100_7097df831f;DyF-ZTL-cal-V_s102_p0.0_R100_529ccd10e5,results_r02/calibration/gates_chrono-V-R-U.json,"calibration seeds [100, 101, 102]; quantiles {'strong': 0.005, 'mild': 0.05}"
Table A1 gates,tab:gates,chrono-do-V-R-U,rho_s rho_m c_s c_m m_s,0.500 | 0.702 | -0.403 | -0.275 | 4.28,0.500 | 0.702 | -0.403 | -0.275 | 4.279,yes,6000,DyF-ZTL-cal-V_s100_p0.0_R100_9e6a5d38a0;DyF-ZTL-cal-V_s101_p0.0_R100_d46d6ada08;DyF-ZTL-cal-V_s102_p0.0_R100_de0caf8426,results_r02/calibration/gates_chrono-do-V-R-U.json,"calibration seeds [100, 101, 102]; quantiles {'strong': 0.005, 'mild': 0.05}"
Table A1 gates,tab:gates,chrono-dr-V-R-U,rho_s rho_m c_s c_m m_s,0.577 | 0.730 | -0.361 | -0.285 | 2.15,0.577 | 0.730 | -0.361 | -0.285 | 2.148,yes,6000,DyF-ZTL-cal-V_s100_p0.0_R100_e25b244c01;DyF-ZTL-cal-V_s101_p0.0_R100_a91b579742;DyF-ZTL-cal-V_s102_p0.0_R100_876e29b207,results_r02/calibration/gates_chrono-dr-V-R-U.json,"calibration seeds [100, 101, 102]; quantiles {'strong': 0.005, 'mild': 0.05}"
Table A1 gates,tab:gates,contam10-V-R-U,rho_s rho_m c_s c_m m_s,0.439 | 0.521 | -0.250 | -0.197 | 1.62,0.439 | 0.521 | -0.250 | -0.197 | 1.619,yes,6000,DyF-ZTL-cal-V_s100_p0.0_R100_f578491bfa;DyF-ZTL-cal-V_s101_p0.0_R100_83a2808c45;DyF-ZTL-cal-V_s102_p0.0_R100_024f7eeaae,results_r02/calibration/gates_contam10-V-R-U.json,"calibration seeds [100, 101, 102]; quantiles {'strong': 0.005, 'mild': 0.05}"
Table A1 gates,tab:gates,contam5-V-R-U,rho_s rho_m c_s c_m m_s,0.416 | 0.493 | -0.239 | -0.192 | 1.68,0.416 | 0.493 | -0.239 | -0.192 | 1.679,yes,6000,DyF-ZTL-cal-V_s100_p0.0_R100_9dd64b1d5d;DyF-ZTL-cal-V_s101_p0.0_R100_fbb618d5b3;DyF-ZTL-cal-V_s102_p0.0_R100_4f88f7d3cc,results_r02/calibration/gates_contam5-V-R-U.json,"calibration seeds [100, 101, 102]; quantiles {'strong': 0.005, 'mild': 0.05}"
Table A1 gates,tab:gates,default-V-R-U,rho_s rho_m c_s c_m m_s,0.358 | 0.465 | -0.167 | -0.094 | 1.97,0.358 | 0.465 | -0.167 | -0.094 | 1.973,yes,6000,DyF-ZTL-cal-V_s100_p0.0_R100_497e736ebd;DyF-ZTL-cal-V_s101_p0.0_R100_14f698fd17;DyF-ZTL-cal-V_s102_p0.0_R100_a2ba9b6b89,results_r02/calibration/gates_default-V-R-U.json,"calibration seeds [100, 101, 102]; quantiles {'strong': 0.005, 'mild': 0.05}"
Table A1 gates,tab:gates,default-a0.1-V-R-U,rho_s rho_m c_s c_m m_s,0.148 | 0.191 | -0.233 | -0.157 | 1.86,0.148 | 0.191 | -0.233 | -0.157 | 1.855,yes,6000,DyF-ZTL-cal-V_s100_p0.0_R100_713b928a07;DyF-ZTL-cal-V_s101_p0.0_R100_f907fba214;DyF-ZTL-cal-V_s102_p0.0_R100_a0d1b06a3c,results_r02/calibration/gates_default-a0.1-V-R-U.json,"calibration seeds [100, 101, 102]; quantiles {'strong': 0.005, 'mild': 0.05}"
Table A1 gates,tab:gates,default-a1.0-V-R-U,rho_s rho_m c_s c_m m_s,0.435 | 0.523 | -0.163 | -0.089 | 1.76,0.435 | 0.523 | -0.163 | -0.089 | 1.762,yes,6000,DyF-ZTL-cal-V_s100_p0.0_R100_2d1bf68cbb;DyF-ZTL-cal-V_s101_p0.0_R100_6e94546bf4;DyF-ZTL-cal-V_s102_p0.0_R100_5e5430968c,results_r02/calibration/gates_default-a1.0-V-R-U.json,"calibration seeds [100, 101, 102]; quantiles {'strong': 0.005, 'mild': 0.05}"
Table A1 gates,tab:gates,default-a10.0-V-R-U,rho_s rho_m c_s c_m m_s,0.574 | 0.620 | -0.176 | -0.091 | 1.62,0.574 | 0.620 | -0.176 | -0.091 | 1.624,yes,6000,DyF-ZTL-cal-V_s100_p0.0_R100_eb2cd3ea1f;DyF-ZTL-cal-V_s101_p0.0_R100_f08cbb56dd;DyF-ZTL-cal-V_s102_p0.0_R100_c2efab5523,results_r02/calibration/gates_default-a10.0-V-R-U.json,"calibration seeds [100, 101, 102]; quantiles {'strong': 0.005, 'mild': 0.05}"
Table A1 gates,tab:gates,default-aiid-V-R-U,rho_s rho_m c_s c_m m_s,0.957 | 0.981 | -0.169 | -0.085 | 1.83,0.957 | 0.981 | -0.169 | -0.085 | 1.826,yes,6000,DyF-ZTL-cal-V_s100_p0.0_R100_28888af3b2;DyF-ZTL-cal-V_s101_p0.0_R100_7921c13b16;DyF-ZTL-cal-V_s102_p0.0_R100_0d7883037a,results_r02/calibration/gates_default-aiid-V-R-U.json,"calibration seeds [100, 101, 102]; quantiles {'strong': 0.005, 'mild': 0.05}"
Table A1 gates,tab:gates,default-do-V-R-U,rho_s rho_m c_s c_m m_s,0.376 | 0.452 | -0.179 | -0.083 | 2.29,0.376 | 0.452 | -0.179 | -0.083 | 2.295,yes,6000,DyF-ZTL-cal-V_s100_p0.0_R100_2bd36e4368;DyF-ZTL-cal-V_s101_p0.0_R100_c546a8b72b;DyF-ZTL-cal-V_s102_p0.0_R100_a89826349e,results_r02/calibration/gates_default-do-V-R-U.json,"calibration seeds [100, 101, 102]; quantiles {'strong': 0.005, 'mild': 0.05}"
Table A1 gates,tab:gates,default-nosmote-V-R-U,rho_s rho_m c_s c_m m_s,0.289 | 0.368 | -0.062 | 0.003 | 0.88,0.289 | 0.368 | -0.062 | 0.003 | 0.877,yes,6000,DyF-ZTL-cal-V_s100_p0.0_R100_9b6973c28f;DyF-ZTL-cal-V_s101_p0.0_R100_b3d3ff5626;DyF-ZTL-cal-V_s102_p0.0_R100_53be22149d,results_r02/calibration/gates_default-nosmote-V-R-U.json,"calibration seeds [100, 101, 102]; quantiles {'strong': 0.005, 'mild': 0.05}"
Table A1 gates,tab:gates,imbalanced-V-R-U,rho_s rho_m c_s c_m m_s,0.398 | 0.566 | -0.303 | -0.221 | 2.33,0.398 | 0.566 | -0.303 | -0.221 | 2.327,yes,6000,DyF-ZTL-cal-V_s100_p0.0_R100_b5d3133901;DyF-ZTL-cal-V_s101_p0.0_R100_e10d63fc9a;DyF-ZTL-cal-V_s102_p0.0_R100_a3ddfc5348,results_r02/calibration/gates_imbalanced-V-R-U.json,"calibration seeds [100, 101, 102]; quantiles {'strong': 0.005, 'mild': 0.05}"
Table A1 gates,tab:gates,missing2-V-R-U,rho_s rho_m c_s c_m m_s,0.426 | 0.526 | -0.290 | -0.208 | 2.16,0.426 | 0.526 | -0.290 | -0.208 | 2.164,yes,6000,DyF-ZTL-cal-V_s100_p0.0_R100_6e0405b755;DyF-ZTL-cal-V_s101_p0.0_R100_dec6aedc58;DyF-ZTL-cal-V_s102_p0.0_R100_3e81eea208,results_r02/calibration/gates_missing2-V-R-U.json,"calibration seeds [100, 101, 102]; quantiles {'strong': 0.005, 'mild': 0.05}"
Table A1 gates,tab:gates,mlp-V-R-U,rho_s rho_m c_s c_m m_s,0.345 | 0.485 | -0.211 | -0.084 | 1.80,0.345 | 0.485 | -0.211 | -0.084 | 1.803,yes,6000,DeepTrust-cal-V_s100_p0.0_R100_6249b54b31;DeepTrust-cal-V_s101_p0.0_R100_4417dbbe99;DeepTrust-cal-V_s102_p0.0_R100_2e14b9ae02,results_r02/calibration/gates_mlp-V-R-U.json,"calibration seeds [100, 101, 102]; quantiles {'strong': 0.005, 'mild': 0.05}"
Table A1 gates,tab:gates,shifted-V-R-U,rho_s rho_m c_s c_m m_s,0.292 | 0.383 | -0.460 | -0.279 | 3.78,0.292 | 0.383 | -0.460 | -0.279 | 3.776,yes,6000,DyF-ZTL-cal-V_s100_p0.0_R100_7b7b8468f4;DyF-ZTL-cal-V_s101_p0.0_R100_7182d7c92e;DyF-ZTL-cal-V_s102_p0.0_R100_a6c50df749,results_r02/calibration/gates_shifted-V-R-U.json,"calibration seeds [100, 101, 102]; quantiles {'strong': 0.005, 'mild': 0.05}"
Table A1 gates,tab:gates,size100-V-R-U,rho_s rho_m c_s c_m m_s,0.329 | 0.471 | -0.296 | -0.206 | 8.99,0.329 | 0.471 | -0.296 | -0.206 | 8.988,yes,6000,DyF-ZTL-cal-V_s100_p0.0_R100_99b5a38acf;DyF-ZTL-cal-V_s101_p0.0_R100_5fab36e060;DyF-ZTL-cal-V_s102_p0.0_R100_0655171749,results_r02/calibration/gates_size100-V-R-U.json,"calibration seeds [100, 101, 102]; quantiles {'strong': 0.005, 'mild': 0.05}"
Table A1 gates,tab:gates,size1200-V-R-U,rho_s rho_m c_s c_m m_s,0.353 | 0.473 | -0.261 | -0.127 | 4.14,0.353 | 0.473 | -0.261 | -0.127 | 4.137,yes,6000,DyF-ZTL-cal-V_s100_p0.0_R100_26ae15e835;DyF-ZTL-cal-V_s101_p0.0_R100_dc058c3caf;DyF-ZTL-cal-V_s102_p0.0_R100_932f6c5a73,results_r02/calibration/gates_size1200-V-R-U.json,"calibration seeds [100, 101, 102]; quantiles {'strong': 0.005, 'mild': 0.05}"
Table A1 gates,tab:gates,size300-V-R-U,rho_s rho_m c_s c_m m_s,0.367 | 0.462 | -0.277 | -0.154 | 7.94,0.367 | 0.462 | -0.277 | -0.154 | 7.943,yes,6000,DyF-ZTL-cal-V_s100_p0.0_R100_961d19043b;DyF-ZTL-cal-V_s101_p0.0_R100_c9e82bdcd1;DyF-ZTL-cal-V_s102_p0.0_R100_08b9f4879d,results_r02/calibration/gates_size300-V-R-U.json,"calibration seeds [100, 101, 102]; quantiles {'strong': 0.005, 'mild': 0.05}"
Fig. 4 convergence,fig:convergence,validation curves,"Accuracy, F1 per round",mean ± SD over seeds,,pipeline,60,DyF-ZTL-V_s0_p0.0_R100_80bf0e9a50;DyF-ZTL-V_s1_p0.0_R100_749ae4dd2f;DyF-ZTL-V_s2_p0.0_R100_51acb3fbbb;DyF-ZTL-V_s3_p0.0_R100_c5ab1537e6;DyF-ZTL-V_s4_p0.0_R100_637d44f118;DyF-ZTL-V_s5_p0.0_R100_5b42d47528;DyF-ZTL-V_s6_p0.0_R100_4647357bee;DyF-ZTL-V_s7_p0.0_R100_42bec17b54;DyF-ZTL-V_s8_p0.0_R100_360545a5f2;DyF-ZTL-V_s9_p0.0_R100_c38dc802e2;FedAvg_s0_p0.0_R100_ea8bac71c4;FedAvg_s1_p0.0_R100_5583fb0784;FedAvg_s2_p0.0_R100_d7cc5424da;FedAvg_s3_p0.0_R100_20033be89f;FedAvg_s4_p0.0_R100_76afbd23ee;FedAvg_s5_p0.0_R100_b38c34ec9f;FedAvg_s6_p0.0_R100_787f6a9497;FedAvg_s7_p0.0_R100_d659c9a50d;FedAvg_s8_p0.0_R100_5af931b1a8;FedAvg_s9_p0.0_R100_b46cc80f55;FedProx-U_s0_p0.0_R100_754283dd0f;FedProx-U_s1_p0.0_R100_a53a4bd3cd;FedProx-U_s2_p0.0_R100_50a4bbc3f7;FedProx-U_s3_p0.0_R100_5ae157cc3e;FedProx-U_s4_p0.0_R100_7dff7d392c;FedProx-U_s5_p0.0_R100_cf679ffaca;FedProx-U_s6_p0.0_R100_d7e5ccb0c5;FedProx-U_s7_p0.0_R100_dab03a978c;FedProx-U_s8_p0.0_R100_38ecdf5292;FedProx-U_s9_p0.0_R100_32d6358bc5;FedProx_s0_p0.0_R100_d2f48b4d2d;FedProx_s1_p0.0_R100_ea761b5b31;FedProx_s2_p0.0_R100_a9e66fb6e3;FedProx_s3_p0.0_R100_35289c22c3;FedProx_s4_p0.0_R100_d0b0d7a309;FedProx_s5_p0.0_R100_462c834450;FedProx_s6_p0.0_R100_4747fef7d5;FedProx_s7_p0.0_R100_dd6d660b9d;FedProx_s8_p0.0_R100_fa1dee6c4c;FedProx_s9_p0.0_R100_d39703bf46;SCAFFOLD2-SGD05_s0_p0.0_R100_97159d895b;SCAFFOLD2-SGD05_s1_p0.0_R100_120cffedd7;SCAFFOLD2-SGD05_s2_p0.0_R100_b4a63a5e36;SCAFFOLD2-SGD05_s3_p0.0_R100_39ab852c64;SCAFFOLD2-SGD05_s4_p0.0_R100_4e249d164e;SCAFFOLD2-SGD05_s5_p0.0_R100_6a6eaa02af;SCAFFOLD2-SGD05_s6_p0.0_R100_e5e7ecfc23;SCAFFOLD2-SGD05_s7_p0.0_R100_ad9f553018;SCAFFOLD2-SGD05_s8_p0.0_R100_33f48f5f9a;SCAFFOLD2-SGD05_s9_p0.0_R100_6731923dbb;ServerOnly_s0_p0.0_R100_e5d41fc54f;ServerOnly_s1_p0.0_R100_a9b4ae553a;ServerOnly_s2_p0.0_R100_c5b9cae6e6;ServerOnly_s3_p0.0_R100_fbf83f1f03;ServerOnly_s4_p0.0_R100_b312466574;ServerOnly_s5_p0.0_R100_88cb63e806;ServerOnly_s6_p0.0_R100_33854e387f;ServerOnly_s7_p0.0_R100_0c9500ca56;ServerOnly_s8_p0.0_R100_f5e99ad1e9;ServerOnly_s9_p0.0_R100_8ccbfc7a48,results_r02/agg_ablation/val_FedProx-U_s0_p0.0_R100_754283dd0f.csv;results_r02/agg_ablation/val_FedProx-U_s1_p0.0_R100_a53a4bd3cd.csv;results_r02/agg_ablation/val_FedProx-U_s2_p0.0_R100_50a4bbc3f7.csv;results_r02/agg_ablation/val_FedProx-U_s3_p0.0_R100_5ae157cc3e.csv;results_r02/agg_ablation/val_FedProx-U_s4_p0.0_R100_7dff7d392c.csv;results_r02/agg_ablation/val_FedProx-U_s5_p0.0_R100_cf679ffaca.csv;results_r02/agg_ablation/val_FedProx-U_s6_p0.0_R100_d7e5ccb0c5.csv;results_r02/agg_ablation/val_FedProx-U_s7_p0.0_R100_dab03a978c.csv;results_r02/agg_ablation/val_FedProx-U_s8_p0.0_R100_38ecdf5292.csv;results_r02/agg_ablation/val_FedProx-U_s9_p0.0_R100_32d6358bc5.csv;results_r02/main/val_DyF-ZTL-V_s0_p0.0_R100_80bf0e9a50.csv;results_r02/main/val_DyF-ZTL-V_s1_p0.0_R100_749ae4dd2f.csv;results_r02/main/val_DyF-ZTL-V_s2_p0.0_R100_51acb3fbbb.csv;results_r02/main/val_DyF-ZTL-V_s3_p0.0_R100_c5ab1537e6.csv;results_r02/main/val_DyF-ZTL-V_s4_p0.0_R100_637d44f118.csv;results_r02/main/val_DyF-ZTL-V_s5_p0.0_R100_5b42d47528.csv;results_r02/main/val_DyF-ZTL-V_s6_p0.0_R100_4647357bee.csv;results_r02/main/val_DyF-ZTL-V_s7_p0.0_R100_42bec17b54.csv;results_r02/main/val_DyF-ZTL-V_s8_p0.0_R100_360545a5f2.csv;results_r02/main/val_DyF-ZTL-V_s9_p0.0_R100_c38dc802e2.csv;results_r02/main/val_FedAvg_s0_p0.0_R100_ea8bac71c4.csv;results_r02/main/val_FedAvg_s1_p0.0_R100_5583fb0784.csv;results_r02/main/val_FedAvg_s2_p0.0_R100_d7cc5424da.csv;results_r02/main/val_FedAvg_s3_p0.0_R100_20033be89f.csv;results_r02/main/val_FedAvg_s4_p0.0_R100_76afbd23ee.csv;results_r02/main/val_FedAvg_s5_p0.0_R100_b38c34ec9f.csv;results_r02/main/val_FedAvg_s6_p0.0_R100_787f6a9497.csv;results_r02/main/val_FedAvg_s7_p0.0_R100_d659c9a50d.csv;results_r02/main/val_FedAvg_s8_p0.0_R100_5af931b1a8.csv;results_r02/main/val_FedAvg_s9_p0.0_R100_b46cc80f55.csv;results_r02/main/val_FedProx_s0_p0.0_R100_d2f48b4d2d.csv;results_r02/main/val_FedProx_s1_p0.0_R100_ea761b5b31.csv;results_r02/main/val_FedProx_s2_p0.0_R100_a9e66fb6e3.csv;results_r02/main/val_FedProx_s3_p0.0_R100_35289c22c3.csv;results_r02/main/val_FedProx_s4_p0.0_R100_d0b0d7a309.csv;results_r02/main/val_FedProx_s5_p0.0_R100_462c834450.csv;results_r02/main/val_FedProx_s6_p0.0_R100_4747fef7d5.csv;results_r02/main/val_FedProx_s7_p0.0_R100_dd6d660b9d.csv;results_r02/main/val_FedProx_s8_p0.0_R100_fa1dee6c4c.csv;results_r02/main/val_FedProx_s9_p0.0_R100_d39703bf46.csv;results_r02/main/val_SCAFFOLD2-SGD05_s0_p0.0_R100_97159d895b.csv;results_r02/main/val_SCAFFOLD2-SGD05_s1_p0.0_R100_120cffedd7.csv;results_r02/main/val_SCAFFOLD2-SGD05_s2_p0.0_R100_b4a63a5e36.csv;results_r02/main/val_SCAFFOLD2-SGD05_s3_p0.0_R100_39ab852c64.csv;results_r02/main/val_SCAFFOLD2-SGD05_s4_p0.0_R100_4e249d164e.csv;results_r02/main/val_SCAFFOLD2-SGD05_s5_p0.0_R100_6a6eaa02af.csv;results_r02/main/val_SCAFFOLD2-SGD05_s6_p0.0_R100_e5e7ecfc23.csv;results_r02/main/val_SCAFFOLD2-SGD05_s7_p0.0_R100_ad9f553018.csv;results_r02/main/val_SCAFFOLD2-SGD05_s8_p0.0_R100_33f48f5f9a.csv;results_r02/main/val_SCAFFOLD2-SGD05_s9_p0.0_R100_6731923dbb.csv;results_r02/main/val_ServerOnly_s0_p0.0_R100_e5d41fc54f.csv;results_r02/main/val_ServerOnly_s1_p0.0_R100_a9b4ae553a.csv;results_r02/main/val_ServerOnly_s2_p0.0_R100_c5b9cae6e6.csv;results_r02/main/val_ServerOnly_s3_p0.0_R100_fbf83f1f03.csv;results_r02/main/val_ServerOnly_s4_p0.0_R100_b312466574.csv;results_r02/main/val_ServerOnly_s5_p0.0_R100_88cb63e806.csv;results_r02/main/val_ServerOnly_s6_p0.0_R100_33854e387f.csv;results_r02/main/val_ServerOnly_s7_p0.0_R100_0c9500ca56.csv;results_r02/main/val_ServerOnly_s8_p0.0_R100_f5e99ad1e9.csv;results_r02/main/val_ServerOnly_s9_p0.0_R100_8ccbfc7a48.csv,val_*.csv per run
Fig. 6 cyclic,fig:cyclic,all series,same cells as Table 9 / B2,see tab:cyclic rows,,yes,,,,identical selectors to the table
Fig. 7 admission,fig:admission,all series,same source as Table 11,see tab:admission rows,,pipeline,,,results_r02/analysis/admission_runs.csv,
Fig. 8 dynamics,fig:dynamics,"seed 4, 40% attackers","trust trajectories, admitted per round",one run,,yes,1,DyF-ZTL-V_s4_p0.4_R100_f908bf4b7f,results_r02/cyclic/trust_DyF-ZTL-V_s4_p0.4_R100_f908bf4b7f.csv;results_r02/cyclic/decisions_DyF-ZTL-V_s4_p0.4_R100_f908bf4b7f.csv;results_r02/partitions/random_a0.5_smote_s4.json,
Fig. 9 attacks,fig:attacks,ratio 0.4 series,same cells as Table 12,see tab:attacks rows,,yes,,,,
Fig. 5 confusion,fig:confusion,seed 4,confusion matrices,counts,,yes,3,DyF-ZTL-V_s4_p0.0_R100_637d44f118;FedProx-U_s4_p0.0_R100_7dff7d392c;SCAFFOLD2-SGD05_s4_p0.0_R100_4e249d164e,results_r02/agg_ablation/cm_FedProx-U_s4_p0.0_R100_7dff7d392c.csv;results_r02/main/cm_DyF-ZTL-V_s4_p0.0_R100_637d44f118.csv;results_r02/main/cm_SCAFFOLD2-SGD05_s4_p0.0_R100_4e249d164e.csv,cm_*.csv per run
Fig. 10 trusted set,fig:trusted_set,all series,same cells as Table 14,see tab:trusted_set rows,,yes,,,,
Fig. 11 server-only,fig:server_only,all series,same cells as Table 16,see tab:server_only rows,,yes,,,,
Fig. 12 heterogeneity,fig:heterogeneity,all series,same cells as Table 17,see tab:heterogeneity rows,,yes,,,,
Fig. 13 drift,fig:drift,all series,same cells as Table 18,see tab:drift rows,,yes,,,,
Fig. 14 membership,fig:membership,seed 4 global model,"memberships, consequent weights",model parameters,,yes,1,DyF-ZTL-V_s4_p0.0_R100_637d44f118,results_r02/main/global_DyF-ZTL-V_s4_p0.0_R100_637d44f118.pt,scaler from src/preprocessing.load_and_process_data(seed 4)
Fig. 15 sensitivity,fig:sensitivity,all series,same cells as Table 20,see tab:sensitivity rows,,yes,,,,
Fig. 16 systems,fig:systems,all panels,same source as Table 21,see tab:systems rows,,yes,,,results_r02/systems/summary.csv,
Text §5.1,sec:preprocessing,cleaning and splits,statement,"35,201 records; 24,640 / 5,280 / 5,281",,pipeline,,,results_r02/audit/data_audit.csv;results_r02/audit/split_report.md,audit/data_audit.py
Text §6.11,sec:temporal,temporal audit,statement,timestamp AUC 0.943; 9/15 counters Spearman 0.60-0.81; 15/15 late-normal closer to attack,,pipeline,,,results_r02/audit/drift_audit.md;results_r02/audit/drift_audit.csv,audit/drift_audit.py
Text §6.15,sec:reproducibility,duplicate runs,statement,65/65 identical,"65/65 (method, seed, first, second, accuracy_first, accuracy_second, identical)",yes,,,results_r02/analysis/reviewer/R1.8_duplicate_runs.csv,reviewer_evidence.py R1.8 (configurations executed twice)
Text §4.1 / §6.12,sec:dfnn,numerical check,statement,"complete underflow 0.15% at initialisation, 0% after training",,pipeline,,,results_r02/fuzzy_diagnostics/f01_numerics.txt,audit/fuzzy_numerics.py
Text §6.12,sec:interpretability,constrained vs Round-1 fuzzy layer,statement,95.0±1.8 vs 95.2±1.7 (3 seeds),95.0±1.8 vs 95.2±1.7,yes,3,FuzzyNoTrust_s0_p0.0_R100_cd588992be;FuzzyNoTrust_s1_p0.0_R100_dd2f1e3be8;FuzzyNoTrust_s2_p0.0_R100_ee636a6f79|FuzzyNoTrust-legacy_s0_p0.0_R100_7cc90f0eec;FuzzyNoTrust-legacy_s1_p0.0_R100_233f7155f1;FuzzyNoTrust-legacy_s2_p0.0_R100_e23c2d39ad,results_r02/regression/final_FuzzyNoTrust_s0_p0.0_R100_cd588992be.json;results_r02/regression/final_FuzzyNoTrust_s1_p0.0_R100_dd2f1e3be8.json;results_r02/regression/final_FuzzyNoTrust_s2_p0.0_R100_ee636a6f79.json;results_r02/regression/final_FuzzyNoTrust-legacy_s0_p0.0_R100_7cc90f0eec.json;results_r02/regression/final_FuzzyNoTrust-legacy_s1_p0.0_R100_233f7155f1.json;results_r02/regression/final_FuzzyNoTrust-legacy_s2_p0.0_R100_e23c2d39ad.json,
Text §6.12,sec:interpretability,rule stability,statement,2.35 standardised units; 41% same consequent,2.35; 41%,yes,45,,results_r02/fuzzy_diagnostics/rule_stability_main_DyF-ZTL-V.csv,Hungarian matching of rule centres between seeds (audit/fuzzy_rules.py)
Text §6.12,sec:interpretability,client variation,statement,Spearman 0.65 over 200 client models,0.65 over 200,yes,200,,results_r02/fuzzy_diagnostics/client_variation_main_DyF-ZTL-V.csv,
Text §4.4 / §5.2,sec:engine_evolution,horizon,statement,horizon rule reached the 100-round cap,"{""rounds"": 100, ""forced"": false}",yes,,,results_r02/calibration/horizon.json,audit/choose_*.py
Text §4.4 / §5.2,sec:engine_evolution,scaffold,statement,"SCAFFOLD solver = option II, SGD 0.05","{""method"": ""SCAFFOLD2-SGD05""}",yes,,,results_r02/calibration/scaffold.json,audit/choose_*.py
Text §4.4 / §5.2,sec:engine_evolution,anchor,statement,"v2.1 pilot C1 false, C2 true, C3 true","{""C1"": false, ""C2"": true, ""C3"": true, ""decision"": ""keep v2""}",yes,,,results_r02/calibration/anchor.json,audit/choose_*.py
Text §4.4 / §5.2,sec:engine_evolution,agg_variant,statement,variant V adopted by rule D1-D3,"{""decision"": ""adopt DyF-ZTL-RV"", ""passing"": [""DyF-ZTL-RV""]}",yes,,,results_r02/calibration/agg_variant.json,audit/choose_*.py
Text §5.4,sec:threat_model,backdoor trigger,statement,"Process_Virtual_Bytes +1σ, Memory System Driver Resident Bytes -1σ; clean ASR 0.0-0.1%","{""features"": [6, 9], ""values"": [1.0, -1.0]}",yes,,,results_r02/calibration/trigger.json,audit/trigger_design.py
Text §4.2.2,sec:calibration,default gates,statement,"0.5% / 5% / 99.5% quantiles of 6,000 honest client-rounds, seeds 100-102","{""quantiles"": {""strong"": 0.005, ""mild"": 0.05}, ""n_client_rounds"": 6000, ""seeds"": [100, 101, 102]}",yes,6000,DyF-ZTL-cal-V_s100_p0.0_R100_497e736ebd;DyF-ZTL-cal-V_s101_p0.0_R100_14f698fd17;DyF-ZTL-cal-V_s102_p0.0_R100_a2ba9b6b89,results_r02/calibration/gates_default-V-R-U.json,
Text §6.1,sec:clean,"honest rejection, clean",statement,"11.3±3.1%, 17.8 episodes/run, rehabilitation 7.4 rounds, 62% from normal-dominated clients","11.3±3.1, 17.8, 7.4, 62%",pipeline,10,DyF-ZTL-V_s0_p0.0_R100_80bf0e9a50;DyF-ZTL-V_s1_p0.0_R100_749ae4dd2f;DyF-ZTL-V_s2_p0.0_R100_51acb3fbbb;DyF-ZTL-V_s3_p0.0_R100_c5ab1537e6;DyF-ZTL-V_s4_p0.0_R100_637d44f118;DyF-ZTL-V_s5_p0.0_R100_5b42d47528;DyF-ZTL-V_s6_p0.0_R100_4647357bee;DyF-ZTL-V_s7_p0.0_R100_42bec17b54;DyF-ZTL-V_s8_p0.0_R100_360545a5f2;DyF-ZTL-V_s9_p0.0_R100_c38dc802e2,results_r02/analysis/reviewer/R1.2_honest_exclusion_clean.csv;results_r02/analysis/reviewer/R1.2_evidence_reasons_clean.csv,reviewer_evidence.py R1.2 from decisions_*.csv
Text §6.5,sec:threats,adaptive_flip 0.4,statement,adaptive attackers mostly admitted (3-5% rejected),"malicious_rejection nan%, time_to_exclusion nan",pipeline,0,,results_r02/analysis/reviewer/R1.3_R1.4_admission_per_run.csv,mean over seeds of the per-run admission metrics
Text §6.5,sec:threats,adaptive_backdoor 0.4,statement,adaptive attackers mostly admitted (3-5% rejected),"malicious_rejection nan%, time_to_exclusion nan",pipeline,0,,results_r02/analysis/reviewer/R1.3_R1.4_admission_per_run.csv,mean over seeds of the per-run admission metrics
Text §6.5,sec:threats,backdoor 0.4,statement,unboosted backdoor: 4% of attacker updates rejected at 0.4,"malicious_rejection nan%, time_to_exclusion nan",pipeline,0,,results_r02/analysis/reviewer/R1.3_R1.4_admission_per_run.csv,mean over seeds of the per-run admission metrics
Text §6.5,sec:threats,cyclic_flip/sleeper 0.4,statement,sleeper excluded within ~1 round,"malicious_rejection nan%, time_to_exclusion nan",pipeline,0,,results_r02/analysis/reviewer/R1.3_R1.4_admission_per_run.csv,mean over seeds of the per-run admission metrics
Text §6.5,sec:threats,cyclic_flip/rotating 0.4,statement,rotating attackers excluded within 0.1-0.2 rounds,"malicious_rejection nan%, time_to_exclusion nan",pipeline,0,,results_r02/analysis/reviewer/R1.3_R1.4_admission_per_run.csv,mean over seeds of the per-run admission metrics
Text §6.5,sec:threats,backdoor_boost 0.4,statement,"boosted backdoor: 100% rejected, exclusion at round 0","malicious_rejection nan%, time_to_exclusion nan",pipeline,0,,results_r02/analysis/reviewer/R1.3_R1.4_admission_per_run.csv,mean over seeds of the per-run admission metrics
Text §6.5,sec:threats,targeted-flip and boosted-backdoor runs give bit-identical models,statement,identical global models per seed,identical test accuracy per seed,yes,5,DyF-ZTL-V_s0_p0.4_R100_299eb8d982;DyF-ZTL-V_s1_p0.4_R100_30e825511a;DyF-ZTL-V_s2_p0.4_R100_7ba2066474;DyF-ZTL-V_s3_p0.4_R100_db91ea58a2;DyF-ZTL-V_s4_p0.4_R100_e59b77580e|DyF-ZTL-V_s0_p0.4_R100_77ef919e08;DyF-ZTL-V_s1_p0.4_R100_6cdedee99f;DyF-ZTL-V_s2_p0.4_R100_a9dc4fe049;DyF-ZTL-V_s3_p0.4_R100_527172babf;DyF-ZTL-V_s4_p0.4_R100_4be5592645,results_r02/attacks/final_DyF-ZTL-V_s0_p0.4_R100_299eb8d982.json;results_r02/attacks/final_DyF-ZTL-V_s1_p0.4_R100_30e825511a.json;results_r02/attacks/final_DyF-ZTL-V_s2_p0.4_R100_7ba2066474.json;results_r02/attacks/final_DyF-ZTL-V_s3_p0.4_R100_db91ea58a2.json;results_r02/attacks/final_DyF-ZTL-V_s4_p0.4_R100_e59b77580e.json;results_r02/attacks/final_DyF-ZTL-V_s0_p0.4_R100_77ef919e08.json;results_r02/attacks/final_DyF-ZTL-V_s1_p0.4_R100_6cdedee99f.json;results_r02/attacks/final_DyF-ZTL-V_s2_p0.4_R100_a9dc4fe049.json;results_r02/attacks/final_DyF-ZTL-V_s3_p0.4_R100_527172babf.json;results_r02/attacks/final_DyF-ZTL-V_s4_p0.4_R100_4be5592645.json,protocol §6c.25: max |difference| of the state dicts = 0 (seed 0 checked tensor-wise)
Text §6.14,sec:systems,peak memory and inference latency,statement,"server 0.68 GB, client 0.61 GB; inference 0.10 ms (p95 0.29)","server 0.68 GB, client 0.61 GB; 0.10 ms (p95 0.29)",yes,24,,results_r02/systems/K10_T5280_d0.0_j0_s0.json;results_r02/systems/K10_T5280_d0.0_j0_s1.json;results_r02/systems/K10_T5280_d0.0_j0_s2.json;results_r02/systems/K20_T1200_d0.0_j0_s0.json;results_r02/systems/K20_T1200_d0.0_j0_s1.json;results_r02/systems/K20_T1200_d0.0_j0_s2.json;results_r02/systems/K20_T300_d0.0_j0_s0.json;results_r02/systems/K20_T300_d0.0_j0_s1.json;results_r02/systems/K20_T300_d0.0_j0_s2.json;results_r02/systems/K20_T5280_d0.0_j0_s0.json;results_r02/systems/K20_T5280_d0.0_j0_s1.json;results_r02/systems/K20_T5280_d0.0_j0_s2.json;results_r02/systems/K20_T5280_d0.0_j10_s0.json;results_r02/systems/K20_T5280_d0.0_j10_s1.json;results_r02/systems/K20_T5280_d0.0_j10_s2.json;results_r02/systems/K20_T5280_d0.1_j0_s0.json;results_r02/systems/K20_T5280_d0.1_j0_s1.json;results_r02/systems/K20_T5280_d0.1_j0_s2.json;results_r02/systems/K20_T5280_d0.3_j0_s0.json;results_r02/systems/K20_T5280_d0.3_j0_s1.json;results_r02/systems/K20_T5280_d0.3_j0_s2.json;results_r02/systems/K40_T5280_d0.0_j0_s0.json;results_r02/systems/K40_T5280_d0.0_j0_s1.json;results_r02/systems/K40_T5280_d0.0_j0_s2.json,medians over the 24 emulation runs
Text (letter),completeness,evaluation runs,statement,"3,649 evaluation runs; 20/21 presets complete",3354 rows in the run table; finished 3042,pipeline,,,results_r02/analysis/completeness.csv,scaffold_check (35) intentionally not run
