exp,method,seed,ratio,attack,schedule,participation,trust_condition,trust_val_size,gate_set,trust_params,malicious_rejection,honest_rejection,precision_reject,mean_admitted,empty_rounds,recall_reject,malicious_weight_share,time_to_exclusion,attackers_never_excluded,honest_exclusion_episodes,time_to_rehabilitation,episodes_never_rehabilitated
agg_v21,DyF-ZTL-R-W,0,0.2,cyclic_flip,,,,,default-R,"{""functional_ref"": ""reference""}",0.9275,0.0675,0.7745302713987474,15.21,0,0.9275,0.004092238386828856,0.0,0,28,3.857142857142857,0
agg_v21,DyF-ZTL-R-W,0,0.4,cyclic_flip,,,,,default-R,"{""functional_ref"": ""reference""}",0.98875,0.057499999999999996,0.9197674418604651,11.4,0,0.98875,0.0019920284938941585,0.0,0,12,5.75,0
agg_v21,DyF-ZTL-R-W,0,0.6,cyclic_flip,,,,,default-R,"{""functional_ref"": ""reference""}",0.9766666666666667,0.13875000000000004,0.9134840218238504,7.17,0,0.9766666666666667,0.01131314694755653,0.0,0,27,4.111111111111111,0
agg_v21,DyF-ZTL-R-W,0,0.8,cyclic_flip,,,,,default-R,"{""functional_ref"": ""reference""}",0.9525,0.0,1.0,4.76,0,0.9525,0.06663083641249576,0.0,0,0,,0
agg_v21,DyF-ZTL-R-W,1,0.2,cyclic_flip,,,,,default-R,"{""functional_ref"": ""reference""}",1.0,0.06499999999999995,0.7936507936507936,14.96,0,1.0,0.0,0.0,0,32,3.193548387096774,1
agg_v21,DyF-ZTL-R-W,1,0.4,cyclic_flip,,,,,default-R,"{""functional_ref"": ""reference""}",1.0,0.12916666666666665,0.837696335078534,10.45,0,1.0,0.0,0.0,0,37,2.8,2
agg_v21,DyF-ZTL-R-W,1,0.6,cyclic_flip,,,,,default-R,"{""functional_ref"": ""reference""}",1.0,0.04125000000000001,0.9732360097323601,7.67,0,1.0,0.0,0.0,0,8,4.125,0
agg_v21,DyF-ZTL-R-W,1,0.8,cyclic_flip,,,,,default-R,"{""functional_ref"": ""reference""}",0.980625,0.12,0.9703153988868275,3.83,0,0.980625,0.021304749249414435,0.0,0,14,3.230769230769231,1
agg_v21,DyF-ZTL-R-W,2,0.2,cyclic_flip,,,,,default-R,"{""functional_ref"": ""reference""}",1.0,0.15812499999999996,0.6125574272588055,13.47,0,1.0,0.0,0.0,0,4,27.5,2
agg_v21,DyF-ZTL-R-W,2,0.4,cyclic_flip,,,,,default-R,"{""functional_ref"": ""reference""}",1.0,0.16416666666666668,0.802407221664995,10.03,0,1.0,0.0,0.0,0,2,,2
agg_v21,DyF-ZTL-R-W,2,0.6,cyclic_flip,,,,,default-R,"{""functional_ref"": ""reference""}",1.0,0.12624999999999997,0.9223674096848578,6.99,0,1.0,0.0,0.0,0,2,1.0,1
agg_v21,DyF-ZTL-R-W,2,0.8,cyclic_flip,,,,,default-R,"{""functional_ref"": ""reference""}",1.0,0.25249999999999995,0.940623162845385,2.99,0,1.0,0.0,0.0,0,2,1.0,1
agg_v21,DyF-ZTL-R-W,3,0.2,cyclic_flip,,,,,default-R,"{""functional_ref"": ""reference""}",1.0,0.0675,0.7874015748031497,14.92,0,1.0,0.0,0.0,0,4,2.6666666666666665,1
agg_v21,DyF-ZTL-R-W,3,0.4,cyclic_flip,,,,,default-R,"{""functional_ref"": ""reference""}",1.0,0.10166666666666668,0.8676789587852495,10.78,0,1.0,0.0,0.0,0,4,7.333333333333333,1
agg_v21,DyF-ZTL-R-W,3,0.6,cyclic_flip,,,,,default-R,"{""functional_ref"": ""reference""}",0.9691666666666666,0.15125,0.9057632398753894,7.16,0,0.9691666666666666,0.016826461189911223,0.0,0,5,5.25,1
agg_v21,DyF-ZTL-R-W,3,0.8,cyclic_flip,,,,,default-R,"{""functional_ref"": ""reference""}",0.991875,0.13749999999999996,0.9665042630937881,3.58,0,0.991875,0.01299689900426742,0.0,0,9,6.111111111111111,0
agg_v21,DyF-ZTL-R-W,4,0.2,cyclic_flip,,,,,default-R,"{""functional_ref"": ""reference""}",0.9775,0.07750000000000001,0.7592233009708738,14.85,0,0.9775,0.0008487802737082406,0.0,0,32,3.8275862068965516,3
agg_v21,DyF-ZTL-R-W,4,0.4,cyclic_flip,,,,,default-R,"{""functional_ref"": ""reference""}",0.9775,0.10999999999999999,0.8555798687089715,10.86,0,0.9775,0.003040570661723343,0.0,0,20,5.352941176470588,3
agg_v21,DyF-ZTL-R-W,4,0.6,cyclic_flip,,,,,default-R,"{""functional_ref"": ""reference""}",0.9816666666666667,0.04500000000000004,0.9703459637561779,7.86,0,0.9816666666666667,0.004596983674329674,0.0,0,8,4.5,0
agg_v21,DyF-ZTL-R-W,4,0.8,cyclic_flip,,,,,default-R,"{""functional_ref"": ""reference""}",0.9975,0.13249999999999995,0.9678593086719224,3.51,0,0.9975,0.001947101857062464,0.0,0,11,4.818181818181818,0
agg_v22,DyF-ZTL-V-W,0,0.2,cyclic_flip,,,,,default-V-R,"{""functional_ref"": ""reference""}",0.7875,0.06812499999999999,0.7429245283018868,15.76,0,0.7875,0.012163743475382476,0.0,0,18,6.5625,2
agg_v22,DyF-ZTL-V-W,0,0.4,cyclic_flip,,,,,default-V-R,"{""functional_ref"": ""reference""}",0.95375,0.11250000000000004,0.8496659242761693,11.02,0,0.95375,0.008641062287392233,0.0,0,17,4.125,1
agg_v22,DyF-ZTL-V-W,0,0.6,cyclic_flip,,,,,default-V-R,"{""functional_ref"": ""reference""}",0.9691666666666666,0.022499999999999964,0.9847586790855207,8.19,0,0.9691666666666666,0.011988826815642442,0.0,0,1,18.0,0
agg_v22,DyF-ZTL-V-W,0,0.8,cyclic_flip,,,,,default-V-R,"{""functional_ref"": ""reference""}",0.9475,0.0,1.0,4.84,0,0.9475,0.07364460866644268,0.0,0,0,,0
agg_v22,DyF-ZTL-V-W,1,0.2,cyclic_flip,,,,,default-V-R,"{""functional_ref"": ""reference""}",1.0,0.03249999999999997,0.8849557522123894,15.48,0,1.0,0.0,0.0,0,12,3.0,3
agg_v22,DyF-ZTL-V-W,1,0.4,cyclic_flip,,,,,default-V-R,"{""functional_ref"": ""reference""}",1.0,0.09750000000000003,0.8724100327153762,10.83,0,1.0,0.0,0.0,0,23,4.25,3
agg_v22,DyF-ZTL-V-W,1,0.6,cyclic_flip,,,,,default-V-R,"{""functional_ref"": ""reference""}",1.0,0.06874999999999998,0.9561752988047809,7.45,0,1.0,0.0,0.0,0,12,4.7272727272727275,1
agg_v22,DyF-ZTL-V-W,1,0.8,cyclic_flip,,,,,default-V-R,"{""functional_ref"": ""reference""}",1.0,0.48250000000000004,0.8923591745677635,2.07,37,1.0,0.0,0.0,0,17,6.923076923076923,4
agg_v22,DyF-ZTL-V-W,2,0.2,cyclic_flip,,,,,default-V-R,"{""functional_ref"": ""reference""}",1.0,0.15749999999999997,0.6134969325153374,13.48,0,1.0,0.0,0.0,0,8,6.5,4
agg_v22,DyF-ZTL-V-W,2,0.4,cyclic_flip,,,,,default-V-R,"{""functional_ref"": ""reference""}",1.0,0.16833333333333333,0.7984031936127745,9.98,0,1.0,0.0,0.0,0,3,6.0,2
agg_v22,DyF-ZTL-V-W,2,0.6,cyclic_flip,,,,,default-V-R,"{""functional_ref"": ""reference""}",1.0,0.13249999999999995,0.9188361408882083,6.94,0,1.0,0.0,0.0,0,3,3.5,1
agg_v22,DyF-ZTL-V-W,2,0.8,cyclic_flip,,,,,default-V-R,"{""functional_ref"": ""reference""}",1.0,0.685,0.8537886872998933,1.26,42,1.0,0.0,0.0,0,25,7.095238095238095,4
agg_v22,DyF-ZTL-V-W,3,0.2,cyclic_flip,,,,,default-V-R,"{""functional_ref"": ""reference""}",1.0,0.10062499999999996,0.7130124777183601,14.39,0,1.0,0.0,0.0,0,4,27.0,2
agg_v22,DyF-ZTL-V-W,3,0.4,cyclic_flip,,,,,default-V-R,"{""functional_ref"": ""reference""}",1.0,0.20416666666666672,0.7655502392344498,9.55,0,1.0,0.0,0.0,0,24,5.105263157894737,5
agg_v22,DyF-ZTL-V-W,3,0.6,cyclic_flip,,,,,default-V-R,"{""functional_ref"": ""reference""}",0.9458333333333333,0.125,0.9190283400809717,7.65,0,0.9458333333333333,0.026814384934553973,0.0,0,2,1.0,1
agg_v22,DyF-ZTL-V-W,3,0.8,cyclic_flip,,,,,default-V-R,"{""functional_ref"": ""reference""}",1.0,0.14249999999999996,0.9656004828002414,3.43,0,1.0,0.0,0.0,0,18,1.875,2
agg_v22,DyF-ZTL-V-W,4,0.2,cyclic_flip,,,,,default-V-R,"{""functional_ref"": ""reference""}",1.0,0.10562499999999997,0.70298769771529,14.31,0,1.0,0.0,0.0,0,40,4.162162162162162,3
agg_v22,DyF-ZTL-V-W,4,0.4,cyclic_flip,,,,,default-V-R,"{""functional_ref"": ""reference""}",1.0,0.11583333333333334,0.8519701810436635,10.61,0,1.0,0.0,0.0,0,30,4.142857142857143,2
agg_v22,DyF-ZTL-V-W,4,0.6,cyclic_flip,,,,,default-V-R,"{""functional_ref"": ""reference""}",1.0,0.03500000000000003,0.9771986970684039,7.72,0,1.0,0.0,0.0,0,11,2.75,3
agg_v22,DyF-ZTL-V-W,4,0.8,cyclic_flip,,,,,default-V-R,"{""functional_ref"": ""reference""}",1.0,0.24250000000000005,0.9428403064230996,3.03,3,1.0,0.0,0.0,0,10,3.375,2
attacks,DyF-ZTL-F,0,0.2,backdoor_boost,,,,,default-U,"{""use_geometric"": false}",0.975,0.0,1.0,16.1,0,0.975,0.005176470588235294,2.5,0,0,,0
attacks,DyF-ZTL-F,0,0.2,adaptive_backdoor,,,,,default-U,"{""use_geometric"": false}",0.0,0.0,,20.0,0,0.0,0.19999999999999993,,4,0,,0
attacks,DyF-ZTL-F,0,0.2,backdoor,,,,,default-U,"{""use_geometric"": false}",0.0,0.0,,20.0,0,0.0,0.19999999999999993,,4,0,,0
attacks,DyF-ZTL-F,0,0.2,adaptive_flip,,,,,default-U,"{""use_geometric"": false}",0.0,0.0,,20.0,0,0.0,0.19999999999999993,,4,0,,0
attacks,DyF-ZTL-F,0,0.2,targeted_flip,,,,,default-U,"{""use_geometric"": false}",0.98,0.0,1.0,16.08,0,0.98,0.003999999999999999,2.0,0,0,,0
attacks,DyF-ZTL-F,0,0.4,backdoor_boost,,,,,default-U,"{""use_geometric"": false}",0.49624999999999997,0.004166666666666652,0.9875621890547264,15.98,0,0.49624999999999997,0.25067440660474716,18.8,3,1,,1
attacks,DyF-ZTL-F,0,0.4,backdoor,,,,,default-U,"{""use_geometric"": false}",0.0,0.0,,20.0,0,0.0,0.39999999999999986,,8,0,,0
attacks,DyF-ZTL-F,0,0.4,targeted_flip,,,,,default-U,"{""use_geometric"": false}",0.88,0.0,1.0,12.96,0,0.88,0.04799999999999999,12.0,0,0,,0
attacks,DyF-ZTL-F,0,0.4,adaptive_backdoor,,,,,default-U,"{""use_geometric"": false}",0.0,0.0,,20.0,0,0.0,0.39999999999999986,,8,0,,0
attacks,DyF-ZTL-F,0,0.4,adaptive_flip,,,,,default-U,"{""use_geometric"": false}",0.0,0.0,,20.0,0,0.0,0.39999999999999986,,8,0,,0
attacks,DyF-ZTL-F,1,0.2,targeted_flip,,,,,default-U,"{""use_geometric"": false}",0.97,0.0,1.0,16.12,0,0.97,0.005999999999999998,3.0,0,0,,0
attacks,DyF-ZTL-F,1,0.2,backdoor,,,,,default-U,"{""use_geometric"": false}",0.24250000000000005,0.0006249999999999867,0.9897959183673469,19.02,0,0.24250000000000005,0.15924561403508775,3.0,3,1,1.0,0
attacks,DyF-ZTL-F,1,0.4,backdoor,,,,,default-U,"{""use_geometric"": false}",0.12124999999999997,0.0033333333333332993,0.9603960396039604,18.99,0,0.12124999999999997,0.3701871345029241,3.0,7,2,2.0,0
attacks,DyF-ZTL-F,1,0.4,targeted_flip,,,,,default-U,"{""use_geometric"": false}",0.92,0.0,1.0,12.64,0,0.92,0.031999999999999994,8.0,0,0,,0
attacks,DyF-ZTL-G,0,0.2,targeted_flip,,,,,default-U,"{""use_functional"": false}",0.01749999999999996,0.003750000000000031,0.5384615384615384,19.87,0,0.01749999999999996,0.19763157894736844,80.0,3,3,2.0,0
attacks,DyF-ZTL-G,0,0.2,adaptive_flip,,,,,default-U,"{""use_functional"": false}",0.0,0.008125000000000049,0.0,19.87,0,0.0,0.20142896456828338,,4,7,2.0,3
attacks,DyF-ZTL-G,0,0.2,backdoor_boost,,,,,default-U,"{""use_functional"": false}",1.0,0.003750000000000031,0.9852216748768473,15.94,0,1.0,0.0,0.0,0,3,2.0,0
attacks,DyF-ZTL-G,0,0.2,adaptive_backdoor,,,,,default-U,"{""use_functional"": false}",0.0,0.016874999999999973,0.0,19.73,0,0.0,0.20284210526315785,,4,6,4.5,0
attacks,DyF-ZTL-G,0,0.2,backdoor,,,,,default-U,"{""use_functional"": false}",0.05500000000000005,0.015625,0.46808510638297873,19.53,0,0.05500000000000005,0.1931375988992088,74.0,3,12,2.1818181818181817,1
attacks,DyF-ZTL-G,0,0.4,backdoor,,,,,default-U,"{""use_functional"": false}",0.04874999999999996,0.0,1.0,19.61,0,0.04874999999999996,0.3876842105263158,28.0,7,0,,0
attacks,DyF-ZTL-G,0,0.4,adaptive_backdoor,,,,,default-U,"{""use_functional"": false}",0.011249999999999982,0.0,1.0,19.91,0,0.011249999999999982,0.397157894736842,79.0,7,0,,0
attacks,DyF-ZTL-G,0,0.4,backdoor_boost,,,,,default-U,"{""use_functional"": false}",0.875,0.0,1.0,13.0,0,0.875,0.0769230769230769,0.0,1,0,,0
attacks,DyF-ZTL-G,0,0.4,adaptive_flip,,,,,default-U,"{""use_functional"": false}",0.0,0.0,,20.0,0,0.0,0.39999999999999986,,8,0,,0
attacks,DyF-ZTL-G,0,0.4,targeted_flip,,,,,default-U,"{""use_functional"": false}",0.040000000000000036,0.005833333333333357,0.8205128205128205,19.61,0,0.040000000000000036,0.3910557275541795,59.666666666666664,5,2,3.5,0
attacks,DyF-ZTL-G,1,0.2,targeted_flip,,,,,default-U,"{""use_functional"": false}",0.0050000000000000044,0.022499999999999964,0.05263157894736842,19.62,0,0.0050000000000000044,0.20294461644306838,95.0,3,7,5.166666666666667,1
attacks,DyF-ZTL-G,1,0.2,backdoor,,,,,default-U,"{""use_functional"": false}",0.0,0.06062500000000004,0.0,19.03,0,0.0,0.21083436532507732,,4,22,3.380952380952381,1
attacks,DyF-ZTL-G,1,0.4,targeted_flip,,,,,default-U,"{""use_functional"": false}",0.20375,0.015000000000000013,0.9005524861878453,18.19,0,0.20375,0.34585399301420977,55.714285714285715,1,5,3.6,0
attacks,DyF-ZTL-G,1,0.4,backdoor,,,,,default-U,"{""use_functional"": false}",0.0,0.023333333333333317,0.0,19.72,0,0.0,0.40601169590643266,,8,11,2.5454545454545454,0
attacks,DyF-ZTL-R-F,0,0.2,backdoor_boost,,,,,default-R-U,"{""functional_ref"": ""reference"", ""use_geometric"": false}",1.0,0.03687499999999999,0.8714596949891068,15.41,0,1.0,0.0,0.0,0,10,5.9,0
attacks,DyF-ZTL-R-F,0,0.2,backdoor,,,,,default-R-U,"{""functional_ref"": ""reference"", ""use_geometric"": false}",0.0050000000000000044,0.06625000000000003,0.018518518518518517,18.92,0,0.0050000000000000044,0.2107953216374269,0.0,3,6,20.8,1
attacks,DyF-ZTL-R-F,0,0.2,targeted_flip,,,,,default-R-U,"{""functional_ref"": ""reference"", ""use_geometric"": false}",1.0,0.03687499999999999,0.8714596949891068,15.41,0,1.0,0.0,0.0,0,10,5.9,0
attacks,DyF-ZTL-R-F,0,0.2,adaptive_flip,,,,,default-R-U,"{""functional_ref"": ""reference"", ""use_geometric"": false}",0.0,0.025000000000000022,0.0,19.6,0,0.0,0.20435087719298242,,4,4,10.0,0
attacks,DyF-ZTL-R-F,0,0.2,adaptive_backdoor,,,,,default-R-U,"{""functional_ref"": ""reference"", ""use_geometric"": false}",0.0,0.040000000000000036,0.0,19.36,0,0.0,0.20691228070175435,,4,12,5.333333333333333,0
attacks,DyF-ZTL-R-F,0,0.4,targeted_flip,,,,,default-R-U,"{""functional_ref"": ""reference"", ""use_geometric"": false}",1.0,0.0050000000000000044,0.9925558312655087,11.94,0,1.0,0.0,0.0,0,1,6.0,0
attacks,DyF-ZTL-R-F,0,0.4,backdoor_boost,,,,,default-R-U,"{""functional_ref"": ""reference"", ""use_geometric"": false}",1.0,0.0050000000000000044,0.9925558312655087,11.94,0,1.0,0.0,0.0,0,1,6.0,0
attacks,DyF-ZTL-R-F,0,0.4,backdoor,,,,,default-R-U,"{""functional_ref"": ""reference"", ""use_geometric"": false}",0.0024999999999999467,0.05500000000000005,0.029411764705882353,19.32,0,0.0024999999999999467,0.41347368421052627,0.0,7,11,6.0,0
attacks,DyF-ZTL-R-F,0,0.4,adaptive_flip,,,,,default-R-U,"{""functional_ref"": ""reference"", ""use_geometric"": false}",0.0,0.02833333333333332,0.0,19.66,0,0.0,0.4074152046783625,,8,5,6.8,0
attacks,DyF-ZTL-R-F,0,0.4,adaptive_backdoor,,,,,default-R-U,"{""functional_ref"": ""reference"", ""use_geometric"": false}",0.0,0.09833333333333338,0.0,18.82,0,0.0,0.4255672514619883,,8,15,8.76923076923077,2
attacks,DyF-ZTL-R-F,1,0.2,targeted_flip,,,,,default-R-U,"{""functional_ref"": ""reference"", ""use_geometric"": false}",1.0,0.05125000000000002,0.8298755186721992,15.18,0,1.0,0.0,0.0,0,11,7.454545454545454,0
attacks,DyF-ZTL-R-F,1,0.2,adaptive_flip,,,,,default-R-U,"{""functional_ref"": ""reference"", ""use_geometric"": false}",0.21999999999999997,0.05500000000000005,0.5,18.24,0,0.21999999999999997,0.17150864293085666,0.0,3,4,22.0,0
attacks,DyF-ZTL-R-F,1,0.2,backdoor_boost,,,,,default-R-U,"{""functional_ref"": ""reference"", ""use_geometric"": false}",1.0,0.05125000000000002,0.8298755186721992,15.18,0,1.0,0.0,0.0,0,11,7.454545454545454,0
attacks,DyF-ZTL-R-F,1,0.2,adaptive_backdoor,,,,,default-R-U,"{""functional_ref"": ""reference"", ""use_geometric"": false}",0.25,0.07562500000000005,0.45248868778280543,17.79,0,0.25,0.16902476780185757,0.0,3,6,5.75,2
attacks,DyF-ZTL-R-F,1,0.2,backdoor,,,,,default-R-U,"{""functional_ref"": ""reference"", ""use_geometric"": false}",0.25,0.059374999999999956,0.5128205128205128,18.05,0,0.25,0.16667182662538704,0.0,3,2,,2
attacks,DyF-ZTL-R-F,1,0.4,adaptive_backdoor,,,,,default-R-U,"{""functional_ref"": ""reference"", ""use_geometric"": false}",0.125,0.06333333333333335,0.5681818181818182,18.24,0,0.125,0.3845786033711731,0.0,7,3,1.0,2
attacks,DyF-ZTL-R-F,1,0.4,targeted_flip,,,,,default-R-U,"{""functional_ref"": ""reference"", ""use_geometric"": false}",1.0,0.11083333333333334,0.857449088960343,10.67,0,1.0,0.0,0.0,0,2,,2
attacks,DyF-ZTL-R-F,1,0.4,backdoor_boost,,,,,default-R-U,"{""functional_ref"": ""reference"", ""use_geometric"": false}",1.0,0.11083333333333334,0.857449088960343,10.67,0,1.0,0.0,0.0,0,2,,2
attacks,DyF-ZTL-R-F,1,0.4,adaptive_flip,,,,,default-R-U,"{""functional_ref"": ""reference"", ""use_geometric"": false}",0.125,0.13,0.390625,17.44,0,0.125,0.4021809425524595,0.0,7,3,38.0,1
attacks,DyF-ZTL-R-F,1,0.4,backdoor,,,,,default-R-U,"{""functional_ref"": ""reference"", ""use_geometric"": false}",0.125,0.0675,0.5524861878453039,18.19,0,0.125,0.38545751633986924,0.0,7,7,4.833333333333333,1
attacks,DyF-ZTL-R-F,2,0.2,backdoor_boost,,,,,default-R-U,"{""functional_ref"": ""reference"", ""use_geometric"": false}",1.0,0.0,1.0,16.0,0,1.0,0.0,0.0,0,0,,0
attacks,DyF-ZTL-R-F,2,0.2,targeted_flip,,,,,default-R-U,"{""functional_ref"": ""reference"", ""use_geometric"": false}",1.0,0.0,1.0,16.0,0,1.0,0.0,0.0,0,0,,0
attacks,DyF-ZTL-R-F,2,0.2,adaptive_flip,,,,,default-R-U,"{""functional_ref"": ""reference"", ""use_geometric"": false}",0.0,0.0,,20.0,0,0.0,0.19999999999999993,,4,0,,0
attacks,DyF-ZTL-R-F,2,0.2,backdoor,,,,,default-R-U,"{""functional_ref"": ""reference"", ""use_geometric"": false}",0.0,0.0,,20.0,0,0.0,0.19999999999999993,,4,0,,0
attacks,DyF-ZTL-R-F,2,0.2,adaptive_backdoor,,,,,default-R-U,"{""functional_ref"": ""reference"", ""use_geometric"": false}",0.0,0.0,,20.0,0,0.0,0.19999999999999993,,4,0,,0
attacks,DyF-ZTL-R-F,2,0.4,backdoor,,,,,default-R-U,"{""functional_ref"": ""reference"", ""use_geometric"": false}",0.0,0.0,,20.0,0,0.0,0.39999999999999986,,8,0,,0
attacks,DyF-ZTL-R-F,2,0.4,adaptive_backdoor,,,,,default-R-U,"{""functional_ref"": ""reference"", ""use_geometric"": false}",0.0,0.0,,20.0,0,0.0,0.39999999999999986,,8,0,,0
attacks,DyF-ZTL-R-F,2,0.4,targeted_flip,,,,,default-R-U,"{""functional_ref"": ""reference"", ""use_geometric"": false}",1.0,0.0,1.0,12.0,0,1.0,0.0,0.0,0,0,,0
attacks,DyF-ZTL-R-F,2,0.4,adaptive_flip,,,,,default-R-U,"{""functional_ref"": ""reference"", ""use_geometric"": false}",0.0,0.0,,20.0,0,0.0,0.39999999999999986,,8,0,,0
attacks,DyF-ZTL-R-F,2,0.4,backdoor_boost,,,,,default-R-U,"{""functional_ref"": ""reference"", ""use_geometric"": false}",1.0,0.0,1.0,12.0,0,1.0,0.0,0.0,0,0,,0
attacks,DyF-ZTL-R-F,3,0.2,targeted_flip,,,,,default-R-U,"{""functional_ref"": ""reference"", ""use_geometric"": false}",1.0,0.0,1.0,16.0,0,1.0,0.0,0.0,0,0,,0
attacks,DyF-ZTL-R-G,0,0.2,adaptive_backdoor,,,,,default-R-U,"{""functional_ref"": ""reference"", ""use_functional"": false}",0.0,0.016874999999999973,0.0,19.73,0,0.0,0.20284210526315785,,4,6,4.5,0
attacks,DyF-ZTL-R-G,0,0.2,targeted_flip,,,,,default-R-U,"{""functional_ref"": ""reference"", ""use_functional"": false}",0.01749999999999996,0.003750000000000031,0.5384615384615384,19.87,0,0.01749999999999996,0.19763157894736844,80.0,3,3,2.0,0
attacks,DyF-ZTL-R-G,0,0.2,adaptive_flip,,,,,default-R-U,"{""functional_ref"": ""reference"", ""use_functional"": false}",0.0,0.008125000000000049,0.0,19.87,0,0.0,0.20142896456828338,,4,7,2.0,3
attacks,DyF-ZTL-R-G,0,0.2,backdoor,,,,,default-R-U,"{""functional_ref"": ""reference"", ""use_functional"": false}",0.05500000000000005,0.015625,0.46808510638297873,19.53,0,0.05500000000000005,0.1931375988992088,74.0,3,12,2.1818181818181817,1
attacks,DyF-ZTL-R-G,0,0.2,backdoor_boost,,,,,default-R-U,"{""functional_ref"": ""reference"", ""use_functional"": false}",1.0,0.003750000000000031,0.9852216748768473,15.94,0,1.0,0.0,0.0,0,3,2.0,0
attacks,DyF-ZTL-R-G,0,0.4,adaptive_backdoor,,,,,default-R-U,"{""functional_ref"": ""reference"", ""use_functional"": false}",0.011249999999999982,0.0,1.0,19.91,0,0.011249999999999982,0.397157894736842,79.0,7,0,,0
attacks,DyF-ZTL-R-G,0,0.4,backdoor,,,,,default-R-U,"{""functional_ref"": ""reference"", ""use_functional"": false}",0.04874999999999996,0.0,1.0,19.61,0,0.04874999999999996,0.3876842105263158,28.0,7,0,,0
attacks,DyF-ZTL-R-G,0,0.4,targeted_flip,,,,,default-R-U,"{""functional_ref"": ""reference"", ""use_functional"": false}",0.040000000000000036,0.005833333333333357,0.8205128205128205,19.61,0,0.040000000000000036,0.3910557275541795,59.666666666666664,5,2,3.5,0
attacks,DyF-ZTL-R-G,0,0.4,adaptive_flip,,,,,default-R-U,"{""functional_ref"": ""reference"", ""use_functional"": false}",0.0,0.0,,20.0,0,0.0,0.39999999999999986,,8,0,,0
attacks,DyF-ZTL-R-G,0,0.4,backdoor_boost,,,,,default-R-U,"{""functional_ref"": ""reference"", ""use_functional"": false}",0.875,0.0,1.0,13.0,0,0.875,0.0769230769230769,0.0,1,0,,0
attacks,DyF-ZTL-R-G,1,0.2,adaptive_backdoor,,,,,default-R-U,"{""functional_ref"": ""reference"", ""use_functional"": false}",0.05249999999999999,0.06687500000000002,0.1640625,18.72,0,0.05249999999999999,0.2022790247678018,42.0,3,13,2.5454545454545454,2
attacks,DyF-ZTL-R-G,1,0.2,adaptive_flip,,,,,default-R-U,"{""functional_ref"": ""reference"", ""use_functional"": false}",0.0,0.030000000000000027,0.0,19.52,0,0.0,0.20534778121775019,,4,6,3.0,2
attacks,DyF-ZTL-R-G,1,0.2,targeted_flip,,,,,default-R-U,"{""functional_ref"": ""reference"", ""use_functional"": false}",0.0050000000000000044,0.022499999999999964,0.05263157894736842,19.62,0,0.0050000000000000044,0.20294461644306838,95.0,3,7,5.166666666666667,1
attacks,DyF-ZTL-R-G,1,0.2,backdoor,,,,,default-R-U,"{""functional_ref"": ""reference"", ""use_functional"": false}",0.0,0.06062500000000004,0.0,19.03,0,0.0,0.21083436532507732,,4,22,3.380952380952381,1
attacks,DyF-ZTL-R-G,1,0.2,backdoor_boost,,,,,default-R-U,"{""functional_ref"": ""reference"", ""use_functional"": false}",1.0,0.04937499999999995,0.8350730688935282,15.21,0,1.0,0.0,0.0,0,8,1.6666666666666667,2
attacks,DyF-ZTL-R-G,1,0.4,adaptive_flip,,,,,default-R-U,"{""functional_ref"": ""reference"", ""use_functional"": false}",0.0,0.0,,20.0,0,0.0,0.39999999999999986,,8,0,,0
attacks,DyF-ZTL-R-G,1,0.4,backdoor_boost,,,,,default-R-U,"{""functional_ref"": ""reference"", ""use_functional"": false}",0.755,0.00666666666666671,0.9869281045751634,13.88,0,0.755,0.1402545787545787,0.0,1,4,2.0,0
attacks,DyF-ZTL-R-G,1,0.4,backdoor,,,,,default-R-U,"{""functional_ref"": ""reference"", ""use_functional"": false}",0.0,0.023333333333333317,0.0,19.72,0,0.0,0.40601169590643266,,8,11,2.5454545454545454,0
attacks,DyF-ZTL-R-G,1,0.4,targeted_flip,,,,,default-R-U,"{""functional_ref"": ""reference"", ""use_functional"": false}",0.20375,0.015000000000000013,0.9005524861878453,18.19,0,0.20375,0.34585399301420977,55.714285714285715,1,5,3.6,0
attacks,DyF-ZTL-R-G,1,0.4,adaptive_backdoor,,,,,default-R-U,"{""functional_ref"": ""reference"", ""use_functional"": false}",0.008750000000000036,0.1216666666666667,0.0457516339869281,18.47,0,0.008750000000000036,0.4324198916408668,68.0,6,36,3.03125,4
attacks,DyF-ZTL-R-G,2,0.2,adaptive_flip,,,,,default-R-U,"{""functional_ref"": ""reference"", ""use_functional"": false}",0.0,0.19062500000000004,0.0,16.95,0,0.0,0.23837218045112776,,4,22,5.352941176470588,5
attacks,DyF-ZTL-R-G,2,0.2,targeted_flip,,,,,default-R-U,"{""functional_ref"": ""reference"", ""use_functional"": false}",0.0,0.06562500000000004,0.0,18.95,0,0.0,0.2111578947368421,,4,5,2.25,1
attacks,DyF-ZTL-R-G,2,0.2,backdoor_boost,,,,,default-R-U,"{""functional_ref"": ""reference"", ""use_functional"": false}",1.0,0.203125,0.5517241379310345,12.75,0,1.0,0.0,0.0,0,15,8.777777777777779,6
attacks,DyF-ZTL-R-G,2,0.2,adaptive_backdoor,,,,,default-R-U,"{""functional_ref"": ""reference"", ""use_functional"": false}",0.0024999999999999467,0.14687499999999998,0.00423728813559322,17.64,0,0.0024999999999999467,0.22738149294805646,75.0,3,8,21.0,4
attacks,DyF-ZTL-R-G,2,0.2,backdoor,,,,,default-R-U,"{""functional_ref"": ""reference"", ""use_functional"": false}",0.0,0.083125,0.0,18.67,0,0.0,0.21467423460612312,,4,8,3.4,3
attacks,DyF-ZTL-R-G,2,0.4,backdoor,,,,,default-R-U,"{""functional_ref"": ""reference"", ""use_functional"": false}",0.0,0.07750000000000001,0.0,19.07,0,0.0,0.41957894736842105,,8,1,,1
attacks,DyF-ZTL-R-G,2,0.4,targeted_flip,,,,,default-R-U,"{""functional_ref"": ""reference"", ""use_functional"": false}",0.15249999999999997,0.0016666666666667052,0.9838709677419355,18.76,0,0.15249999999999997,0.3597308221534229,54.8,3,1,2.0,0
attacks,DyF-ZTL-R-G,2,0.4,backdoor_boost,,,,,default-R-U,"{""functional_ref"": ""reference"", ""use_functional"": false}",0.6212500000000001,0.10583333333333333,0.7964743589743589,13.76,0,0.6212500000000001,0.2179427655677655,16.125,0,2,,2
attacks,DyF-ZTL-R-G,2,0.4,adaptive_backdoor,,,,,default-R-U,"{""functional_ref"": ""reference"", ""use_functional"": false}",0.0012499999999999734,0.14833333333333332,0.00558659217877095,18.21,0,0.0012499999999999734,0.44019543343653256,71.0,7,8,9.6,3
attacks,DyF-ZTL-R-G,2,0.4,adaptive_flip,,,,,default-R-U,"{""functional_ref"": ""reference"", ""use_functional"": false}",0.06125000000000003,0.14249999999999996,0.22272727272727272,17.8,0,0.06125000000000003,0.4228940918472654,35.0,7,11,2.0,4
attacks,DyF-ZTL-R-G,3,0.2,targeted_flip,,,,,default-R-U,"{""functional_ref"": ""reference"", ""use_functional"": false}",0.0,0.07937499999999997,0.0,18.73,0,0.0,0.21384795321637426,,4,3,1.0,2
attacks,DyF-ZTL-R,0,0.2,backdoor,,,,,default-R-U,"{""functional_ref"": ""reference""}",0.02749999999999997,0.09750000000000003,0.0658682634730539,18.33,0,0.02749999999999997,0.2127229347879503,35.5,2,32,5.133333333333334,2
attacks,DyF-ZTL-R,0,0.2,adaptive_flip,,,,,default-R-U,"{""functional_ref"": ""reference""}",0.0,0.028750000000000053,0.0,19.54,0,0.0,0.20498245614035085,,4,7,6.571428571428571,0
attacks,DyF-ZTL-R,0,0.2,backdoor_boost,,,,,default-R-U,"{""functional_ref"": ""reference""}",1.0,0.04249999999999998,0.8547008547008547,15.32,0,1.0,0.0,0.0,0,15,4.533333333333333,0
attacks,DyF-ZTL-R,0,0.2,cyclic_flip,,0.5,,,default-R-U,"{""functional_ref"": ""reference""}",0.9215686274509804,0.002512562814070307,0.9894736842105263,8.1,0,0.9215686274509804,0.0193015873015873,6.5,0,2,1.0,0
attacks,DyF-ZTL-R,0,0.2,adaptive_backdoor,,,,,default-R-U,"{""functional_ref"": ""reference""}",0.0,0.04500000000000004,0.0,19.28,0,0.0,0.20775438596491225,,4,18,4.0,1
attacks,DyF-ZTL-R,0,0.2,targeted_flip,,,,,default-R-U,"{""functional_ref"": ""reference""}",1.0,0.04249999999999998,0.8547008547008547,15.32,0,1.0,0.0,0.0,0,15,4.533333333333333,0
attacks,DyF-ZTL-R,0,0.2,cyclic_flip,sleeper,,,,default-R-U,"{""functional_ref"": ""reference""}",0.89375,0.025000000000000022,0.8719512195121951,16.72,0,0.89375,0.02036764705882353,5.25,0,9,4.666666666666667,0
attacks,DyF-ZTL-R,0,0.2,cyclic_flip,rotating,,,,default-R-U,"{""functional_ref"": ""reference""}",1.0,0.18874999999999997,0.5698005698005698,12.98,0,1.0,0.0,0.0,0,30,12.142857142857142,2
attacks,DyF-ZTL-R,0,0.4,cyclic_flip,sleeper,,,,default-R-U,"{""functional_ref"": ""reference""}",0.9578125,0.018382352941176516,0.9608150470219435,13.62,0,0.9578125,0.021089743589743592,2.375,0,7,3.5714285714285716,0
attacks,DyF-ZTL-R,0,0.4,adaptive_backdoor,,,,,default-R-U,"{""functional_ref"": ""reference""}",0.003750000000000031,0.09916666666666663,0.02459016393442623,18.78,0,0.003750000000000031,0.4248369453044376,97.0,7,16,8.285714285714286,2
attacks,DyF-ZTL-R,0,0.4,backdoor,,,,,default-R-U,"{""functional_ref"": ""reference""}",0.06499999999999995,0.0591666666666667,0.42276422764227645,18.77,0,0.06499999999999995,0.39829686962504296,36.666666666666664,5,16,4.4375,0
attacks,DyF-ZTL-R,0,0.4,targeted_flip,,,,,default-R-U,"{""functional_ref"": ""reference""}",1.0,0.0050000000000000044,0.9925558312655087,11.94,0,1.0,0.0,0.0,0,1,6.0,0
attacks,DyF-ZTL-R,0,0.4,backdoor_boost,,,,,default-R-U,"{""functional_ref"": ""reference""}",1.0,0.0050000000000000044,0.9925558312655087,11.94,0,1.0,0.0,0.0,0,1,6.0,0
attacks,DyF-ZTL-R,0,0.4,cyclic_flip,,0.5,,,default-R-U,"{""functional_ref"": ""reference""}",0.9808153477218226,0.005145797598627766,0.9927184466019418,5.88,0,0.9808153477218226,0.011785714285714287,1.625,0,3,1.6666666666666667,0
attacks,DyF-ZTL-R,0,0.4,adaptive_flip,,,,,default-R-U,"{""functional_ref"": ""reference""}",0.003750000000000031,0.02833333333333332,0.08108108108108109,19.63,0,0.003750000000000031,0.40646783625731003,97.0,7,5,6.8,0
attacks,DyF-ZTL-R,0,0.4,cyclic_flip,rotating,,,,default-R-U,"{""functional_ref"": ""reference""}",0.98125,0.2991666666666667,0.6861888111888111,8.56,0,0.98125,0.019255244755244757,0.0,0,48,7.829787234042553,1
attacks,DyF-ZTL-R,1,0.2,backdoor_boost,,,,,default-R-U,"{""functional_ref"": ""reference""}",1.0,0.09125000000000005,0.7326007326007326,14.54,0,1.0,0.0,0.0,0,20,4.4375,4
attacks,DyF-ZTL-R,1,0.2,adaptive_flip,,,,,default-R-U,"{""functional_ref"": ""reference""}",0.21999999999999997,0.08437499999999998,0.39461883408071746,17.77,0,0.21999999999999997,0.17585397316821472,0.0,3,13,11.166666666666666,1
attacks,DyF-ZTL-R,1,0.2,targeted_flip,,,,,default-R-U,"{""functional_ref"": ""reference""}",1.0,0.09125000000000005,0.7326007326007326,14.54,0,1.0,0.0,0.0,0,20,4.4375,4
attacks,DyF-ZTL-R,1,0.2,cyclic_flip,,0.5,,,default-R-U,"{""functional_ref"": ""reference""}",1.0,0.054637865311308764,0.83203125,7.44,0,1.0,0.0,0.0,0,6,3.0,1
attacks,DyF-ZTL-R,1,0.2,adaptive_backdoor,,,,,default-R-U,"{""functional_ref"": ""reference""}",0.25,0.09187500000000004,0.4048582995951417,17.53,0,0.25,0.17189976780185762,0.0,3,13,4.9,3
attacks,DyF-ZTL-R,1,0.2,cyclic_flip,rotating,,,,default-R-U,"{""functional_ref"": ""reference""}",0.9675,0.18562500000000004,0.5657894736842105,13.16,0,0.9675,0.009897435897435898,0.16666666666666666,0,29,8.107142857142858,1
attacks,DyF-ZTL-R,1,0.2,cyclic_flip,sleeper,,,,default-R-U,"{""functional_ref"": ""reference""}",1.0,0.04226190476190472,0.8184143222506394,16.09,0,1.0,0.0,0.0,0,3,1.0,2
attacks,DyF-ZTL-R,1,0.2,backdoor,,,,,default-R-U,"{""functional_ref"": ""reference""}",0.25,0.07687500000000003,0.4484304932735426,17.77,0,0.25,0.16990013637033763,0.0,3,9,5.333333333333333,3
attacks,DyF-ZTL-R,1,0.4,cyclic_flip,sleeper,,,,default-R-U,"{""functional_ref"": ""reference""}",1.0,0.08676470588235297,0.8443271767810027,12.42,0,1.0,0.0,0.0,0,10,6.714285714285714,3
attacks,DyF-ZTL-R,1,0.4,cyclic_flip,rotating,,,,default-R-U,"{""functional_ref"": ""reference""}",0.98625,0.31000000000000005,0.6795865633074936,8.39,0,0.98625,0.016277777777777776,0.0,0,36,9.454545454545455,3
attacks,DyF-ZTL-R,1,0.4,backdoor,,,,,default-R-U,"{""functional_ref"": ""reference""}",0.13375000000000004,0.09333333333333338,0.4885844748858447,17.81,0,0.13375000000000004,0.3902973856209149,41.5,6,10,9.444444444444445,1
attacks,DyF-ZTL-R,1,0.4,targeted_flip,,,,,default-R-U,"{""functional_ref"": ""reference""}",1.0,0.12,0.847457627118644,10.56,0,1.0,0.0,0.0,0,8,1.8333333333333333,2
attacks,DyF-ZTL-R,1,0.4,adaptive_flip,,,,,default-R-U,"{""functional_ref"": ""reference""}",0.13375000000000004,0.14833333333333332,0.37543859649122807,17.15,0,0.13375000000000004,0.4051964654282766,41.5,6,6,29.6,1
attacks,DyF-ZTL-R,1,0.4,adaptive_backdoor,,,,,default-R-U,"{""functional_ref"": ""reference""}",0.125,0.09166666666666667,0.47619047619047616,17.9,0,0.125,0.3935761523907809,0.0,7,12,3.375,4
attacks,DyF-ZTL-R,1,0.4,cyclic_flip,,0.5,,,default-R-U,"{""functional_ref"": ""reference""}",1.0,0.04515050167224077,0.9370629370629371,5.71,0,1.0,0.0,0.0,0,1,,1
attacks,DyF-ZTL-R,1,0.4,backdoor_boost,,,,,default-R-U,"{""functional_ref"": ""reference""}",1.0,0.12,0.847457627118644,10.56,0,1.0,0.0,0.0,0,8,1.8333333333333333,2
attacks,DyF-ZTL-R,2,0.2,adaptive_flip,,,,,default-R-U,"{""functional_ref"": ""reference""}",0.0,0.19062500000000004,0.0,16.95,0,0.0,0.23837218045112776,,4,22,5.352941176470588,5
attacks,DyF-ZTL-R,2,0.2,targeted_flip,,,,,default-R-U,"{""functional_ref"": ""reference""}",1.0,0.203125,0.5517241379310345,12.75,0,1.0,0.0,0.0,0,15,8.777777777777779,6
attacks,DyF-ZTL-R,2,0.2,cyclic_flip,rotating,,,,default-R-U,"{""functional_ref"": ""reference""}",0.9975,0.20062500000000005,0.5541666666666667,12.8,0,0.9975,0.0007142857142857143,0.05263157894736842,0,31,8.133333333333333,1
attacks,DyF-ZTL-R,2,0.2,cyclic_flip,,0.5,,,default-R-U,"{""functional_ref"": ""reference""}",1.0,0.16182048040455121,0.6201780415430267,6.63,0,1.0,0.0,0.0,0,7,9.0,6
attacks,DyF-ZTL-R,2,0.2,adaptive_backdoor,,,,,default-R-U,"{""functional_ref"": ""reference""}",0.0024999999999999467,0.14687499999999998,0.00423728813559322,17.64,0,0.0024999999999999467,0.22738149294805646,75.0,3,8,21.0,4
attacks,DyF-ZTL-R,2,0.2,cyclic_flip,sleeper,,,,default-R-U,"{""functional_ref"": ""reference""}",1.0,0.1517857142857143,0.5565217391304348,14.25,0,1.0,0.0,0.0,0,14,9.363636363636363,3
attacks,DyF-ZTL-R,2,0.2,backdoor_boost,,,,,default-R-U,"{""functional_ref"": ""reference""}",1.0,0.203125,0.5517241379310345,12.75,0,1.0,0.0,0.0,0,15,8.777777777777779,6
attacks,DyF-ZTL-R,2,0.2,backdoor,,,,,default-R-U,"{""functional_ref"": ""reference""}",0.0,0.083125,0.0,18.67,0,0.0,0.21467423460612312,,4,8,3.4,3
attacks,DyF-ZTL-R,2,0.4,cyclic_flip,rotating,,,,default-R-U,"{""functional_ref"": ""reference""}",0.9975,0.29666666666666663,0.6915077989601387,8.46,0,0.9975,0.0029166666666666664,0.05,0,41,6.975,1
attacks,DyF-ZTL-R,2,0.4,adaptive_backdoor,,,,,default-R-U,"{""functional_ref"": ""reference""}",0.0012499999999999734,0.14833333333333332,0.00558659217877095,18.21,0,0.0012499999999999734,0.44019543343653256,71.0,7,8,9.6,3
attacks,DyF-ZTL-R,2,0.4,targeted_flip,,,,,default-R-U,"{""functional_ref"": ""reference""}",1.0,0.15249999999999997,0.8138351983723296,10.17,0,1.0,0.0,0.0,0,24,3.2,4
attacks,DyF-ZTL-R,2,0.4,cyclic_flip,,0.5,,,default-R-U,"{""functional_ref"": ""reference""}",1.0,0.0708263069139966,0.9064587973273942,5.51,0,1.0,0.0,0.0,0,1,,1
attacks,DyF-ZTL-R,2,0.4,cyclic_flip,sleeper,,,,default-R-U,"{""functional_ref"": ""reference""}",1.0,0.13455882352941173,0.7776427703523694,11.77,0,1.0,0.0,0.0,0,34,2.65625,2
attacks,DyF-ZTL-R,2,0.4,backdoor_boost,,,,,default-R-U,"{""functional_ref"": ""reference""}",1.0,0.15249999999999997,0.8138351983723296,10.17,0,1.0,0.0,0.0,0,24,3.2,4
attacks,DyF-ZTL-R,2,0.4,adaptive_flip,,,,,default-R-U,"{""functional_ref"": ""reference""}",0.06125000000000003,0.14249999999999996,0.22272727272727272,17.8,0,0.06125000000000003,0.4228940918472654,35.0,7,11,2.0,4
attacks,DyF-ZTL-R,2,0.4,backdoor,,,,,default-R-U,"{""functional_ref"": ""reference""}",0.0,0.07750000000000001,0.0,19.07,0,0.0,0.41957894736842105,,8,1,,1
attacks,DyF-ZTL-R,3,0.2,targeted_flip,,,,,default-R-U,"{""functional_ref"": ""reference""}",1.0,0.13312500000000005,0.6525285481239804,13.87,0,1.0,0.0,0.0,0,5,1.0,4
attacks,DyF-ZTL-V-F,0,0.2,backdoor,,,,,default-V-R-U,"{""functional_ref"": ""reference"", ""use_geometric"": false}",0.0050000000000000044,0.09624999999999995,0.01282051282051282,18.44,0,0.0050000000000000044,0.21599415204678357,0.0,3,2,61.0,1
attacks,DyF-ZTL-V-F,0,0.2,adaptive_flip,,,,,default-V-R-U,"{""functional_ref"": ""reference"", ""use_geometric"": false}",0.0,0.06062500000000004,0.0,19.03,0,0.0,0.2105730994152046,,4,10,9.222222222222221,1
attacks,DyF-ZTL-V-F,0,0.2,adaptive_backdoor,,,,,default-V-R-U,"{""functional_ref"": ""reference"", ""use_geometric"": false}",0.0,0.06999999999999995,0.0,18.88,0,0.0,0.21219883040935666,,4,10,10.666666666666666,1
attacks,DyF-ZTL-V-F,0,0.2,targeted_flip,,,,,default-V-R-U,"{""functional_ref"": ""reference"", ""use_geometric"": false}",1.0,0.034375000000000044,0.8791208791208791,15.45,0,1.0,0.0,0.0,0,2,27.5,0
attacks,DyF-ZTL-V-F,0,0.2,backdoor_boost,,,,,default-V-R-U,"{""functional_ref"": ""reference"", ""use_geometric"": false}",1.0,0.034375000000000044,0.8791208791208791,15.45,0,1.0,0.0,0.0,0,2,27.5,0
attacks,DyF-ZTL-V-F,0,0.4,backdoor,,,,,default-V-R-U,"{""functional_ref"": ""reference"", ""use_geometric"": false}",0.0024999999999999467,0.14249999999999996,0.011560693641618497,18.27,0,0.0024999999999999467,0.43704678362573096,0.0,7,5,18.0,1
attacks,DyF-ZTL-V-F,0,0.4,targeted_flip,,,,,default-V-R-U,"{""functional_ref"": ""reference"", ""use_geometric"": false}",1.0,0.011666666666666714,0.9828009828009828,11.86,0,1.0,0.0,0.0,0,3,4.666666666666667,0
attacks,DyF-ZTL-V-F,0,0.4,backdoor_boost,,,,,default-V-R-U,"{""functional_ref"": ""reference"", ""use_geometric"": false}",1.0,0.011666666666666714,0.9828009828009828,11.86,0,1.0,0.0,0.0,0,3,4.666666666666667,0
attacks,DyF-ZTL-V-F,0,0.4,adaptive_flip,,,,,default-V-R-U,"{""functional_ref"": ""reference"", ""use_geometric"": false}",0.0,0.04583333333333328,0.0,19.45,0,0.0,0.41216374269005845,,8,2,27.5,0
attacks,DyF-ZTL-V-F,0,0.4,adaptive_backdoor,,,,,default-V-R-U,"{""functional_ref"": ""reference"", ""use_geometric"": false}",0.0,0.15749999999999997,0.0,18.11,0,0.0,0.44189473684210534,,8,4,13.0,2
attacks,DyF-ZTL-V-F,1,0.2,adaptive_flip,,,,,default-V-R-U,"{""functional_ref"": ""reference"", ""use_geometric"": false}",0.24750000000000005,0.10062499999999996,0.38076923076923075,17.4,0,0.24750000000000005,0.17313918988648092,0.0,3,9,1.2857142857142858,2
attacks,DyF-ZTL-V-F,1,0.2,targeted_flip,,,,,default-V-R-U,"{""functional_ref"": ""reference"", ""use_geometric"": false}",1.0,0.08437499999999998,0.7476635514018691,14.65,0,1.0,0.0,0.0,0,5,16.5,1
attacks,DyF-ZTL-V-F,1,0.2,adaptive_backdoor,,,,,default-V-R-U,"{""functional_ref"": ""reference"", ""use_geometric"": false}",0.25,0.059374999999999956,0.5128205128205128,18.05,0,0.25,0.16655185758513938,0.0,3,15,4.928571428571429,1
attacks,DyF-ZTL-V-F,1,0.2,backdoor,,,,,default-V-R-U,"{""functional_ref"": ""reference"", ""use_geometric"": false}",0.25,0.09687500000000004,0.39215686274509803,17.45,0,0.25,0.17234907120743034,0.0,3,11,1.8888888888888888,2
attacks,DyF-ZTL-V-F,1,0.2,backdoor_boost,,,,,default-V-R-U,"{""functional_ref"": ""reference"", ""use_geometric"": false}",1.0,0.08437499999999998,0.7476635514018691,14.65,0,1.0,0.0,0.0,0,5,16.5,1
attacks,DyF-ZTL-V-F,1,0.4,backdoor_boost,,,,,default-V-R-U,"{""functional_ref"": ""reference"", ""use_geometric"": false}",1.0,0.13749999999999996,0.8290155440414507,10.35,0,1.0,0.0,0.0,0,2,79.0,1
attacks,DyF-ZTL-V-F,1,0.4,adaptive_backdoor,,,,,default-V-R-U,"{""functional_ref"": ""reference"", ""use_geometric"": false}",0.125,0.07833333333333337,0.5154639175257731,18.06,0,0.125,0.38857585139318906,0.0,7,4,23.5,0
attacks,DyF-ZTL-V-F,1,0.4,adaptive_flip,,,,,default-V-R-U,"{""functional_ref"": ""reference"", ""use_geometric"": false}",0.125,0.13749999999999996,0.37735849056603776,17.35,0,0.125,0.40407120743034086,0.0,7,5,2.0,2
attacks,DyF-ZTL-V-F,1,0.4,backdoor,,,,,default-V-R-U,"{""functional_ref"": ""reference"", ""use_geometric"": false}",0.13624999999999998,0.09750000000000003,0.4823008849557522,17.74,0,0.13624999999999998,0.3903117475060201,25.5,6,5,3.6666666666666665,2
attacks,DyF-ZTL-V-F,1,0.4,targeted_flip,,,,,default-V-R-U,"{""functional_ref"": ""reference"", ""use_geometric"": false}",1.0,0.13749999999999996,0.8290155440414507,10.35,0,1.0,0.0,0.0,0,2,79.0,1
attacks,DyF-ZTL-V-F,2,0.2,backdoor,,,,,default-V-R-U,"{""functional_ref"": ""reference"", ""use_geometric"": false}",0.0,0.0,,20.0,0,0.0,0.2,,4,0,,0
attacks,DyF-ZTL-V-F,2,0.2,targeted_flip,,,,,default-V-R-U,"{""functional_ref"": ""reference"", ""use_geometric"": false}",1.0,0.0,1.0,16.0,0,1.0,0.0,0.0,0,0,,0
attacks,DyF-ZTL-V-F,2,0.2,backdoor_boost,,,,,default-V-R-U,"{""functional_ref"": ""reference"", ""use_geometric"": false}",1.0,0.0,1.0,16.0,0,1.0,0.0,0.0,0,0,,0
attacks,DyF-ZTL-V-F,2,0.2,adaptive_flip,,,,,default-V-R-U,"{""functional_ref"": ""reference"", ""use_geometric"": false}",0.0,0.0,,20.0,0,0.0,0.2,,4,0,,0
attacks,DyF-ZTL-V-F,2,0.2,adaptive_backdoor,,,,,default-V-R-U,"{""functional_ref"": ""reference"", ""use_geometric"": false}",0.0,0.0,,20.0,0,0.0,0.2,,4,0,,0
attacks,DyF-ZTL-V-F,2,0.4,backdoor_boost,,,,,default-V-R-U,"{""functional_ref"": ""reference"", ""use_geometric"": false}",1.0,0.0,1.0,12.0,0,1.0,0.0,0.0,0,0,,0
attacks,DyF-ZTL-V-F,2,0.4,adaptive_flip,,,,,default-V-R-U,"{""functional_ref"": ""reference"", ""use_geometric"": false}",0.0,0.0,,20.0,0,0.0,0.4,,8,0,,0
attacks,DyF-ZTL-V-F,2,0.4,adaptive_backdoor,,,,,default-V-R-U,"{""functional_ref"": ""reference"", ""use_geometric"": false}",0.0,0.0,,20.0,0,0.0,0.4,,8,0,,0
attacks,DyF-ZTL-V-F,2,0.4,targeted_flip,,,,,default-V-R-U,"{""functional_ref"": ""reference"", ""use_geometric"": false}",1.0,0.0,1.0,12.0,0,1.0,0.0,0.0,0,0,,0
attacks,DyF-ZTL-V-F,2,0.4,backdoor,,,,,default-V-R-U,"{""functional_ref"": ""reference"", ""use_geometric"": false}",0.0,0.0,,20.0,0,0.0,0.4,,8,0,,0
attacks,DyF-ZTL-V-F,3,0.2,backdoor_boost,,,,,default-V-R-U,"{""functional_ref"": ""reference"", ""use_geometric"": false}",1.0,0.0,1.0,16.0,0,1.0,0.0,0.0,0,0,,0
attacks,DyF-ZTL-V-F,3,0.2,adaptive_backdoor,,,,,default-V-R-U,"{""functional_ref"": ""reference"", ""use_geometric"": false}",0.0,0.0,,20.0,0,0.0,0.2,,4,0,,0
attacks,DyF-ZTL-V-F,3,0.2,adaptive_flip,,,,,default-V-R-U,"{""functional_ref"": ""reference"", ""use_geometric"": false}",0.0,0.0,,20.0,0,0.0,0.2,,4,0,,0
attacks,DyF-ZTL-V-F,3,0.2,targeted_flip,,,,,default-V-R-U,"{""functional_ref"": ""reference"", ""use_geometric"": false}",1.0,0.0,1.0,16.0,0,1.0,0.0,0.0,0,0,,0
attacks,DyF-ZTL-V-F,3,0.2,backdoor,,,,,default-V-R-U,"{""functional_ref"": ""reference"", ""use_geometric"": false}",0.0,0.0,,20.0,0,0.0,0.2,,4,0,,0
attacks,DyF-ZTL-V-F,3,0.4,backdoor,,,,,default-V-R-U,"{""functional_ref"": ""reference"", ""use_geometric"": false}",0.0024999999999999467,0.0,1.0,19.98,0,0.0024999999999999467,0.39936842105263154,0.0,7,0,,0
attacks,DyF-ZTL-V-F,3,0.4,backdoor_boost,,,,,default-V-R-U,"{""functional_ref"": ""reference"", ""use_geometric"": false}",1.0,0.0,1.0,12.0,0,1.0,0.0,0.0,0,0,,0
attacks,DyF-ZTL-V-F,3,0.4,adaptive_backdoor,,,,,default-V-R-U,"{""functional_ref"": ""reference"", ""use_geometric"": false}",0.0,0.0,,20.0,0,0.0,0.4,,8,0,,0
attacks,DyF-ZTL-V-F,3,0.4,targeted_flip,,,,,default-V-R-U,"{""functional_ref"": ""reference"", ""use_geometric"": false}",1.0,0.0,1.0,12.0,0,1.0,0.0,0.0,0,0,,0
attacks,DyF-ZTL-V-F,3,0.4,adaptive_flip,,,,,default-V-R-U,"{""functional_ref"": ""reference"", ""use_geometric"": false}",0.0,0.0,,20.0,0,0.0,0.4,,8,0,,0
attacks,DyF-ZTL-V-F,4,0.2,backdoor,,,,,default-V-R-U,"{""functional_ref"": ""reference"", ""use_geometric"": false}",0.03749999999999998,0.11750000000000005,0.07389162561576355,17.97,0,0.03749999999999998,0.2145568885448916,0.0,3,18,9.5625,2
attacks,DyF-ZTL-V-F,4,0.2,targeted_flip,,,,,default-V-R-U,"{""functional_ref"": ""reference"", ""use_geometric"": false}",1.0,0.05062500000000003,0.8316008316008316,15.19,0,1.0,0.0,0.0,0,10,8.444444444444445,1
attacks,DyF-ZTL-V-F,4,0.2,backdoor_boost,,,,,default-V-R-U,"{""functional_ref"": ""reference"", ""use_geometric"": false}",1.0,0.05062500000000003,0.8316008316008316,15.19,0,1.0,0.0,0.0,0,10,8.444444444444445,1
attacks,DyF-ZTL-V-F,4,0.2,adaptive_flip,,,,,default-V-R-U,"{""functional_ref"": ""reference"", ""use_geometric"": false}",0.0,0.10499999999999998,0.0,18.32,0,0.0,0.21860681114551084,,4,16,5.071428571428571,2
attacks,DyF-ZTL-V-F,4,0.2,adaptive_backdoor,,,,,default-V-R-U,"{""functional_ref"": ""reference"", ""use_geometric"": false}",0.0,0.130625,0.0,17.91,0,0.0,0.2237920536635707,,4,19,7.0,3
attacks,DyF-ZTL-V-F,4,0.4,backdoor_boost,,,,,default-V-R-U,"{""functional_ref"": ""reference"", ""use_geometric"": false}",1.0,0.15000000000000002,0.8163265306122449,10.2,0,1.0,0.0,0.0,0,13,7.833333333333333,1
attacks,DyF-ZTL-V-F,4,0.4,backdoor,,,,,default-V-R-U,"{""functional_ref"": ""reference"", ""use_geometric"": false}",0.018750000000000044,0.125,0.09090909090909091,18.35,0,0.018750000000000044,0.42841881664946674,0.0,7,32,4.096774193548387,1
attacks,DyF-ZTL-V-F,4,0.4,targeted_flip,,,,,default-V-R-U,"{""functional_ref"": ""reference"", ""use_geometric"": false}",1.0,0.15000000000000002,0.8163265306122449,10.2,0,1.0,0.0,0.0,0,13,7.833333333333333,1
attacks,DyF-ZTL-V-F,4,0.4,adaptive_flip,,,,,default-V-R-U,"{""functional_ref"": ""reference"", ""use_geometric"": false}",0.0,0.125,0.0,18.5,0,0.0,0.4330691434468523,,8,20,6.105263157894737,1
attacks,DyF-ZTL-V-F,4,0.4,adaptive_backdoor,,,,,default-V-R-U,"{""functional_ref"": ""reference"", ""use_geometric"": false}",0.0,0.11416666666666664,0.0,18.63,0,0.0,0.430329549363605,,8,21,6.7894736842105265,2
attacks,DyF-ZTL-V-G,0,0.2,backdoor,,,,,default-V-R-U,"{""functional_ref"": ""reference"", ""use_functional"": false}",0.010000000000000009,0.009375000000000022,0.21052631578947367,19.81,0,0.010000000000000009,0.199859649122807,91.0,3,6,2.5,0
attacks,DyF-ZTL-V-G,0,0.2,targeted_flip,,,,,default-V-R-U,"{""functional_ref"": ""reference"", ""use_functional"": false}",0.0,0.0,,20.0,0,0.0,0.2,,4,0,,0
attacks,DyF-ZTL-V-G,0,0.2,adaptive_flip,,,,,default-V-R-U,"{""functional_ref"": ""reference"", ""use_functional"": false}",0.0,0.003750000000000031,0.0,19.94,0,0.0,0.20065497076023392,,4,3,2.0,0
attacks,DyF-ZTL-V-G,0,0.2,adaptive_backdoor,,,,,default-V-R-U,"{""functional_ref"": ""reference"", ""use_functional"": false}",0.010000000000000009,0.0625,0.038461538461538464,18.96,0,0.010000000000000009,0.21010827313381492,82.0,3,32,1.8571428571428572,4
attacks,DyF-ZTL-V-G,0,0.2,backdoor_boost,,,,,default-V-R-U,"{""functional_ref"": ""reference"", ""use_functional"": false}",1.0,0.0,1.0,16.0,0,1.0,0.0,0.0,0,0,,0
attacks,DyF-ZTL-V-G,0,0.4,targeted_flip,,,,,default-V-R-U,"{""functional_ref"": ""reference"", ""use_functional"": false}",0.04249999999999998,0.02416666666666667,0.5396825396825397,19.37,0,0.04249999999999998,0.3945187478500173,78.75,4,2,14.5,0
attacks,DyF-ZTL-V-G,0,0.4,backdoor_boost,,,,,default-V-R-U,"{""functional_ref"": ""reference"", ""use_functional"": false}",0.875,0.0,1.0,13.0,0,0.875,0.0769230769230769,0.0,1,0,,0
attacks,DyF-ZTL-V-G,0,0.4,adaptive_flip,,,,,default-V-R-U,"{""functional_ref"": ""reference"", ""use_functional"": false}",0.02749999999999997,0.0,1.0,19.78,0,0.02749999999999997,0.39305263157894726,53.0,7,0,,0
attacks,DyF-ZTL-V-G,0,0.4,adaptive_backdoor,,,,,default-V-R-U,"{""functional_ref"": ""reference"", ""use_functional"": false}",0.020000000000000018,0.0,1.0,19.84,0,0.020000000000000018,0.39494736842105277,71.0,7,0,,0
attacks,DyF-ZTL-V-G,0,0.4,backdoor,,,,,default-V-R-U,"{""functional_ref"": ""reference"", ""use_functional"": false}",0.026249999999999996,0.0016666666666667052,0.9130434782608695,19.77,0,0.026249999999999996,0.3937836257309943,28.0,7,1,2.0,0
attacks,DyF-ZTL-V-G,1,0.2,targeted_flip,,,,,default-V-R-U,"{""functional_ref"": ""reference"", ""use_functional"": false}",0.010000000000000009,0.0,1.0,19.96,0,0.010000000000000009,0.1983157894736842,85.0,3,0,,0
attacks,DyF-ZTL-V-G,1,0.2,backdoor_boost,,,,,default-V-R-U,"{""functional_ref"": ""reference"", ""use_functional"": false}",1.0,0.03125,0.8888888888888888,15.5,0,1.0,0.0,0.0,0,8,5.25,4
attacks,DyF-ZTL-V-G,1,0.2,adaptive_backdoor,,,,,default-V-R-U,"{""functional_ref"": ""reference"", ""use_functional"": false}",0.007499999999999951,0.051875000000000004,0.03488372093023256,19.14,0,0.007499999999999951,0.20800954592363258,89.5,2,30,2.607142857142857,2
attacks,DyF-ZTL-V-G,1,0.2,adaptive_flip,,,,,default-V-R-U,"{""functional_ref"": ""reference"", ""use_functional"": false}",0.0,0.030000000000000027,0.0,19.52,0,0.0,0.20539456484348123,,4,12,1.8888888888888888,3
attacks,DyF-ZTL-V-G,1,0.2,backdoor,,,,,default-V-R-U,"{""functional_ref"": ""reference"", ""use_functional"": false}",0.0,0.040000000000000036,0.0,19.36,0,0.0,0.2068538011695906,,4,12,6.0,2
attacks,DyF-ZTL-V-G,1,0.4,targeted_flip,,,,,default-V-R-U,"{""functional_ref"": ""reference"", ""use_functional"": false}",0.11624999999999996,0.007499999999999951,0.9117647058823529,18.98,0,0.11624999999999996,0.3707586859305125,55.8,3,4,2.0,2
attacks,DyF-ZTL-V-G,1,0.4,adaptive_flip,,,,,default-V-R-U,"{""functional_ref"": ""reference"", ""use_functional"": false}",0.01375000000000004,0.04749999999999999,0.16176470588235295,19.32,0,0.01375000000000004,0.4088938768489852,89.0,7,8,1.8333333333333333,2
attacks,DyF-ZTL-V-G,1,0.4,backdoor,,,,,default-V-R-U,"{""functional_ref"": ""reference"", ""use_functional"": false}",0.0024999999999999467,0.04083333333333339,0.0392156862745098,19.49,0,0.0024999999999999467,0.4098544891640866,96.0,7,18,2.823529411764706,1
attacks,DyF-ZTL-V-G,1,0.4,adaptive_backdoor,,,,,default-V-R-U,"{""functional_ref"": ""reference"", ""use_functional"": false}",0.028750000000000053,0.09499999999999997,0.1678832116788321,18.63,0,0.028750000000000053,0.4177992776057792,81.0,6,22,3.6666666666666665,1
attacks,DyF-ZTL-V-G,1,0.4,backdoor_boost,,,,,default-V-R-U,"{""functional_ref"": ""reference"", ""use_functional"": false}",0.7675,0.015833333333333366,0.9699842022116903,13.67,0,0.7675,0.13573260073260068,0.0,1,8,2.5714285714285716,1
attacks,DyF-ZTL-V-G,2,0.2,backdoor_boost,,,,,default-V-R-U,"{""functional_ref"": ""reference"", ""use_functional"": false}",1.0,0.21250000000000002,0.5405405405405406,12.6,0,1.0,0.0,0.0,0,35,6.3,5
attacks,DyF-ZTL-V-G,2,0.2,adaptive_flip,,,,,default-V-R-U,"{""functional_ref"": ""reference"", ""use_functional"": false}",0.0,0.14625,0.0,17.66,0,0.0,0.2277311661506708,,4,12,9.0,3
attacks,DyF-ZTL-V-G,2,0.2,adaptive_backdoor,,,,,default-V-R-U,"{""functional_ref"": ""reference"", ""use_functional"": false}",0.0,0.14,0.0,17.76,0,0.0,0.22712007961079161,,4,15,1.5555555555555556,6
attacks,DyF-ZTL-V-G,2,0.2,backdoor,,,,,default-V-R-U,"{""functional_ref"": ""reference"", ""use_functional"": false}",0.0,0.14812499999999995,0.0,17.63,0,0.0,0.22838132094943242,,4,22,2.6666666666666665,4
attacks,DyF-ZTL-V-G,2,0.2,targeted_flip,,,,,default-V-R-U,"{""functional_ref"": ""reference"", ""use_functional"": false}",0.04249999999999998,0.07187500000000002,0.12878787878787878,18.68,0,0.04249999999999998,0.20489680082559336,27.0,3,12,1.8181818181818181,1
attacks,DyF-ZTL-V-G,2,0.4,backdoor,,,,,default-V-R-U,"{""functional_ref"": ""reference"", ""use_functional"": false}",0.03374999999999995,0.1166666666666667,0.16167664670658682,18.33,0,0.03374999999999995,0.421843309253526,73.0,7,4,2.0,3
attacks,DyF-ZTL-V-G,2,0.4,targeted_flip,,,,,default-V-R-U,"{""functional_ref"": ""reference"", ""use_functional"": false}",0.25375000000000003,0.06166666666666665,0.7328519855595668,17.23,0,0.25375000000000003,0.34202235982112145,50.4,3,1,,1
attacks,DyF-ZTL-V-G,2,0.4,adaptive_flip,,,,,default-V-R-U,"{""functional_ref"": ""reference"", ""use_functional"": false}",0.09999999999999998,0.22999999999999998,0.2247191011235955,16.44,0,0.09999999999999998,0.44338752282289434,55.5,6,17,5.7272727272727275,6
attacks,DyF-ZTL-V-G,2,0.4,backdoor_boost,,,,,default-V-R-U,"{""functional_ref"": ""reference"", ""use_functional"": false}",0.7375,0.16333333333333333,0.7506361323155216,12.14,0,0.7375,0.16735647685647692,13.625,0,10,5.285714285714286,3
attacks,DyF-ZTL-V-G,2,0.4,adaptive_backdoor,,,,,default-V-R-U,"{""functional_ref"": ""reference"", ""use_functional"": false}",0.007499999999999951,0.1266666666666667,0.0379746835443038,18.42,0,0.007499999999999951,0.43152941176470594,77.0,7,4,2.0,2
attacks,DyF-ZTL-V-G,3,0.2,targeted_flip,,,,,default-V-R-U,"{""functional_ref"": ""reference"", ""use_functional"": false}",0.0,0.057499999999999996,0.0,19.08,0,0.0,0.2096842105263157,,4,1,,1
attacks,DyF-ZTL-V-G,3,0.2,adaptive_flip,,,,,default-V-R-U,"{""functional_ref"": ""reference"", ""use_functional"": false}",0.0,0.130625,0.0,17.91,0,0.0,0.22468661850705196,,4,10,1.3333333333333333,4
attacks,DyF-ZTL-V-G,3,0.2,backdoor,,,,,default-V-R-U,"{""functional_ref"": ""reference"", ""use_functional"": false}",0.0,0.10062499999999996,0.0,18.39,0,0.0,0.21826023391812868,,4,5,3.0,4
attacks,DyF-ZTL-V-G,3,0.2,adaptive_backdoor,,,,,default-V-R-U,"{""functional_ref"": ""reference"", ""use_functional"": false}",0.0,0.15375000000000005,0.0,17.54,0,0.0,0.2302674200584417,,4,17,2.1,7
attacks,DyF-ZTL-V-G,3,0.2,backdoor_boost,,,,,default-V-R-U,"{""functional_ref"": ""reference"", ""use_functional"": false}",1.0,0.11187499999999995,0.690846286701209,14.21,0,1.0,0.0,0.0,0,5,1.0,3
attacks,DyF-ZTL-V-G,3,0.4,targeted_flip,,,,,default-V-R-U,"{""functional_ref"": ""reference"", ""use_functional"": false}",0.003750000000000031,0.0708333333333333,0.03409090909090909,19.12,0,0.003750000000000031,0.4169298245614034,42.0,7,1,,1
attacks,DyF-ZTL-V-G,3,0.4,adaptive_flip,,,,,default-V-R-U,"{""functional_ref"": ""reference"", ""use_functional"": false}",0.0,0.11583333333333334,0.0,18.61,0,0.0,0.43041348469212243,,8,5,5.0,2
attacks,DyF-ZTL-V-G,3,0.4,backdoor,,,,,default-V-R-U,"{""functional_ref"": ""reference"", ""use_functional"": false}",0.0,0.10666666666666669,0.0,18.72,0,0.0,0.4278018575851392,,8,5,1.0,3
attacks,DyF-ZTL-V-G,3,0.4,backdoor_boost,,,,,default-V-R-U,"{""functional_ref"": ""reference"", ""use_functional"": false}",0.5875,0.12,0.7654723127035831,13.86,0,0.5875,0.2350068681318681,12.714285714285714,1,5,25.0,4
attacks,DyF-ZTL-V-G,3,0.4,adaptive_backdoor,,,,,default-V-R-U,"{""functional_ref"": ""reference"", ""use_functional"": false}",0.012499999999999956,0.12749999999999995,0.06134969325153374,18.37,0,0.012499999999999956,0.43063660990712066,70.0,7,12,1.8,2
attacks,DyF-ZTL-V-G,4,0.2,adaptive_flip,,,,,default-V-R-U,"{""functional_ref"": ""reference"", ""use_functional"": false}",0.0,0.010000000000000009,0.0,19.84,0,0.0,0.2017564499484004,,4,7,2.4,2
attacks,DyF-ZTL-V-G,4,0.2,adaptive_backdoor,,,,,default-V-R-U,"{""functional_ref"": ""reference"", ""use_functional"": false}",0.0,0.022499999999999964,0.0,19.64,0,0.0,0.20389680082559336,,4,12,3.0,0
attacks,DyF-ZTL-V-G,4,0.2,targeted_flip,,,,,default-V-R-U,"{""functional_ref"": ""reference"", ""use_functional"": false}",0.0,0.0012499999999999734,0.0,19.98,0,0.0,0.20021052631578948,,4,1,2.0,0
attacks,DyF-ZTL-V-G,4,0.2,backdoor,,,,,default-V-R-U,"{""functional_ref"": ""reference"", ""use_functional"": false}",0.0,0.01749999999999996,0.0,19.72,0,0.0,0.20301754385964912,,4,14,2.0,1
attacks,DyF-ZTL-V-G,4,0.2,backdoor_boost,,,,,default-V-R-U,"{""functional_ref"": ""reference"", ""use_functional"": false}",0.88,0.0,1.0,16.48,0,0.88,0.028235294117647053,6.5,0,0,,0
attacks,DyF-ZTL-V-G,4,0.4,backdoor,,,,,default-V-R-U,"{""functional_ref"": ""reference"", ""use_functional"": false}",0.0,0.029166666666666674,0.0,19.65,0,0.0,0.4079872721018231,,8,9,3.5714285714285716,2
attacks,DyF-ZTL-V-G,4,0.4,adaptive_backdoor,,,,,default-V-R-U,"{""functional_ref"": ""reference"", ""use_functional"": false}",0.0,0.0016666666666667052,0.0,19.98,0,0.0,0.40042105263157896,,8,1,2.0,0
attacks,DyF-ZTL-V-G,4,0.4,targeted_flip,,,,,default-V-R-U,"{""functional_ref"": ""reference"", ""use_functional"": false}",0.17374999999999996,0.010833333333333361,0.9144736842105263,18.48,0,0.17374999999999996,0.35360694014447885,27.0,2,6,2.1666666666666665,0
attacks,DyF-ZTL-V-G,4,0.4,backdoor_boost,,,,,default-V-R-U,"{""functional_ref"": ""reference"", ""use_functional"": false}",0.875,0.01416666666666666,0.9762900976290098,12.83,0,0.875,0.0780128205128205,0.0,1,4,4.25,0
attacks,DyF-ZTL-V-G,4,0.4,adaptive_flip,,,,,default-V-R-U,"{""functional_ref"": ""reference"", ""use_functional"": false}",0.0,0.0,,20.0,0,0.0,0.4,,8,0,,0
attacks,DyF-ZTL-v1,0,0.2,backdoor_boost,,,,,,{},1.0,0.2802835051546392,0.47144592952612396,11.515463917525773,0,1.0,0.0,3.0,0,15,16.666666666666668,3
attacks,DyF-ZTL-v1,0,0.2,adaptive_backdoor,,,,,,{},0.012886597938144284,0.2094072164948454,0.015151515151515152,16.5979381443299,0,0.012886597938144284,0.2393641834211877,3.0,2,22,7.25,2
attacks,DyF-ZTL-v1,0,0.2,cyclic_flip,sleeper,,,,,{},1.0,0.20493827160493827,0.49079754601226994,13.278350515463918,0,1.0,0.0,0.0,0,31,6.592592592592593,4
attacks,DyF-ZTL-v1,0,0.2,targeted_flip,,,,,,{},1.0,0.24935567010309279,0.5006451612903225,12.010309278350515,0,1.0,0.0,3.0,0,22,7.176470588235294,5
attacks,DyF-ZTL-v1,0,0.2,cyclic_flip,rotating,,,,,{},1.0,0.24871134020618557,0.5012919896640827,12.02061855670103,0,1.0,0.0,0.631578947368421,0,38,7.138888888888889,2
attacks,DyF-ZTL-v1,0,0.2,adaptive_flip,,,,,,{},0.0077319587628865705,0.19845360824742264,0.00964630225080386,16.79381443298969,0,0.0077319587628865705,0.23836942362125094,3.0,1,22,10.047619047619047,1
attacks,DyF-ZTL-v1,0,0.2,cyclic_flip,,0.5,,,,{},1.0,0.2970168612191959,0.4649532710280374,5.587628865979381,0,1.0,0.0,2.5,0,16,16.076923076923077,3
attacks,DyF-ZTL-v1,0,0.2,backdoor,,,,,,{},0.09793814432989689,0.24355670103092786,0.09134615384615384,15.711340206185566,0,0.09793814432989689,0.2298521275588717,3.0,3,21,18.27777777777778,3
attacks,DyF-ZTL-v1,0,0.4,targeted_flip,,,,,,{},1.0,0.18814432989690721,0.7798994974874371,9.742268041237113,0,1.0,0.0,3.0,0,29,7.428571428571429,1
attacks,DyF-ZTL-v1,0,0.4,cyclic_flip,,0.5,,,,{},1.0,0.17939609236234455,0.8011811023622047,4.762886597938144,0,1.0,0.0,2.75,0,14,6.444444444444445,5
attacks,DyF-ZTL-v1,0,0.4,cyclic_flip,rotating,,,,,{},1.0,0.35051546391752575,0.6554054054054054,7.793814432989691,0,1.0,0.0,1.2,0,45,8.325581395348838,2
attacks,DyF-ZTL-v1,0,0.4,backdoor_boost,,,,,,{},0.9664948453608248,0.18556701030927836,0.7763975155279503,10.041237113402062,0,0.9664948453608248,0.018433456577786476,6.25,0,9,6.571428571428571,2
attacks,DyF-ZTL-v1,0,0.4,adaptive_backdoor,,,,,,{},0.16752577319587625,0.2551546391752577,0.3044496487119438,15.597938144329897,0,0.16752577319587625,0.42764516327281643,3.0,4,11,11.444444444444445,2
attacks,DyF-ZTL-v1,0,0.4,adaptive_flip,,,,,,{},0.011597938144329856,0.1735395189003437,0.04265402843601896,17.824742268041238,0,0.011597938144329856,0.44638554644140166,3.0,3,22,9.181818181818182,0
attacks,DyF-ZTL-v1,0,0.4,backdoor,,,,,,{},0.13659793814432986,0.1692439862542955,0.34983498349834985,16.876288659793815,0,0.13659793814432986,0.4110205823915888,3.0,4,23,7.761904761904762,2
attacks,DyF-ZTL-v1,0,0.4,cyclic_flip,sleeper,,,,,{},1.0,0.17846153846153845,0.7339449541284404,11.010309278350515,0,1.0,0.0,0.0,0,27,5.826086956521739,4
attacks,DyF-ZTL-v1,1,0.2,targeted_flip,,,,,,{},1.0,0.2280927835051546,0.522911051212938,12.350515463917526,0,1.0,0.0,3.0,0,12,10.125,4
attacks,DyF-ZTL-v1,1,0.2,adaptive_flip,,,,,,{},0.09536082474226804,0.24420103092783507,0.0889423076923077,15.711340206185566,0,0.09536082474226804,0.2311352812338258,3.0,1,19,7.75,3
attacks,DyF-ZTL-v1,1,0.2,adaptive_backdoor,,,,,,{},0.25257731958762886,0.2712628865979382,0.18882466281310212,14.649484536082474,0,0.25257731958762886,0.20605079173908766,3.0,2,25,7.0,4
attacks,DyF-ZTL-v1,1,0.2,backdoor_boost,,,,,,{},1.0,0.13208762886597936,0.654300168634064,13.88659793814433,0,1.0,0.0,3.0,0,19,4.375,3
attacks,DyF-ZTL-v1,1,0.2,cyclic_flip,sleeper,,,,,{},1.0,0.2055555555555556,0.4900459418070444,13.268041237113403,0,1.0,0.0,0.0,0,20,7.176470588235294,3
attacks,DyF-ZTL-v1,1,0.2,cyclic_flip,,0.5,,,,{},1.0,0.22905759162303663,0.5406824146981627,6.072164948453608,0,1.0,0.0,3.25,0,18,7.2,3
attacks,DyF-ZTL-v1,1,0.2,backdoor,,,,,,{},0.25257731958762886,0.23711340206185572,0.21030042918454936,15.195876288659793,0,0.25257731958762886,0.1991112384684246,3.0,2,25,7.565217391304348,2
attacks,DyF-ZTL-v1,1,0.2,cyclic_flip,rotating,,,,,{},0.9948453608247423,0.36726804123711343,0.40376569037656906,10.144329896907216,0,0.9948453608247423,0.0017182130584192442,0.6666666666666666,0,42,8.25,6
attacks,DyF-ZTL-v1,1,0.4,targeted_flip,,,,,,{},1.0,0.27491408934707906,0.708029197080292,8.70103092783505,0,1.0,0.0,3.0,0,21,4.166666666666667,3
attacks,DyF-ZTL-v1,1,0.4,adaptive_flip,,,,,,{},0.02577319587628868,0.28780068728522334,0.056338028169014086,16.34020618556701,0,0.02577319587628868,0.4783123545479519,5.0,3,23,7.15,3
attacks,DyF-ZTL-v1,1,0.4,backdoor_boost,,,,,,{},0.8582474226804124,0.21735395189003437,0.7247007616974973,10.525773195876289,0,0.8582474226804124,0.09588333302705651,16.75,0,7,22.0,3
attacks,DyF-ZTL-v1,1,0.4,cyclic_flip,,0.5,,,,{},1.0,0.3758620689655172,0.6414473684210527,3.731958762886598,0,1.0,0.0,2.875,0,15,7.2,5
attacks,DyF-ZTL-v1,1,0.4,adaptive_backdoor,,,,,,{},0.14432989690721654,0.2774914089347079,0.2574712643678161,15.515463917525773,0,0.14432989690721654,0.4448480819766447,3.0,4,16,5.909090909090909,5
attacks,DyF-ZTL-v1,1,0.4,backdoor,,,,,,{},0.13659793814432986,0.26632302405498287,0.2548076923076923,15.711340206185566,0,0.13659793814432986,0.4428382992588572,3.0,4,14,10.454545454545455,3
attacks,DyF-ZTL-v1,1,0.4,cyclic_flip,rotating,,,,,{},0.9974226804123711,0.5343642611683849,0.5544412607449857,5.608247422680412,0,0.9974226804123711,0.0034364261168384883,1.2,0,33,11.333333333333334,6
attacks,DyF-ZTL-v1,1,0.4,cyclic_flip,sleeper,,,,,{},1.0,0.20999999999999996,0.7009857612267251,10.587628865979381,0,1.0,0.0,0.0,0,14,4.5,4
attacks,DyF-ZTL-v1,2,0.2,adaptive_flip,,,,,,{},0.11340206185567014,0.11404639175257736,0.19909502262443438,17.721649484536083,0,0.11340206185567014,0.1990839743385146,28.5,2,5,26.0,2
attacks,DyF-ZTL-v1,2,0.2,adaptive_backdoor,,,,,,{},0.26546391752577314,0.12435567010309279,0.34797297297297297,16.948453608247423,0,0.26546391752577314,0.1730630396488492,3.0,1,5,23.666666666666668,2
attacks,DyF-ZTL-v1,2,0.2,cyclic_flip,,0.5,,,,{},1.0,0.11082138200782266,0.7048611111111112,7.030927835051546,0,1.0,0.0,3.0,0,2,,2
attacks,DyF-ZTL-v1,2,0.2,cyclic_flip,rotating,,,,,{},1.0,0.29188144329896903,0.46135552913198574,11.329896907216495,0,1.0,0.0,0.631578947368421,0,33,7.933333333333334,3
attacks,DyF-ZTL-v1,2,0.2,backdoor_boost,,,,,,{},1.0,0.11533505154639179,0.6843033509700176,14.154639175257731,0,1.0,0.0,3.0,0,3,1.0,2
attacks,DyF-ZTL-v1,2,0.2,cyclic_flip,sleeper,,,,,{},1.0,0.14814814814814814,0.5714285714285714,14.22680412371134,0,1.0,0.0,0.0,0,8,3.3333333333333335,5
attacks,DyF-ZTL-v1,2,0.2,targeted_flip,,,,,,{},1.0,0.10953608247422686,0.6953405017921147,14.24742268041237,0,1.0,0.0,3.0,0,7,10.2,2
attacks,DyF-ZTL-v1,2,0.2,backdoor,,,,,,{},0.22164948453608246,0.1030927835051546,0.34959349593495936,17.463917525773194,0,0.22164948453608246,0.17786392907678542,3.0,1,4,21.0,1
attacks,DyF-ZTL-v1,2,0.4,adaptive_backdoor,,,,,,{},0.1030927835051546,0.16666666666666663,0.291970802919708,17.175257731958762,0,0.1030927835051546,0.4172827206483968,3.0,5,4,46.0,2
attacks,DyF-ZTL-v1,2,0.4,cyclic_flip,,0.5,,,,{},1.0,0.12673611111111116,0.8436830835117773,5.185567010309279,0,1.0,0.0,3.25,0,3,54.0,2
attacks,DyF-ZTL-v1,2,0.4,backdoor_boost,,,,,,{},0.6701030927835052,0.1469072164948454,0.7525325615050651,12.876288659793815,0,0.6701030927835052,0.1998542189567053,9.75,0,4,1.0,2
attacks,DyF-ZTL-v1,2,0.4,cyclic_flip,sleeper,,,,,{},1.0,0.14,0.7785888077858881,11.525773195876289,0,1.0,0.0,0.0,0,9,11.5,5
attacks,DyF-ZTL-v1,2,0.4,backdoor,,,,,,{},0.13659793814432986,0.16666666666666663,0.35333333333333333,16.90721649484536,0,0.13659793814432986,0.40830301192642,3.0,5,2,,2
attacks,DyF-ZTL-v1,2,0.4,targeted_flip,,,,,,{},1.0,0.07646048109965631,0.8971098265895954,11.082474226804123,0,1.0,0.0,3.0,0,1,,1
attacks,DyF-ZTL-v1,2,0.4,adaptive_flip,,,,,,{},0.05025773195876293,0.1512027491408935,0.1813953488372093,17.783505154639176,0,0.05025773195876293,0.4270335734221344,18.5,6,4,30.5,2
attacks,DyF-ZTL-v1,2,0.4,cyclic_flip,rotating,,,,,{},1.0,0.38144329896907214,0.6360655737704918,7.422680412371134,0,1.0,0.0,1.2,0,41,8.368421052631579,3
attacks,DyF-ZTL-v1,3,0.2,cyclic_flip,,0.5,,,,{},1.0,0.11689961880559085,0.6654545454545454,7.164948453608248,0,1.0,0.0,3.5,0,8,12.571428571428571,1
attacks,DyF-ZTL-v1,3,0.2,cyclic_flip,rotating,,,,,{},1.0,0.2596649484536082,0.49051833122629585,11.845360824742269,0,1.0,0.0,0.6666666666666666,0,35,7.28125,3
attacks,DyF-ZTL-v1,3,0.2,targeted_flip,,,,,,{},1.0,0.19394329896907214,0.5631349782293179,12.896907216494846,0,1.0,0.0,3.0,0,11,13.222222222222221,2
attacks,DyF-ZTL-v1,3,0.2,adaptive_flip,,,,,,{},0.005154639175257714,0.15463917525773196,0.008264462809917356,17.50515463917526,0,0.005154639175257714,0.22746830691039305,3.0,2,7,9.2,2
attacks,DyF-ZTL-v1,3,0.2,cyclic_flip,sleeper,,,,,{},1.0,0.18888888888888888,0.5111821086261981,13.54639175257732,0,1.0,0.0,0.0,0,7,9.25,3
attacks,DyF-ZTL-v1,3,0.2,backdoor_boost,,,,,,{},0.9819587628865979,0.2016752577319587,0.5489913544668588,12.845360824742269,0,0.9819587628865979,0.004053493345249115,4.75,0,4,37.0,3
attacks,DyF-ZTL-v1,3,0.2,backdoor,,,,,,{},0.002577319587628857,0.2454896907216495,0.002617801047120419,16.061855670103093,0,0.002577319587628857,0.24847959802477693,3.0,3,6,30.0,3
attacks,DyF-ZTL-v1,3,0.2,adaptive_backdoor,,,,,,{},0.0,0.23324742268041232,0.0,16.2680412371134,0,0.0,0.24607843137254903,,4,9,12.2,4
attacks,DyF-ZTL-v1,3,0.4,adaptive_backdoor,,,,,,{},0.125,0.2508591065292096,0.2493573264781491,15.989690721649485,0,0.125,0.43780068728522337,3.0,7,4,1.0,3
attacks,DyF-ZTL-v1,3,0.4,cyclic_flip,,0.5,,,,{},1.0,0.16306156405990013,0.7901498929336188,5.185567010309279,0,1.0,0.0,2.75,0,6,8.0,2
attacks,DyF-ZTL-v1,3,0.4,backdoor,,,,,,{},0.12628865979381443,0.22164948453608246,0.2752808988764045,16.329896907216494,0,0.12628865979381443,0.4284227092899016,3.0,6,5,21.333333333333332,2
attacks,DyF-ZTL-v1,3,0.4,backdoor_boost,,,,,,{},0.5077319587628866,0.17182130584192434,0.6632996632996633,13.876288659793815,0,0.5077319587628866,0.28035885709515657,17.5,2,3,10.0,2
attacks,DyF-ZTL-v1,3,0.4,targeted_flip,,,,,,{},1.0,0.21048109965635742,0.7600391772771793,9.474226804123711,0,1.0,0.0,3.0,0,8,25.666666666666668,2
attacks,DyF-ZTL-v1,3,0.4,cyclic_flip,sleeper,,,,,{},1.0,0.2284615384615385,0.6830309498399146,10.34020618556701,0,1.0,0.0,0.0,0,5,43.0,3
attacks,DyF-ZTL-v1,3,0.4,cyclic_flip,rotating,,,,,{},0.9987113402061856,0.37285223367697595,0.6410256410256411,7.536082474226804,0,0.9987113402061856,0.0017182130584192442,1.25,0,40,9.052631578947368,2
attacks,DyF-ZTL-v1,3,0.4,adaptive_flip,,,,,,{},0.029639175257731964,0.25,0.0732484076433121,16.762886597938145,0,0.029639175257731964,0.46269708914493635,19.666666666666668,5,3,,3
attacks,DyF-ZTL-v1,4,0.2,backdoor,,,,,,{},0.023195876288659822,0.4864690721649485,0.011780104712041885,12.123711340206185,0,0.023195876288659822,0.32725676385470187,3.0,2,34,8.37037037037037,7
attacks,DyF-ZTL-v1,4,0.2,adaptive_backdoor,,,,,,{},0.10824742268041232,0.5096649484536082,0.05042016806722689,11.412371134020619,0,0.10824742268041232,0.32341408591408594,3.0,2,18,33.333333333333336,3
attacks,DyF-ZTL-v1,4,0.2,cyclic_flip,rotating,,,,,{},1.0,0.4735824742268041,0.3455031166518255,8.422680412371134,0,1.0,0.0,0.7058823529411765,0,35,7.814814814814815,8
attacks,DyF-ZTL-v1,4,0.2,targeted_flip,,,,,,{},1.0,0.44523195876288657,0.35959221501390176,8.876288659793815,0,1.0,0.0,3.0,0,19,12.5,7
attacks,DyF-ZTL-v1,4,0.2,cyclic_flip,,0.5,,,,{},1.0,0.4750320102432779,0.3375,4.22680412371134,0,1.0,0.0,1.5,0,15,32.285714285714285,8
attacks,DyF-ZTL-v1,4,0.2,backdoor_boost,,,,,,{},0.9948453608247423,0.45682989690721654,0.35251141552511417,8.711340206185566,0,0.9948453608247423,0.0012128562765312309,3.5,0,25,12.736842105263158,6
attacks,DyF-ZTL-v1,4,0.2,adaptive_flip,,,,,,{},0.08505154639175261,0.5283505154639175,0.038686987104337635,11.206185567010309,0,0.08505154639175261,0.3300898986465997,4.0,2,32,11.04,7
attacks,DyF-ZTL-v1,4,0.2,cyclic_flip,sleeper,,,,,{},1.0,0.5432098765432098,0.26666666666666666,7.628865979381444,0,1.0,0.0,0.0,0,42,8.029411764705882,8
attacks,DyF-ZTL-v1,4,0.4,cyclic_flip,rotating,,,,,{},1.0,0.4819587628865979,0.5804038893044129,6.216494845360825,0,1.0,0.0,1.2,0,44,14.666666666666666,5
attacks,DyF-ZTL-v1,4,0.4,cyclic_flip,sleeper,,,,,{},1.0,0.5815384615384616,0.4584527220630373,5.608247422680412,0,1.0,0.0,0.0,0,24,18.647058823529413,7
attacks,DyF-ZTL-v1,4,0.4,backdoor_boost,,,,,,{},0.7139175257731959,0.4415807560137457,0.5187265917602997,8.989690721649485,0,0.7139175257731959,0.25250656963816454,7.666666666666667,2,26,5.2105263157894735,7
attacks,DyF-ZTL-v1,4,0.4,adaptive_flip,,,,,,{},0.12757731958762886,0.45360824742268047,0.15789473684210525,13.536082474226804,0,0.12757731958762886,0.5265073414557951,4.0,4,19,9.6,4
attacks,DyF-ZTL-v1,4,0.4,backdoor,,,,,,{},0.2100515463917526,0.4587628865979382,0.23385939741750358,12.814432989690722,0,0.2100515463917526,0.4953633994871108,3.0,4,24,9.052631578947368,5
attacks,DyF-ZTL-v1,4,0.4,cyclic_flip,,0.5,,,,{},1.0,0.4896193771626297,0.5807407407407408,3.0412371134020617,0,1.0,0.0,2.5,0,15,8.11111111111111,6
attacks,DyF-ZTL-v1,4,0.4,adaptive_backdoor,,,,,,{},0.2048969072164949,0.5120274914089347,0.21059602649006623,12.216494845360824,0,0.2048969072164949,0.5246982112961495,3.0,4,29,4.7272727272727275,7
attacks,DyF-ZTL-v1,4,0.4,targeted_flip,,,,,,{},1.0,0.4948453608247423,0.5739644970414202,6.061855670103093,0,1.0,0.0,3.0,0,14,12.625,6
attacks,DyF-ZTL-V,0,0.2,cyclic_flip,sleeper,,,,default-V-R-U,"{""functional_ref"": ""reference""}",0.921875,0.02619047619047621,0.8702064896755162,16.61,0,0.921875,0.014779411764705881,6.25,0,3,18.0,1
attacks,DyF-ZTL-V,0,0.2,adaptive_backdoor,,,,,default-V-R-U,"{""functional_ref"": ""reference""}",0.0,0.11187499999999995,0.0,18.21,0,0.0,0.22018386652906774,,4,32,5.633333333333334,2
attacks,DyF-ZTL-V,0,0.2,cyclic_flip,rotating,,,,default-V-R-U,"{""functional_ref"": ""reference""}",0.9825,0.18999999999999995,0.563845050215208,13.03,0,0.9825,0.005448717948717949,0.3157894736842105,0,31,11.066666666666666,1
attacks,DyF-ZTL-V,0,0.2,adaptive_flip,,,,,default-V-R-U,"{""functional_ref"": ""reference""}",0.0,0.06312499999999999,0.0,18.99,0,0.0,0.21104093567251458,,4,10,10.25,2
attacks,DyF-ZTL-V,0,0.2,cyclic_flip,,0.5,,,default-V-R-U,"{""functional_ref"": ""reference""}",0.8431372549019608,0.01633165829145733,0.9297297297297298,8.15,0,0.8431372549019608,0.03858730158730159,2.75,0,3,8.666666666666666,0
attacks,DyF-ZTL-V,0,0.2,targeted_flip,,,,,default-V-R-U,"{""functional_ref"": ""reference""}",1.0,0.046875,0.8421052631578947,15.25,0,1.0,0.0,0.0,0,5,15.0,0
attacks,DyF-ZTL-V,0,0.2,backdoor_boost,,,,,default-V-R-U,"{""functional_ref"": ""reference""}",1.0,0.046875,0.8421052631578947,15.25,0,1.0,0.0,0.0,0,5,15.0,0
attacks,DyF-ZTL-V,0,0.2,backdoor,,,,,default-V-R-U,"{""functional_ref"": ""reference""}",0.040000000000000036,0.11624999999999996,0.07920792079207921,17.98,0,0.040000000000000036,0.21347802717578263,43.0,2,15,12.384615384615385,2
attacks,DyF-ZTL-V,0,0.4,cyclic_flip,,0.5,,,default-V-R-U,"{""functional_ref"": ""reference""}",0.947242206235012,0.0,1.0,6.05,0,0.947242206235012,0.03593650793650793,0.25,0,0,,0
attacks,DyF-ZTL-V,0,0.4,targeted_flip,,,,,default-V-R-U,"{""functional_ref"": ""reference""}",1.0,0.011666666666666714,0.9828009828009828,11.86,0,1.0,0.0,0.0,0,3,4.666666666666667,0
attacks,DyF-ZTL-V,0,0.4,cyclic_flip,sleeper,,,,default-V-R-U,"{""functional_ref"": ""reference""}",0.94375,0.02720588235294119,0.9422776911076443,13.59,0,0.94375,0.027884615384615383,4.5,0,3,12.333333333333334,0
attacks,DyF-ZTL-V,0,0.4,adaptive_backdoor,,,,,default-V-R-U,"{""functional_ref"": ""reference""}",0.0,0.15749999999999997,0.0,18.11,0,0.0,0.44189473684210534,,8,4,13.0,2
attacks,DyF-ZTL-V,0,0.4,backdoor_boost,,,,,default-V-R-U,"{""functional_ref"": ""reference""}",1.0,0.011666666666666714,0.9828009828009828,11.86,0,1.0,0.0,0.0,0,3,4.666666666666667,0
attacks,DyF-ZTL-V,0,0.4,cyclic_flip,rotating,,,,default-V-R-U,"{""functional_ref"": ""reference""}",0.98875,0.2975,0.6890243902439024,8.52,0,0.98875,0.010521978021978023,0.0,0,47,8.02127659574468,0
attacks,DyF-ZTL-V,0,0.4,backdoor,,,,,default-V-R-U,"{""functional_ref"": ""reference""}",0.016249999999999987,0.1466666666666666,0.06878306878306878,18.11,0,0.016249999999999987,0.43464224286205705,17.5,6,7,12.833333333333334,1
attacks,DyF-ZTL-V,0,0.4,adaptive_flip,,,,,default-V-R-U,"{""functional_ref"": ""reference""}",0.0,0.04583333333333328,0.0,19.45,0,0.0,0.41216374269005845,,8,2,27.5,0
attacks,DyF-ZTL-V,1,0.2,cyclic_flip,sleeper,,,,default-V-R-U,"{""functional_ref"": ""reference""}",1.0,0.07797619047619042,0.7095343680709535,15.49,0,1.0,0.0,0.0,0,11,4.333333333333333,5
attacks,DyF-ZTL-V,1,0.2,targeted_flip,,,,,default-V-R-U,"{""functional_ref"": ""reference""}",1.0,0.16312499999999996,0.6051437216338881,13.39,0,1.0,0.0,0.0,0,19,6.8,4
attacks,DyF-ZTL-V,1,0.2,backdoor_boost,,,,,default-V-R-U,"{""functional_ref"": ""reference""}",1.0,0.16312499999999996,0.6051437216338881,13.39,0,1.0,0.0,0.0,0,19,6.8,4
attacks,DyF-ZTL-V,1,0.2,adaptive_flip,,,,,default-V-R-U,"{""functional_ref"": ""reference""}",0.24750000000000005,0.10375000000000001,0.37358490566037733,17.35,0,0.24750000000000005,0.17369066047471624,0.0,3,12,1.4444444444444444,3
attacks,DyF-ZTL-V,1,0.2,backdoor,,,,,default-V-R-U,"{""functional_ref"": ""reference""}",0.26,0.13437500000000002,0.32601880877742945,16.81,0,0.26,0.17737665147030476,35.0,2,18,7.733333333333333,3
attacks,DyF-ZTL-V,1,0.2,cyclic_flip,,0.5,,,default-V-R-U,"{""functional_ref"": ""reference""}",1.0,0.08259212198221089,0.7661870503597122,7.22,0,1.0,0.0,0.0,0,5,16.333333333333332,2
attacks,DyF-ZTL-V,1,0.2,adaptive_backdoor,,,,,default-V-R-U,"{""functional_ref"": ""reference""}",0.25,0.07937499999999997,0.44052863436123346,17.73,0,0.25,0.16995381836945306,0.0,3,16,6.846153846153846,3
attacks,DyF-ZTL-V,1,0.2,cyclic_flip,rotating,,,,default-V-R-U,"{""functional_ref"": ""reference""}",0.9775,0.27749999999999997,0.4682634730538922,11.65,0,0.9775,0.007651515151515151,0.2777777777777778,0,37,9.125,5
attacks,DyF-ZTL-V,1,0.4,cyclic_flip,rotating,,,,default-V-R-U,"{""functional_ref"": ""reference""}",0.9775,0.3041666666666667,0.6817785527462947,8.53,0,0.9775,0.0242034632034632,0.0,0,36,7.303030303030303,3
attacks,DyF-ZTL-V,1,0.4,cyclic_flip,sleeper,,,,default-V-R-U,"{""functional_ref"": ""reference""}",1.0,0.13308823529411762,0.7795371498172959,11.79,0,1.0,0.0,0.0,0,14,2.4545454545454546,3
attacks,DyF-ZTL-V,1,0.4,targeted_flip,,,,,default-V-R-U,"{""functional_ref"": ""reference""}",1.0,0.1725,0.7944389275074478,9.93,0,1.0,0.0,0.0,0,22,5.65,2
attacks,DyF-ZTL-V,1,0.4,backdoor_boost,,,,,default-V-R-U,"{""functional_ref"": ""reference""}",1.0,0.1725,0.7944389275074478,9.93,0,1.0,0.0,0.0,0,22,5.65,2
attacks,DyF-ZTL-V,1,0.4,backdoor,,,,,default-V-R-U,"{""functional_ref"": ""reference""}",0.13749999999999996,0.10916666666666663,0.45643153526970953,17.59,0,0.13749999999999996,0.39312315101479206,24.0,6,15,2.0,3
attacks,DyF-ZTL-V,1,0.4,adaptive_flip,,,,,default-V-R-U,"{""functional_ref"": ""reference""}",0.125,0.14,0.373134328358209,17.32,0,0.125,0.4048432662538702,0.0,7,6,2.0,3
attacks,DyF-ZTL-V,1,0.4,cyclic_flip,,0.5,,,default-V-R-U,"{""functional_ref"": ""reference""}",1.0,0.15384615384615385,0.8137651821862348,5.06,0,1.0,0.0,0.0,0,10,16.833333333333332,4
attacks,DyF-ZTL-V,1,0.4,adaptive_backdoor,,,,,default-V-R-U,"{""functional_ref"": ""reference""}",0.13624999999999998,0.125,0.42084942084942084,17.41,0,0.13624999999999998,0.3983249484004128,36.5,6,21,7.35,1
attacks,DyF-ZTL-V,2,0.2,backdoor_boost,,,,,default-V-R-U,"{""functional_ref"": ""reference""}",1.0,0.21250000000000002,0.5405405405405406,12.6,0,1.0,0.0,0.0,0,35,6.3,5
attacks,DyF-ZTL-V,2,0.2,cyclic_flip,sleeper,,,,default-V-R-U,"{""functional_ref"": ""reference""}",1.0,0.169047619047619,0.5298013245033113,13.96,0,1.0,0.0,0.0,0,13,12.0,8
attacks,DyF-ZTL-V,2,0.2,targeted_flip,,,,,default-V-R-U,"{""functional_ref"": ""reference""}",1.0,0.21250000000000002,0.5405405405405406,12.6,0,1.0,0.0,0.0,0,35,6.3,5
attacks,DyF-ZTL-V,2,0.2,backdoor,,,,,default-V-R-U,"{""functional_ref"": ""reference""}",0.0,0.14812499999999995,0.0,17.63,0,0.0,0.22838132094943242,,4,22,2.6666666666666665,4
attacks,DyF-ZTL-V,2,0.2,cyclic_flip,rotating,,,,default-V-R-U,"{""functional_ref"": ""reference""}",0.9975,0.24,0.5095785440613027,12.17,0,0.9975,0.0007692307692307692,0.05263157894736842,0,44,7.309523809523809,2
attacks,DyF-ZTL-V,2,0.2,cyclic_flip,,0.5,,,default-V-R-U,"{""functional_ref"": ""reference""}",1.0,0.2616940581542352,0.5024038461538461,5.84,0,1.0,0.0,0.0,0,28,11.409090909090908,6
attacks,DyF-ZTL-V,2,0.2,adaptive_flip,,,,,default-V-R-U,"{""functional_ref"": ""reference""}",0.0,0.14625,0.0,17.66,0,0.0,0.2277311661506708,,4,12,9.0,3
attacks,DyF-ZTL-V,2,0.2,adaptive_backdoor,,,,,default-V-R-U,"{""functional_ref"": ""reference""}",0.0,0.14,0.0,17.76,0,0.0,0.22712007961079161,,4,15,1.5555555555555556,6
attacks,DyF-ZTL-V,2,0.4,adaptive_flip,,,,,default-V-R-U,"{""functional_ref"": ""reference""}",0.09999999999999998,0.22999999999999998,0.2247191011235955,16.44,0,0.09999999999999998,0.44338752282289434,55.5,6,17,5.7272727272727275,6
attacks,DyF-ZTL-V,2,0.4,adaptive_backdoor,,,,,default-V-R-U,"{""functional_ref"": ""reference""}",0.007499999999999951,0.1266666666666667,0.0379746835443038,18.42,0,0.007499999999999951,0.43152941176470594,77.0,7,4,2.0,2
attacks,DyF-ZTL-V,2,0.4,targeted_flip,,,,,default-V-R-U,"{""functional_ref"": ""reference""}",1.0,0.20833333333333337,0.7619047619047619,9.5,0,1.0,0.0,0.0,0,20,5.294117647058823,3
attacks,DyF-ZTL-V,2,0.4,backdoor_boost,,,,,default-V-R-U,"{""functional_ref"": ""reference""}",1.0,0.20833333333333337,0.7619047619047619,9.5,0,1.0,0.0,0.0,0,20,5.294117647058823,3
attacks,DyF-ZTL-V,2,0.4,cyclic_flip,,0.5,,,default-V-R-U,"{""functional_ref"": ""reference""}",1.0,0.23777403035413158,0.7427007299270073,4.52,0,1.0,0.0,0.0,0,10,15.0,4
attacks,DyF-ZTL-V,2,0.4,cyclic_flip,sleeper,,,,default-V-R-U,"{""functional_ref"": ""reference""}",1.0,0.1367647058823529,0.774818401937046,11.74,0,1.0,0.0,0.0,0,17,3.6666666666666665,2
attacks,DyF-ZTL-V,2,0.4,backdoor,,,,,default-V-R-U,"{""functional_ref"": ""reference""}",0.03374999999999995,0.1166666666666667,0.16167664670658682,18.33,0,0.03374999999999995,0.421843309253526,73.0,7,4,2.0,3
attacks,DyF-ZTL-V,2,0.4,cyclic_flip,rotating,,,,default-V-R-U,"{""functional_ref"": ""reference""}",1.0,0.30500000000000005,0.6861063464837049,8.34,0,1.0,0.0,0.0,0,40,6.815789473684211,2
attacks,DyF-ZTL-V,3,0.2,cyclic_flip,sleeper,,,,default-V-R-U,"{""functional_ref"": ""reference""}",1.0,0.10178571428571426,0.6517311608961304,15.09,0,1.0,0.0,0.0,0,13,2.1,3
attacks,DyF-ZTL-V,3,0.2,backdoor,,,,,default-V-R-U,"{""functional_ref"": ""reference""}",0.0,0.10062499999999996,0.0,18.39,0,0.0,0.21826023391812868,,4,5,3.0,4
attacks,DyF-ZTL-V,3,0.2,cyclic_flip,,0.5,,,default-V-R-U,"{""functional_ref"": ""reference""}",1.0,0.14814814814814814,0.6129032258064516,6.9,0,1.0,0.0,0.0,0,10,6.666666666666667,7
attacks,DyF-ZTL-V,3,0.2,targeted_flip,,,,,default-V-R-U,"{""functional_ref"": ""reference""}",1.0,0.11187499999999995,0.690846286701209,14.21,0,1.0,0.0,0.0,0,5,1.0,3
attacks,DyF-ZTL-V,3,0.2,adaptive_backdoor,,,,,default-V-R-U,"{""functional_ref"": ""reference""}",0.0,0.15375000000000005,0.0,17.54,0,0.0,0.2302674200584417,,4,17,2.1,7
attacks,DyF-ZTL-V,3,0.2,backdoor_boost,,,,,default-V-R-U,"{""functional_ref"": ""reference""}",1.0,0.11187499999999995,0.690846286701209,14.21,0,1.0,0.0,0.0,0,5,1.0,3
attacks,DyF-ZTL-V,3,0.2,cyclic_flip,rotating,,,,default-V-R-U,"{""functional_ref"": ""reference""}",0.985,0.1875,0.5677233429394812,13.06,0,0.985,0.00467948717948718,0.3333333333333333,0,28,11.423076923076923,2
attacks,DyF-ZTL-V,3,0.2,adaptive_flip,,,,,default-V-R-U,"{""functional_ref"": ""reference""}",0.0,0.130625,0.0,17.91,0,0.0,0.22468661850705196,,4,10,1.3333333333333333,4
attacks,DyF-ZTL-V,3,0.4,backdoor_boost,,,,,default-V-R-U,"{""functional_ref"": ""reference""}",1.0,0.10416666666666663,0.8648648648648649,10.75,0,1.0,0.0,0.0,0,12,2.1,2
attacks,DyF-ZTL-V,3,0.4,cyclic_flip,rotating,,,,default-V-R-U,"{""functional_ref"": ""reference""}",0.96625,0.3025,0.6804577464788732,8.64,0,0.96625,0.02939102564102564,0.15789473684210525,1,42,7.216216216216216,5
attacks,DyF-ZTL-V,3,0.4,cyclic_flip,sleeper,,,,default-V-R-U,"{""functional_ref"": ""reference""}",0.9984375,0.1316176470588235,0.7811735941320294,11.82,0,0.9984375,0.0008333333333333334,0.125,0,9,5.0,5
attacks,DyF-ZTL-V,3,0.4,adaptive_flip,,,,,default-V-R-U,"{""functional_ref"": ""reference""}",0.0,0.11583333333333334,0.0,18.61,0,0.0,0.43041348469212243,,8,5,5.0,2
attacks,DyF-ZTL-V,3,0.4,adaptive_backdoor,,,,,default-V-R-U,"{""functional_ref"": ""reference""}",0.012499999999999956,0.12749999999999995,0.06134969325153374,18.37,0,0.012499999999999956,0.43063660990712066,70.0,7,12,1.8,2
attacks,DyF-ZTL-V,3,0.4,targeted_flip,,,,,default-V-R-U,"{""functional_ref"": ""reference""}",1.0,0.10416666666666663,0.8648648648648649,10.75,0,1.0,0.0,0.0,0,12,2.1,2
attacks,DyF-ZTL-V,3,0.4,backdoor,,,,,default-V-R-U,"{""functional_ref"": ""reference""}",0.003750000000000031,0.11583333333333334,0.02112676056338028,18.58,0,0.003750000000000031,0.4298108015135879,0.0,7,9,1.0,4
attacks,DyF-ZTL-V,3,0.4,cyclic_flip,,0.5,,,default-V-R-U,"{""functional_ref"": ""reference""}",0.9869109947643979,0.2216828478964401,0.7334630350194552,4.86,0,0.9869109947643979,0.008678571428571428,1.25,0,10,13.0,4
attacks,DyF-ZTL-V,4,0.2,cyclic_flip,sleeper,,,,default-V-R-U,"{""functional_ref"": ""reference""}",0.99375,0.061309523809523814,0.7553444180522565,15.79,0,0.99375,0.0013333333333333333,0.5,0,12,8.583333333333334,0
attacks,DyF-ZTL-V,4,0.2,cyclic_flip,rotating,,,,default-V-R-U,"{""functional_ref"": ""reference""}",0.9825,0.15937500000000004,0.6064814814814815,13.52,0,0.9825,0.005384615384615385,0.058823529411764705,0,27,10.884615384615385,1
attacks,DyF-ZTL-V,4,0.2,cyclic_flip,,0.5,,,default-V-R-U,"{""functional_ref"": ""reference""}",1.0,0.023514851485148536,0.909952606635071,7.89,0,1.0,0.0,0.0,0,3,12.666666666666666,0
attacks,DyF-ZTL-V,4,0.2,adaptive_backdoor,,,,,default-V-R-U,"{""functional_ref"": ""reference""}",0.0,0.13249999999999995,0.0,17.88,0,0.0,0.22417045063639493,,4,28,5.44,3
attacks,DyF-ZTL-V,4,0.2,backdoor,,,,,default-V-R-U,"{""functional_ref"": ""reference""}",0.03749999999999998,0.12124999999999997,0.07177033492822966,17.91,0,0.03749999999999998,0.21542616959064326,0.0,3,28,3.96,3
attacks,DyF-ZTL-V,4,0.2,backdoor_boost,,,,,default-V-R-U,"{""functional_ref"": ""reference""}",1.0,0.053749999999999964,0.823045267489712,15.14,0,1.0,0.0,0.0,0,10,9.25,2
attacks,DyF-ZTL-V,4,0.2,adaptive_flip,,,,,default-V-R-U,"{""functional_ref"": ""reference""}",0.0,0.10687500000000005,0.0,18.29,0,0.0,0.21899896800825594,,4,18,4.625,2
attacks,DyF-ZTL-V,4,0.2,targeted_flip,,,,,default-V-R-U,"{""functional_ref"": ""reference""}",1.0,0.053749999999999964,0.823045267489712,15.14,0,1.0,0.0,0.0,0,10,9.25,2
attacks,DyF-ZTL-V,4,0.4,cyclic_flip,sleeper,,,,default-V-R-U,"{""functional_ref"": ""reference""}",0.9984375,0.11029411764705888,0.8098859315589354,12.11,0,0.9984375,0.0008333333333333334,0.125,0,30,4.892857142857143,2
attacks,DyF-ZTL-V,4,0.4,adaptive_backdoor,,,,,default-V-R-U,"{""functional_ref"": ""reference""}",0.0,0.11416666666666664,0.0,18.63,0,0.0,0.430329549363605,,8,21,6.7894736842105265,2
attacks,DyF-ZTL-V,4,0.4,backdoor_boost,,,,,default-V-R-U,"{""functional_ref"": ""reference""}",1.0,0.15916666666666668,0.8072653884964682,10.09,0,1.0,0.0,0.0,0,16,7.142857142857143,2
attacks,DyF-ZTL-V,4,0.4,cyclic_flip,,0.5,,,default-V-R-U,"{""functional_ref"": ""reference""}",1.0,0.056761268781302165,0.9218390804597701,5.65,0,1.0,0.0,0.0,0,6,7.25,2
attacks,DyF-ZTL-V,4,0.4,backdoor,,,,,default-V-R-U,"{""functional_ref"": ""reference""}",0.020000000000000018,0.125,0.0963855421686747,18.34,0,0.020000000000000018,0.4280971792225662,49.5,6,32,4.096774193548387,1
attacks,DyF-ZTL-V,4,0.4,cyclic_flip,rotating,,,,default-V-R-U,"{""functional_ref"": ""reference""}",0.9925,0.25083333333333335,0.7251141552511415,9.05,0,0.9925,0.0075,0.3,0,45,6.795454545454546,1
attacks,DyF-ZTL-V,4,0.4,targeted_flip,,,,,default-V-R-U,"{""functional_ref"": ""reference""}",1.0,0.15916666666666668,0.8072653884964682,10.09,0,1.0,0.0,0.0,0,16,7.142857142857143,2
attacks,DyF-ZTL-V,4,0.4,adaptive_flip,,,,,default-V-R-U,"{""functional_ref"": ""reference""}",0.0,0.1266666666666667,0.0,18.48,0,0.0,0.4335920192638458,,8,21,5.9,1
attacks,DyF-ZTL,0,0.2,cyclic_flip,rotating,,,,default-U,{},0.945,0.17812499999999998,0.5701357466063348,13.37,0,0.945,0.01475615887380593,0.3684210526315789,0,25,14.478260869565217,2
attacks,DyF-ZTL,0,0.2,adaptive_flip,,,,,default-U,{},0.0,0.008125000000000049,0.0,19.87,0,0.0,0.20142896456828338,,4,7,2.0,3
attacks,DyF-ZTL,0,0.2,cyclic_flip,sleeper,,,,default-U,{},0.828125,0.0,1.0,17.35,0,0.828125,0.03235294117647059,13.75,0,0,,0
attacks,DyF-ZTL,0,0.2,backdoor_boost,,,,,default-U,{},1.0,0.003750000000000031,0.9852216748768473,15.94,0,1.0,0.0,0.0,0,3,2.0,0
attacks,DyF-ZTL,0,0.2,cyclic_flip,,0.5,,,default-U,{},0.8333333333333334,0.0,1.0,8.3,0,0.8333333333333334,0.04072619047619047,6.0,0,0,,0
attacks,DyF-ZTL,0,0.2,adaptive_backdoor,,,,,default-U,{},0.0,0.016874999999999973,0.0,19.73,0,0.0,0.20284210526315785,,4,6,4.5,0
attacks,DyF-ZTL,0,0.2,targeted_flip,,,,,default-U,{},0.98,0.0024999999999999467,0.98989898989899,16.04,0,0.98,0.003999999999999999,2.0,0,2,2.0,0
attacks,DyF-ZTL,0,0.2,backdoor,,,,,default-U,{},0.05500000000000005,0.015625,0.46808510638297873,19.53,0,0.05500000000000005,0.1931375988992088,74.0,3,12,2.1818181818181817,1
attacks,DyF-ZTL,0,0.4,adaptive_flip,,,,,default-U,{},0.0,0.0,,20.0,0,0.0,0.39999999999999986,,8,0,,0
attacks,DyF-ZTL,0,0.4,cyclic_flip,rotating,,,,default-U,{},0.975,0.27083333333333337,0.7058823529411765,8.95,0,0.975,0.020189255189255188,0.45,0,46,7.065217391304348,0
attacks,DyF-ZTL,0,0.4,adaptive_backdoor,,,,,default-U,{},0.011249999999999982,0.0,1.0,19.91,0,0.011249999999999982,0.397157894736842,79.0,7,0,,0
attacks,DyF-ZTL,0,0.4,cyclic_flip,,0.5,,,default-U,{},0.920863309352518,0.0,1.0,6.16,0,0.920863309352518,0.05007936507936508,4.875,0,0,,0
attacks,DyF-ZTL,0,0.4,targeted_flip,,,,,default-U,{},0.88,0.0,1.0,12.96,0,0.88,0.04799999999999999,12.0,0,0,,0
attacks,DyF-ZTL,0,0.4,backdoor_boost,,,,,default-U,{},0.995,0.0,1.0,12.04,0,0.995,0.003076923076923077,0.5,0,0,,0
attacks,DyF-ZTL,0,0.4,backdoor,,,,,default-U,{},0.04874999999999996,0.0,1.0,19.61,0,0.04874999999999996,0.3876842105263158,28.0,7,0,,0
attacks,DyF-ZTL,0,0.4,cyclic_flip,sleeper,,,,default-U,{},0.903125,0.0,1.0,14.22,0,0.903125,0.047692307692307694,1.75,0,0,,0
attacks,DyF-ZTL,1,0.2,targeted_flip,,,,,default-U,{},0.97,0.03312499999999996,0.8798185941043084,15.59,0,0.97,0.005999999999999998,3.0,0,5,9.75,1
attacks,DyF-ZTL,1,0.2,backdoor,,,,,default-U,{},0.24250000000000005,0.03937500000000005,0.60625,18.4,0,0.24250000000000005,0.1652605779153767,3.0,3,9,4.5,3
attacks,DyF-ZTL,1,0.4,targeted_flip,,,,,default-U,{},0.92,0.0,1.0,12.64,0,0.92,0.031999999999999994,8.0,0,0,,0
attacks,DyF-ZTL,1,0.4,backdoor,,,,,default-U,{},0.12250000000000005,0.008333333333333304,0.9074074074074074,18.92,0,0.12250000000000005,0.37106432748538004,43.5,6,7,1.3333333333333333,1
attacks,FLTrust,0,0.2,cyclic_flip,rotating,,,,,{},0.5375,0.10250000000000004,0.5672823218997362,16.21,0,0.5375,0.030456873290229086,8.842105263157896,0,117,1.761061946902655,4
attacks,FLTrust,0,0.2,cyclic_flip,,0.5,,,,{},0.4558823529411765,0.09170854271356788,0.5602409638554217,8.34,0,0.4558823529411765,0.051526824805962226,16.5,0,50,2.893617021276596,3
attacks,FLTrust,0,0.2,adaptive_backdoor,,,,,,{},0.10750000000000004,0.11062499999999997,0.19545454545454546,17.8,0,0.10750000000000004,0.20200469764793072,49.5,0,128,1.384,3
attacks,FLTrust,0,0.2,cyclic_flip,sleeper,,,,,{},0.56875,0.14166666666666672,0.43333333333333335,15.8,0,0.56875,0.033451253318188635,2.5,0,142,1.673913043478261,4
attacks,FLTrust,0,0.2,targeted_flip,,,,,,{},0.61,0.13749999999999996,0.5258620689655172,15.36,0,0.61,0.036589926886305586,6.25,0,166,1.3253012048192772,0
attacks,FLTrust,0,0.2,adaptive_flip,,,,,,{},0.10999999999999999,0.09999999999999998,0.21568627450980393,17.96,0,0.10999999999999999,0.1775185356470397,44.75,0,121,1.3305084745762712,3
attacks,FLTrust,0,0.2,backdoor,,,,,,{},0.4,0.114375,0.46647230320699706,16.57,0,0.4,0.08145748567591526,28.75,0,128,1.4,3
attacks,FLTrust,0,0.2,backdoor_boost,,,,,,{},0.30500000000000005,0.14187499999999997,0.3495702005730659,16.51,0,0.30500000000000005,0.09924881278912386,28.75,0,138,1.6567164179104477,4
attacks,FLTrust,0,0.4,adaptive_backdoor,,,,,,{},0.14125,0.18500000000000005,0.3373134328358209,16.65,0,0.14125,0.39921182412003325,38.75,0,131,1.682170542635659,2
attacks,FLTrust,0,0.4,cyclic_flip,rotating,,,,,{},0.44375,0.08166666666666667,0.7836644591611479,15.47,0,0.44375,0.10964254526214384,7.95,0,74,2.436619718309859,3
attacks,FLTrust,0,0.4,adaptive_flip,,,,,,{},0.13,0.09499999999999997,0.47706422018348627,17.82,0,0.13,0.36047746881949266,48.142857142857146,1,95,1.202127659574468,1
attacks,FLTrust,0,0.4,targeted_flip,,,,,,{},0.7224999999999999,0.10416666666666663,0.8221906116642959,12.97,0,0.7224999999999999,0.06142140553508565,1.0,0,95,1.315217391304348,3
attacks,FLTrust,0,0.4,cyclic_flip,sleeper,,,,,{},0.5421875,0.08897058823529413,0.7414529914529915,15.32,0,0.5421875,0.0719062744625188,4.5,0,82,1.45,2
attacks,FLTrust,0,0.4,cyclic_flip,,0.5,,,,{},0.525179856115108,0.04116638078902235,0.9012345679012346,7.57,0,0.525179856115108,0.07964805920515036,9.25,0,23,1.8695652173913044,0
attacks,FLTrust,0,0.4,backdoor_boost,,,,,,{},0.27875000000000005,0.08833333333333337,0.6778115501519757,16.71,0,0.27875000000000005,0.24428320018409613,38.625,0,86,1.2073170731707317,4
attacks,FLTrust,0,0.4,backdoor,,,,,,{},0.37875000000000003,0.08166666666666667,0.7556109725685786,15.99,0,0.37875000000000003,0.1740441460413286,32.875,0,81,1.1923076923076923,3
attacks,FLTrust,1,0.2,adaptive_backdoor,,,,,,{},0.1825,0.20937499999999998,0.17892156862745098,15.92,0,0.1825,0.23528622852309006,36.5,0,223,1.4907407407407407,7
attacks,FLTrust,1,0.2,cyclic_flip,,0.5,,,,{},0.295774647887324,0.13087674714104192,0.3795180722891566,8.34,0,0.295774647887324,0.08493742182725908,12.75,0,90,1.9540229885057472,3
attacks,FLTrust,1,0.2,adaptive_flip,,,,,,{},0.07999999999999996,0.11562499999999998,0.14746543778801843,17.83,0,0.07999999999999996,0.22075428677051245,68.25,0,138,1.3458646616541354,5
attacks,FLTrust,1,0.2,cyclic_flip,sleeper,,,,,{},0.34687500000000004,0.14107142857142863,0.31896551724137934,16.52,0,0.34687500000000004,0.06564626330107372,11.5,0,171,1.3987730061349692,8
attacks,FLTrust,1,0.2,cyclic_flip,rotating,,,,,{},0.4075,0.145625,0.4116161616161616,16.04,0,0.4075,0.06633281451828527,11.0,1,161,1.7922077922077921,7
attacks,FLTrust,1,0.2,targeted_flip,,,,,,{},0.6174999999999999,0.21437499999999998,0.4186440677966102,14.1,0,0.6174999999999999,0.06455620568420826,2.0,0,248,1.379591836734694,3
attacks,FLTrust,1,0.2,backdoor,,,,,,{},0.3425,0.25125,0.2541743970315399,14.61,0,0.3425,0.13887671876455682,30.0,0,253,1.524390243902439,7
attacks,FLTrust,1,0.2,backdoor_boost,,,,,,{},0.3425,0.22812500000000002,0.2729083665338645,14.98,0,0.3425,0.1285610551192245,27.5,0,246,1.4897119341563787,3
attacks,FLTrust,1,0.4,cyclic_flip,,0.5,,,,{},0.49004975124378114,0.09531772575250841,0.7755905511811023,7.46,0,0.49004975124378114,0.11911763014714108,2.5,0,44,2.4285714285714284,2
attacks,FLTrust,1,0.4,targeted_flip,,,,,,{},0.61375,0.1958333333333333,0.6763085399449036,12.74,0,0.61375,0.13645246093502394,1.0,0,204,1.1256281407035176,5
attacks,FLTrust,1,0.4,adaptive_backdoor,,,,,,{},0.21750000000000003,0.25249999999999995,0.36477987421383645,15.23,0,0.21750000000000003,0.45620586572731214,41.375,0,222,1.3657407407407407,6
attacks,FLTrust,1,0.4,backdoor,,,,,,{},0.21375,0.2025,0.41304347826086957,15.86,0,0.21375,0.3609221007313759,26.125,0,189,1.2887700534759359,2
attacks,FLTrust,1,0.4,adaptive_flip,,,,,,{},0.07999999999999996,0.08999999999999997,0.37209302325581395,18.28,0,0.07999999999999996,0.4090293373933501,61.5,0,90,1.197674418604651,4
attacks,FLTrust,1,0.4,backdoor_boost,,,,,,{},0.25625,0.2283333333333334,0.4279749478079332,15.21,0,0.25625,0.338267167059646,24.625,0,206,1.32,6
attacks,FLTrust,1,0.4,cyclic_flip,rotating,,,,,{},0.6112500000000001,0.13249999999999995,0.7546296296296297,13.52,0,0.6112500000000001,0.07016434996645542,2.5,0,111,1.9528301886792452,5
attacks,FLTrust,1,0.4,cyclic_flip,sleeper,,,,,{},0.503125,0.07352941176470584,0.7630331753554502,15.78,0,0.503125,0.1068759394461127,4.0,0,91,1.0909090909090908,3
attacks,FLTrust,2,0.2,backdoor,,,,,,{},0.43500000000000005,0.27249999999999996,0.28524590163934427,13.9,0,0.43500000000000005,0.09275042705892736,26.5,0,250,1.6929460580912863,9
attacks,FLTrust,2,0.2,targeted_flip,,,,,,{},0.43000000000000005,0.19937499999999997,0.35030549898167007,15.09,0,0.43000000000000005,0.1487672498914957,5.75,0,252,1.2642276422764227,6
attacks,FLTrust,2,0.2,cyclic_flip,sleeper,,,,,{},0.45625000000000004,0.2589285714285714,0.2512908777969019,14.19,0,0.45625000000000004,0.07948840861270864,3.0,0,236,1.8407079646017699,10
attacks,FLTrust,2,0.2,adaptive_flip,,,,,,{},0.14749999999999996,0.254375,0.12660944206008584,15.34,0,0.14749999999999996,0.22075870586932106,45.5,0,261,1.5568627450980392,6
attacks,FLTrust,2,0.2,cyclic_flip,rotating,,,,,{},0.35250000000000004,0.14937500000000004,0.37105263157894736,16.2,0,0.35250000000000004,0.09455823031760102,6.5,1,188,1.4316939890710383,5
attacks,FLTrust,2,0.2,adaptive_backdoor,,,,,,{},0.18000000000000005,0.24187499999999995,0.1568627450980392,15.41,0,0.18000000000000005,0.2134591744024998,37.0,0,226,1.6681818181818182,6
attacks,FLTrust,2,0.2,backdoor_boost,,,,,,{},0.4325,0.26312500000000005,0.29124579124579125,14.06,0,0.4325,0.09677766522351047,23.5,0,256,1.5591836734693878,11
attacks,FLTrust,2,0.2,cyclic_flip,,0.5,,,,{},0.32057416267942584,0.21491782553729455,0.28270042194092826,7.63,0,0.32057416267942584,0.11031687740622532,17.5,0,98,3.425531914893617,4
attacks,FLTrust,2,0.4,backdoor_boost,,,,,,{},0.5225,0.15333333333333332,0.6943521594684385,13.98,0,0.5225,0.15711450483977757,20.125,0,143,1.2765957446808511,2
attacks,FLTrust,2,0.4,cyclic_flip,rotating,,,,,{},0.49250000000000005,0.1266666666666667,0.7216117216117216,14.54,0,0.49250000000000005,0.1421445650246126,2.15,0,120,1.4385964912280702,6
attacks,FLTrust,2,0.4,cyclic_flip,,0.5,,,,{},0.5061425061425062,0.11635750421585156,0.7490909090909091,7.25,0,0.5061425061425062,0.13591813204793843,7.125,0,54,2.4615384615384617,2
attacks,FLTrust,2,0.4,targeted_flip,,,,,,{},0.5925,0.13,0.7523809523809524,13.7,0,0.5925,0.15177520161806232,1.0,0,136,1.1492537313432836,2
attacks,FLTrust,2,0.4,cyclic_flip,sleeper,,,,,{},0.5296875,0.14779411764705885,0.6277777777777778,14.6,0,0.5296875,0.11255423124761009,1.875,0,131,1.5390625,3
attacks,FLTrust,2,0.4,adaptive_backdoor,,,,,,{},0.3125,0.20833333333333337,0.5,15.0,0,0.3125,0.32534399669189673,28.25,0,163,1.509433962264151,4
attacks,FLTrust,2,0.4,adaptive_flip,,,,,,{},0.18125000000000002,0.14916666666666667,0.44753086419753085,16.76,0,0.18125000000000002,0.3650214972106489,34.25,0,130,1.3858267716535433,3
attacks,FLTrust,2,0.4,backdoor,,,,,,{},0.5449999999999999,0.20166666666666666,0.6430678466076696,13.22,0,0.5449999999999999,0.14328462883052898,20.375,0,164,1.46875,4
attacks,FLTrust,3,0.2,targeted_flip,,,,,,{},0.42500000000000004,0.1875,0.3617021276595745,15.3,0,0.42500000000000004,0.1747582892878848,1.0,0,277,1.0851851851851853,7
attacks,FLTrust,3,0.2,cyclic_flip,rotating,,,,,{},0.40249999999999997,0.19874999999999998,0.33611691022964507,15.21,0,0.40249999999999997,0.08104228938308473,3.5625,2,154,2.4864864864864864,6
attacks,FLTrust,3,0.2,adaptive_backdoor,,,,,,{},0.03249999999999997,0.318125,0.02490421455938697,14.78,0,0.03249999999999997,0.37483798241579047,69.66666666666667,1,221,2.090047393364929,10
attacks,FLTrust,3,0.2,backdoor_boost,,,,,,{},0.06999999999999995,0.290625,0.056795131845841784,15.07,0,0.06999999999999995,0.26665507399988997,55.25,0,217,2.0434782608695654,10
attacks,FLTrust,3,0.2,cyclic_flip,sleeper,,,,,{},0.475,0.2148809523809524,0.2962962962962963,14.87,0,0.475,0.051350204457104386,6.0,0,150,2.1666666666666665,6
attacks,FLTrust,3,0.2,backdoor,,,,,,{},0.10250000000000004,0.27749999999999997,0.08453608247422681,15.15,0,0.10250000000000004,0.2477803617418197,44.5,0,223,1.655813953488372,8
attacks,FLTrust,3,0.2,adaptive_flip,,,,,,{},0.06499999999999995,0.21125000000000005,0.07142857142857142,16.36,0,0.06499999999999995,0.26240265975491744,70.5,0,158,2.1184210526315788,6
attacks,FLTrust,3,0.2,cyclic_flip,,0.5,,,,{},0.23684210526315785,0.1938271604938272,0.22277227722772278,7.98,0,0.23684210526315785,0.0852795940512949,21.5,0,84,3.371794871794872,6
attacks,FLTrust,3,0.4,adaptive_flip,,,,,,{},0.16625,0.20833333333333337,0.3472584856396867,16.17,0,0.16625,0.4556279057610877,58.0,0,141,1.6616541353383458,8
attacks,FLTrust,3,0.4,adaptive_backdoor,,,,,,{},0.20375,0.2991666666666667,0.31226053639846746,14.78,0,0.20375,0.48677801156158146,44.375,0,178,2.0348837209302326,6
attacks,FLTrust,3,0.4,backdoor,,,,,,{},0.19374999999999998,0.25583333333333336,0.3354978354978355,15.38,0,0.19374999999999998,0.352034274270547,31.5,0,157,1.9865771812080537,8
attacks,FLTrust,3,0.4,cyclic_flip,sleeper,,,,,{},0.559375,0.1992647058823529,0.5691573926868044,13.71,0,0.559375,0.10283592049539582,6.375,0,139,1.9481481481481482,4
attacks,FLTrust,3,0.4,backdoor_boost,,,,,,{},0.18500000000000005,0.28833333333333333,0.29959514170040485,15.06,0,0.18500000000000005,0.3728234809104892,46.375,0,148,2.276595744680851,7
attacks,FLTrust,3,0.4,cyclic_flip,,0.5,,,,{},0.5052356020942408,0.2216828478964401,0.5848484848484848,6.7,0,0.5052356020942408,0.10709909960673829,4.875,0,61,3.23728813559322,2
attacks,FLTrust,3,0.4,cyclic_flip,rotating,,,,,{},0.48750000000000004,0.15666666666666662,0.6747404844290658,14.22,0,0.48750000000000004,0.1160449457140169,5.7,0,104,2.29,4
attacks,FLTrust,3,0.4,targeted_flip,,,,,,{},0.46499999999999997,0.15166666666666662,0.6714801444043321,14.46,0,0.46499999999999997,0.21823783269025512,1.0,0,146,1.2553191489361701,5
attacks,FLTrust,4,0.2,backdoor_boost,,,,,,{},0.38,0.13249999999999995,0.4175824175824176,16.36,0,0.38,0.09060364910755304,35.0,0,154,1.3178807947019868,3
attacks,FLTrust,4,0.2,backdoor,,,,,,{},0.395,0.156875,0.3863080684596577,15.91,0,0.395,0.09581296878065017,32.5,0,176,1.4047619047619047,8
attacks,FLTrust,4,0.2,cyclic_flip,rotating,,,,,{},0.5275000000000001,0.12250000000000005,0.5184275184275184,15.93,0,0.5275000000000001,0.0342090934176471,2.7058823529411766,0,149,1.3216783216783217,6
attacks,FLTrust,4,0.2,cyclic_flip,sleeper,,,,,{},0.48750000000000004,0.08392857142857146,0.5252525252525253,17.03,0,0.48750000000000004,0.0438362853738069,0.5,0,121,1.1623931623931625,4
attacks,FLTrust,4,0.2,cyclic_flip,,0.5,,,,{},0.5989583333333333,0.06806930693069302,0.6764705882352942,8.3,0,0.5989583333333333,0.04959332838460097,2.5,0,47,2.3777777777777778,2
attacks,FLTrust,4,0.2,targeted_flip,,,,,,{},0.485,0.11624999999999996,0.5105263157894737,16.2,0,0.485,0.0843121250982225,1.0,0,154,1.2119205298013245,3
attacks,FLTrust,4,0.2,adaptive_backdoor,,,,,,{},0.20999999999999996,0.1775,0.22826086956521738,16.32,0,0.20999999999999996,0.20086228924952698,34.0,1,195,1.3850267379679144,8
attacks,FLTrust,4,0.2,adaptive_flip,,,,,,{},0.1775,0.10187500000000005,0.3034188034188034,17.66,0,0.1775,0.18247451883150792,42.333333333333336,1,131,1.248062015503876,2
attacks,FLTrust,4,0.4,backdoor,,,,,,{},0.29125,0.07916666666666672,0.7103658536585366,16.72,0,0.29125,0.23659427611812692,36.625,0,75,1.2602739726027397,2
attacks,FLTrust,4,0.4,adaptive_flip,,,,,,{},0.14500000000000002,0.07416666666666671,0.5658536585365853,17.95,0,0.14500000000000002,0.3622206641117818,53.25,0,67,1.3492063492063493,4
attacks,FLTrust,4,0.4,targeted_flip,,,,,,{},0.6325000000000001,0.10583333333333333,0.7993680884676145,13.67,0,0.6325000000000001,0.1141106660997926,1.0,0,94,1.3516483516483517,3
attacks,FLTrust,4,0.4,cyclic_flip,rotating,,,,,{},0.6950000000000001,0.10999999999999999,0.8081395348837209,13.12,0,0.6950000000000001,0.05889810166228457,6.15,0,93,1.6292134831460674,4
attacks,FLTrust,4,0.4,cyclic_flip,sleeper,,,,,{},0.7265625,0.1198529411764706,0.7404458598726115,13.72,0,0.7265625,0.05093644140863221,1.5,0,116,1.4035087719298245,2
attacks,FLTrust,4,0.4,cyclic_flip,,0.5,,,,{},0.6084788029925188,0.05342237061769617,0.8840579710144928,7.24,0,0.6084788029925188,0.07628852485759839,8.0,0,31,1.6896551724137931,2
attacks,FLTrust,4,0.4,adaptive_backdoor,,,,,,{},0.18999999999999995,0.14583333333333337,0.4648318042813456,16.73,0,0.18999999999999995,0.4075730422660492,43.857142857142854,1,119,1.4086956521739131,4
attacks,FLTrust,4,0.4,backdoor_boost,,,,,,{},0.26249999999999996,0.14833333333333332,0.5412371134020618,16.12,0,0.26249999999999996,0.2880651224253012,37.125,0,106,1.6601941747572815,3
attacks,FuzzyFLTrust,0,0.2,adaptive_flip,,,,,,{},0.015000000000000013,0.009375000000000022,0.2857142857142857,19.79,0,0.015000000000000013,0.19550381342571285,58.0,2,13,1.1538461538461537,0
attacks,FuzzyFLTrust,0,0.2,adaptive_backdoor,,,,,,{},0.10499999999999998,0.10250000000000004,0.20388349514563106,17.94,0,0.10499999999999998,0.21182156065515478,30.0,2,100,1.64,0
attacks,FuzzyFLTrust,0,0.2,targeted_flip,,,,,,{},0.22250000000000003,0.0675,0.4517766497461929,18.03,0,0.22250000000000003,0.12282625141296714,34.0,1,76,1.4210526315789473,0
attacks,FuzzyFLTrust,0,0.2,backdoor,,,,,,{},0.23250000000000004,0.16500000000000004,0.2605042016806723,16.43,0,0.23250000000000004,0.14187560809507305,46.5,0,132,2.0153846153846153,2
attacks,FuzzyFLTrust,0,0.2,backdoor_boost,,,,,,{},0.23250000000000004,0.16312499999999996,0.2627118644067797,16.46,0,0.23250000000000004,0.1420609551452221,46.5,0,130,2.0234375,2
attacks,FuzzyFLTrust,0,0.4,adaptive_flip,,,,,,{},0.0,0.0050000000000000044,0.0,19.94,0,0.0,0.3800818114434517,,8,6,1.0,1
attacks,FuzzyFLTrust,0,0.4,targeted_flip,,,,,,{},0.37875000000000003,0.07999999999999996,0.7593984962406015,16.01,0,0.37875000000000003,0.197801967457685,15.75,0,90,1.0561797752808988,1
attacks,FuzzyFLTrust,0,0.4,adaptive_backdoor,,,,,,{},0.09875,0.08833333333333337,0.42702702702702705,18.15,0,0.09875,0.40690477059762303,32.666666666666664,5,72,1.4722222222222223,0
attacks,FuzzyFLTrust,0,0.4,backdoor,,,,,,{},0.12124999999999997,0.053333333333333344,0.6024844720496895,18.39,0,0.12124999999999997,0.32647854653651154,25.0,5,59,1.0847457627118644,0
attacks,FuzzyFLTrust,0,0.4,backdoor_boost,,,,,,{},0.12124999999999997,0.05249999999999999,0.60625,18.4,0,0.12124999999999997,0.32650548443842453,25.0,5,57,1.105263157894737,0
attacks,FuzzyFLTrust,1,0.2,adaptive_flip,,,,,,{},0.09999999999999998,0.08625000000000005,0.2247191011235955,18.22,0,0.09999999999999998,0.18266431500526803,54.0,2,59,2.1785714285714284,3
attacks,FuzzyFLTrust,1,0.2,backdoor,,,,,,{},0.04749999999999999,0.12,0.09004739336492891,17.89,0,0.04749999999999999,0.16308857002545604,73.0,2,72,1.7352941176470589,4
attacks,FuzzyFLTrust,1,0.2,targeted_flip,,,,,,{},0.22250000000000003,0.1725,0.24383561643835616,16.35,0,0.22250000000000003,0.11879912932160724,35.25,0,81,2.6842105263157894,5
attacks,FuzzyFLTrust,1,0.2,adaptive_backdoor,,,,,,{},0.0050000000000000044,0.12312500000000004,0.010050251256281407,18.01,0,0.0050000000000000044,0.2494350078614672,93.0,2,57,1.679245283018868,4
attacks,FuzzyFLTrust,1,0.2,backdoor_boost,,,,,,{},0.05249999999999999,0.11937500000000001,0.09905660377358491,17.88,0,0.05249999999999999,0.16299092295824633,77.33333333333333,1,70,1.7727272727272727,4
attacks,FuzzyFLTrust,1,0.4,adaptive_backdoor,,,,,,{},0.015000000000000013,0.1825,0.05194805194805195,17.69,0,0.015000000000000013,0.5433230753756311,88.75,4,75,1.8823529411764706,7
attacks,FuzzyFLTrust,1,0.4,backdoor,,,,,,{},0.03749999999999998,0.06999999999999995,0.2631578947368421,18.86,0,0.03749999999999998,0.4395321846810986,63.75,4,54,1.5192307692307692,2
attacks,FuzzyFLTrust,1,0.4,backdoor_boost,,,,,,{},0.03749999999999998,0.06999999999999995,0.2631578947368421,18.86,0,0.03749999999999998,0.43927038000309615,63.75,4,55,1.490566037735849,2
attacks,FuzzyFLTrust,1,0.4,adaptive_flip,,,,,,{},0.0,0.018333333333333313,0.0,19.78,0,0.0,0.42422945851959254,,8,15,1.4666666666666666,0
attacks,FuzzyFLTrust,1,0.4,targeted_flip,,,,,,{},0.26749999999999996,0.11333333333333329,0.6114285714285714,16.5,0,0.26749999999999996,0.22012325935528232,36.0,0,107,1.2571428571428571,2
attacks,FuzzyFLTrust,2,0.2,targeted_flip,,,,,,{},0.385,0.26937500000000003,0.26324786324786326,14.15,0,0.385,0.11186257575955652,25.0,0,173,2.5089820359281436,6
attacks,FuzzyFLTrust,2,0.2,backdoor_boost,,,,,,{},0.595,0.27875000000000005,0.347953216374269,13.16,0,0.595,0.055007985618538244,29.0,0,83,4.355263157894737,7
attacks,FuzzyFLTrust,2,0.2,adaptive_backdoor,,,,,,{},0.19999999999999996,0.24124999999999996,0.17167381974248927,15.34,0,0.19999999999999996,0.18642875366587852,36.333333333333336,1,105,2.515151515151515,6
attacks,FuzzyFLTrust,2,0.2,backdoor,,,,,,{},0.5875,0.280625,0.3435672514619883,13.16,0,0.5875,0.05451836485187142,30.25,0,81,4.513513513513513,7
attacks,FuzzyFLTrust,2,0.2,adaptive_flip,,,,,,{},0.10250000000000004,0.19374999999999998,0.1168091168091168,16.49,0,0.10250000000000004,0.25573293234827665,50.0,2,133,2.207692307692308,3
attacks,FuzzyFLTrust,2,0.4,targeted_flip,,,,,,{},0.43500000000000005,0.06916666666666671,0.8074245939675174,15.69,0,0.43500000000000005,0.13066382951930308,19.875,0,47,1.7608695652173914,1
attacks,FuzzyFLTrust,2,0.4,backdoor_boost,,,,,,{},0.5025,0.10916666666666663,0.7542213883677298,14.67,0,0.5025,0.12767715887740874,37.25,0,46,1.6363636363636365,2
attacks,FuzzyFLTrust,2,0.4,adaptive_flip,,,,,,{},0.06999999999999995,0.06666666666666665,0.4117647058823529,18.64,0,0.06999999999999995,0.38455868681175226,48.25,4,59,1.3559322033898304,0
attacks,FuzzyFLTrust,2,0.4,backdoor,,,,,,{},0.5037499999999999,0.11083333333333334,0.7518656716417911,14.64,0,0.5037499999999999,0.12775055507189187,37.25,0,46,1.6818181818181819,2
attacks,FuzzyFLTrust,2,0.4,adaptive_backdoor,,,,,,{},0.2825,0.17083333333333328,0.5243619489559165,15.69,0,0.2825,0.29597243969813014,37.42857142857143,1,68,2.953846153846154,3
attacks,FuzzyFLTrust,3,0.2,adaptive_flip,,,,,,{},0.08499999999999996,0.15125,0.12318840579710146,17.24,0,0.08499999999999996,0.29681347775906874,58.0,2,93,2.0348837209302326,7
attacks,FuzzyFLTrust,3,0.2,targeted_flip,,,,,,{},0.17000000000000004,0.27437500000000004,0.1341222879684418,14.93,0,0.17000000000000004,0.22264895399026238,45.0,0,158,1.9266666666666667,8
attacks,FuzzyFLTrust,3,0.2,adaptive_backdoor,,,,,,{},0.15249999999999997,0.4225,0.08276797829036635,12.63,0,0.15249999999999997,0.37900440637557814,62.5,2,127,3.6120689655172415,11
attacks,FuzzyFLTrust,3,0.2,backdoor,,,,,,{},0.12250000000000005,0.41312499999999996,0.06901408450704226,12.9,0,0.12250000000000005,0.362798105357858,68.0,0,123,3.4869565217391303,8
attacks,FuzzyFLTrust,3,0.2,backdoor_boost,,,,,,{},0.11750000000000005,0.421875,0.06509695290858726,12.78,0,0.11750000000000005,0.3697117577958777,68.0,0,124,3.5689655172413794,8
attacks,FuzzyFLTrust,3,0.4,adaptive_flip,,,,,,{},0.17625000000000002,0.14249999999999996,0.4519230769230769,16.88,0,0.17625000000000002,0.3813050060977322,41.0,2,67,2.03125,3
attacks,FuzzyFLTrust,3,0.4,backdoor_boost,,,,,,{},0.25249999999999995,0.32999999999999996,0.3377926421404682,14.02,0,0.25249999999999995,0.42322817711345734,46.714285714285715,1,72,4.415384615384616,7
attacks,FuzzyFLTrust,3,0.4,targeted_flip,,,,,,{},0.36750000000000005,0.2758333333333334,0.4704,13.75,0,0.36750000000000005,0.28640384504597466,26.75,0,156,1.5666666666666667,6
attacks,FuzzyFLTrust,3,0.4,backdoor,,,,,,{},0.25749999999999995,0.32833333333333337,0.3433333333333333,14.0,0,0.25749999999999995,0.42038927042465746,46.714285714285715,1,78,4.084507042253521,7
attacks,FuzzyFLTrust,3,0.4,adaptive_backdoor,,,,,,{},0.26625,0.40249999999999997,0.30603448275862066,13.04,0,0.26625,0.5029704512101454,33.6,3,78,3.4285714285714284,8
attacks,FuzzyFLTrust,4,0.2,backdoor,,,,,,{},0.39249999999999996,0.39625,0.19848293299620734,12.09,0,0.39249999999999996,0.14105133437215708,41.75,0,179,3.5172413793103448,5
attacks,FuzzyFLTrust,4,0.2,backdoor_boost,,,,,,{},0.395,0.395625,0.1997471554993679,12.09,0,0.395,0.14063353624340724,41.75,0,182,3.1016949152542375,5
attacks,FuzzyFLTrust,4,0.2,targeted_flip,,,,,,{},0.19999999999999996,0.31375,0.13745704467353953,14.18,0,0.19999999999999996,0.21711183585561677,22.25,0,185,1.8238636363636365,9
attacks,FuzzyFLTrust,4,0.2,adaptive_backdoor,,,,,,{},0.345,0.38,0.18498659517426275,12.54,0,0.345,0.2015762483742294,31.333333333333332,1,180,3.2514285714285713,5
attacks,FuzzyFLTrust,4,0.2,adaptive_flip,,,,,,{},0.3225,0.25812500000000005,0.23800738007380073,14.58,0,0.3225,0.22697582174227685,33.666666666666664,1,140,2.4402985074626864,6
attacks,FuzzyFLTrust,4,0.4,backdoor_boost,,,,,,{},0.7112499999999999,0.37916666666666665,0.5556640625,9.76,0,0.7112499999999999,0.11830267770959316,24.875,0,162,2.207792207792208,8
attacks,FuzzyFLTrust,4,0.4,backdoor,,,,,,{},0.7125,0.37916666666666665,0.5560975609756098,9.75,0,0.7125,0.11657905401511211,24.875,0,164,2.1794871794871793,8
attacks,FuzzyFLTrust,4,0.4,adaptive_flip,,,,,,{},0.12250000000000005,0.05500000000000005,0.5975609756097561,18.36,0,0.12250000000000005,0.4252275999898211,24.333333333333332,5,32,2.0625,0
attacks,FuzzyFLTrust,4,0.4,adaptive_backdoor,,,,,,{},0.42125,0.2991666666666667,0.48419540229885055,13.04,0,0.42125,0.2691453187480791,28.142857142857142,1,155,2.335526315789474,3
attacks,FuzzyFLTrust,4,0.4,targeted_flip,,,,,,{},0.4525,0.4191666666666667,0.4184971098265896,11.35,0,0.4525,0.2994048127168588,2.625,0,255,1.653225806451613,7
attacks,Krum,0,0.2,backdoor_boost,,,,,,{},1.0,0.9375,0.21052631578947367,1.0,0,1.0,,0.0,0,62,4.170212765957447,15
attacks,Krum,0,0.2,targeted_flip,,,,,,{},0.79,0.99,0.16631578947368422,1.0,0,0.79,,0.25,0,26,1.9,16
attacks,Krum,0,0.2,adaptive_flip,,,,,,{},0.7875,0.990625,0.16578947368421051,1.0,0,0.7875,,0.25,0,30,14.428571428571429,16
attacks,Krum,0,0.2,adaptive_backdoor,,,,,,{},0.775,0.99375,0.1631578947368421,1.0,0,0.775,,0.5,0,26,15.2,16
attacks,Krum,0,0.2,backdoor,,,,,,{},0.8475,0.975625,0.17842105263157895,1.0,0,0.8475,,0.0,0,48,5.53125,16
attacks,Krum,0,0.4,adaptive_flip,,,,,,{},0.895,0.9866666666666667,0.37684210526315787,1.0,0,0.895,,0.5,0,25,9.571428571428571,11
attacks,Krum,0,0.4,backdoor,,,,,,{},0.9225,0.9683333333333334,0.38842105263157894,1.0,0,0.9225,,0.875,0,38,7.8076923076923075,12
attacks,Krum,0,0.4,backdoor_boost,,,,,,{},1.0,0.9166666666666666,0.42105263157894735,1.0,0,1.0,,0.0,0,53,6.690476190476191,11
attacks,Krum,0,0.4,adaptive_backdoor,,,,,,{},0.88875,0.9908333333333333,0.3742105263157895,1.0,0,0.88875,,0.875,0,21,10.666666666666666,12
attacks,Krum,0,0.4,targeted_flip,,,,,,{},0.875,1.0,0.3684210526315789,1.0,0,0.875,,0.125,0,12,,12
attacks,Krum,1,0.2,backdoor,,,,,,{},1.0,0.9375,0.21052631578947367,1.0,0,1.0,,0.0,0,28,1.7692307692307692,15
attacks,Krum,1,0.2,adaptive_flip,,,,,,{},1.0,0.9375,0.21052631578947367,1.0,0,1.0,,0.0,0,26,1.2727272727272727,15
attacks,Krum,1,0.2,adaptive_backdoor,,,,,,{},1.0,0.9375,0.21052631578947367,1.0,0,1.0,,0.0,0,28,2.5384615384615383,15
attacks,Krum,1,0.2,backdoor_boost,,,,,,{},1.0,0.9375,0.21052631578947367,1.0,0,1.0,,0.0,0,24,3.888888888888889,15
attacks,Krum,1,0.2,targeted_flip,,,,,,{},0.995,0.93875,0.2094736842105263,1.0,0,0.995,,0.25,0,27,4.333333333333333,15
attacks,Krum,1,0.4,backdoor,,,,,,{},0.9675,0.9383333333333334,0.4073684210526316,1.0,0,0.9675,,0.0,0,31,4.25,11
attacks,Krum,1,0.4,backdoor_boost,,,,,,{},1.0,0.9166666666666666,0.42105263157894735,1.0,0,1.0,,0.0,0,36,4.28,11
attacks,Krum,1,0.4,targeted_flip,,,,,,{},0.875,1.0,0.3684210526315789,1.0,0,0.875,,0.125,0,12,,12
attacks,Krum,1,0.4,adaptive_flip,,,,,,{},0.97625,0.9325,0.4110526315789474,1.0,0,0.97625,,1.25,0,19,6.75,11
attacks,Krum,1,0.4,adaptive_backdoor,,,,,,{},0.96625,0.9391666666666667,0.4068421052631579,1.0,0,0.96625,,1.625,0,18,3.857142857142857,11
attacks,Krum,2,0.2,backdoor,,,,,,{},1.0,0.9375,0.21052631578947367,1.0,0,1.0,,0.0,0,52,8.567567567567568,15
attacks,Krum,2,0.2,adaptive_backdoor,,,,,,{},1.0,0.9375,0.21052631578947367,1.0,0,1.0,,0.0,0,66,4.352941176470588,15
attacks,Krum,2,0.2,adaptive_flip,,,,,,{},0.9975,0.938125,0.21,1.0,0,0.9975,,0.0,0,57,9.428571428571429,15
attacks,Krum,2,0.2,backdoor_boost,,,,,,{},1.0,0.9375,0.21052631578947367,1.0,0,1.0,,0.0,0,62,5.191489361702128,15
attacks,Krum,2,0.2,targeted_flip,,,,,,{},0.995,0.93875,0.2094736842105263,1.0,0,0.995,,0.0,0,39,18.333333333333332,15
attacks,Krum,2,0.4,backdoor,,,,,,{},0.9575,0.945,0.4031578947368421,1.0,0,0.9575,,0.0,0,37,1.3846153846153846,11
attacks,Krum,2,0.4,adaptive_flip,,,,,,{},0.9075,0.9783333333333333,0.3821052631578947,1.0,0,0.9075,,0.0,0,27,3.066666666666667,12
attacks,Krum,2,0.4,targeted_flip,,,,,,{},0.875,1.0,0.3684210526315789,1.0,0,0.875,,0.125,0,12,,12
attacks,Krum,2,0.4,adaptive_backdoor,,,,,,{},0.88,0.9966666666666667,0.3705263157894737,1.0,0,0.88,,0.375,0,16,4.0,12
attacks,Krum,2,0.4,backdoor_boost,,,,,,{},1.0,0.9166666666666666,0.42105263157894735,1.0,0,1.0,,0.0,0,42,9.741935483870968,11
attacks,Krum,3,0.2,adaptive_flip,,,,,,{},1.0,0.9375,0.21052631578947367,1.0,0,1.0,,0.0,0,28,7.153846153846154,15
attacks,Krum,3,0.2,backdoor,,,,,,{},1.0,0.9375,0.21052631578947367,1.0,0,1.0,,0.0,0,29,5.214285714285714,15
attacks,Krum,3,0.2,backdoor_boost,,,,,,{},1.0,0.9375,0.21052631578947367,1.0,0,1.0,,0.0,0,39,6.208333333333333,15
attacks,Krum,3,0.2,adaptive_backdoor,,,,,,{},1.0,0.9375,0.21052631578947367,1.0,0,1.0,,0.0,0,31,11.375,15
attacks,Krum,3,0.2,targeted_flip,,,,,,{},1.0,0.9375,0.21052631578947367,1.0,0,1.0,,0.0,0,20,12.8,15
attacks,Krum,3,0.4,backdoor_boost,,,,,,{},1.0,0.9166666666666666,0.42105263157894735,1.0,0,1.0,,0.0,0,25,15.5,11
attacks,Krum,3,0.4,adaptive_flip,,,,,,{},0.9825,0.9283333333333333,0.41368421052631577,1.0,0,0.9825,,0.0,0,25,5.071428571428571,11
attacks,Krum,3,0.4,backdoor,,,,,,{},0.99625,0.9191666666666667,0.41947368421052633,1.0,0,0.99625,,0.0,0,18,17.714285714285715,11
attacks,Krum,3,0.4,targeted_flip,,,,,,{},0.875,1.0,0.3684210526315789,1.0,0,0.875,,0.125,0,12,,12
attacks,Krum,3,0.4,adaptive_backdoor,,,,,,{},0.97,0.9366666666666666,0.40842105263157896,1.0,0,0.97,,0.0,0,31,1.1578947368421053,12
attacks,Krum,4,0.2,backdoor,,,,,,{},0.955,0.94875,0.20105263157894737,1.0,0,0.955,,0.0,0,30,6.4,15
attacks,Krum,4,0.2,targeted_flip,,,,,,{},0.7675,0.995625,0.16157894736842104,1.0,0,0.7675,,0.0,0,17,6.0,16
attacks,Krum,4,0.2,adaptive_backdoor,,,,,,{},0.77,0.995,0.16210526315789472,1.0,0,0.77,,0.25,0,23,14.571428571428571,16
attacks,Krum,4,0.2,adaptive_flip,,,,,,{},0.8625,0.971875,0.18157894736842106,1.0,0,0.8625,,0.25,0,23,15.5,15
attacks,Krum,4,0.2,backdoor_boost,,,,,,{},1.0,0.9375,0.21052631578947367,1.0,0,1.0,,0.0,0,72,7.333333333333333,15
attacks,Krum,4,0.4,backdoor,,,,,,{},0.89,0.99,0.37473684210526315,1.0,0,0.89,,0.375,0,21,8.8,11
attacks,Krum,4,0.4,backdoor_boost,,,,,,{},1.0,0.9166666666666666,0.42105263157894735,1.0,0,1.0,,0.0,0,84,3.547945205479452,11
attacks,Krum,4,0.4,adaptive_backdoor,,,,,,{},0.8775,0.9983333333333333,0.36947368421052634,1.0,0,0.8775,,0.125,0,14,8.0,12
attacks,Krum,4,0.4,adaptive_flip,,,,,,{},0.88125,0.9958333333333333,0.37105263157894736,1.0,0,0.88125,,0.125,0,17,21.8,12
attacks,Krum,4,0.4,targeted_flip,,,,,,{},0.875,1.0,0.3684210526315789,1.0,0,0.875,,0.125,0,12,,12
attacks,MultiKrum,0,0.2,adaptive_flip,,,,,,{},0.0050000000000000044,0.24875000000000003,0.005,16.0,0,0.0050000000000000044,,97.5,2,129,3.0,3
attacks,MultiKrum,0,0.2,adaptive_backdoor,,,,,,{},0.0,0.25,0.0,16.0,0,0.0,,,4,140,2.176470588235294,4
attacks,MultiKrum,0,0.2,backdoor_boost,,,,,,{},1.0,0.0,1.0,16.0,0,1.0,,0.0,0,0,,0
attacks,MultiKrum,0,0.2,targeted_flip,,,,,,{},0.0,0.25,0.0,16.0,0,0.0,,,4,140,2.338235294117647,4
attacks,MultiKrum,0,0.2,backdoor,,,,,,{},0.0050000000000000044,0.24875000000000003,0.005,16.0,0,0.0050000000000000044,,43.5,2,133,2.744186046511628,4
attacks,MultiKrum,0,0.4,backdoor_boost,,,,,,{},0.91125,0.0591666666666667,0.91125,12.0,0,0.91125,,0.0,0,45,1.5909090909090908,1
attacks,MultiKrum,0,0.4,targeted_flip,,,,,,{},0.0,0.6666666666666667,0.0,12.0,0,0.0,,,8,66,2.689655172413793,8
attacks,MultiKrum,0,0.4,adaptive_flip,,,,,,{},0.4125,0.3916666666666667,0.4125,12.0,0,0.4125,,19.428571428571427,1,68,5.328125,4
attacks,MultiKrum,0,0.4,backdoor,,,,,,{},0.43125,0.37916666666666665,0.43125,12.0,0,0.43125,,8.285714285714286,1,63,7.189655172413793,5
attacks,MultiKrum,0,0.4,adaptive_backdoor,,,,,,{},0.36875,0.4208333333333333,0.36875,12.0,0,0.36875,,21.571428571428573,1,72,5.378787878787879,6
attacks,MultiKrum,1,0.2,adaptive_flip,,,,,,{},0.010000000000000009,0.24750000000000005,0.01,16.0,0,0.010000000000000009,,82.0,3,123,3.225,3
attacks,MultiKrum,1,0.2,backdoor,,,,,,{},0.05500000000000005,0.23624999999999996,0.055,16.0,0,0.05500000000000005,,0.0,2,111,3.439252336448598,4
attacks,MultiKrum,1,0.2,backdoor_boost,,,,,,{},1.0,0.0,1.0,16.0,0,1.0,,0.0,0,0,,0
attacks,MultiKrum,1,0.2,targeted_flip,,,,,,{},0.0024999999999999467,0.249375,0.0025,16.0,0,0.0024999999999999467,,73.0,3,93,4.168539325842697,4
attacks,MultiKrum,1,0.2,adaptive_backdoor,,,,,,{},0.0024999999999999467,0.249375,0.0025,16.0,0,0.0024999999999999467,,27.0,3,104,3.79,4
attacks,MultiKrum,1,0.4,backdoor_boost,,,,,,{},0.99375,0.004166666666666652,0.99375,12.0,0,0.99375,,0.0,0,5,1.0,0
attacks,MultiKrum,1,0.4,targeted_flip,,,,,,{},0.0,0.6666666666666667,0.0,12.0,0,0.0,,,8,61,8.622641509433961,8
attacks,MultiKrum,1,0.4,adaptive_backdoor,,,,,,{},0.02124999999999999,0.6525000000000001,0.02125,12.0,0,0.02124999999999999,,25.6,3,84,5.0131578947368425,8
attacks,MultiKrum,1,0.4,adaptive_flip,,,,,,{},0.06374999999999997,0.6241666666666666,0.06375,12.0,0,0.06374999999999997,,45.142857142857146,1,98,4.791208791208791,7
attacks,MultiKrum,1,0.4,backdoor,,,,,,{},0.15625,0.5625,0.15625,12.0,0,0.15625,,24.0,1,114,2.542056074766355,7
attacks,MultiKrum,2,0.2,targeted_flip,,,,,,{},0.0,0.25,0.0,16.0,0,0.0,,,4,116,2.580357142857143,4
attacks,MultiKrum,2,0.2,backdoor_boost,,,,,,{},1.0,0.0,1.0,16.0,0,1.0,,0.0,0,0,,0
attacks,MultiKrum,2,0.2,adaptive_backdoor,,,,,,{},0.040000000000000036,0.24,0.04,16.0,0,0.040000000000000036,,23.0,2,117,2.336283185840708,4
attacks,MultiKrum,2,0.2,adaptive_flip,,,,,,{},0.07750000000000001,0.23062499999999997,0.0775,16.0,0,0.07750000000000001,,17.0,2,124,2.1818181818181817,3
attacks,MultiKrum,2,0.2,backdoor,,,,,,{},0.15749999999999997,0.21062499999999995,0.1575,16.0,0,0.15749999999999997,,6.666666666666667,1,107,2.2358490566037736,1
attacks,MultiKrum,2,0.4,backdoor_boost,,,,,,{},0.84875,0.10083333333333333,0.84875,12.0,0,0.84875,,0.0,0,21,1.1,1
attacks,MultiKrum,2,0.4,backdoor,,,,,,{},0.31875,0.4541666666666667,0.31875,12.0,0,0.31875,,9.333333333333334,2,70,6.53125,6
attacks,MultiKrum,2,0.4,targeted_flip,,,,,,{},0.0,0.6666666666666667,0.0,12.0,0,0.0,,,8,86,2.5384615384615383,8
attacks,MultiKrum,2,0.4,adaptive_backdoor,,,,,,{},0.19625000000000004,0.5358333333333334,0.19625,12.0,0,0.19625000000000004,,26.0,3,39,4.65625,7
attacks,MultiKrum,2,0.4,adaptive_flip,,,,,,{},0.23624999999999996,0.5091666666666667,0.23625,12.0,0,0.23624999999999996,,20.666666666666668,2,46,10.6,6
attacks,MultiKrum,3,0.2,adaptive_flip,,,,,,{},0.022499999999999964,0.244375,0.0225,16.0,0,0.022499999999999964,,19.0,3,46,6.5813953488372094,3
attacks,MultiKrum,3,0.2,targeted_flip,,,,,,{},0.0,0.25,0.0,16.0,0,0.0,,,4,45,6.7073170731707314,4
attacks,MultiKrum,3,0.2,backdoor_boost,,,,,,{},1.0,0.0,1.0,16.0,0,1.0,,0.0,0,0,,0
attacks,MultiKrum,3,0.2,adaptive_backdoor,,,,,,{},0.01749999999999996,0.24562499999999998,0.0175,16.0,0,0.01749999999999996,,33.0,3,44,5.463414634146342,3
attacks,MultiKrum,3,0.2,backdoor,,,,,,{},0.04749999999999999,0.23812500000000003,0.0475,16.0,0,0.04749999999999999,,26.0,3,41,6.837837837837838,4
attacks,MultiKrum,3,0.4,backdoor,,,,,,{},0.395,0.4033333333333333,0.395,12.0,0,0.395,,8.0,1,60,3.267857142857143,4
attacks,MultiKrum,3,0.4,backdoor_boost,,,,,,{},0.86875,0.08750000000000002,0.86875,12.0,0,0.86875,,0.0,0,5,1.5,1
attacks,MultiKrum,3,0.4,adaptive_flip,,,,,,{},0.34624999999999995,0.4358333333333333,0.34625,12.0,0,0.34624999999999995,,14.0,1,62,3.586206896551724,4
attacks,MultiKrum,3,0.4,adaptive_backdoor,,,,,,{},0.28374999999999995,0.47750000000000004,0.28375,12.0,0,0.28374999999999995,,28.333333333333332,2,52,3.6041666666666665,4
attacks,MultiKrum,3,0.4,targeted_flip,,,,,,{},0.0,0.6666666666666667,0.0,12.0,0,0.0,,,8,92,2.7261904761904763,8
attacks,MultiKrum,4,0.2,adaptive_flip,,,,,,{},0.0,0.25,0.0,16.0,0,0.0,,,4,108,3.4615384615384617,4
attacks,MultiKrum,4,0.2,targeted_flip,,,,,,{},0.0,0.25,0.0,16.0,0,0.0,,,4,101,3.2577319587628866,4
attacks,MultiKrum,4,0.2,backdoor,,,,,,{},0.012499999999999956,0.24687499999999996,0.0125,16.0,0,0.012499999999999956,,61.0,1,112,3.564814814814815,4
attacks,MultiKrum,4,0.2,adaptive_backdoor,,,,,,{},0.0,0.25,0.0,16.0,0,0.0,,,4,86,4.487804878048781,4
attacks,MultiKrum,4,0.2,backdoor_boost,,,,,,{},1.0,0.0,1.0,16.0,0,1.0,,0.0,0,0,,0
attacks,MultiKrum,4,0.4,adaptive_backdoor,,,,,,{},0.1825,0.5449999999999999,0.1825,12.0,0,0.1825,,13.6,3,116,3.7962962962962963,8
attacks,MultiKrum,4,0.4,targeted_flip,,,,,,{},0.0,0.6666666666666667,0.0,12.0,0,0.0,,,8,102,3.702127659574468,8
attacks,MultiKrum,4,0.4,backdoor_boost,,,,,,{},0.8775,0.08166666666666667,0.8775,12.0,0,0.8775,,0.0,0,38,2.5405405405405403,1
attacks,MultiKrum,4,0.4,adaptive_flip,,,,,,{},0.20625000000000004,0.5291666666666667,0.20625,12.0,0,0.20625000000000004,,26.666666666666668,2,111,4.219047619047619,6
attacks,MultiKrum,4,0.4,backdoor,,,,,,{},0.3175,0.45499999999999996,0.3175,12.0,0,0.3175,,4.857142857142857,1,122,2.8632478632478633,5
cyclic,DeepTrust-R,0,0.1,cyclic_flip,,,,,mlp-R-U,"{""functional_ref"": ""reference""}",1.0,0.05777777777777782,0.6578947368421053,16.96,0,1.0,0.0,0.0,0,13,10.857142857142858,6
cyclic,DeepTrust-R,0,0.2,cyclic_flip,,,,,mlp-R-U,"{""functional_ref"": ""reference""}",1.0,0.03312499999999996,0.8830022075055187,15.47,0,1.0,0.0,0.0,0,4,13.25,0
cyclic,DeepTrust-R,0,0.3,cyclic_flip,,,,,mlp-R-U,"{""functional_ref"": ""reference""}",1.0,0.06071428571428572,0.8759124087591241,13.15,0,1.0,0.0,0.0,0,7,13.8,2
cyclic,DeepTrust-R,0,0.4,cyclic_flip,,,,,mlp-R-U,"{""functional_ref"": ""reference""}",1.0,0.04500000000000004,0.936768149882904,11.46,0,1.0,0.0,0.0,0,4,13.5,0
cyclic,DeepTrust-R,0,0.5,cyclic_flip,,,,,mlp-R-U,"{""functional_ref"": ""reference""}",1.0,0.03400000000000003,0.9671179883945842,9.66,0,1.0,0.0,0.0,0,3,13.5,1
cyclic,DeepTrust-R,0,0.6,cyclic_flip,,,,,mlp-R-U,"{""functional_ref"": ""reference""}",1.0,0.04500000000000004,0.970873786407767,7.64,0,1.0,0.0,0.0,0,1,36.0,0
cyclic,DeepTrust-R,0,0.7,cyclic_flip,,,,,mlp-R-U,"{""functional_ref"": ""reference""}",1.0,0.07166666666666666,0.9702009702009702,5.57,0,1.0,0.0,0.0,0,4,12.0,1
cyclic,DeepTrust-R,0,0.8,cyclic_flip,,,,,mlp-R-U,"{""functional_ref"": ""reference""}",1.0,0.0,1.0,4.0,0,1.0,0.0,0.0,0,0,,0
cyclic,DeepTrust-R,0,0.9,cyclic_flip,,,,,mlp-R-U,"{""functional_ref"": ""reference""}",1.0,0.0,1.0,2.0,0,1.0,0.0,0.0,0,0,,0
cyclic,DeepTrust-R,1,0.1,cyclic_flip,,,,,mlp-R-U,"{""functional_ref"": ""reference""}",1.0,0.0888888888888889,0.5555555555555556,16.4,0,1.0,0.0,0.0,0,15,4.285714285714286,1
cyclic,DeepTrust-R,1,0.2,cyclic_flip,,,,,mlp-R-U,"{""functional_ref"": ""reference""}",1.0,0.041874999999999996,0.8565310492505354,15.33,0,1.0,0.0,0.0,0,16,4.1875,0
cyclic,DeepTrust-R,1,0.3,cyclic_flip,,,,,mlp-R-U,"{""functional_ref"": ""reference""}",1.0,0.0071428571428571175,0.9836065573770492,13.9,0,1.0,0.0,0.0,0,7,1.4285714285714286,0
cyclic,DeepTrust-R,1,0.4,cyclic_flip,,,,,mlp-R-U,"{""functional_ref"": ""reference""}",1.0,0.02083333333333337,0.9696969696969697,11.75,0,1.0,0.0,0.0,0,4,6.0,1
cyclic,DeepTrust-R,1,0.5,cyclic_flip,,,,,mlp-R-U,"{""functional_ref"": ""reference""}",1.0,0.025000000000000022,0.975609756097561,9.75,0,1.0,0.0,0.0,0,7,2.3333333333333335,1
cyclic,DeepTrust-R,1,0.6,cyclic_flip,,,,,mlp-R-U,"{""functional_ref"": ""reference""}",0.9916666666666667,0.018750000000000044,0.9875518672199171,7.95,0,0.9916666666666667,0.011111111111111112,0.0,0,4,3.75,0
cyclic,DeepTrust-R,1,0.7,cyclic_flip,,,,,mlp-R-U,"{""functional_ref"": ""reference""}",0.97,0.10666666666666669,0.9549929676511955,5.78,0,0.97,0.06961904761904764,0.0,0,10,6.4,0
cyclic,DeepTrust-R,1,0.8,cyclic_flip,,,,,mlp-R-U,"{""functional_ref"": ""reference""}",0.9825,0.0,1.0,4.28,0,0.9825,0.055999999999999994,0.0,0,0,,0
cyclic,DeepTrust-R,1,0.9,cyclic_flip,,,,,mlp-R-U,"{""functional_ref"": ""reference""}",0.9972222222222222,0.06999999999999995,0.992260917634052,1.91,4,0.9972222222222222,0.016666666666666666,0.0,0,2,5.0,1
cyclic,DeepTrust-R,2,0.1,cyclic_flip,,,,,mlp-R-U,"{""functional_ref"": ""reference""}",1.0,0.20499999999999996,0.351493848857645,14.31,0,1.0,0.0,0.0,0,28,10.166666666666666,4
cyclic,DeepTrust-R,2,0.2,cyclic_flip,,,,,mlp-R-U,"{""functional_ref"": ""reference""}",1.0,0.24687499999999996,0.5031446540880503,12.05,0,1.0,0.0,0.0,0,26,8.3,6
cyclic,DeepTrust-R,2,0.3,cyclic_flip,,,,,mlp-R-U,"{""functional_ref"": ""reference""}",1.0,0.2221428571428572,0.6586169045005489,10.89,0,1.0,0.0,0.0,0,21,11.842105263157896,2
cyclic,DeepTrust-R,2,0.4,cyclic_flip,,,,,mlp-R-U,"{""functional_ref"": ""reference""}",1.0,0.11916666666666664,0.848356309650053,10.57,0,1.0,0.0,0.0,0,10,15.666666666666666,1
cyclic,DeepTrust-R,2,0.5,cyclic_flip,,,,,mlp-R-U,"{""functional_ref"": ""reference""}",1.0,0.133,0.8826125330979699,8.67,0,1.0,0.0,0.0,0,13,11.727272727272727,2
cyclic,DeepTrust-R,2,0.6,cyclic_flip,,,,,mlp-R-U,"{""functional_ref"": ""reference""}",1.0,0.17874999999999996,0.8935219657483247,6.57,0,1.0,0.0,0.0,0,17,9.133333333333333,2
cyclic,DeepTrust-R,2,0.7,cyclic_flip,,,,,mlp-R-U,"{""functional_ref"": ""reference""}",1.0,0.18333333333333335,0.9271523178807947,4.9,0,1.0,0.0,0.0,0,6,21.4,1
cyclic,DeepTrust-R,2,0.8,cyclic_flip,,,,,mlp-R-U,"{""functional_ref"": ""reference""}",1.0,0.22750000000000004,0.9461856889414547,3.09,0,1.0,0.0,0.0,0,9,10.11111111111111,0
cyclic,DeepTrust-R,2,0.9,cyclic_flip,,,,,mlp-R-U,"{""functional_ref"": ""reference""}",1.0,0.945,0.9049773755656109,0.11,90,1.0,0.0,0.0,0,4,24.0,2
cyclic,DeepTrust-R,3,0.1,cyclic_flip,,,,,mlp-R-U,"{""functional_ref"": ""reference""}",1.0,0.17666666666666664,0.3861003861003861,14.82,0,1.0,0.0,0.0,0,22,8.470588235294118,5
cyclic,DeepTrust-R,3,0.2,cyclic_flip,,,,,mlp-R-U,"{""functional_ref"": ""reference""}",1.0,0.20375,0.5509641873278237,12.74,0,1.0,0.0,0.0,0,18,12.083333333333334,6
cyclic,DeepTrust-R,3,0.3,cyclic_flip,,,,,mlp-R-U,"{""functional_ref"": ""reference""}",1.0,0.2985714285714286,0.5893909626719057,9.82,0,1.0,0.0,0.0,0,30,9.285714285714286,9
cyclic,DeepTrust-R,3,0.4,cyclic_flip,,,,,mlp-R-U,"{""functional_ref"": ""reference""}",1.0,0.14833333333333332,0.8179959100204499,10.22,0,1.0,0.0,0.0,0,11,16.0,2
cyclic,DeepTrust-R,3,0.5,cyclic_flip,,,,,mlp-R-U,"{""functional_ref"": ""reference""}",1.0,0.14600000000000002,0.8726003490401396,8.54,0,1.0,0.0,0.0,0,18,4.933333333333334,3
cyclic,DeepTrust-R,3,0.6,cyclic_flip,,,,,mlp-R-U,"{""functional_ref"": ""reference""}",1.0,0.03500000000000003,0.9771986970684039,7.72,0,1.0,0.0,0.0,0,2,14.0,0
cyclic,DeepTrust-R,3,0.7,cyclic_flip,,,,,mlp-R-U,"{""functional_ref"": ""reference""}",1.0,0.1433333333333333,0.9421265141318977,5.14,0,1.0,0.0,0.0,0,5,16.333333333333332,2
cyclic,DeepTrust-R,3,0.8,cyclic_flip,,,,,mlp-R-U,"{""functional_ref"": ""reference""}",1.0,0.020000000000000018,0.9950248756218906,3.92,0,1.0,0.0,0.0,0,2,5.0,1
cyclic,DeepTrust-R,3,0.9,cyclic_flip,,,,,mlp-R-U,"{""functional_ref"": ""reference""}",0.9966666666666667,0.0,1.0,2.06,0,0.9966666666666667,0.019999999999999997,0.0,0,0,,0
cyclic,DeepTrust-V,0,0.1,cyclic_flip,,,,,mlp-V-R-U,"{""functional_ref"": ""reference""}",1.0,0.10499999999999998,0.5141388174807198,16.11,0,1.0,0.0,0.0,0,7,36.2,2
cyclic,DeepTrust-V,0,0.2,cyclic_flip,,,,,mlp-V-R-U,"{""functional_ref"": ""reference""}",1.0,0.11312500000000003,0.6884681583476764,14.19,0,1.0,0.0,0.0,0,12,17.6,2
cyclic,DeepTrust-V,0,0.3,cyclic_flip,,,,,mlp-V-R-U,"{""functional_ref"": ""reference""}",1.0,0.07071428571428573,0.8583690987124464,13.01,0,1.0,0.0,0.0,0,7,15.0,1
cyclic,DeepTrust-V,0,0.4,cyclic_flip,,,,,mlp-V-R-U,"{""functional_ref"": ""reference""}",1.0,0.1216666666666667,0.8456659619450317,10.54,0,1.0,0.0,0.0,0,9,16.22222222222222,0
cyclic,DeepTrust-V,0,0.5,cyclic_flip,,,,,mlp-V-R-U,"{""functional_ref"": ""reference""}",1.0,0.04400000000000004,0.9578544061302682,9.56,0,1.0,0.0,0.0,0,4,11.0,0
cyclic,DeepTrust-V,0,0.6,cyclic_flip,,,,,mlp-V-R-U,"{""functional_ref"": ""reference""}",1.0,0.07625000000000004,0.9516256938937351,7.39,0,1.0,0.0,0.0,0,2,30.5,0
cyclic,DeepTrust-V,0,0.7,cyclic_flip,,,,,mlp-V-R-U,"{""functional_ref"": ""reference""}",1.0,0.06333333333333335,0.9735744089012517,5.62,0,1.0,0.0,0.0,0,3,12.666666666666666,0
cyclic,DeepTrust-V,0,0.8,cyclic_flip,,,,,mlp-V-R-U,"{""functional_ref"": ""reference""}",1.0,0.07250000000000001,0.9821976672805403,3.71,0,1.0,0.0,0.0,0,20,1.45,0
cyclic,DeepTrust-V,0,0.9,cyclic_flip,,,,,mlp-V-R-U,"{""functional_ref"": ""reference""}",1.0,0.06499999999999995,0.9928295642581357,1.87,0,1.0,0.0,0.0,0,12,1.0833333333333333,0
cyclic,DeepTrust-V,1,0.1,cyclic_flip,,,,,mlp-V-R-U,"{""functional_ref"": ""reference""}",1.0,0.14611111111111108,0.4319654427645788,15.37,0,1.0,0.0,0.0,0,11,7.777777777777778,2
cyclic,DeepTrust-V,1,0.2,cyclic_flip,,,,,mlp-V-R-U,"{""functional_ref"": ""reference""}",1.0,0.14,0.6410256410256411,13.76,0,1.0,0.0,0.0,0,12,12.11111111111111,3
cyclic,DeepTrust-V,1,0.3,cyclic_flip,,,,,mlp-V-R-U,"{""functional_ref"": ""reference""}",1.0,0.08285714285714285,0.8379888268156425,12.84,0,1.0,0.0,0.0,0,16,7.25,0
cyclic,DeepTrust-V,1,0.4,cyclic_flip,,,,,mlp-V-R-U,"{""functional_ref"": ""reference""}",1.0,0.12,0.847457627118644,10.56,0,1.0,0.0,0.0,0,10,15.333333333333334,1
cyclic,DeepTrust-V,1,0.5,cyclic_flip,,,,,mlp-V-R-U,"{""functional_ref"": ""reference""}",1.0,0.18100000000000005,0.8467400508044031,8.19,0,1.0,0.0,0.0,0,8,2.5,2
cyclic,DeepTrust-V,1,0.6,cyclic_flip,,,,,mlp-V-R-U,"{""functional_ref"": ""reference""}",0.9625,0.20375,0.8763277693474962,6.82,0,0.9625,0.06458333333333333,0.0,0,7,12.0,1
cyclic,DeepTrust-V,1,0.7,cyclic_flip,,,,,mlp-V-R-U,"{""functional_ref"": ""reference""}",1.0,0.30166666666666664,0.8855154965211891,4.19,0,1.0,0.0,0.0,0,14,13.083333333333334,2
cyclic,DeepTrust-V,1,0.8,cyclic_flip,,,,,mlp-V-R-U,"{""functional_ref"": ""reference""}",1.0,0.012499999999999956,0.9968847352024922,3.95,0,1.0,0.0,0.0,0,1,5.0,0
cyclic,DeepTrust-V,1,0.9,cyclic_flip,,,,,mlp-V-R-U,"{""functional_ref"": ""reference""}",1.0,0.0,1.0,2.0,0,1.0,0.0,0.0,0,0,,0
cyclic,DeepTrust-V,2,0.1,cyclic_flip,,,,,mlp-V-R-U,"{""functional_ref"": ""reference""}",1.0,0.16833333333333333,0.3976143141153082,14.97,0,1.0,0.0,0.0,0,20,10.736842105263158,1
cyclic,DeepTrust-V,2,0.2,cyclic_flip,,,,,mlp-V-R-U,"{""functional_ref"": ""reference""}",1.0,0.18500000000000005,0.5747126436781609,13.04,0,1.0,0.0,0.0,0,37,6.636363636363637,4
cyclic,DeepTrust-V,2,0.3,cyclic_flip,,,,,mlp-V-R-U,"{""functional_ref"": ""reference""}",1.0,0.1328571428571429,0.7633587786259542,12.14,0,1.0,0.0,0.0,0,22,4.5,4
cyclic,DeepTrust-V,2,0.4,cyclic_flip,,,,,mlp-V-R-U,"{""functional_ref"": ""reference""}",1.0,0.1283333333333333,0.8385744234800838,10.46,0,1.0,0.0,0.0,0,15,10.846153846153847,2
cyclic,DeepTrust-V,2,0.5,cyclic_flip,,,,,mlp-V-R-U,"{""functional_ref"": ""reference""}",1.0,0.16100000000000003,0.8613264427217916,8.39,0,1.0,0.0,0.0,0,23,2.8181818181818183,1
cyclic,DeepTrust-V,2,0.6,cyclic_flip,,,,,mlp-V-R-U,"{""functional_ref"": ""reference""}",1.0,0.15249999999999997,0.9077155824508321,6.78,0,1.0,0.0,0.0,0,14,4.615384615384615,1
cyclic,DeepTrust-V,2,0.7,cyclic_flip,,,,,mlp-V-R-U,"{""functional_ref"": ""reference""}",1.0,0.15833333333333333,0.9364548494983278,5.05,0,1.0,0.0,0.0,0,19,5.166666666666667,1
cyclic,DeepTrust-V,2,0.8,cyclic_flip,,,,,mlp-V-R-U,"{""functional_ref"": ""reference""}",1.0,0.28500000000000003,0.9334889148191365,2.86,0,1.0,0.0,0.0,0,23,3.142857142857143,2
cyclic,DeepTrust-V,2,0.9,cyclic_flip,,,,,mlp-V-R-U,"{""functional_ref"": ""reference""}",1.0,0.8,0.9183673469387755,0.4,61,1.0,0.0,0.0,0,6,33.75,2
cyclic,DeepTrust-V,3,0.1,cyclic_flip,,,,,mlp-V-R-U,"{""functional_ref"": ""reference""}",1.0,0.13722222222222225,0.44742729306487694,15.53,0,1.0,0.0,0.0,0,14,6.545454545454546,3
cyclic,DeepTrust-V,3,0.2,cyclic_flip,,,,,mlp-V-R-U,"{""functional_ref"": ""reference""}",1.0,0.125,0.6666666666666666,14.0,0,1.0,0.0,0.0,0,17,2.466666666666667,2
cyclic,DeepTrust-V,3,0.3,cyclic_flip,,,,,mlp-V-R-U,"{""functional_ref"": ""reference""}",1.0,0.19999999999999996,0.6818181818181818,11.2,0,1.0,0.0,0.0,0,35,4.2,5
cyclic,DeepTrust-V,3,0.4,cyclic_flip,,,,,mlp-V-R-U,"{""functional_ref"": ""reference""}",1.0,0.1925,0.7759456838021338,9.69,0,1.0,0.0,0.0,0,16,6.076923076923077,3
cyclic,DeepTrust-V,3,0.5,cyclic_flip,,,,,mlp-V-R-U,"{""functional_ref"": ""reference""}",1.0,0.15600000000000003,0.8650519031141869,8.44,0,1.0,0.0,0.0,0,26,4.666666666666667,2
cyclic,DeepTrust-V,3,0.6,cyclic_flip,,,,,mlp-V-R-U,"{""functional_ref"": ""reference""}",1.0,0.11124999999999996,0.9309542280837859,7.11,0,1.0,0.0,0.0,0,16,5.066666666666666,1
cyclic,DeepTrust-V,3,0.7,cyclic_flip,,,,,mlp-V-R-U,"{""functional_ref"": ""reference""}",1.0,0.0,1.0,6.0,0,1.0,0.0,0.0,0,0,,0
cyclic,DeepTrust-V,3,0.8,cyclic_flip,,,,,mlp-V-R-U,"{""functional_ref"": ""reference""}",1.0,0.0,1.0,4.0,0,1.0,0.0,0.0,0,0,,0
cyclic,DeepTrust-V,3,0.9,cyclic_flip,,,,,mlp-V-R-U,"{""functional_ref"": ""reference""}",1.0,0.050000000000000044,0.994475138121547,1.9,0,1.0,0.0,0.0,0,1,10.0,0
cyclic,DeepTrust-V,4,0.1,cyclic_flip,,,,,mlp-V-R-U,"{""functional_ref"": ""reference""}",1.0,0.09277777777777774,0.5449591280653951,16.33,0,1.0,0.0,0.0,0,20,8.157894736842104,1
cyclic,DeepTrust-V,4,0.2,cyclic_flip,,,,,mlp-V-R-U,"{""functional_ref"": ""reference""}",1.0,0.03687499999999999,0.8714596949891068,15.41,0,1.0,0.0,0.0,0,9,7.125,1
cyclic,DeepTrust-V,4,0.3,cyclic_flip,,,,,mlp-V-R-U,"{""functional_ref"": ""reference""}",0.9733333333333334,0.046428571428571375,0.8998459167950693,13.51,0,0.9733333333333334,0.010864468864468867,0.0,0,6,10.833333333333334,0
cyclic,DeepTrust-V,4,0.4,cyclic_flip,,,,,mlp-V-R-U,"{""functional_ref"": ""reference""}",1.0,0.046666666666666634,0.9345794392523364,11.44,0,1.0,0.0,0.0,0,12,4.666666666666667,0
cyclic,DeepTrust-V,4,0.5,cyclic_flip,,,,,mlp-V-R-U,"{""functional_ref"": ""reference""}",1.0,0.040000000000000036,0.9615384615384616,9.6,0,1.0,0.0,0.0,0,8,5.5,2
cyclic,DeepTrust-V,4,0.6,cyclic_flip,,,,,mlp-V-R-U,"{""functional_ref"": ""reference""}",1.0,0.15000000000000002,0.9090909090909091,6.8,0,1.0,0.0,0.0,0,14,8.571428571428571,0
cyclic,DeepTrust-V,4,0.7,cyclic_flip,,,,,mlp-V-R-U,"{""functional_ref"": ""reference""}",1.0,0.04166666666666663,0.9824561403508771,5.75,0,1.0,0.0,0.0,0,4,6.25,0
cyclic,DeepTrust-V,4,0.8,cyclic_flip,,,,,mlp-V-R-U,"{""functional_ref"": ""reference""}",1.0,0.11750000000000005,0.9714632665452337,3.53,0,1.0,0.0,0.0,0,7,6.714285714285714,0
cyclic,DeepTrust-V,4,0.9,cyclic_flip,,,,,mlp-V-R-U,"{""functional_ref"": ""reference""}",0.9922222222222222,0.0,1.0,2.14,0,0.9922222222222222,0.04666666666666666,0.0,0,0,,0
cyclic,DeepTrust,0,0.1,cyclic_flip,,,,,mlp-U,{},0.99,0.02055555555555555,0.8425531914893617,17.65,0,0.99,0.0010526315789473686,1.0,0,4,9.0,1
cyclic,DeepTrust,0,0.2,cyclic_flip,,,,,mlp-U,{},0.995,0.02375000000000005,0.9128440366972477,15.64,0,0.995,0.0011111111111111111,0.5,0,5,7.6,0
cyclic,DeepTrust,0,0.3,cyclic_flip,,,,,mlp-U,{},0.9916666666666667,0.0,1.0,14.05,0,0.9916666666666667,0.003014705882352941,0.8333333333333334,0,0,,0
cyclic,DeepTrust,0,0.4,cyclic_flip,,,,,mlp-U,{},0.99125,0.07916666666666672,0.8930180180180181,11.12,0,0.99125,0.0045,0.875,0,3,31.666666666666668,0
cyclic,DeepTrust,0,0.5,cyclic_flip,,,,,mlp-U,{},0.99,0.041000000000000036,0.9602327837051406,9.69,0,0.99,0.006666666666666665,1.0,0,4,12.0,1
cyclic,DeepTrust,0,0.6,cyclic_flip,,,,,mlp-U,{},0.9858333333333333,0.04625000000000001,0.969672131147541,7.8,0,0.9858333333333333,0.012358974358974357,1.4166666666666667,0,2,18.5,0
cyclic,DeepTrust,0,0.7,cyclic_flip,,,,,mlp-U,{},0.9735714285714285,0.07499999999999996,0.9680397727272727,5.92,0,0.9735714285714285,0.0300909090909091,2.642857142857143,0,4,11.25,0
cyclic,DeepTrust,0,0.8,cyclic_flip,,,,,mlp-U,{},0.884375,0.0,1.0,5.85,0,0.884375,0.1753506493506493,11.5,0,0,,0
cyclic,DeepTrust,0,0.9,cyclic_flip,,,,,mlp-U,{},0.9216666666666666,0.04500000000000004,0.9946043165467626,3.32,0,0.9216666666666666,0.1396976911976912,7.833333333333333,0,2,5.0,1
cyclic,DeepTrust,1,0.1,cyclic_flip,,,,,mlp-U,{},1.0,0.061111111111111116,0.6451612903225806,16.9,0,1.0,0.0,0.0,0,4,5.5,2
cyclic,DeepTrust,1,0.2,cyclic_flip,,,,,mlp-U,{},0.9925,0.0068749999999999645,0.9730392156862745,15.92,0,0.9925,0.0016993464052287583,0.75,0,2,8.0,1
cyclic,DeepTrust,1,0.3,cyclic_flip,,,,,mlp-U,{},0.995,0.008571428571428563,0.9802955665024631,13.91,0,0.995,0.001764705882352941,0.5,0,2,6.0,0
cyclic,DeepTrust,1,0.4,cyclic_flip,,,,,mlp-U,{},0.995,0.004166666666666652,0.9937578027465668,11.99,0,0.995,0.0025,0.5,0,1,5.0,0
cyclic,DeepTrust,1,0.5,cyclic_flip,,,,,mlp-U,{},0.991,0.0,1.0,10.09,0,0.991,0.006969696969696968,0.5,0,0,,0
cyclic,DeepTrust,1,0.6,cyclic_flip,,,,,mlp-U,{},0.9283333333333333,0.0,1.0,8.86,0,0.9283333333333333,0.09212898212898214,0.6666666666666666,0,0,,0
cyclic,DeepTrust,1,0.7,cyclic_flip,,,,,mlp-U,{},0.9585714285714286,0.010000000000000009,0.9955489614243324,6.52,0,0.9585714285714286,0.07847985347985348,0.5,0,1,6.0,0
cyclic,DeepTrust,1,0.8,cyclic_flip,,,,,mlp-U,{},0.935625,0.0,1.0,5.03,0,0.935625,0.13380475080475077,4.3125,0,0,,0
cyclic,DeepTrust,1,0.9,cyclic_flip,,,,,mlp-U,{},0.8477777777777777,0.0,1.0,4.74,0,0.8477777777777777,0.31622799422799425,11.38888888888889,0,0,,0
cyclic,DyF-ZTL-R,0,0.1,cyclic_flip,,,,,default-R-U,"{""functional_ref"": ""reference""}",1.0,0.026666666666666616,0.8064516129032258,17.52,0,1.0,0.0,0.0,0,7,6.857142857142857,0
cyclic,DyF-ZTL-R,0,0.2,cyclic_flip,,,,,default-R-U,"{""functional_ref"": ""reference""}",0.9625,0.05500000000000005,0.813953488372093,15.27,0,0.9625,0.009196078431372549,0.0,0,5,8.25,1
cyclic,DyF-ZTL-R,0,0.3,cyclic_flip,,,,,default-R-U,"{""functional_ref"": ""reference""}",0.9766666666666667,0.03500000000000003,0.9228346456692913,13.65,0,0.9766666666666667,0.010164835164835163,0.0,0,6,8.166666666666666,0
cyclic,DyF-ZTL-R,0,0.4,cyclic_flip,,,,,default-R-U,"{""functional_ref"": ""reference""}",0.95875,0.0050000000000000044,0.9922380336351876,12.27,0,0.95875,0.02544871794871795,0.0,0,1,6.0,0
cyclic,DyF-ZTL-R,0,0.5,cyclic_flip,,,,,default-R-U,"{""functional_ref"": ""reference""}",0.995,0.008000000000000007,0.9920239282153539,9.97,0,0.995,0.004636363636363636,0.0,0,1,8.0,0
cyclic,DyF-ZTL-R,0,0.6,cyclic_flip,,,,,default-R-U,"{""functional_ref"": ""reference""}",0.98,0.025000000000000022,0.9832775919732442,8.04,0,0.98,0.02763888888888889,0.0,0,2,10.0,0
cyclic,DyF-ZTL-R,0,0.7,cyclic_flip,,,,,default-R-U,"{""functional_ref"": ""reference""}",0.9814285714285714,0.053333333333333344,0.9772403982930299,5.94,0,0.9814285714285714,0.037619047619047614,0.0,0,8,4.0,0
cyclic,DyF-ZTL-R,0,0.8,cyclic_flip,,,,,default-R-U,"{""functional_ref"": ""reference""}",1.0,0.0,1.0,4.0,0,1.0,0.0,0.0,0,0,,0
cyclic,DyF-ZTL-R,0,0.9,cyclic_flip,,,,,default-R-U,"{""functional_ref"": ""reference""}",1.0,0.0,1.0,2.0,0,1.0,0.0,0.0,0,0,,0
cyclic,DyF-ZTL-R,1,0.1,cyclic_flip,,,,,default-R-U,"{""functional_ref"": ""reference""}",1.0,0.15666666666666662,0.4149377593360996,15.18,0,1.0,0.0,0.0,0,16,11.083333333333334,4
cyclic,DyF-ZTL-R,1,0.2,cyclic_flip,,,,,default-R-U,"{""functional_ref"": ""reference""}",1.0,0.09125000000000005,0.7326007326007326,14.54,0,1.0,0.0,0.0,0,20,4.4375,4
cyclic,DyF-ZTL-R,1,0.3,cyclic_flip,,,,,default-R-U,"{""functional_ref"": ""reference""}",1.0,0.11285714285714288,0.7915567282321899,12.42,0,1.0,0.0,0.0,0,11,15.333333333333334,2
cyclic,DyF-ZTL-R,1,0.4,cyclic_flip,,,,,default-R-U,"{""functional_ref"": ""reference""}",1.0,0.12,0.847457627118644,10.56,0,1.0,0.0,0.0,0,8,1.8333333333333333,2
cyclic,DyF-ZTL-R,1,0.5,cyclic_flip,,,,,default-R-U,"{""functional_ref"": ""reference""}",1.0,0.134,0.8818342151675485,8.66,0,1.0,0.0,0.0,0,4,9.0,2
cyclic,DyF-ZTL-R,1,0.6,cyclic_flip,,,,,default-R-U,"{""functional_ref"": ""reference""}",0.96,0.07374999999999998,0.9512799339388934,7.89,0,0.96,0.0598611111111111,0.0,0,16,3.8,1
cyclic,DyF-ZTL-R,1,0.7,cyclic_flip,,,,,default-R-U,"{""functional_ref"": ""reference""}",1.0,0.08833333333333337,0.9635237439779766,5.47,0,1.0,0.0,0.0,0,15,3.923076923076923,2
cyclic,DyF-ZTL-R,1,0.8,cyclic_flip,,,,,default-R-U,"{""functional_ref"": ""reference""}",0.98375,0.0,1.0,4.26,0,0.98375,0.05200000000000001,0.0,0,0,,0
cyclic,DyF-ZTL-R,1,0.9,cyclic_flip,,,,,default-R-U,"{""functional_ref"": ""reference""}",0.9938888888888889,0.0,1.0,2.11,0,0.9938888888888889,0.03666666666666666,0.0,0,0,,0
cyclic,DyF-ZTL-R,2,0.1,cyclic_flip,,,,,default-R-U,"{""functional_ref"": ""reference""}",1.0,0.14500000000000002,0.43383947939262474,15.39,0,1.0,0.0,0.0,0,15,16.384615384615383,2
cyclic,DyF-ZTL-R,2,0.2,cyclic_flip,,,,,default-R-U,"{""functional_ref"": ""reference""}",1.0,0.203125,0.5517241379310345,12.75,0,1.0,0.0,0.0,0,15,8.777777777777779,6
cyclic,DyF-ZTL-R,2,0.3,cyclic_flip,,,,,default-R-U,"{""functional_ref"": ""reference""}",1.0,0.14357142857142857,0.7490636704119851,11.99,0,1.0,0.0,0.0,0,9,6.285714285714286,2
cyclic,DyF-ZTL-R,2,0.4,cyclic_flip,,,,,default-R-U,"{""functional_ref"": ""reference""}",1.0,0.15249999999999997,0.8138351983723296,10.17,0,1.0,0.0,0.0,0,24,3.2,4
cyclic,DyF-ZTL-R,2,0.5,cyclic_flip,,,,,default-R-U,"{""functional_ref"": ""reference""}",1.0,0.137,0.8795074758135444,8.63,0,1.0,0.0,0.0,0,8,7.166666666666667,2
cyclic,DyF-ZTL-R,2,0.6,cyclic_flip,,,,,default-R-U,"{""functional_ref"": ""reference""}",1.0,0.11624999999999996,0.9280742459396751,7.07,0,1.0,0.0,0.0,0,1,,1
cyclic,DyF-ZTL-R,2,0.7,cyclic_flip,,,,,default-R-U,"{""functional_ref"": ""reference""}",1.0,0.0,1.0,6.0,0,1.0,0.0,0.0,0,0,,0
cyclic,DyF-ZTL-R,2,0.8,cyclic_flip,,,,,default-R-U,"{""functional_ref"": ""reference""}",1.0,0.0,1.0,4.0,0,1.0,0.0,0.0,0,0,,0
cyclic,DyF-ZTL-R,2,0.9,cyclic_flip,,,,,default-R-U,"{""functional_ref"": ""reference""}",0.9966666666666667,0.0,1.0,2.06,0,0.9966666666666667,0.019999999999999997,0.0,0,0,,0
cyclic,DyF-ZTL-R,3,0.1,cyclic_flip,,,,,default-R-U,"{""functional_ref"": ""reference""}",1.0,0.1594444444444445,0.4106776180698152,15.13,0,1.0,0.0,0.0,0,15,1.8,5
cyclic,DyF-ZTL-R,3,0.2,cyclic_flip,,,,,default-R-U,"{""functional_ref"": ""reference""}",1.0,0.13312500000000005,0.6525285481239804,13.87,0,1.0,0.0,0.0,0,5,1.0,4
cyclic,DyF-ZTL-R,3,0.3,cyclic_flip,,,,,default-R-U,"{""functional_ref"": ""reference""}",1.0,0.18071428571428572,0.7033997655334114,11.47,0,1.0,0.0,0.0,0,12,4.333333333333333,6
cyclic,DyF-ZTL-R,3,0.4,cyclic_flip,,,,,default-R-U,"{""functional_ref"": ""reference""}",0.99875,0.07166666666666666,0.9028248587570622,11.15,0,0.99875,0.0007692307692307692,0.0,0,12,3.75,4
cyclic,DyF-ZTL-R,3,0.5,cyclic_flip,,,,,default-R-U,"{""functional_ref"": ""reference""}",0.999,0.119,0.8935599284436494,8.82,0,0.999,0.0009999999999999998,0.0,0,5,5.666666666666667,2
cyclic,DyF-ZTL-R,3,0.6,cyclic_flip,,,,,default-R-U,"{""functional_ref"": ""reference""}",0.9958333333333333,0.07125000000000004,0.9544728434504792,7.48,0,0.9958333333333333,0.00625,0.0,0,3,19.0,0
cyclic,DyF-ZTL-R,3,0.7,cyclic_flip,,,,,default-R-U,"{""functional_ref"": ""reference""}",0.9985714285714286,0.021666666666666612,0.9907866761162296,5.89,0,0.9985714285714286,0.002857142857142857,0.0,0,4,1.0,1
cyclic,DyF-ZTL-R,3,0.8,cyclic_flip,,,,,default-R-U,"{""functional_ref"": ""reference""}",0.958125,0.0,1.0,4.67,0,0.958125,0.13399999999999998,0.0,0,0,,0
cyclic,DyF-ZTL-R,3,0.9,cyclic_flip,,,,,default-R-U,"{""functional_ref"": ""reference""}",0.98,0.0,1.0,2.36,0,0.98,0.12000000000000002,0.0,0,0,,0
cyclic,DyF-ZTL-v1,0,0.1,cyclic_flip,,,,,,{},1.0,0.15463917525773196,0.41810344827586204,15.216494845360824,0,1.0,0.0,3.0,0,21,5.052631578947368,2
cyclic,DyF-ZTL-v1,0,0.2,cyclic_flip,,,,,,{},1.0,0.17268041237113407,0.5914634146341463,13.237113402061855,0,1.0,0.0,3.0,0,25,7.181818181818182,3
cyclic,DyF-ZTL-v1,0,0.3,cyclic_flip,,,,,,{},1.0,0.2687776141384389,0.614572333685322,10.237113402061855,0,1.0,0.0,3.0,0,12,10.285714285714286,5
cyclic,DyF-ZTL-v1,0,0.4,cyclic_flip,,,,,,{},1.0,0.04123711340206182,0.941747572815534,11.505154639175258,0,1.0,0.0,3.0,0,6,8.0,0
cyclic,DyF-ZTL-v1,0,0.5,cyclic_flip,,,,,,{},1.0,0.17628865979381447,0.8501314636283961,8.237113402061855,0,1.0,0.0,3.0,0,10,8.375,2
cyclic,DyF-ZTL-v1,0,0.6,cyclic_flip,,,,,,{},1.0,0.1701030927835051,0.8981481481481481,6.639175257731959,0,1.0,0.0,3.0,0,7,19.166666666666668,1
cyclic,DyF-ZTL-v1,0,0.7,cyclic_flip,,,,,,{},1.0,0.054982817869415834,0.9769784172661871,5.670103092783505,0,1.0,0.0,3.0,0,8,4.428571428571429,1
cyclic,DyF-ZTL-v1,0,0.8,cyclic_flip,,,,,,{},1.0,0.27835051546391754,0.9349397590361446,2.88659793814433,0,1.0,0.0,3.0,0,4,8.666666666666666,1
cyclic,DyF-ZTL-v1,0,0.9,cyclic_flip,,,,,,{},1.0,0.02577319587628868,0.9971444888635066,1.9484536082474226,0,1.0,0.0,3.0,0,1,5.0,0
cyclic,DyF-ZTL-v1,1,0.1,cyclic_flip,,,,,,{},1.0,0.24341351660939292,0.3134087237479806,13.618556701030927,0,1.0,0.0,3.0,0,13,10.11111111111111,4
cyclic,DyF-ZTL-v1,1,0.2,cyclic_flip,,,,,,{},1.0,0.34085051546391754,0.42311886586695746,10.54639175257732,0,1.0,0.0,3.0,0,19,14.846153846153847,6
cyclic,DyF-ZTL-v1,1,0.3,cyclic_flip,,,,,,{},1.0,0.31958762886597936,0.5728346456692913,9.525773195876289,0,1.0,0.0,3.0,0,15,9.272727272727273,4
cyclic,DyF-ZTL-v1,1,0.4,cyclic_flip,,,,,,{},1.0,0.3445017182130584,0.659303313508921,7.865979381443299,0,1.0,0.0,3.0,0,14,12.181818181818182,3
cyclic,DyF-ZTL-v1,1,0.5,cyclic_flip,,,,,,{},1.0,0.45773195876288664,0.685997171145686,5.422680412371134,0,1.0,0.0,3.0,0,13,19.142857142857142,6
cyclic,DyF-ZTL-v1,1,0.6,cyclic_flip,,,,,,{},1.0,0.9278350515463918,0.6178343949044586,0.5773195876288659,89,1.0,0.0,3.0,0,8,,8
cyclic,DyF-ZTL-v1,1,0.7,cyclic_flip,,,,,,{},1.0,0.9312714776632303,0.7147368421052631,0.41237113402061853,89,1.0,0.0,3.0,0,6,,6
cyclic,DyF-ZTL-v1,1,0.8,cyclic_flip,,,,,,{},1.0,0.49742268041237114,0.8893982808022922,2.0103092783505154,0,1.0,0.0,3.0,0,3,15.0,2
cyclic,DyF-ZTL-v1,1,0.9,cyclic_flip,,,,,,{},1.0,0.9587628865979382,0.9037267080745341,0.08247422680412371,89,1.0,0.0,3.0,0,2,,2
cyclic,DyF-ZTL-v1,2,0.1,cyclic_flip,,,,,,{},1.0,0.17468499427262318,0.38877755511022044,14.855670103092784,0,1.0,0.0,3.0,0,8,4.6,3
cyclic,DyF-ZTL-v1,2,0.2,cyclic_flip,,,,,,{},1.0,0.11404639175257736,0.6867256637168142,14.175257731958762,0,1.0,0.0,3.0,0,5,3.0,2
cyclic,DyF-ZTL-v1,2,0.3,cyclic_flip,,,,,,{},1.0,0.1075110456553755,0.7994505494505495,12.494845360824742,0,1.0,0.0,3.0,0,2,57.0,1
cyclic,DyF-ZTL-v1,2,0.4,cyclic_flip,,,,,,{},1.0,0.09278350515463918,0.8778280542986425,10.88659793814433,0,1.0,0.0,3.0,0,3,9.5,1
cyclic,DyF-ZTL-v1,2,0.5,cyclic_flip,,,,,,{},1.0,0.10206185567010306,0.9073900841908326,8.97938144329897,0,1.0,0.0,3.0,0,6,14.8,1
cyclic,DyF-ZTL-v1,2,0.6,cyclic_flip,,,,,,{},1.0,0.1610824742268041,0.9030256012412723,6.711340206185567,0,1.0,0.0,3.0,0,6,7.2,1
cyclic,DyF-ZTL-v1,2,0.7,cyclic_flip,,,,,,{},1.0,0.21305841924398627,0.9163292847503374,4.721649484536083,0,1.0,0.0,3.0,0,7,5.833333333333333,1
cyclic,DyF-ZTL-v1,2,0.8,cyclic_flip,,,,,,{},1.0,0.24226804123711343,0.9428918590522479,3.0309278350515463,0,1.0,0.0,3.0,0,2,5.0,1
cyclic,DyF-ZTL-v1,2,0.9,cyclic_flip,,,,,,{},1.0,0.4587628865979382,0.9514986376021798,1.0824742268041236,0,1.0,0.0,3.0,0,1,,1
cyclic,DyF-ZTL-v1,3,0.1,cyclic_flip,,,,,,{},1.0,0.15177548682703323,0.4226579520697168,15.268041237113403,0,1.0,0.0,3.0,0,7,11.0,4
cyclic,DyF-ZTL-v1,3,0.2,cyclic_flip,,,,,,{},1.0,0.1823453608247423,0.5782414307004471,13.082474226804123,0,1.0,0.0,3.0,0,8,18.8,3
cyclic,DyF-ZTL-v1,3,0.3,cyclic_flip,,,,,,{},1.0,0.1030927835051546,0.8060941828254847,12.556701030927835,0,1.0,0.0,3.0,0,6,10.2,1
cyclic,DyF-ZTL-v1,3,0.4,cyclic_flip,,,,,,{},1.0,0.22422680412371132,0.7483124397299904,9.309278350515465,0,1.0,0.0,3.0,0,6,29.0,3
cyclic,DyF-ZTL-v1,3,0.5,cyclic_flip,,,,,,{},1.0,0.27422680412371137,0.7847896440129449,7.257731958762887,0,1.0,0.0,3.0,0,4,22.0,3
cyclic,DyF-ZTL-v1,3,0.6,cyclic_flip,,,,,,{},1.0,0.3440721649484536,0.8134171907756813,5.247422680412371,0,1.0,0.0,3.0,0,3,,3
cyclic,DyF-ZTL-v1,3,0.7,cyclic_flip,,,,,,{},1.0,0.16151202749140892,0.9352617079889807,5.030927835051546,0,1.0,0.0,3.0,0,2,5.0,1
cyclic,DyF-ZTL-v1,3,0.8,cyclic_flip,,,,,,{},1.0,0.2448453608247423,0.9423193685488768,3.020618556701031,0,1.0,0.0,3.0,0,2,6.0,1
cyclic,DyF-ZTL-v1,3,0.9,cyclic_flip,,,,,,{},1.0,0.2010309278350515,0.9781512605042016,1.597938144329897,0,1.0,0.0,3.0,0,19,2.111111111111111,1
cyclic,DyF-ZTL-v1,4,0.1,cyclic_flip,,,,,,{},1.0,0.5326460481099656,0.17259786476868327,8.412371134020619,0,1.0,0.0,3.0,0,17,29.428571428571427,10
cyclic,DyF-ZTL-v1,4,0.2,cyclic_flip,,,,,,{},1.0,0.46585051546391754,0.34923492349234925,8.54639175257732,0,1.0,0.0,3.0,0,24,19.05263157894737,5
cyclic,DyF-ZTL-v1,4,0.3,cyclic_flip,,,,,,{},1.0,0.47643593519882177,0.4735557363710334,7.329896907216495,0,1.0,0.0,3.0,0,30,6.6521739130434785,7
cyclic,DyF-ZTL-v1,4,0.4,cyclic_flip,,,,,,{},1.0,0.5695876288659794,0.5392633773453788,5.164948453608248,0,1.0,0.0,3.0,0,17,18.166666666666668,5
cyclic,DyF-ZTL-v1,4,0.5,cyclic_flip,,,,,,{},1.0,0.4731958762886598,0.6787963610916725,5.268041237113402,0,1.0,0.0,3.0,0,13,11.444444444444445,4
cyclic,DyF-ZTL-v1,4,0.6,cyclic_flip,,,,,,{},1.0,0.34149484536082475,0.814555633310007,5.268041237113402,0,1.0,0.0,3.0,0,14,7.25,2
cyclic,DyF-ZTL-v1,4,0.7,cyclic_flip,,,,,,{},1.0,0.1735395189003437,0.9307745030843043,4.958762886597938,0,1.0,0.0,3.0,0,6,2.4,1
cyclic,DyF-ZTL-v1,4,0.8,cyclic_flip,,,,,,{},1.0,0.30670103092783507,0.9287851585876721,2.7731958762886597,0,1.0,0.0,3.0,0,6,6.0,1
cyclic,DyF-ZTL-v1,4,0.9,cyclic_flip,,,,,,{},1.0,0.010309278350515427,0.9988558352402745,1.9793814432989691,0,1.0,0.0,3.0,0,2,1.0,0
cyclic,DyF-ZTL-v1,5,0.1,cyclic_flip,,,,,,{},1.0,0.17182130584192434,0.39271255060728744,14.907216494845361,0,1.0,0.0,3.0,0,16,8.285714285714286,2
cyclic,DyF-ZTL-v1,5,0.2,cyclic_flip,,,,,,{},1.0,0.25708762886597936,0.49301143583227447,11.88659793814433,0,1.0,0.0,3.0,0,10,17.666666666666668,4
cyclic,DyF-ZTL-v1,5,0.3,cyclic_flip,,,,,,{},1.0,0.15390279823269515,0.7357774968394437,11.845360824742269,0,1.0,0.0,3.0,0,6,7.75,2
cyclic,DyF-ZTL-v1,5,0.4,cyclic_flip,,,,,,{},1.0,0.30154639175257736,0.6885536823425022,8.381443298969073,0,1.0,0.0,3.0,0,11,5.571428571428571,4
cyclic,DyF-ZTL-v1,5,0.5,cyclic_flip,,,,,,{},1.0,0.2175257731958763,0.821337849280271,7.824742268041237,0,1.0,0.0,3.0,0,10,3.142857142857143,3
cyclic,DyF-ZTL-v1,5,0.6,cyclic_flip,,,,,,{},1.0,0.2551546391752577,0.8546255506607929,5.958762886597938,0,1.0,0.0,3.0,0,9,2.3333333333333335,3
cyclic,DyF-ZTL-v1,5,0.7,cyclic_flip,,,,,,{},1.0,0.2766323024054983,0.8940092165898618,4.34020618556701,0,1.0,0.0,3.0,0,5,18.0,1
cyclic,DyF-ZTL-v1,5,0.8,cyclic_flip,,,,,,{},1.0,0.3969072164948454,0.9097303634232122,2.4123711340206184,0,1.0,0.0,3.0,0,9,8.125,1
cyclic,DyF-ZTL-v1,5,0.9,cyclic_flip,,,,,,{},1.0,0.18041237113402064,0.9803481190342505,1.6391752577319587,0,1.0,0.0,3.0,0,20,1.75,0
cyclic,DyF-ZTL-v1,6,0.1,cyclic_flip,,,,,,{},1.0,0.26861397479954185,0.29260935143288086,13.164948453608247,0,1.0,0.0,3.0,0,18,18.214285714285715,4
cyclic,DyF-ZTL-v1,6,0.2,cyclic_flip,,,,,,{},1.0,0.16301546391752575,0.6053042121684867,13.391752577319588,0,1.0,0.0,3.0,0,10,10.0,3
cyclic,DyF-ZTL-v1,6,0.3,cyclic_flip,,,,,,{},1.0,0.17599410898379975,0.7088915956151035,11.536082474226804,0,1.0,0.0,3.0,0,10,16.666666666666668,1
cyclic,DyF-ZTL-v1,6,0.4,cyclic_flip,,,,,,{},1.0,0.18470790378006874,0.7830474268415741,9.783505154639176,0,1.0,0.0,3.0,0,6,12.666666666666666,3
cyclic,DyF-ZTL-v1,6,0.5,cyclic_flip,,,,,,{},1.0,0.06804123711340204,0.9362934362934363,9.31958762886598,0,1.0,0.0,3.0,0,2,33.0,0
cyclic,DyF-ZTL-v1,6,0.6,cyclic_flip,,,,,,{},1.0,0.006443298969072142,0.9957228400342173,7.948453608247423,0,1.0,0.0,3.0,0,1,5.0,0
cyclic,DyF-ZTL-v1,6,0.7,cyclic_flip,,,,,,{},1.0,0.07388316151202745,0.9693076374018558,5.556701030927835,0,1.0,0.0,3.0,0,4,2.3333333333333335,1
cyclic,DyF-ZTL-v1,6,0.8,cyclic_flip,,,,,,{},1.0,0.012886597938144284,0.9967886962106616,3.948453608247423,0,1.0,0.0,3.0,0,1,5.0,0
cyclic,DyF-ZTL-v1,6,0.9,cyclic_flip,,,,,,{},1.0,0.02577319587628868,0.9971444888635066,1.9484536082474226,0,1.0,0.0,3.0,0,1,5.0,0
cyclic,DyF-ZTL-v1,7,0.1,cyclic_flip,,,,,,{},1.0,0.11798396334478811,0.485,15.876288659793815,0,1.0,0.0,3.0,0,13,9.7,3
cyclic,DyF-ZTL-v1,7,0.2,cyclic_flip,,,,,,{},1.0,0.09729381443298968,0.7198515769944341,14.443298969072165,0,1.0,0.0,3.0,0,9,6.75,1
cyclic,DyF-ZTL-v1,7,0.3,cyclic_flip,,,,,,{},1.0,0.020618556701030966,0.9540983606557377,13.711340206185566,0,1.0,0.0,3.0,0,4,7.0,0
cyclic,DyF-ZTL-v1,7,0.4,cyclic_flip,,,,,,{},1.0,0.030068728522336774,0.9568434032059187,11.639175257731958,0,1.0,0.0,3.0,0,4,8.75,0
cyclic,DyF-ZTL-v1,7,0.5,cyclic_flip,,,,,,{},1.0,0.012371134020618513,0.9877800407331976,9.876288659793815,0,1.0,0.0,3.0,0,2,6.0,0
cyclic,DyF-ZTL-v1,7,0.6,cyclic_flip,,,,,,{},1.0,0.023195876288659822,0.9847715736040609,7.814432989690721,0,1.0,0.0,3.0,0,4,4.5,0
cyclic,DyF-ZTL-v1,7,0.7,cyclic_flip,,,,,,{},1.0,0.1786941580756014,0.9288645690834473,4.927835051546392,0,1.0,0.0,3.0,0,9,11.555555555555555,0
cyclic,DyF-ZTL-v1,7,0.8,cyclic_flip,,,,,,{},1.0,0.09536082474226804,0.9767149150409062,3.618556701030928,0,1.0,0.0,3.0,0,16,2.2,1
cyclic,DyF-ZTL-v1,7,0.9,cyclic_flip,,,,,,{},1.0,0.9175257731958762,0.9074844074844075,0.16494845360824742,89,1.0,0.0,3.0,0,2,,2
cyclic,DyF-ZTL-v1,8,0.1,cyclic_flip,,,,,,{},1.0,0.18556701030927836,0.3745173745173745,14.65979381443299,0,1.0,0.0,3.0,0,14,6.454545454545454,3
cyclic,DyF-ZTL-v1,8,0.2,cyclic_flip,,,,,,{},1.0,0.1875,0.5714285714285714,13.0,0,1.0,0.0,3.0,0,10,14.125,2
cyclic,DyF-ZTL-v1,8,0.3,cyclic_flip,,,,,,{},1.0,0.1612665684830633,0.7265917602996255,11.742268041237113,0,1.0,0.0,3.0,0,6,10.25,2
cyclic,DyF-ZTL-v1,8,0.4,cyclic_flip,,,,,,{},1.0,0.22594501718213056,0.7468719923002888,9.288659793814434,0,1.0,0.0,3.0,0,9,24.571428571428573,2
cyclic,DyF-ZTL-v1,8,0.5,cyclic_flip,,,,,,{},1.0,0.2701030927835052,0.7873376623376623,7.298969072164948,0,1.0,0.0,3.0,0,13,6.9,3
cyclic,DyF-ZTL-v1,8,0.6,cyclic_flip,,,,,,{},1.0,0.21649484536082475,0.8738738738738738,6.268041237113402,0,1.0,0.0,3.0,0,9,9.875,1
cyclic,DyF-ZTL-v1,8,0.7,cyclic_flip,,,,,,{},1.0,0.15463917525773196,0.9378453038674033,5.072164948453608,0,1.0,0.0,3.0,0,2,1.0,1
cyclic,DyF-ZTL-v1,8,0.8,cyclic_flip,,,,,,{},1.0,0.2551546391752577,0.9400363416111448,2.979381443298969,0,1.0,0.0,3.0,0,7,1.6666666666666667,1
cyclic,DyF-ZTL-v1,8,0.9,cyclic_flip,,,,,,{},1.0,0.061855670103092786,0.9931740614334471,1.8762886597938144,0,1.0,0.0,3.0,0,6,2.0,0
cyclic,DyF-ZTL-v1,9,0.1,cyclic_flip,,,,,,{},1.0,0.1638029782359679,0.4041666666666667,15.051546391752577,0,1.0,0.0,3.0,0,6,28.0,3
cyclic,DyF-ZTL-v1,9,0.2,cyclic_flip,,,,,,{},1.0,0.14110824742268047,0.6392092257001647,13.742268041237113,0,1.0,0.0,3.0,0,4,42.666666666666664,1
cyclic,DyF-ZTL-v1,9,0.3,cyclic_flip,,,,,,{},0.8333333333333334,0.1914580265095729,0.6510067114093959,12.31958762886598,0,0.8333333333333334,0.08153221349097639,3.0,1,4,41.0,2
cyclic,DyF-ZTL-v1,9,0.4,cyclic_flip,,,,,,{},0.875,0.18213058419243988,0.7620650953984287,10.814432989690722,0,0.875,0.09331699228606444,3.0,1,4,41.0,1
cyclic,DyF-ZTL-v1,9,0.5,cyclic_flip,,,,,,{},0.9,0.2175257731958763,0.8053505535055351,8.824742268041238,0,0.9,0.11428459856294908,3.0,1,11,8.88888888888889,2
cyclic,DyF-ZTL-v1,9,0.6,cyclic_flip,,,,,,{},0.9209621993127148,0.2680412371134021,0.8375,6.804123711340206,0,0.9209621993127148,0.14322533136966123,3.0,0,4,53.0,2
cyclic,DyF-ZTL-v1,9,0.7,cyclic_flip,,,,,,{},0.9322533136966127,0.2903780068728522,0.8822299651567944,5.206185567010309,0,0.9322533136966127,0.1848306332842415,3.0,0,3,62.0,2
cyclic,DyF-ZTL-v1,9,0.8,cyclic_flip,,,,,,{},0.9407216494845361,0.22938144329896903,0.9425435765009683,4.030927835051546,0,0.9407216494845361,0.23556701030927837,3.0,0,1,,1
cyclic,DyF-ZTL-v1,9,0.9,cyclic_flip,,,,,,{},0.9719358533791523,0.0,1.0,2.5051546391752577,0,0.9719358533791523,0.1683848797250859,3.0,0,0,,0
cyclic,DyF-ZTL-V,0,0.1,cyclic_flip,,,,,default-V-R-U,"{""functional_ref"": ""reference""}",1.0,0.022777777777777786,0.8298755186721992,17.59,0,1.0,0.0,0.0,0,4,10.25,0
cyclic,DyF-ZTL-V,0,0.2,cyclic_flip,,,,,default-V-R-U,"{""functional_ref"": ""reference""}",0.895,0.04625000000000001,0.8287037037037037,15.68,0,0.895,0.026666666666666665,0.0,0,2,37.0,0
cyclic,DyF-ZTL-V,0,0.3,cyclic_flip,,,,,default-V-R-U,"{""functional_ref"": ""reference""}",0.9516666666666667,0.03642857142857148,0.9180064308681672,13.78,0,0.9516666666666667,0.02126373626373626,0.0,0,4,12.75,0
cyclic,DyF-ZTL-V,0,0.4,cyclic_flip,,,,,default-V-R-U,"{""functional_ref"": ""reference""}",0.96875,0.015000000000000013,0.9773013871374527,12.07,0,0.96875,0.019807692307692307,0.0,0,3,6.0,0
cyclic,DyF-ZTL-V,0,0.5,cyclic_flip,,,,,default-V-R-U,"{""functional_ref"": ""reference""}",0.982,0.009000000000000008,0.9909182643794148,10.09,0,0.982,0.01672727272727273,0.0,0,3,3.0,0
cyclic,DyF-ZTL-V,0,0.6,cyclic_flip,,,,,default-V-R-U,"{""functional_ref"": ""reference""}",0.99,0.01749999999999996,0.9883527454242929,7.98,0,0.99,0.014583333333333335,0.0,0,1,14.0,0
cyclic,DyF-ZTL-V,0,0.7,cyclic_flip,,,,,default-V-R-U,"{""functional_ref"": ""reference""}",0.9928571428571429,0.02833333333333332,0.9879175550817342,5.93,0,0.9928571428571429,0.016666666666666666,0.0,0,1,17.0,0
cyclic,DyF-ZTL-V,0,0.8,cyclic_flip,,,,,default-V-R-U,"{""functional_ref"": ""reference""}",0.99875,0.19499999999999995,0.9534606205250596,3.24,5,0.99875,0.004,0.0,0,21,3.736842105263158,2
cyclic,DyF-ZTL-V,0,0.9,cyclic_flip,,,,,default-V-R-U,"{""functional_ref"": ""reference""}",0.9988888888888889,0.45499999999999996,0.9518263631551085,1.11,40,0.9988888888888889,0.006666666666666666,0.0,0,10,10.0,2
cyclic,DyF-ZTL-V,1,0.1,cyclic_flip,,,,,default-V-R-U,"{""functional_ref"": ""reference""}",1.0,0.14833333333333332,0.4282655246252677,15.33,0,1.0,0.0,0.0,0,16,10.916666666666666,4
cyclic,DyF-ZTL-V,1,0.2,cyclic_flip,,,,,default-V-R-U,"{""functional_ref"": ""reference""}",1.0,0.16312499999999996,0.6051437216338881,13.39,0,1.0,0.0,0.0,0,19,6.8,4
cyclic,DyF-ZTL-V,1,0.3,cyclic_flip,,,,,default-V-R-U,"{""functional_ref"": ""reference""}",1.0,0.25071428571428567,0.6309148264984227,10.49,0,1.0,0.0,0.0,0,31,9.65,11
cyclic,DyF-ZTL-V,1,0.4,cyclic_flip,,,,,default-V-R-U,"{""functional_ref"": ""reference""}",1.0,0.1725,0.7944389275074478,9.93,0,1.0,0.0,0.0,0,22,5.65,2
cyclic,DyF-ZTL-V,1,0.5,cyclic_flip,,,,,default-V-R-U,"{""functional_ref"": ""reference""}",0.997,0.20599999999999996,0.828761429758936,7.97,0,0.997,0.00375,0.0,0,10,15.333333333333334,4
cyclic,DyF-ZTL-V,1,0.6,cyclic_flip,,,,,default-V-R-U,"{""functional_ref"": ""reference""}",1.0,0.2925,0.8368200836820083,5.66,0,1.0,0.0,0.0,0,13,7.714285714285714,6
cyclic,DyF-ZTL-V,1,0.7,cyclic_flip,,,,,default-V-R-U,"{""functional_ref"": ""reference""}",0.9907142857142857,0.30333333333333334,0.8840025493945188,4.31,0,0.9907142857142857,0.027166666666666662,0.0,0,9,13.142857142857142,2
cyclic,DyF-ZTL-V,1,0.8,cyclic_flip,,,,,default-V-R-U,"{""functional_ref"": ""reference""}",1.0,0.1875,0.9552238805970149,3.25,15,1.0,0.0,0.0,0,6,8.5,4
cyclic,DyF-ZTL-V,1,0.9,cyclic_flip,,,,,default-V-R-U,"{""functional_ref"": ""reference""}",1.0,0.08999999999999997,0.9900990099009901,1.82,7,1.0,0.0,0.0,0,3,6.0,2
cyclic,DyF-ZTL-V,2,0.1,cyclic_flip,,,,,default-V-R-U,"{""functional_ref"": ""reference""}",1.0,0.13777777777777778,0.44642857142857145,15.52,0,1.0,0.0,0.0,0,17,6.25,5
cyclic,DyF-ZTL-V,2,0.2,cyclic_flip,,,,,default-V-R-U,"{""functional_ref"": ""reference""}",1.0,0.21250000000000002,0.5405405405405406,12.6,0,1.0,0.0,0.0,0,35,6.3,5
cyclic,DyF-ZTL-V,2,0.3,cyclic_flip,,,,,default-V-R-U,"{""functional_ref"": ""reference""}",1.0,0.22928571428571431,0.6514657980456026,10.79,0,1.0,0.0,0.0,0,22,7.352941176470588,5
cyclic,DyF-ZTL-V,2,0.4,cyclic_flip,,,,,default-V-R-U,"{""functional_ref"": ""reference""}",1.0,0.20833333333333337,0.7619047619047619,9.5,0,1.0,0.0,0.0,0,20,5.294117647058823,3
cyclic,DyF-ZTL-V,2,0.5,cyclic_flip,,,,,default-V-R-U,"{""functional_ref"": ""reference""}",1.0,0.278,0.7824726134585289,7.22,0,1.0,0.0,0.0,0,26,2.8,6
cyclic,DyF-ZTL-V,2,0.6,cyclic_flip,,,,,default-V-R-U,"{""functional_ref"": ""reference""}",1.0,0.13,0.9202453987730062,6.96,0,1.0,0.0,0.0,0,2,7.0,1
cyclic,DyF-ZTL-V,2,0.7,cyclic_flip,,,,,default-V-R-U,"{""functional_ref"": ""reference""}",1.0,0.2816666666666666,0.8922880815806246,4.31,0,1.0,0.0,0.0,0,18,3.2,3
cyclic,DyF-ZTL-V,2,0.8,cyclic_flip,,,,,default-V-R-U,"{""functional_ref"": ""reference""}",1.0,0.42000000000000004,0.9049773755656109,2.32,35,1.0,0.0,0.0,0,8,23.5,4
cyclic,DyF-ZTL-V,2,0.9,cyclic_flip,,,,,default-V-R-U,"{""functional_ref"": ""reference""}",1.0,0.18999999999999995,0.9793253536452666,1.62,11,1.0,0.0,0.0,0,6,6.25,2
cyclic,DyF-ZTL-V,3,0.1,cyclic_flip,,,,,default-V-R-U,"{""functional_ref"": ""reference""}",1.0,0.1316666666666667,0.4576659038901602,15.63,0,1.0,0.0,0.0,0,13,7.125,5
cyclic,DyF-ZTL-V,3,0.2,cyclic_flip,,,,,default-V-R-U,"{""functional_ref"": ""reference""}",1.0,0.11187499999999995,0.690846286701209,14.21,0,1.0,0.0,0.0,0,5,1.0,3
cyclic,DyF-ZTL-V,3,0.3,cyclic_flip,,,,,default-V-R-U,"{""functional_ref"": ""reference""}",1.0,0.11857142857142855,0.783289817232376,12.34,0,1.0,0.0,0.0,0,5,10.333333333333334,2
cyclic,DyF-ZTL-V,3,0.4,cyclic_flip,,,,,default-V-R-U,"{""functional_ref"": ""reference""}",1.0,0.10416666666666663,0.8648648648648649,10.75,0,1.0,0.0,0.0,0,12,2.1,2
cyclic,DyF-ZTL-V,3,0.5,cyclic_flip,,,,,default-V-R-U,"{""functional_ref"": ""reference""}",1.0,0.13,0.8849557522123894,8.7,0,1.0,0.0,0.0,0,7,8.5,3
cyclic,DyF-ZTL-V,3,0.6,cyclic_flip,,,,,default-V-R-U,"{""functional_ref"": ""reference""}",0.9975,0.1825,0.8912881608339538,6.57,0,0.9975,0.00375,0.0,0,14,4.0,1
cyclic,DyF-ZTL-V,3,0.7,cyclic_flip,,,,,default-V-R-U,"{""functional_ref"": ""reference""}",1.0,0.08999999999999997,0.9628610729023384,5.46,2,1.0,0.0,0.0,0,8,6.25,4
cyclic,DyF-ZTL-V,3,0.8,cyclic_flip,,,,,default-V-R-U,"{""functional_ref"": ""reference""}",1.0,0.0,1.0,4.0,0,1.0,0.0,0.0,0,0,,0
cyclic,DyF-ZTL-V,3,0.9,cyclic_flip,,,,,default-V-R-U,"{""functional_ref"": ""reference""}",0.9894444444444445,0.0,1.0,2.19,0,0.9894444444444445,0.06333333333333332,0.0,0,0,,0
cyclic,DyF-ZTL-V,4,0.1,cyclic_flip,,,,,default-V-R-U,"{""functional_ref"": ""reference""}",1.0,0.06333333333333335,0.6369426751592356,16.86,0,1.0,0.0,0.0,0,12,6.818181818181818,1
cyclic,DyF-ZTL-V,4,0.2,cyclic_flip,,,,,default-V-R-U,"{""functional_ref"": ""reference""}",1.0,0.053749999999999964,0.823045267489712,15.14,0,1.0,0.0,0.0,0,10,9.25,2
cyclic,DyF-ZTL-V,4,0.3,cyclic_flip,,,,,default-V-R-U,"{""functional_ref"": ""reference""}",1.0,0.14071428571428568,0.7528230865746549,12.03,0,1.0,0.0,0.0,0,24,7.7727272727272725,2
cyclic,DyF-ZTL-V,4,0.4,cyclic_flip,,,,,default-V-R-U,"{""functional_ref"": ""reference""}",1.0,0.15916666666666668,0.8072653884964682,10.09,0,1.0,0.0,0.0,0,16,7.142857142857143,2
cyclic,DyF-ZTL-V,4,0.5,cyclic_flip,,,,,default-V-R-U,"{""functional_ref"": ""reference""}",1.0,0.08499999999999996,0.9216589861751152,9.15,0,1.0,0.0,0.0,0,17,3.3333333333333335,2
cyclic,DyF-ZTL-V,4,0.6,cyclic_flip,,,,,default-V-R-U,"{""functional_ref"": ""reference""}",1.0,0.09250000000000003,0.9419152276295133,7.26,0,1.0,0.0,0.0,0,13,5.833333333333333,1
cyclic,DyF-ZTL-V,4,0.7,cyclic_flip,,,,,default-V-R-U,"{""functional_ref"": ""reference""}",1.0,0.00666666666666671,0.9971509971509972,5.96,0,1.0,0.0,0.0,0,2,2.0,0
cyclic,DyF-ZTL-V,4,0.8,cyclic_flip,,,,,default-V-R-U,"{""functional_ref"": ""reference""}",1.0,0.14749999999999996,0.9644364074743822,3.41,0,1.0,0.0,0.0,0,11,5.363636363636363,0
cyclic,DyF-ZTL-V,4,0.9,cyclic_flip,,,,,default-V-R-U,"{""functional_ref"": ""reference""}",1.0,0.0,1.0,2.0,0,1.0,0.0,0.0,0,0,,0
cyclic,DyF-ZTL-V,5,0.1,cyclic_flip,,,,,default-V-R-U,"{""functional_ref"": ""reference""}",1.0,0.05833333333333335,0.6557377049180327,16.95,0,1.0,0.0,0.0,0,14,7.5,0
cyclic,DyF-ZTL-V,5,0.2,cyclic_flip,,,,,default-V-R-U,"{""functional_ref"": ""reference""}",1.0,0.03125,0.8888888888888888,15.5,0,1.0,0.0,0.0,0,3,16.666666666666668,0
cyclic,DyF-ZTL-V,5,0.3,cyclic_flip,,,,,default-V-R-U,"{""functional_ref"": ""reference""}",1.0,0.06357142857142861,0.8708272859216255,13.11,0,1.0,0.0,0.0,0,3,5.5,1
cyclic,DyF-ZTL-V,5,0.4,cyclic_flip,,,,,default-V-R-U,"{""functional_ref"": ""reference""}",1.0,0.03500000000000003,0.9501187648456056,11.58,0,1.0,0.0,0.0,0,4,10.5,0
cyclic,DyF-ZTL-V,5,0.5,cyclic_flip,,,,,default-V-R-U,"{""functional_ref"": ""reference""}",0.986,0.04200000000000004,0.9591439688715954,9.72,0,0.986,0.014151515151515151,0.0,0,4,10.5,0
cyclic,DyF-ZTL-V,5,0.6,cyclic_flip,,,,,default-V-R-U,"{""functional_ref"": ""reference""}",0.9841666666666666,0.07625000000000004,0.9508856682769726,7.58,0,0.9841666666666666,0.021944444444444447,0.0,0,1,61.0,0
cyclic,DyF-ZTL-V,5,0.7,cyclic_flip,,,,,default-V-R-U,"{""functional_ref"": ""reference""}",1.0,0.08833333333333337,0.9635237439779766,5.47,0,1.0,0.0,0.0,0,4,13.25,0
cyclic,DyF-ZTL-V,5,0.8,cyclic_flip,,,,,default-V-R-U,"{""functional_ref"": ""reference""}",1.0,0.040000000000000036,0.9900990099009901,3.84,0,1.0,0.0,0.0,0,10,1.6,0
cyclic,DyF-ZTL-V,5,0.9,cyclic_flip,,,,,default-V-R-U,"{""functional_ref"": ""reference""}",1.0,0.0,1.0,2.0,0,1.0,0.0,0.0,0,0,,0
cyclic,DyF-ZTL-V,6,0.1,cyclic_flip,,,,,default-V-R-U,"{""functional_ref"": ""reference""}",1.0,0.14500000000000002,0.43383947939262474,15.39,0,1.0,0.0,0.0,0,10,14.571428571428571,3
cyclic,DyF-ZTL-V,6,0.2,cyclic_flip,,,,,default-V-R-U,"{""functional_ref"": ""reference""}",1.0,0.07437499999999997,0.7707129094412332,14.81,0,1.0,0.0,0.0,0,12,7.0,2
cyclic,DyF-ZTL-V,6,0.3,cyclic_flip,,,,,default-V-R-U,"{""functional_ref"": ""reference""}",1.0,0.03857142857142859,0.9174311926605505,13.46,0,1.0,0.0,0.0,0,6,5.6,1
cyclic,DyF-ZTL-V,6,0.4,cyclic_flip,,,,,default-V-R-U,"{""functional_ref"": ""reference""}",1.0,0.012499999999999956,0.9815950920245399,11.85,0,1.0,0.0,0.0,0,3,5.0,0
cyclic,DyF-ZTL-V,6,0.5,cyclic_flip,,,,,default-V-R-U,"{""functional_ref"": ""reference""}",1.0,0.10199999999999998,0.9074410163339383,8.98,0,1.0,0.0,0.0,0,13,6.0,2
cyclic,DyF-ZTL-V,6,0.6,cyclic_flip,,,,,default-V-R-U,"{""functional_ref"": ""reference""}",1.0,0.06125000000000003,0.9607686148919136,7.51,0,1.0,0.0,0.0,0,7,6.333333333333333,1
cyclic,DyF-ZTL-V,6,0.7,cyclic_flip,,,,,default-V-R-U,"{""functional_ref"": ""reference""}",1.0,0.1283333333333333,0.9478672985781991,5.23,0,1.0,0.0,0.0,0,23,3.3181818181818183,1
cyclic,DyF-ZTL-V,6,0.8,cyclic_flip,,,,,default-V-R-U,"{""functional_ref"": ""reference""}",1.0,0.10250000000000004,0.9750152346130408,3.59,0,1.0,0.0,0.0,0,12,3.4166666666666665,0
cyclic,DyF-ZTL-V,6,0.9,cyclic_flip,,,,,default-V-R-U,"{""functional_ref"": ""reference""}",1.0,0.275,0.9703504043126685,1.45,17,1.0,0.0,0.0,0,8,7.5,2
cyclic,DyF-ZTL-V,7,0.1,cyclic_flip,,,,,default-V-R-U,"{""functional_ref"": ""reference""}",1.0,0.10944444444444446,0.5037783375314862,16.03,0,1.0,0.0,0.0,0,5,32.0,2
cyclic,DyF-ZTL-V,7,0.2,cyclic_flip,,,,,default-V-R-U,"{""functional_ref"": ""reference""}",1.0,0.13749999999999996,0.6451612903225806,13.8,0,1.0,0.0,0.0,0,5,10.5,3
cyclic,DyF-ZTL-V,7,0.3,cyclic_flip,,,,,default-V-R-U,"{""functional_ref"": ""reference""}",1.0,0.03642857142857148,0.9216589861751152,13.49,0,1.0,0.0,0.0,0,3,17.0,0
cyclic,DyF-ZTL-V,7,0.4,cyclic_flip,,,,,default-V-R-U,"{""functional_ref"": ""reference""}",1.0,0.08999999999999997,0.8810572687224669,10.92,0,1.0,0.0,0.0,0,6,15.0,1
cyclic,DyF-ZTL-V,7,0.5,cyclic_flip,,,,,default-V-R-U,"{""functional_ref"": ""reference""}",1.0,0.016000000000000014,0.984251968503937,9.84,0,1.0,0.0,0.0,0,1,16.0,0
cyclic,DyF-ZTL-V,7,0.6,cyclic_flip,,,,,default-V-R-U,"{""functional_ref"": ""reference""}",1.0,0.03374999999999995,0.9779951100244498,7.73,0,1.0,0.0,0.0,0,3,9.0,0
cyclic,DyF-ZTL-V,7,0.7,cyclic_flip,,,,,default-V-R-U,"{""functional_ref"": ""reference""}",1.0,0.08833333333333337,0.9635237439779766,5.47,0,1.0,0.0,0.0,0,5,9.0,1
cyclic,DyF-ZTL-V,7,0.8,cyclic_flip,,,,,default-V-R-U,"{""functional_ref"": ""reference""}",1.0,0.17500000000000004,0.9580838323353293,3.3,0,1.0,0.0,0.0,0,4,12.0,1
cyclic,DyF-ZTL-V,7,0.9,cyclic_flip,,,,,default-V-R-U,"{""functional_ref"": ""reference""}",1.0,0.845,0.9141696292534282,0.31,77,1.0,0.0,0.0,0,2,,2
cyclic,DyF-ZTL-V,8,0.1,cyclic_flip,,,,,default-V-R-U,"{""functional_ref"": ""reference""}",1.0,0.1283333333333333,0.46403712296983757,15.69,0,1.0,0.0,0.0,0,13,7.818181818181818,2
cyclic,DyF-ZTL-V,8,0.2,cyclic_flip,,,,,default-V-R-U,"{""functional_ref"": ""reference""}",1.0,0.11687499999999995,0.6814310051107325,14.13,0,1.0,0.0,0.0,0,15,5.153846153846154,2
cyclic,DyF-ZTL-V,8,0.3,cyclic_flip,,,,,default-V-R-U,"{""functional_ref"": ""reference""}",1.0,0.1528571428571428,0.7371007371007371,11.86,0,1.0,0.0,0.0,0,6,13.5,4
cyclic,DyF-ZTL-V,8,0.4,cyclic_flip,,,,,default-V-R-U,"{""functional_ref"": ""reference""}",1.0,0.19666666666666666,0.7722007722007722,9.64,0,1.0,0.0,0.0,0,6,5.0,5
cyclic,DyF-ZTL-V,8,0.5,cyclic_flip,,,,,default-V-R-U,"{""functional_ref"": ""reference""}",0.983,0.21999999999999997,0.8171238570241064,7.97,0,0.983,0.016636363636363637,0.0,0,7,3.3333333333333335,4
cyclic,DyF-ZTL-V,8,0.6,cyclic_flip,,,,,default-V-R-U,"{""functional_ref"": ""reference""}",0.9891666666666666,0.10499999999999998,0.933910306845004,7.29,0,0.9891666666666666,0.014444444444444447,0.0,0,5,1.0,2
cyclic,DyF-ZTL-V,8,0.7,cyclic_flip,,,,,default-V-R-U,"{""functional_ref"": ""reference""}",0.99,0.11833333333333329,0.9512697323266986,5.43,0,0.99,0.02,0.0,0,19,3.9411764705882355,2
cyclic,DyF-ZTL-V,8,0.8,cyclic_flip,,,,,default-V-R-U,"{""functional_ref"": ""reference""}",0.98625,0.03749999999999998,0.9905838041431262,4.07,0,0.98625,0.044500000000000005,0.0,0,8,1.6666666666666667,2
cyclic,DyF-ZTL-V,8,0.9,cyclic_flip,,,,,default-V-R-U,"{""functional_ref"": ""reference""}",0.9983333333333333,0.275,0.9703023758099352,1.48,17,0.9983333333333333,0.01,0.0,0,9,6.571428571428571,2
cyclic,DyF-ZTL-V,9,0.1,cyclic_flip,,,,,default-V-R-U,"{""functional_ref"": ""reference""}",1.0,0.07944444444444443,0.5830903790087464,16.57,0,1.0,0.0,0.0,0,8,7.428571428571429,1
cyclic,DyF-ZTL-V,9,0.2,cyclic_flip,,,,,default-V-R-U,"{""functional_ref"": ""reference""}",0.955,0.07937499999999997,0.75049115913556,14.91,0,0.955,0.011102941176470586,0.0,0,10,6.428571428571429,3
cyclic,DyF-ZTL-V,9,0.3,cyclic_flip,,,,,default-V-R-U,"{""functional_ref"": ""reference""}",0.8200000000000001,0.010000000000000009,0.9723320158102767,14.94,0,0.8200000000000001,0.07155952380952378,0.0,0,2,7.0,0
cyclic,DyF-ZTL-V,9,0.4,cyclic_flip,,,,,default-V-R-U,"{""functional_ref"": ""reference""}",0.86375,0.06166666666666665,0.9032679738562092,12.35,0,0.86375,0.08732600732600736,0.0,0,1,74.0,0
cyclic,DyF-ZTL-V,9,0.5,cyclic_flip,,,,,default-V-R-U,"{""functional_ref"": ""reference""}",0.888,0.010000000000000009,0.9888641425389755,11.02,0,0.888,0.09968997668997673,0.0,0,2,5.0,0
cyclic,DyF-ZTL-V,9,0.6,cyclic_flip,,,,,default-V-R-U,"{""functional_ref"": ""reference""}",0.9208333333333334,0.020000000000000018,0.9857270294380018,8.79,0,0.9208333333333334,0.10777777777777779,0.0,0,3,5.333333333333333,0
cyclic,DyF-ZTL-V,9,0.7,cyclic_flip,,,,,default-V-R-U,"{""functional_ref"": ""reference""}",0.9321428571428572,0.008333333333333304,0.9961832061068703,6.9,0,0.9321428571428572,0.13690476190476183,0.0,0,1,5.0,0
cyclic,DyF-ZTL-V,9,0.8,cyclic_flip,,,,,default-V-R-U,"{""functional_ref"": ""reference""}",0.94,0.10999999999999999,0.9715762273901809,4.52,0,0.94,0.21033333333333332,0.0,0,3,14.666666666666666,0
cyclic,DyF-ZTL-V,9,0.9,cyclic_flip,,,,,default-V-R-U,"{""functional_ref"": ""reference""}",0.9505555555555556,0.21499999999999997,0.9754846066134549,2.46,0,0.9505555555555556,0.3616666666666667,0.0,0,8,5.285714285714286,1
cyclic,DyF-ZTL,0,0.1,cyclic_flip,,,,,default-U,{},0.99,0.0,1.0,18.02,0,0.99,0.0010526315789473686,1.0,0,0,,0
cyclic,DyF-ZTL-W,0,0.2,cyclic_flip,,,,,default,{},0.895,0.05437499999999995,0.8044943820224719,15.55,0,0.895,0.006560680631690468,1.75,0,24,3.625,0
cyclic,DyF-ZTL,0,0.2,cyclic_flip,,,,,default-U,{},0.845,0.0,1.0,16.62,0,0.845,0.036339869281045746,1.75,0,0,,0
cyclic,DyF-ZTL,0,0.3,cyclic_flip,,,,,default-U,{},0.9083333333333333,0.0,1.0,14.55,0,0.9083333333333333,0.036196078431372555,1.0,0,0,,0
cyclic,DyF-ZTL,0,0.4,cyclic_flip,,,,,default-U,{},0.935,0.0,1.0,12.52,0,0.935,0.03884615384615384,1.0,0,0,,0
cyclic,DyF-ZTL-W,0,0.4,cyclic_flip,,,,,default,{},0.97125,0.04249999999999998,0.9384057971014492,11.72,0,0.97125,0.008732441073478371,0.625,0,5,10.2,0
cyclic,DyF-ZTL,0,0.5,cyclic_flip,,,,,default-U,{},0.935,0.0,1.0,10.65,0,0.935,0.05666666666666667,1.0,0,0,,0
cyclic,DyF-ZTL,0,0.6,cyclic_flip,,,,,default-U,{},0.9616666666666667,0.008750000000000036,0.9939707149009475,8.39,0,0.9616666666666667,0.04075396825396825,2.4166666666666665,0,3,2.3333333333333335,0
cyclic,DyF-ZTL-W,0,0.6,cyclic_flip,,,,,default,{},0.9883333333333333,0.24750000000000005,0.8569364161849711,6.16,0,0.9883333333333333,0.008519323666451434,0.5,0,16,5.0,5
cyclic,DyF-ZTL,0,0.7,cyclic_flip,,,,,default-U,{},0.9557142857142857,0.020000000000000018,0.9911111111111112,6.5,0,0.9557142857142857,0.0602893772893773,3.642857142857143,0,1,12.0,0
cyclic,DyF-ZTL,0,0.8,cyclic_flip,,,,,default-U,{},0.6387499999999999,0.0,1.0,9.78,0,0.6387499999999999,0.5867777777777776,11.2,1,0,,0
cyclic,DyF-ZTL-W,0,0.8,cyclic_flip,,,,,default,{},0.92,0.0,1.0,5.28,0,0.92,0.23354420468857862,7.0625,0,0,,0
cyclic,DyF-ZTL,0,0.9,cyclic_flip,,,,,default-U,{},0.6316666666666666,0.0,1.0,8.63,0,0.6316666666666666,0.7540598845598846,20.625,2,0,,0
cyclic,DyF-ZTL,1,0.1,cyclic_flip,,,,,default-U,{},1.0,0.07444444444444442,0.5988023952095808,16.66,0,1.0,0.0,0.0,0,4,12.666666666666666,1
cyclic,DyF-ZTL,1,0.2,cyclic_flip,,,,,default-U,{},0.995,0.02375000000000005,0.9128440366972477,15.64,0,0.995,0.001176470588235294,0.5,0,4,7.666666666666667,1
cyclic,DyF-ZTL-W,1,0.2,cyclic_flip,,,,,default,{},0.9975,0.130625,0.65625,13.92,0,0.9975,0.0013246729484951059,0.25,0,20,2.0,6
cyclic,DyF-ZTL,1,0.3,cyclic_flip,,,,,default-U,{},0.9966666666666667,0.03785714285714281,0.9185867895545314,13.49,0,0.9966666666666667,0.001333333333333333,0.3333333333333333,0,2,1.0,1
cyclic,DyF-ZTL-W,1,0.4,cyclic_flip,,,,,default,{},0.9975,0.10416666666666663,0.8645720476706392,10.77,0,0.9975,0.0022065295261488077,0.25,0,15,4.2727272727272725,4
cyclic,DyF-ZTL,1,0.4,cyclic_flip,,,,,default-U,{},0.99125,0.11416666666666664,0.8526881720430107,10.7,0,0.99125,0.005164835164835164,0.5,0,9,9.2,4
cyclic,DyF-ZTL,1,0.5,cyclic_flip,,,,,default-U,{},0.922,0.0,1.0,10.78,0,0.922,0.07075757575757577,0.2,0,0,,0
cyclic,DyF-ZTL,1,0.6,cyclic_flip,,,,,default-U,{},0.8983333333333333,0.0024999999999999467,0.9981481481481481,9.2,0,0.8983333333333333,0.12769444444444442,0.16666666666666666,0,2,1.0,0
cyclic,DyF-ZTL-W,1,0.6,cyclic_flip,,,,,default,{},0.9983333333333333,0.03749999999999998,0.9755700325732899,7.72,0,0.9983333333333333,0.0025604180274330494,0.16666666666666666,0,1,30.0,0
cyclic,DyF-ZTL,1,0.7,cyclic_flip,,,,,default-U,{},0.9264285714285714,0.011666666666666714,0.9946319018404908,6.96,0,0.9264285714285714,0.14395238095238092,0.5714285714285714,0,3,2.3333333333333335,0
cyclic,DyF-ZTL,1,0.8,cyclic_flip,,,,,default-U,{},0.953125,0.02749999999999997,0.9928385416666666,4.64,0,0.953125,0.11711111111111111,2.125,0,11,1.0,1
cyclic,DyF-ZTL-W,1,0.8,cyclic_flip,,,,,default,{},0.9525,0.030000000000000027,0.9921875,4.64,0,0.9525,0.04783382072755669,1.1875,0,7,1.7142857142857142,0
cyclic,DyF-ZTL,1,0.9,cyclic_flip,,,,,default-U,{},0.9433333333333334,0.0,1.0,3.02,0,0.9433333333333334,0.19711111111111113,3.388888888888889,0,0,,0
cyclic,DyF-ZTL-W,2,0.2,cyclic_flip,,,,,default,{},0.9925,0.44062500000000004,0.3602540834845735,8.98,0,0.9925,0.0031705354379449103,0.75,0,21,16.23076923076923,8
cyclic,DyF-ZTL-W,2,0.4,cyclic_flip,,,,,default,{},0.995,0.3458333333333333,0.6573080099091659,7.89,0,0.995,0.003786482334869432,0.5,0,16,3.9166666666666665,4
cyclic,DyF-ZTL-W,2,0.6,cyclic_flip,,,,,default,{},0.9958333333333333,0.14500000000000002,0.9115179252479023,6.89,0,0.9958333333333333,0.005091899251191289,0.4166666666666667,0,10,1.125,2
cyclic,DyF-ZTL-W,2,0.8,cyclic_flip,,,,,default,{},0.9775,0.012499999999999956,0.9968132568514978,4.31,0,0.9775,0.055483372168024445,2.25,0,1,5.0,0
cyclic,DyF-ZTL-W,3,0.2,cyclic_flip,,,,,default,{},1.0,0.313125,0.4439511653718091,10.99,0,1.0,0.0,0.0,0,14,10.555555555555555,5
cyclic,DyF-ZTL-W,3,0.4,cyclic_flip,,,,,default,{},0.9975,0.27,0.7112299465240641,8.78,0,0.9975,0.002159866525102382,0.25,0,12,6.333333333333333,3
cyclic,DyF-ZTL-W,3,0.6,cyclic_flip,,,,,default,{},0.9825,0.19874999999999998,0.8811659192825112,6.62,0,0.9825,0.01106377676169107,0.16666666666666666,0,5,3.0,2
cyclic,DyF-ZTL-W,3,0.8,cyclic_flip,,,,,default,{},0.994375,0.14500000000000002,0.9648271679805943,3.51,0,0.994375,0.007810468426696284,0.25,0,5,1.0,2
cyclic,DyF-ZTL-W,4,0.2,cyclic_flip,,,,,default,{},0.9975,0.05812499999999998,0.8109756097560976,15.08,0,0.9975,7.696071889318906e-05,0.25,0,11,10.0,3
cyclic,DyF-ZTL-W,4,0.4,cyclic_flip,,,,,default,{},0.95875,0.10583333333333333,0.8579418344519015,11.06,0,0.95875,0.0060782171883312745,0.375,0,13,11.2,3
cyclic,DyF-ZTL-W,4,0.6,cyclic_flip,,,,,default,{},0.9666666666666667,0.02749999999999997,0.9813874788494078,8.18,0,0.9666666666666667,0.029239824147021986,1.8333333333333333,0,7,3.142857142857143,0
cyclic,DyF-ZTL-W,4,0.8,cyclic_flip,,,,,default,{},0.994375,0.31000000000000005,0.9276967930029154,2.85,0,0.994375,0.007197433069287076,0.5625,0,7,4.8,2
cyclic,FLTrust,0,0.1,cyclic_flip,,,,,,{},0.41000000000000003,0.14555555555555555,0.23837209302325582,16.56,0,0.41000000000000003,0.02579648422178766,25.0,0,166,1.5838509316770186,5
cyclic,FLTrust,0,0.2,cyclic_flip,,,,,,{},0.495,0.09812500000000002,0.5577464788732395,16.45,0,0.495,0.035719651743623064,4.25,0,112,1.4018691588785046,5
cyclic,FLTrust,0,0.3,cyclic_flip,,,,,,{},0.6183333333333334,0.09785714285714286,0.7303149606299213,14.92,0,0.6183333333333334,0.03538736124378594,8.0,0,104,1.33,4
cyclic,FLTrust,0,0.4,cyclic_flip,,,,,,{},0.575,0.08083333333333331,0.8258527827648114,14.43,0,0.575,0.08488566455540536,6.0,0,89,1.0930232558139534,3
cyclic,FLTrust,0,0.5,cyclic_flip,,,,,,{},0.633,0.06899999999999995,0.9017094017094017,12.98,0,0.633,0.08063340036101373,6.2,0,53,1.3137254901960784,2
cyclic,FLTrust,0,0.6,cyclic_flip,,,,,,{},0.5883333333333334,0.06625000000000003,0.930171277997365,12.41,0,0.5883333333333334,0.12652657531013808,2.5,0,49,1.0851063829787233,2
cyclic,FLTrust,0,0.7,cyclic_flip,,,,,,{},0.5792857142857143,0.046666666666666634,0.966626936829559,11.61,0,0.5792857142857143,0.1836140247610722,3.0,0,27,1.037037037037037,0
cyclic,FLTrust,0,0.8,cyclic_flip,,,,,,{},0.7206250000000001,0.0675,0.9771186440677966,8.2,0,0.7206250000000001,0.17268056996895165,2.6875,0,20,1.3157894736842106,1
cyclic,FLTrust,0,0.9,cyclic_flip,,,,,,{},0.7366666666666667,0.050000000000000044,0.9925149700598802,6.64,0,0.7366666666666667,0.23744313187147498,1.2777777777777777,0,10,1.0,0
cyclic,FLTrust,1,0.1,cyclic_flip,,,,,,{},0.19499999999999995,0.1844444444444444,0.10512129380053908,16.29,0,0.19499999999999995,0.05535693746706081,21.0,0,232,1.4405286343612336,5
cyclic,FLTrust,1,0.2,cyclic_flip,,,,,,{},0.24750000000000005,0.11624999999999996,0.3473684210526316,17.15,0,0.24750000000000005,0.08156262079983259,7.5,0,152,1.2312925170068028,5
cyclic,FLTrust,1,0.3,cyclic_flip,,,,,,{},0.3866666666666667,0.10785714285714287,0.6057441253263708,16.17,0,0.3866666666666667,0.09810510058826086,4.0,0,131,1.1496062992125984,4
cyclic,FLTrust,1,0.4,cyclic_flip,,,,,,{},0.53625,0.15166666666666662,0.7021276595744681,13.89,0,0.53625,0.10582460123492851,4.0,0,152,1.2027027027027026,4
cyclic,FLTrust,1,0.5,cyclic_flip,,,,,,{},0.5569999999999999,0.127,0.814327485380117,13.16,0,0.5569999999999999,0.12906623340793305,2.2,0,102,1.2395833333333333,6
cyclic,FLTrust,1,0.6,cyclic_flip,,,,,,{},0.6125,0.09250000000000003,0.9085290482076638,11.91,0,0.6125,0.14455481180450186,1.8333333333333333,0,58,1.263157894736842,1
cyclic,FLTrust,1,0.7,cyclic_flip,,,,,,{},0.6314285714285715,0.06166666666666665,0.9598262757871878,10.79,0,0.6314285714285715,0.16021734016244957,2.7142857142857144,0,35,1.0571428571428572,0
cyclic,FLTrust,1,0.8,cyclic_flip,,,,,,{},0.688125,0.08750000000000002,0.9691901408450704,8.64,0,0.688125,0.215026834150063,3.125,0,33,1.0625,1
cyclic,FLTrust,1,0.9,cyclic_flip,,,,,,{},0.7744444444444445,0.06999999999999995,0.9900568181818182,5.92,0,0.7744444444444445,0.22218916496603877,1.0,0,13,1.0769230769230769,0
cyclic,FLTrust,2,0.1,cyclic_flip,,,,,,{},0.19499999999999995,0.20111111111111113,0.09725685785536159,15.99,0,0.19499999999999995,0.08804996371064037,10.0,0,258,1.392,8
cyclic,FLTrust,2,0.2,cyclic_flip,,,,,,{},0.35,0.21499999999999997,0.2892561983471074,15.16,0,0.35,0.1015719064132981,7.75,0,209,1.61,9
cyclic,FLTrust,2,0.3,cyclic_flip,,,,,,{},0.3833333333333333,0.19428571428571428,0.4581673306772908,14.98,0,0.3833333333333333,0.12611430311369481,7.833333333333333,0,162,1.6258064516129032,7
cyclic,FLTrust,2,0.4,cyclic_flip,,,,,,{},0.51625,0.15583333333333338,0.6883333333333334,14.0,0,0.51625,0.14583502002819776,2.25,0,144,1.3093525179856116,5
cyclic,FLTrust,2,0.5,cyclic_flip,,,,,,{},0.44899999999999995,0.06299999999999994,0.876953125,14.88,0,0.44899999999999995,0.1916077243006788,1.9,0,59,1.0701754385964912,2
cyclic,FLTrust,2,0.6,cyclic_flip,,,,,,{},0.5533333333333333,0.08625000000000005,0.9058663028649386,12.67,0,0.5533333333333333,0.18658634362055856,1.75,0,60,1.1206896551724137,2
cyclic,FLTrust,2,0.7,cyclic_flip,,,,,,{},0.5549999999999999,0.06166666666666665,0.9545454545454546,11.86,0,0.5549999999999999,0.22372070162021096,1.6428571428571428,0,34,1.088235294117647,0
cyclic,FLTrust,2,0.8,cyclic_flip,,,,,,{},0.5925,0.12250000000000005,0.950852557673019,10.03,0,0.5925,0.29007466988237834,1.625,0,45,1.0930232558139534,2
cyclic,FLTrust,2,0.9,cyclic_flip,,,,,,{},0.7438888888888888,0.16000000000000003,0.9766593727206418,6.29,0,0.7438888888888888,0.25868639655498277,1.2222222222222223,0,28,1.1428571428571428,0
cyclic,FLTrust,3,0.1,cyclic_flip,,,,,,{},0.31499999999999995,0.2616666666666667,0.11797752808988764,14.66,0,0.31499999999999995,0.035038626109914324,2.0,0,203,2.3471502590673574,10
cyclic,FLTrust,3,0.2,cyclic_flip,,,,,,{},0.3325,0.21750000000000003,0.2765072765072765,15.19,0,0.3325,0.0790486245932692,2.0,0,158,1.9,8
cyclic,FLTrust,3,0.3,cyclic_flip,,,,,,{},0.44166666666666665,0.29714285714285715,0.3891336270190896,13.19,0,0.44166666666666665,0.11188959380346564,2.1666666666666665,0,153,2.3835616438356166,7
cyclic,FLTrust,3,0.4,cyclic_flip,,,,,,{},0.5625,0.24416666666666664,0.6056527590847914,12.57,0,0.5625,0.11540505053057232,2.875,0,142,1.8444444444444446,7
cyclic,FLTrust,3,0.5,cyclic_flip,,,,,,{},0.642,0.253,0.71731843575419,11.05,0,0.642,0.11721232046209076,2.2,0,131,1.9375,3
cyclic,FLTrust,3,0.6,cyclic_flip,,,,,,{},0.6133333333333333,0.14249999999999996,0.8658823529411764,11.5,0,0.6133333333333333,0.1604387669687647,1.75,0,72,1.5633802816901408,1
cyclic,FLTrust,3,0.7,cyclic_flip,,,,,,{},0.5464285714285715,0.1283333333333333,0.9085510688836105,11.58,0,0.5464285714285715,0.25320671891388496,2.7857142857142856,0,50,1.5510204081632653,1
cyclic,FLTrust,3,0.8,cyclic_flip,,,,,,{},0.643125,0.04500000000000004,0.9828080229226361,9.53,0,0.643125,0.23753793992333602,2.875,0,16,1.125,0
cyclic,FLTrust,3,0.9,cyclic_flip,,,,,,{},0.7016666666666667,0.0050000000000000044,0.9992088607594937,7.36,0,0.7016666666666667,0.2770396118068696,1.7777777777777777,0,1,1.0,0
cyclic,FLTrust,4,0.1,cyclic_flip,,,,,,{},0.625,0.14222222222222225,0.32808398950131235,16.19,0,0.625,0.012568872198055631,11.5,0,178,1.4508670520231215,5
cyclic,FLTrust,4,0.2,cyclic_flip,,,,,,{},0.65,0.11624999999999996,0.5829596412556054,15.54,0,0.65,0.037454209725789805,3.0,0,122,1.4782608695652173,7
cyclic,FLTrust,4,0.3,cyclic_flip,,,,,,{},0.6699999999999999,0.09142857142857141,0.7584905660377359,14.7,0,0.6699999999999999,0.05652107673724565,8.333333333333334,0,83,1.4444444444444444,2
cyclic,FLTrust,4,0.4,cyclic_flip,,,,,,{},0.6925,0.07750000000000001,0.8562596599690881,13.53,0,0.6925,0.07570183958768538,3.75,0,80,1.1625,0
cyclic,FLTrust,4,0.5,cyclic_flip,,,,,,{},0.748,0.08999999999999997,0.8926014319809069,11.62,0,0.748,0.06816191571999762,3.3,0,66,1.4,6
cyclic,FLTrust,4,0.6,cyclic_flip,,,,,,{},0.6708333333333334,0.05500000000000005,0.9481743227326266,11.51,0,0.6708333333333334,0.0803361891649952,4.25,0,34,1.2727272727272727,1
cyclic,FLTrust,4,0.7,cyclic_flip,,,,,,{},0.7442857142857142,0.05500000000000005,0.9693023255813954,9.25,0,0.7442857142857142,0.09296858553864178,2.2857142857142856,0,26,1.2916666666666667,2
cyclic,FLTrust,4,0.8,cyclic_flip,,,,,,{},0.815,0.08750000000000002,0.9738610903659447,6.61,0,0.815,0.11688213529210444,1.6875,0,31,1.1290322580645162,0
cyclic,FLTrust,4,0.9,cyclic_flip,,,,,,{},0.7811111111111111,0.0050000000000000044,0.9992892679459844,5.93,0,0.7811111111111111,0.20015675817578127,1.3888888888888888,0,1,1.0,0
cyclic,FLTrust,5,0.1,cyclic_flip,,,,,,{},0.19999999999999996,0.10555555555555551,0.17391304347826086,17.7,0,0.19999999999999996,0.04954141603731022,16.5,0,141,1.3405797101449275,3
cyclic,FLTrust,5,0.2,cyclic_flip,,,,,,{},0.30000000000000004,0.10624999999999996,0.41379310344827586,17.1,0,0.30000000000000004,0.07005797323796797,2.0,0,128,1.2983870967741935,4
cyclic,FLTrust,5,0.3,cyclic_flip,,,,,,{},0.32166666666666666,0.07499999999999996,0.6476510067114094,17.02,0,0.32166666666666666,0.10819319197349321,9.833333333333334,0,90,1.1744186046511629,4
cyclic,FLTrust,5,0.4,cyclic_flip,,,,,,{},0.43374999999999997,0.04166666666666663,0.8740554156171285,16.03,0,0.43374999999999997,0.10286855162653775,3.875,0,46,1.0888888888888888,1
cyclic,FLTrust,5,0.5,cyclic_flip,,,,,,{},0.509,0.027000000000000024,0.9496268656716418,14.64,0,0.509,0.11998946757931035,4.1,0,27,1.0,0
cyclic,FLTrust,5,0.6,cyclic_flip,,,,,,{},0.5116666666666667,0.007499999999999951,0.9903225806451613,13.8,0,0.5116666666666667,0.16052923690985668,2.3333333333333335,0,6,1.0,0
cyclic,FLTrust,5,0.7,cyclic_flip,,,,,,{},0.6142857142857143,0.025000000000000022,0.9828571428571429,11.25,0,0.6142857142857143,0.17387123097170692,2.142857142857143,0,14,1.0714285714285714,0
cyclic,FLTrust,5,0.8,cyclic_flip,,,,,,{},0.6525000000000001,0.007499999999999951,0.997134670487106,9.53,0,0.6525000000000001,0.2043147087868604,1.5625,0,3,1.0,0
cyclic,FLTrust,5,0.9,cyclic_flip,,,,,,{},0.6172222222222222,0.030000000000000027,0.9946284691136974,8.83,0,0.6172222222222222,0.3160575122059377,1.1666666666666667,0,6,1.0,0
cyclic,FLTrust,6,0.1,cyclic_flip,,,,,,{},0.44499999999999995,0.15500000000000003,0.2418478260869565,16.32,0,0.44499999999999995,0.024775402233932247,2.0,0,198,1.38860103626943,5
cyclic,FLTrust,6,0.2,cyclic_flip,,,,,,{},0.45999999999999996,0.17812499999999998,0.39232409381663114,15.31,0,0.45999999999999996,0.06059534154488208,9.0,0,194,1.4550264550264551,5
cyclic,FLTrust,6,0.3,cyclic_flip,,,,,,{},0.36,0.14857142857142858,0.5094339622641509,15.76,0,0.36,0.10938610404309414,7.0,0,160,1.286624203821656,3
cyclic,FLTrust,6,0.4,cyclic_flip,,,,,,{},0.5275000000000001,0.17500000000000004,0.6677215189873418,13.68,0,0.5275000000000001,0.11253541669892832,5.875,0,152,1.3835616438356164,6
cyclic,FLTrust,6,0.5,cyclic_flip,,,,,,{},0.65,0.17400000000000004,0.7888349514563107,11.76,0,0.65,0.11296616361384278,6.7,0,125,1.3951612903225807,1
cyclic,FLTrust,6,0.6,cyclic_flip,,,,,,{},0.5783333333333334,0.16249999999999998,0.8422330097087378,11.76,0,0.5783333333333334,0.18799848300202587,5.0,0,94,1.3763440860215055,1
cyclic,FLTrust,6,0.7,cyclic_flip,,,,,,{},0.6135714285714285,0.16666666666666663,0.8957247132429614,10.41,0,0.6135714285714285,0.21871975772777472,4.857142857142857,0,79,1.2763157894736843,3
cyclic,FLTrust,6,0.8,cyclic_flip,,,,,,{},0.5606249999999999,0.11750000000000005,0.9502118644067796,10.56,0,0.5606249999999999,0.3012477195145314,2.1875,0,44,1.0465116279069768,1
cyclic,FLTrust,6,0.9,cyclic_flip,,,,,,{},0.5955555555555556,0.18999999999999995,0.9657657657657658,8.9,0,0.5955555555555556,0.3577960020129409,1.3888888888888888,0,37,1.027027027027027,0
cyclic,FLTrust,7,0.1,cyclic_flip,,,,,,{},0.5800000000000001,0.15888888888888886,0.2885572139303483,15.98,0,0.5800000000000001,0.016754585482786796,1.0,0,171,1.6037735849056605,12
cyclic,FLTrust,7,0.2,cyclic_flip,,,,,,{},0.61,0.13437500000000002,0.5315904139433552,15.41,0,0.61,0.022817277399285452,1.0,0,119,1.6814159292035398,6
cyclic,FLTrust,7,0.3,cyclic_flip,,,,,,{},0.7016666666666667,0.08571428571428574,0.7781885397412199,14.59,0,0.7016666666666667,0.026908353495414986,1.5,0,67,1.6984126984126984,4
cyclic,FLTrust,7,0.4,cyclic_flip,,,,,,{},0.45875,0.036666666666666625,0.8929440389294404,15.89,0,0.45875,0.08502474185773162,1.125,0,32,1.3793103448275863,3
cyclic,FLTrust,7,0.5,cyclic_flip,,,,,,{},0.528,0.02100000000000002,0.9617486338797814,14.51,0,0.528,0.10824326253229456,4.5,0,16,1.3333333333333333,1
cyclic,FLTrust,7,0.6,cyclic_flip,,,,,,{},0.6858333333333333,0.10624999999999996,0.9063876651982379,10.92,0,0.6858333333333333,0.101424788771758,3.9166666666666665,0,54,1.5576923076923077,2
cyclic,FLTrust,7,0.7,cyclic_flip,,,,,,{},0.6921428571428572,0.09333333333333338,0.9453658536585365,9.75,0,0.6921428571428572,0.13242406495224912,1.2142857142857142,0,32,1.75,0
cyclic,FLTrust,7,0.8,cyclic_flip,,,,,,{},0.71375,0.06000000000000005,0.9794168096054888,8.34,0,0.71375,0.17623645451720196,1.0625,0,20,1.2,0
cyclic,FLTrust,7,0.9,cyclic_flip,,,,,,{},0.6572222222222222,0.08499999999999996,0.9858333333333333,8.0,0,0.6572222222222222,0.3435407759920913,1.1666666666666667,0,16,1.0625,0
cyclic,FLTrust,8,0.1,cyclic_flip,,,,,,{},0.19999999999999996,0.18722222222222218,0.10610079575596817,16.23,0,0.19999999999999996,0.04338344162069402,8.5,0,138,2.3909774436090228,5
cyclic,FLTrust,8,0.2,cyclic_flip,,,,,,{},0.4225,0.1725,0.3797752808988764,15.55,0,0.4225,0.059049903212550825,5.25,0,147,1.8936170212765957,6
cyclic,FLTrust,8,0.3,cyclic_flip,,,,,,{},0.5383333333333333,0.2142857142857143,0.5184590690208668,13.77,0,0.5383333333333333,0.06996630062339569,2.0,0,129,2.232,4
cyclic,FLTrust,8,0.4,cyclic_flip,,,,,,{},0.56,0.20333333333333337,0.6473988439306358,13.08,0,0.56,0.09410246844016051,2.0,0,141,1.7426470588235294,5
cyclic,FLTrust,8,0.5,cyclic_flip,,,,,,{},0.61,0.16100000000000003,0.7911802853437094,12.29,0,0.61,0.10909745214681602,3.6,0,88,1.8488372093023255,2
cyclic,FLTrust,8,0.6,cyclic_flip,,,,,,{},0.6333333333333333,0.14249999999999996,0.8695652173913043,11.26,0,0.6333333333333333,0.1445540980212977,5.333333333333333,0,77,1.486842105263158,1
cyclic,FLTrust,8,0.7,cyclic_flip,,,,,,{},0.7271428571428571,0.08166666666666667,0.9540768509840675,9.33,0,0.7271428571428571,0.14398097409523639,3.5,0,41,1.2105263157894737,3
cyclic,FLTrust,8,0.8,cyclic_flip,,,,,,{},0.670625,0.06000000000000005,0.9781221513217867,9.03,0,0.670625,0.21550209924434754,3.6875,0,24,1.0,0
cyclic,FLTrust,8,0.9,cyclic_flip,,,,,,{},0.7466666666666666,0.0,1.0,6.56,0,0.7466666666666666,0.274726120850739,2.111111111111111,0,0,,0
cyclic,FLTrust,9,0.1,cyclic_flip,,,,,,{},0.4,0.24611111111111106,0.15296367112810708,14.77,0,0.4,0.030882216895482432,6.0,0,194,2.222826086956522,10
cyclic,FLTrust,9,0.2,cyclic_flip,,,,,,{},0.47,0.17125,0.4069264069264069,15.38,0,0.47,0.05342254231626518,4.0,0,145,1.852112676056338,3
cyclic,FLTrust,9,0.3,cyclic_flip,,,,,,{},0.3833333333333333,0.11428571428571432,0.5897435897435898,16.1,0,0.3833333333333333,0.08984146426775944,4.166666666666667,0,105,1.44,5
cyclic,FLTrust,9,0.4,cyclic_flip,,,,,,{},0.6575,0.11333333333333329,0.7945619335347432,13.38,0,0.6575,0.084086301441508,4.25,0,116,1.176991150442478,3
cyclic,FLTrust,9,0.5,cyclic_flip,,,,,,{},0.6579999999999999,0.06999999999999995,0.9038461538461539,12.72,0,0.6579999999999999,0.10487141199747521,1.7,0,66,1.0606060606060606,0
cyclic,FLTrust,9,0.6,cyclic_flip,,,,,,{},0.7475,0.11750000000000005,0.905146316851665,10.09,0,0.7475,0.07668052307266116,1.75,0,81,1.131578947368421,5
cyclic,FLTrust,9,0.7,cyclic_flip,,,,,,{},0.8057142857142857,0.11333333333333329,0.9431438127090301,8.04,0,0.8057142857142857,0.08810833904237053,3.0714285714285716,0,55,1.2407407407407407,1
cyclic,FLTrust,9,0.8,cyclic_flip,,,,,,{},0.833125,0.1975,0.9440509915014165,5.88,0,0.833125,0.13421892443127068,3.375,0,57,1.3928571428571428,1
cyclic,FLTrust,9,0.9,cyclic_flip,,,,,,{},0.8,0.17000000000000004,0.9769335142469471,5.26,0,0.8,0.2295784411721533,1.5555555555555556,0,26,1.3076923076923077,0
cyclic,Krum,0,0.1,cyclic_flip,,,,,,{},1.0,0.9444444444444444,0.10526315789473684,1.0,0,1.0,,0.0,0,49,6.34375,17
cyclic,Krum,0,0.2,cyclic_flip,,,,,,{},1.0,0.9375,0.21052631578947367,1.0,0,1.0,,0.0,0,59,4.2727272727272725,15
cyclic,Krum,0,0.3,cyclic_flip,,,,,,{},1.0,0.9285714285714286,0.3157894736842105,1.0,0,1.0,,0.0,0,46,5.909090909090909,13
cyclic,Krum,0,0.4,cyclic_flip,,,,,,{},1.0,0.9166666666666666,0.42105263157894735,1.0,0,1.0,,0.0,0,33,6.454545454545454,11
cyclic,Krum,0,0.5,cyclic_flip,,,,,,{},0.913,0.987,0.4805263157894737,1.0,0,0.913,,0.1,0,17,3.0,10
cyclic,Krum,0,0.6,cyclic_flip,,,,,,{},0.9225,0.99125,0.5826315789473684,1.0,0,0.9225,,0.5833333333333334,0,14,4.833333333333333,8
cyclic,Krum,0,0.7,cyclic_flip,,,,,,{},0.9285714285714286,1.0,0.6842105263157895,1.0,0,0.9285714285714286,,0.5,0,6,,6
cyclic,Krum,0,0.8,cyclic_flip,,,,,,{},0.9375,1.0,0.7894736842105263,1.0,0,0.9375,,0.4375,0,4,,4
cyclic,Krum,0,0.9,cyclic_flip,,,,,,{},0.9444444444444444,1.0,0.8947368421052632,1.0,0,0.9444444444444444,,0.1111111111111111,0,2,,2
cyclic,Krum,1,0.1,cyclic_flip,,,,,,{},1.0,0.9444444444444444,0.10526315789473684,1.0,0,1.0,,0.0,0,34,2.9411764705882355,17
cyclic,Krum,1,0.2,cyclic_flip,,,,,,{},1.0,0.9375,0.21052631578947367,1.0,0,1.0,,0.0,0,27,4.5,15
cyclic,Krum,1,0.3,cyclic_flip,,,,,,{},1.0,0.9285714285714286,0.3157894736842105,1.0,0,1.0,,0.0,0,28,7.866666666666666,13
cyclic,Krum,1,0.4,cyclic_flip,,,,,,{},0.9925,0.9216666666666666,0.41789473684210526,1.0,0,0.9925,,0.0,0,46,4.542857142857143,11
cyclic,Krum,1,0.5,cyclic_flip,,,,,,{},0.902,0.998,0.4747368421052632,1.0,0,0.902,,0.4,0,12,6.0,10
cyclic,Krum,1,0.6,cyclic_flip,,,,,,{},0.9166666666666666,1.0,0.5789473684210527,1.0,0,0.9166666666666666,,0.16666666666666666,0,8,,8
cyclic,Krum,1,0.7,cyclic_flip,,,,,,{},0.9285714285714286,1.0,0.6842105263157895,1.0,0,0.9285714285714286,,0.14285714285714285,0,6,,6
cyclic,Krum,1,0.8,cyclic_flip,,,,,,{},0.9375,1.0,0.7894736842105263,1.0,0,0.9375,,0.125,0,4,,4
cyclic,Krum,1,0.9,cyclic_flip,,,,,,{},0.9444444444444444,1.0,0.8947368421052632,1.0,0,0.9444444444444444,,0.1111111111111111,0,2,,2
cyclic,Krum,2,0.1,cyclic_flip,,,,,,{},1.0,0.9444444444444444,0.10526315789473684,1.0,0,1.0,,0.0,0,52,5.742857142857143,17
cyclic,Krum,2,0.2,cyclic_flip,,,,,,{},1.0,0.9375,0.21052631578947367,1.0,0,1.0,,0.0,0,56,7.682926829268292,15
cyclic,Krum,2,0.3,cyclic_flip,,,,,,{},1.0,0.9285714285714286,0.3157894736842105,1.0,0,1.0,,0.0,0,37,11.083333333333334,13
cyclic,Krum,2,0.4,cyclic_flip,,,,,,{},0.99625,0.9191666666666667,0.41947368421052633,1.0,0,0.99625,,0.0,0,41,7.833333333333333,11
cyclic,Krum,2,0.5,cyclic_flip,,,,,,{},0.981,0.919,0.5163157894736842,1.0,0,0.981,,0.0,0,49,6.325,9
cyclic,Krum,2,0.6,cyclic_flip,,,,,,{},0.9241666666666667,0.98875,0.5836842105263158,1.0,0,0.9241666666666667,,0.08333333333333333,0,13,2.2,8
cyclic,Krum,2,0.7,cyclic_flip,,,,,,{},0.9285714285714286,1.0,0.6842105263157895,1.0,0,0.9285714285714286,,0.07142857142857142,0,6,,6
cyclic,Krum,2,0.8,cyclic_flip,,,,,,{},0.9375,1.0,0.7894736842105263,1.0,0,0.9375,,0.0625,0,4,,4
cyclic,Krum,2,0.9,cyclic_flip,,,,,,{},0.9444444444444444,1.0,0.8947368421052632,1.0,0,0.9444444444444444,,0.16666666666666666,0,2,,2
cyclic,Krum,3,0.1,cyclic_flip,,,,,,{},1.0,0.9444444444444444,0.10526315789473684,1.0,0,1.0,,0.0,0,41,3.875,17
cyclic,Krum,3,0.2,cyclic_flip,,,,,,{},1.0,0.9375,0.21052631578947367,1.0,0,1.0,,0.0,0,33,5.5,15
cyclic,Krum,3,0.3,cyclic_flip,,,,,,{},1.0,0.9285714285714286,0.3157894736842105,1.0,0,1.0,,0.0,0,31,5.277777777777778,13
cyclic,Krum,3,0.4,cyclic_flip,,,,,,{},1.0,0.9166666666666666,0.42105263157894735,1.0,0,1.0,,0.0,0,18,19.571428571428573,11
cyclic,Krum,3,0.5,cyclic_flip,,,,,,{},0.997,0.903,0.5247368421052632,1.0,0,0.997,,0.0,0,20,13.272727272727273,9
cyclic,Krum,3,0.6,cyclic_flip,,,,,,{},0.9975,0.87875,0.63,1.0,0,0.9975,,0.08333333333333333,0,10,1.0,7
cyclic,Krum,3,0.7,cyclic_flip,,,,,,{},0.9342857142857143,0.9866666666666667,0.6884210526315789,1.0,0,0.9342857142857143,,0.07142857142857142,0,11,2.4,6
cyclic,Krum,3,0.8,cyclic_flip,,,,,,{},0.9375,1.0,0.7894736842105263,1.0,0,0.9375,,0.0625,0,4,,4
cyclic,Krum,3,0.9,cyclic_flip,,,,,,{},0.9444444444444444,1.0,0.8947368421052632,1.0,0,0.9444444444444444,,0.8888888888888888,0,2,,2
cyclic,Krum,4,0.1,cyclic_flip,,,,,,{},1.0,0.9444444444444444,0.10526315789473684,1.0,0,1.0,,0.0,0,70,4.226415094339623,17
cyclic,Krum,4,0.2,cyclic_flip,,,,,,{},1.0,0.9375,0.21052631578947367,1.0,0,1.0,,0.0,0,66,6.078431372549019,15
cyclic,Krum,4,0.3,cyclic_flip,,,,,,{},1.0,0.9285714285714286,0.3157894736842105,1.0,0,1.0,,0.0,0,73,4.7,13
cyclic,Krum,4,0.4,cyclic_flip,,,,,,{},0.88,0.9966666666666667,0.3705263157894737,1.0,0,0.88,,0.0,0,15,24.0,12
cyclic,Krum,4,0.5,cyclic_flip,,,,,,{},0.902,0.998,0.4747368421052632,1.0,0,0.902,,0.0,0,11,5.0,10
cyclic,Krum,4,0.6,cyclic_flip,,,,,,{},0.9166666666666666,1.0,0.5789473684210527,1.0,0,0.9166666666666666,,0.3333333333333333,0,8,,8
cyclic,Krum,4,0.7,cyclic_flip,,,,,,{},0.9285714285714286,1.0,0.6842105263157895,1.0,0,0.9285714285714286,,0.14285714285714285,0,6,,6
cyclic,Krum,4,0.8,cyclic_flip,,,,,,{},0.9375,1.0,0.7894736842105263,1.0,0,0.9375,,0.0625,0,4,,4
cyclic,Krum,4,0.9,cyclic_flip,,,,,,{},0.9444444444444444,1.0,0.8947368421052632,1.0,0,0.9444444444444444,,0.05555555555555555,0,2,,2
cyclic,Krum,5,0.1,cyclic_flip,,,,,,{},1.0,0.9444444444444444,0.10526315789473684,1.0,0,1.0,,0.0,0,57,6.575,17
cyclic,Krum,5,0.2,cyclic_flip,,,,,,{},1.0,0.9375,0.21052631578947367,1.0,0,1.0,,0.0,0,69,4.074074074074074,15
cyclic,Krum,5,0.3,cyclic_flip,,,,,,{},1.0,0.9285714285714286,0.3157894736842105,1.0,0,1.0,,0.0,0,59,5.6521739130434785,13
cyclic,Krum,5,0.4,cyclic_flip,,,,,,{},0.99625,0.9191666666666667,0.41947368421052633,1.0,0,0.99625,,0.0,0,44,9.757575757575758,11
cyclic,Krum,5,0.5,cyclic_flip,,,,,,{},0.905,0.995,0.4763157894736842,1.0,0,0.905,,0.1,0,14,1.0,10
cyclic,Krum,5,0.6,cyclic_flip,,,,,,{},0.9166666666666666,1.0,0.5789473684210527,1.0,0,0.9166666666666666,,0.08333333333333333,0,8,,8
cyclic,Krum,5,0.7,cyclic_flip,,,,,,{},0.9285714285714286,1.0,0.6842105263157895,1.0,0,0.9285714285714286,,0.07142857142857142,0,6,,6
cyclic,Krum,5,0.8,cyclic_flip,,,,,,{},0.9375,1.0,0.7894736842105263,1.0,0,0.9375,,0.0625,0,4,,4
cyclic,Krum,5,0.9,cyclic_flip,,,,,,{},0.9444444444444444,1.0,0.8947368421052632,1.0,0,0.9444444444444444,,0.05555555555555555,0,2,,2
cyclic,Krum,6,0.1,cyclic_flip,,,,,,{},1.0,0.9444444444444444,0.10526315789473684,1.0,0,1.0,,0.0,0,19,4.0,17
cyclic,Krum,6,0.2,cyclic_flip,,,,,,{},1.0,0.9375,0.21052631578947367,1.0,0,1.0,,0.0,0,17,4.0,15
cyclic,Krum,6,0.3,cyclic_flip,,,,,,{},1.0,0.9285714285714286,0.3157894736842105,1.0,0,1.0,,0.0,0,24,10.090909090909092,13
cyclic,Krum,6,0.4,cyclic_flip,,,,,,{},1.0,0.9166666666666666,0.42105263157894735,1.0,0,1.0,,0.0,0,17,6.0,11
cyclic,Krum,6,0.5,cyclic_flip,,,,,,{},1.0,0.9,0.5263157894736842,1.0,0,1.0,,0.0,0,9,,9
cyclic,Krum,6,0.6,cyclic_flip,,,,,,{},0.9975,0.87875,0.63,1.0,0,0.9975,,0.0,0,14,2.142857142857143,7
cyclic,Krum,6,0.7,cyclic_flip,,,,,,{},0.935,0.985,0.6889473684210526,1.0,0,0.935,,0.0,0,9,2.6666666666666665,6
cyclic,Krum,6,0.8,cyclic_flip,,,,,,{},0.9375,1.0,0.7894736842105263,1.0,0,0.9375,,0.0625,0,4,,4
cyclic,Krum,6,0.9,cyclic_flip,,,,,,{},0.9444444444444444,1.0,0.8947368421052632,1.0,0,0.9444444444444444,,0.05555555555555555,0,2,,2
cyclic,Krum,7,0.1,cyclic_flip,,,,,,{},1.0,0.9444444444444444,0.10526315789473684,1.0,0,1.0,,0.0,0,103,4.372093023255814,17
cyclic,Krum,7,0.2,cyclic_flip,,,,,,{},1.0,0.9375,0.21052631578947367,1.0,0,1.0,,0.0,0,91,3.026315789473684,15
cyclic,Krum,7,0.3,cyclic_flip,,,,,,{},1.0,0.9285714285714286,0.3157894736842105,1.0,0,1.0,,0.0,0,86,3.7260273972602738,13
cyclic,Krum,7,0.4,cyclic_flip,,,,,,{},0.9325,0.9616666666666667,0.39263157894736844,1.0,0,0.9325,,0.125,0,49,8.789473684210526,11
cyclic,Krum,7,0.5,cyclic_flip,,,,,,{},0.909,0.991,0.47842105263157897,1.0,0,0.909,,0.1,0,19,2.3333333333333335,10
cyclic,Krum,7,0.6,cyclic_flip,,,,,,{},0.92,0.995,0.5810526315789474,1.0,0,0.92,,0.08333333333333333,0,12,6.5,8
cyclic,Krum,7,0.7,cyclic_flip,,,,,,{},0.9285714285714286,1.0,0.6842105263157895,1.0,0,0.9285714285714286,,0.07142857142857142,0,6,,6
cyclic,Krum,7,0.8,cyclic_flip,,,,,,{},0.9375,1.0,0.7894736842105263,1.0,0,0.9375,,0.0625,0,4,,4
cyclic,Krum,7,0.9,cyclic_flip,,,,,,{},0.9444444444444444,1.0,0.8947368421052632,1.0,0,0.9444444444444444,,0.05555555555555555,0,2,,2
cyclic,Krum,8,0.1,cyclic_flip,,,,,,{},1.0,0.9444444444444444,0.10526315789473684,1.0,0,1.0,,0.0,0,43,5.115384615384615,17
cyclic,Krum,8,0.2,cyclic_flip,,,,,,{},1.0,0.9375,0.21052631578947367,1.0,0,1.0,,0.0,0,47,3.6875,15
cyclic,Krum,8,0.3,cyclic_flip,,,,,,{},1.0,0.9285714285714286,0.3157894736842105,1.0,0,1.0,,0.0,0,28,2.7333333333333334,13
cyclic,Krum,8,0.4,cyclic_flip,,,,,,{},1.0,0.9166666666666666,0.42105263157894735,1.0,0,1.0,,0.0,0,34,4.695652173913044,11
cyclic,Krum,8,0.5,cyclic_flip,,,,,,{},0.91,0.99,0.4789473684210526,1.0,0,0.91,,0.0,0,18,2.25,10
cyclic,Krum,8,0.6,cyclic_flip,,,,,,{},0.9166666666666666,1.0,0.5789473684210527,1.0,0,0.9166666666666666,,0.08333333333333333,0,8,,8
cyclic,Krum,8,0.7,cyclic_flip,,,,,,{},0.9285714285714286,1.0,0.6842105263157895,1.0,0,0.9285714285714286,,0.07142857142857142,0,6,,6
cyclic,Krum,8,0.8,cyclic_flip,,,,,,{},0.9375,1.0,0.7894736842105263,1.0,0,0.9375,,0.0625,0,4,,4
cyclic,Krum,8,0.9,cyclic_flip,,,,,,{},0.9444444444444444,1.0,0.8947368421052632,1.0,0,0.9444444444444444,,0.05555555555555555,0,2,,2
cyclic,Krum,9,0.1,cyclic_flip,,,,,,{},1.0,0.9444444444444444,0.10526315789473684,1.0,0,1.0,,0.0,0,36,2.8421052631578947,17
cyclic,Krum,9,0.2,cyclic_flip,,,,,,{},1.0,0.9375,0.21052631578947367,1.0,0,1.0,,0.0,0,23,1.125,15
cyclic,Krum,9,0.3,cyclic_flip,,,,,,{},0.9783333333333333,0.9378571428571428,0.30894736842105264,1.0,0,0.9783333333333333,,0.0,0,77,6.171875,13
cyclic,Krum,9,0.4,cyclic_flip,,,,,,{},0.9725,0.935,0.4094736842105263,1.0,0,0.9725,,0.0,0,57,4.695652173913044,11
cyclic,Krum,9,0.5,cyclic_flip,,,,,,{},0.9,1.0,0.47368421052631576,1.0,0,0.9,,0.1,0,10,,10
cyclic,Krum,9,0.6,cyclic_flip,,,,,,{},0.9166666666666666,1.0,0.5789473684210527,1.0,0,0.9166666666666666,,0.08333333333333333,0,8,,8
cyclic,Krum,9,0.7,cyclic_flip,,,,,,{},0.9285714285714286,1.0,0.6842105263157895,1.0,0,0.9285714285714286,,0.07142857142857142,0,6,,6
cyclic,Krum,9,0.8,cyclic_flip,,,,,,{},0.9375,1.0,0.7894736842105263,1.0,0,0.9375,,0.0625,0,4,,4
cyclic,Krum,9,0.9,cyclic_flip,,,,,,{},0.9444444444444444,1.0,0.8947368421052632,1.0,0,0.9444444444444444,,0.05555555555555555,0,2,,2
cyclic,MultiKrum,0,0.1,cyclic_flip,,,,,,{},0.030000000000000027,0.10777777777777775,0.03,18.0,0,0.030000000000000027,,0.0,1,89,2.1704545454545454,1
cyclic,MultiKrum,0,0.2,cyclic_flip,,,,,,{},0.0050000000000000044,0.24875000000000003,0.005,16.0,0,0.0050000000000000044,,0.0,2,118,2.5526315789473686,4
cyclic,MultiKrum,0,0.3,cyclic_flip,,,,,,{},0.18666666666666665,0.34857142857142853,0.18666666666666668,14.0,0,0.18666666666666665,,0.0,1,97,5.086956521739131,5
cyclic,MultiKrum,0,0.4,cyclic_flip,,,,,,{},0.39749999999999996,0.4016666666666666,0.3975,12.0,0,0.39749999999999996,,3.2857142857142856,1,101,4.614583333333333,5
cyclic,MultiKrum,0,0.5,cyclic_flip,,,,,,{},0.45799999999999996,0.34199999999999997,0.5725,12.0,0,0.45799999999999996,,6.75,2,112,2.710280373831776,5
cyclic,MultiKrum,0,0.6,cyclic_flip,,,,,,{},0.495,0.25749999999999995,0.7425,12.0,0,0.495,,6.4,2,127,1.619047619047619,1
cyclic,MultiKrum,0,0.7,cyclic_flip,,,,,,{},0.47785714285714287,0.21833333333333338,0.83625,12.0,0,0.47785714285714287,,11.166666666666666,2,48,2.617021276595745,1
cyclic,MultiKrum,0,0.8,cyclic_flip,,,,,,{},0.47250000000000003,0.10999999999999999,0.945,12.0,0,0.47250000000000003,,4.923076923076923,3,15,1.3571428571428572,1
cyclic,MultiKrum,0,0.9,cyclic_flip,,,,,,{},0.44166666666666665,0.025000000000000022,0.99375,12.0,0,0.44166666666666665,,4.428571428571429,4,5,1.0,0
cyclic,MultiKrum,1,0.1,cyclic_flip,,,,,,{},0.040000000000000036,0.10666666666666669,0.04,18.0,0,0.040000000000000036,,0.0,0,92,2.111111111111111,2
cyclic,MultiKrum,1,0.2,cyclic_flip,,,,,,{},0.007499999999999951,0.24812500000000004,0.0075,16.0,0,0.007499999999999951,,0.0,2,103,3.494949494949495,4
cyclic,MultiKrum,1,0.3,cyclic_flip,,,,,,{},0.06999999999999995,0.3985714285714286,0.07,14.0,0,0.06999999999999995,,0.25,2,139,3.0977443609022557,6
cyclic,MultiKrum,1,0.4,cyclic_flip,,,,,,{},0.255,0.4966666666666667,0.255,12.0,0,0.255,,13.714285714285714,1,179,3.04,4
cyclic,MultiKrum,1,0.5,cyclic_flip,,,,,,{},0.28800000000000003,0.512,0.36,12.0,0,0.28800000000000003,,6.125,2,172,2.6646706586826348,5
cyclic,MultiKrum,1,0.6,cyclic_flip,,,,,,{},0.3466666666666667,0.48,0.52,12.0,0,0.3466666666666667,,5.222222222222222,3,131,2.6511627906976742,2
cyclic,MultiKrum,1,0.7,cyclic_flip,,,,,,{},0.42500000000000004,0.3416666666666667,0.74375,12.0,0,0.42500000000000004,,9.818181818181818,3,102,1.8415841584158417,1
cyclic,MultiKrum,1,0.8,cyclic_flip,,,,,,{},0.43937499999999996,0.24250000000000005,0.87875,12.0,0,0.43937499999999996,,7.076923076923077,3,31,3.129032258064516,0
cyclic,MultiKrum,1,0.9,cyclic_flip,,,,,,{},0.38111111111111107,0.5700000000000001,0.8575,12.0,0,0.38111111111111107,,6.8,3,10,1.375,2
cyclic,MultiKrum,2,0.1,cyclic_flip,,,,,,{},0.010000000000000009,0.10999999999999999,0.01,18.0,0,0.010000000000000009,,0.0,1,71,1.391304347826087,2
cyclic,MultiKrum,2,0.2,cyclic_flip,,,,,,{},0.03500000000000003,0.24124999999999996,0.035,16.0,0,0.03500000000000003,,29.0,1,108,2.6634615384615383,4
cyclic,MultiKrum,2,0.3,cyclic_flip,,,,,,{},0.18500000000000005,0.3492857142857143,0.185,14.0,0,0.18500000000000005,,9.2,1,103,3.520408163265306,5
cyclic,MultiKrum,2,0.4,cyclic_flip,,,,,,{},0.33499999999999996,0.44333333333333336,0.335,12.0,0,0.33499999999999996,,6.666666666666667,2,125,2.966386554621849,6
cyclic,MultiKrum,2,0.5,cyclic_flip,,,,,,{},0.388,0.41200000000000003,0.485,12.0,0,0.388,,6.25,2,134,2.2713178294573644,5
cyclic,MultiKrum,2,0.6,cyclic_flip,,,,,,{},0.4375,0.34375,0.65625,12.0,0,0.4375,,8.9,2,124,1.4333333333333333,4
cyclic,MultiKrum,2,0.7,cyclic_flip,,,,,,{},0.4542857142857143,0.2733333333333333,0.795,12.0,0,0.4542857142857143,,5.454545454545454,3,30,2.206896551724138,1
cyclic,MultiKrum,2,0.8,cyclic_flip,,,,,,{},0.43437499999999996,0.26249999999999996,0.86875,12.0,0,0.43437499999999996,,8.083333333333334,4,4,1.6666666666666667,1
cyclic,MultiKrum,2,0.9,cyclic_flip,,,,,,{},0.3833333333333333,0.55,0.8625,12.0,0,0.3833333333333333,,7.416666666666667,6,4,3.3333333333333335,1
cyclic,MultiKrum,3,0.1,cyclic_flip,,,,,,{},0.0,0.11111111111111116,0.0,18.0,0,0.0,,,2,76,1.337837837837838,2
cyclic,MultiKrum,3,0.2,cyclic_flip,,,,,,{},0.0024999999999999467,0.249375,0.0025,16.0,0,0.0024999999999999467,,0.0,3,48,6.386363636363637,4
cyclic,MultiKrum,3,0.3,cyclic_flip,,,,,,{},0.2466666666666667,0.32285714285714284,0.24666666666666667,14.0,0,0.2466666666666667,,23.6,1,69,2.328125,5
cyclic,MultiKrum,3,0.4,cyclic_flip,,,,,,{},0.4,0.4,0.4,12.0,0,0.4,,8.0,1,143,1.9191176470588236,7
cyclic,MultiKrum,3,0.5,cyclic_flip,,,,,,{},0.40900000000000003,0.391,0.51125,12.0,0,0.40900000000000003,,5.75,2,109,2.3461538461538463,5
cyclic,MultiKrum,3,0.6,cyclic_flip,,,,,,{},0.44833333333333336,0.3275,0.6725,12.0,0,0.44833333333333336,,6.363636363636363,1,78,1.881578947368421,2
cyclic,MultiKrum,3,0.7,cyclic_flip,,,,,,{},0.48642857142857143,0.19833333333333336,0.85125,12.0,0,0.48642857142857143,,12.454545454545455,3,33,3.7096774193548385,2
cyclic,MultiKrum,3,0.8,cyclic_flip,,,,,,{},0.45499999999999996,0.18000000000000005,0.91,12.0,0,0.45499999999999996,,4.75,4,27,2.3846153846153846,1
cyclic,MultiKrum,3,0.9,cyclic_flip,,,,,,{},0.33333333333333337,1.0,0.75,12.0,0,0.33333333333333337,,12.75,6,2,,2
cyclic,MultiKrum,4,0.1,cyclic_flip,,,,,,{},0.010000000000000009,0.10999999999999999,0.01,18.0,0,0.010000000000000009,,0.0,0,101,1.97979797979798,2
cyclic,MultiKrum,4,0.2,cyclic_flip,,,,,,{},0.04500000000000004,0.23875000000000002,0.045,16.0,0,0.04500000000000004,,0.0,3,120,3.060344827586207,4
cyclic,MultiKrum,4,0.3,cyclic_flip,,,,,,{},0.06833333333333336,0.39928571428571424,0.06833333333333333,14.0,0,0.06833333333333336,,45.0,2,115,4.045871559633028,6
cyclic,MultiKrum,4,0.4,cyclic_flip,,,,,,{},0.31499999999999995,0.45666666666666667,0.315,12.0,0,0.31499999999999995,,1.8333333333333333,2,164,2.738853503184713,7
cyclic,MultiKrum,4,0.5,cyclic_flip,,,,,,{},0.381,0.41900000000000004,0.47625,12.0,0,0.381,,3.125,2,152,2.76,2
cyclic,MultiKrum,4,0.6,cyclic_flip,,,,,,{},0.4116666666666666,0.38249999999999995,0.6175,12.0,0,0.4116666666666666,,3.111111111111111,3,167,1.7636363636363637,2
cyclic,MultiKrum,4,0.7,cyclic_flip,,,,,,{},0.4635714285714285,0.2516666666666667,0.81125,12.0,0,0.4635714285714285,,12.333333333333334,2,87,1.7209302325581395,1
cyclic,MultiKrum,4,0.8,cyclic_flip,,,,,,{},0.44937499999999997,0.2025,0.89875,12.0,0,0.44937499999999997,,7.083333333333333,4,43,1.9047619047619047,1
cyclic,MultiKrum,4,0.9,cyclic_flip,,,,,,{},0.4355555555555556,0.07999999999999996,0.98,12.0,0,0.4355555555555556,,6.642857142857143,4,8,2.0,0
cyclic,MultiKrum,5,0.1,cyclic_flip,,,,,,{},0.42500000000000004,0.06388888888888888,0.425,18.0,0,0.42500000000000004,,0.0,1,69,1.661764705882353,1
cyclic,MultiKrum,5,0.2,cyclic_flip,,,,,,{},0.1875,0.203125,0.1875,16.0,0,0.1875,,0.0,1,132,2.484375,4
cyclic,MultiKrum,5,0.3,cyclic_flip,,,,,,{},0.29333333333333333,0.3028571428571428,0.29333333333333333,14.0,0,0.29333333333333333,,0.0,1,81,4.8441558441558445,4
cyclic,MultiKrum,5,0.4,cyclic_flip,,,,,,{},0.37250000000000005,0.41833333333333333,0.3725,12.0,0,0.37250000000000005,,0.0,3,151,2.7534246575342465,5
cyclic,MultiKrum,5,0.5,cyclic_flip,,,,,,{},0.42200000000000004,0.378,0.5275,12.0,0,0.42200000000000004,,4.875,2,183,2.050561797752809,5
cyclic,MultiKrum,5,0.6,cyclic_flip,,,,,,{},0.4125,0.38125,0.61875,12.0,0,0.4125,,2.125,4,154,1.9407894736842106,2
cyclic,MultiKrum,5,0.7,cyclic_flip,,,,,,{},0.4671428571428572,0.2433333333333333,0.8175,12.0,0,0.4671428571428572,,2.0,4,110,1.3211009174311927,1
cyclic,MultiKrum,5,0.8,cyclic_flip,,,,,,{},0.415625,0.3375,0.83125,12.0,0,0.415625,,9.0,5,45,2.5348837209302326,2
cyclic,MultiKrum,5,0.9,cyclic_flip,,,,,,{},0.355,0.8049999999999999,0.79875,12.0,0,0.355,,11.153846153846153,5,6,4.5,2
cyclic,MultiKrum,6,0.1,cyclic_flip,,,,,,{},0.08499999999999996,0.10166666666666668,0.085,18.0,0,0.08499999999999996,,58.0,0,40,4.7631578947368425,2
cyclic,MultiKrum,6,0.2,cyclic_flip,,,,,,{},0.007499999999999951,0.24812500000000004,0.0075,16.0,0,0.007499999999999951,,0.5,2,105,2.3564356435643563,4
cyclic,MultiKrum,6,0.3,cyclic_flip,,,,,,{},0.2716666666666666,0.31214285714285717,0.27166666666666667,14.0,0,0.2716666666666666,,0.2,1,126,3.512396694214876,5
cyclic,MultiKrum,6,0.4,cyclic_flip,,,,,,{},0.51875,0.3208333333333333,0.51875,12.0,0,0.51875,,3.125,0,153,2.4503311258278146,2
cyclic,MultiKrum,6,0.5,cyclic_flip,,,,,,{},0.5,0.30000000000000004,0.625,12.0,0,0.5,,7.888888888888889,1,165,1.6890243902439024,1
cyclic,MultiKrum,6,0.6,cyclic_flip,,,,,,{},0.5075000000000001,0.23875000000000002,0.76125,12.0,0,0.5075000000000001,,5.818181818181818,1,137,1.406015037593985,4
cyclic,MultiKrum,6,0.7,cyclic_flip,,,,,,{},0.5121428571428571,0.1383333333333333,0.89625,12.0,0,0.5121428571428571,,6.833333333333333,2,67,1.2388059701492538,0
cyclic,MultiKrum,6,0.8,cyclic_flip,,,,,,{},0.49375,0.025000000000000022,0.9875,12.0,0,0.49375,,4.769230769230769,3,8,1.25,0
cyclic,MultiKrum,6,0.9,cyclic_flip,,,,,,{},0.40222222222222226,0.38,0.905,12.0,0,0.40222222222222226,,6.0,4,3,11.0,1
cyclic,MultiKrum,7,0.1,cyclic_flip,,,,,,{},0.0050000000000000044,0.11055555555555552,0.005,18.0,0,0.0050000000000000044,,0.0,1,69,2.7761194029850746,2
cyclic,MultiKrum,7,0.2,cyclic_flip,,,,,,{},0.0050000000000000044,0.24875000000000003,0.005,16.0,0,0.0050000000000000044,,0.0,2,152,1.9662162162162162,4
cyclic,MultiKrum,7,0.3,cyclic_flip,,,,,,{},0.036666666666666625,0.4128571428571428,0.03666666666666667,14.0,0,0.036666666666666625,,0.0,4,157,3.006622516556291,6
cyclic,MultiKrum,7,0.4,cyclic_flip,,,,,,{},0.23250000000000004,0.5116666666666667,0.2325,12.0,0,0.23250000000000004,,10.75,0,204,2.489795918367347,8
cyclic,MultiKrum,7,0.5,cyclic_flip,,,,,,{},0.355,0.44499999999999995,0.44375,12.0,0,0.355,,6.0,1,189,2.1818181818181817,2
cyclic,MultiKrum,7,0.6,cyclic_flip,,,,,,{},0.4091666666666667,0.38625,0.61375,12.0,0,0.4091666666666667,,8.0,1,178,1.7028571428571428,3
cyclic,MultiKrum,7,0.7,cyclic_flip,,,,,,{},0.40428571428571425,0.39,0.7075,12.0,0,0.40428571428571425,,3.8181818181818183,3,114,1.7747747747747749,3
cyclic,MultiKrum,7,0.8,cyclic_flip,,,,,,{},0.42437499999999995,0.3025,0.84875,12.0,0,0.42437499999999995,,5.166666666666667,4,45,2.7674418604651163,2
cyclic,MultiKrum,7,0.9,cyclic_flip,,,,,,{},0.33333333333333337,1.0,0.75,12.0,0,0.33333333333333337,,10.692307692307692,5,2,,2
cyclic,MultiKrum,8,0.1,cyclic_flip,,,,,,{},0.0050000000000000044,0.11055555555555552,0.005,18.0,0,0.0050000000000000044,,0.0,1,67,2.6615384615384614,2
cyclic,MultiKrum,8,0.2,cyclic_flip,,,,,,{},0.007499999999999951,0.24812500000000004,0.0075,16.0,0,0.007499999999999951,,0.0,2,98,2.8085106382978724,4
cyclic,MultiKrum,8,0.3,cyclic_flip,,,,,,{},0.16166666666666663,0.3592857142857143,0.16166666666666665,14.0,0,0.16166666666666663,,0.0,2,108,3.644230769230769,4
cyclic,MultiKrum,8,0.4,cyclic_flip,,,,,,{},0.43374999999999997,0.37749999999999995,0.43375,12.0,0,0.43374999999999997,,6.625,0,122,2.641025641025641,5
cyclic,MultiKrum,8,0.5,cyclic_flip,,,,,,{},0.389,0.41100000000000003,0.48625,12.0,0,0.389,,6.25,2,176,1.7616279069767442,4
cyclic,MultiKrum,8,0.6,cyclic_flip,,,,,,{},0.44333333333333336,0.33499999999999996,0.665,12.0,0,0.44333333333333336,,7.444444444444445,3,130,2.0625,2
cyclic,MultiKrum,8,0.7,cyclic_flip,,,,,,{},0.47071428571428575,0.235,0.82375,12.0,0,0.47071428571428575,,3.6,4,78,1.8051948051948052,1
cyclic,MultiKrum,8,0.8,cyclic_flip,,,,,,{},0.45999999999999996,0.16000000000000003,0.92,12.0,0,0.45999999999999996,,5.333333333333333,4,35,1.8529411764705883,1
cyclic,MultiKrum,8,0.9,cyclic_flip,,,,,,{},0.33333333333333337,1.0,0.75,12.0,0,0.33333333333333337,,5.333333333333333,6,2,,2
cyclic,MultiKrum,9,0.1,cyclic_flip,,,,,,{},0.0,0.11111111111111116,0.0,18.0,0,0.0,,,2,18,5.8125,2
cyclic,MultiKrum,9,0.2,cyclic_flip,,,,,,{},0.007499999999999951,0.24812500000000004,0.0075,16.0,0,0.007499999999999951,,0.0,3,92,2.215909090909091,4
cyclic,MultiKrum,9,0.3,cyclic_flip,,,,,,{},0.10999999999999999,0.38142857142857145,0.11,14.0,0,0.10999999999999999,,0.0,4,49,4.186046511627907,6
cyclic,MultiKrum,9,0.4,cyclic_flip,,,,,,{},0.36250000000000004,0.42500000000000004,0.3625,12.0,0,0.36250000000000004,,7.0,3,81,2.5526315789473686,5
cyclic,MultiKrum,9,0.5,cyclic_flip,,,,,,{},0.32499999999999996,0.475,0.40625,12.0,0,0.32499999999999996,,15.333333333333334,4,109,2.5047619047619047,4
cyclic,MultiKrum,9,0.6,cyclic_flip,,,,,,{},0.37,0.44499999999999995,0.555,12.0,0,0.37,,19.285714285714285,5,75,2.056338028169014,4
cyclic,MultiKrum,9,0.7,cyclic_flip,,,,,,{},0.40214285714285714,0.395,0.70375,12.0,0,0.40214285714285714,,5.875,6,65,2.142857142857143,2
cyclic,MultiKrum,9,0.8,cyclic_flip,,,,,,{},0.4175,0.32999999999999996,0.835,12.0,0,0.4175,,6.555555555555555,7,16,2.1333333333333333,1
cyclic,MultiKrum,9,0.9,cyclic_flip,,,,,,{},0.33333333333333337,1.0,0.75,12.0,0,0.33333333333333337,,15.11111111111111,9,2,,2
pilot_agg,DyF-ZTL-RNV,100,0.2,targeted_flip,,,,,default-R-U,"{""functional_ref"": ""reference""}",1.0,0.21375,0.5390835579514824,12.58,0,1.0,0.0,0.0,0,34,3.9310344827586206,5
pilot_agg,DyF-ZTL-RNV,100,0.4,backdoor_boost,,,,,default-R-U,"{""functional_ref"": ""reference""}",1.0,0.24750000000000005,0.7292616226071102,9.03,0,1.0,0.0,0.0,0,30,2.730769230769231,4
pilot_agg,DyF-ZTL-RNV,100,0.4,backdoor,,,,,default-R-U,"{""functional_ref"": ""reference""}",0.15000000000000002,0.18666666666666665,0.3488372093023256,16.56,0,0.15000000000000002,0.4097127438694777,59.0,5,7,30.2,2
pilot_agg,DyF-ZTL-RNV,100,0.5,cyclic_flip,,,,,default-R-U,"{""functional_ref"": ""reference""}",1.0,0.126,0.8880994671403197,8.74,0,1.0,0.0,0.0,0,23,4.55,3
pilot_agg,DyF-ZTL-RNV,100,0.8,cyclic_flip,,,,,default-R-U,"{""functional_ref"": ""reference""}",1.0,0.3375,0.9221902017291066,2.65,0,1.0,0.0,0.0,0,18,2.9375,2
pilot_agg,DyF-ZTL-RNV,100,0.9,cyclic_flip,,,,,default-R-U,"{""functional_ref"": ""reference""}",1.0,0.06000000000000005,0.9933774834437086,1.88,0,1.0,0.0,0.0,0,3,4.0,1
pilot_agg,DyF-ZTL-RNV,101,0.2,targeted_flip,,,,,default-R-U,"{""functional_ref"": ""reference""}",1.0,0.12812500000000004,0.6611570247933884,13.95,0,1.0,0.0,0.0,0,15,8.071428571428571,1
pilot_agg,DyF-ZTL-RNV,101,0.4,backdoor_boost,,,,,default-R-U,"{""functional_ref"": ""reference""}",1.0,0.2008333333333333,0.7684918347742555,9.59,0,1.0,0.0,0.0,0,19,4.470588235294118,2
pilot_agg,DyF-ZTL-RNV,101,0.4,backdoor,,,,,default-R-U,"{""functional_ref"": ""reference""}",0.09499999999999997,0.13666666666666671,0.31666666666666665,17.6,0,0.09499999999999997,0.41176814585483323,21.5,4,14,4.545454545454546,3
pilot_agg,DyF-ZTL-RNV,101,0.5,cyclic_flip,,,,,default-R-U,"{""functional_ref"": ""reference""}",1.0,0.19499999999999995,0.8368200836820083,8.05,0,1.0,0.0,0.0,0,9,2.6,4
pilot_agg,DyF-ZTL-RNV,101,0.8,cyclic_flip,,,,,default-R-U,"{""functional_ref"": ""reference""}",0.993125,0.1975,0.9526378896882494,3.32,5,0.993125,0.026499999999999996,0.0,0,20,3.95,0
pilot_agg,DyF-ZTL-RNV,101,0.9,cyclic_flip,,,,,default-R-U,"{""functional_ref"": ""reference""}",1.0,0.345,0.9630818619582665,1.31,17,1.0,0.0,0.0,0,8,5.666666666666667,2
pilot_agg,DyF-ZTL-RN,100,0.2,targeted_flip,,,,,default-R-U,"{""functional_ref"": ""reference""}",1.0,0.10875000000000001,0.6968641114982579,14.26,0,1.0,0.0,0.0,0,13,10.727272727272727,2
pilot_agg,DyF-ZTL-RN,100,0.4,backdoor_boost,,,,,default-R-U,"{""functional_ref"": ""reference""}",1.0,0.019166666666666665,0.9720534629404617,11.77,0,1.0,0.0,0.0,0,4,5.75,0
pilot_agg,DyF-ZTL-RN,100,0.4,backdoor,,,,,default-R-U,"{""functional_ref"": ""reference""}",0.17500000000000004,0.09333333333333338,0.5555555555555556,17.48,0,0.17500000000000004,0.37596525627794974,60.0,3,7,12.5,1
pilot_agg,DyF-ZTL-RN,100,0.5,cyclic_flip,,,,,default-R-U,"{""functional_ref"": ""reference""}",1.0,0.049000000000000044,0.9532888465204957,9.51,0,1.0,0.0,0.0,0,8,3.7142857142857144,1
pilot_agg,DyF-ZTL-RN,100,0.8,cyclic_flip,,,,,default-R-U,"{""functional_ref"": ""reference""}",1.0,0.0,1.0,4.0,0,1.0,0.0,0.0,0,0,,0
pilot_agg,DyF-ZTL-RN,100,0.9,cyclic_flip,,,,,default-R-U,"{""functional_ref"": ""reference""}",1.0,0.0,1.0,2.0,0,1.0,0.0,0.0,0,0,,0
pilot_agg,DyF-ZTL-RN,101,0.2,targeted_flip,,,,,default-R-U,"{""functional_ref"": ""reference""}",1.0,0.10562499999999997,0.70298769771529,14.31,0,1.0,0.0,0.0,0,4,25.666666666666668,1
pilot_agg,DyF-ZTL-RN,101,0.4,backdoor_boost,,,,,default-R-U,"{""functional_ref"": ""reference""}",1.0,0.04416666666666669,0.9378663540445487,11.47,0,1.0,0.0,0.0,0,7,8.666666666666666,1
pilot_agg,DyF-ZTL-RN,101,0.4,backdoor,,,,,default-R-U,"{""functional_ref"": ""reference""}",0.12375000000000003,0.12416666666666665,0.39919354838709675,17.52,0,0.12375000000000003,0.3998116615067079,49.333333333333336,2,13,4.083333333333333,1
pilot_agg,DyF-ZTL-RN,101,0.5,cyclic_flip,,,,,default-R-U,"{""functional_ref"": ""reference""}",1.0,0.10499999999999998,0.9049773755656109,8.95,0,1.0,0.0,0.0,0,4,4.333333333333333,1
pilot_agg,DyF-ZTL-RN,101,0.8,cyclic_flip,,,,,default-R-U,"{""functional_ref"": ""reference""}",1.0,0.14,0.966183574879227,3.44,0,1.0,0.0,0.0,0,4,14.0,0
pilot_agg,DyF-ZTL-RN,101,0.9,cyclic_flip,,,,,default-R-U,"{""functional_ref"": ""reference""}",0.9972222222222222,0.0,1.0,2.05,0,0.9972222222222222,0.016666666666666666,0.0,0,0,,0
pilot_agg,DyF-ZTL-RV,100,0.2,targeted_flip,,,,,default-R-U,"{""functional_ref"": ""reference""}",1.0,0.17312499999999997,0.5908419497784343,13.23,0,1.0,0.0,0.0,0,19,10.411764705882353,2
pilot_agg,DyF-ZTL-RV,100,0.4,backdoor,,,,,default-R-U,"{""functional_ref"": ""reference""}",0.08875,0.12,0.3302325581395349,17.85,0,0.08875,0.4088046095631237,29.0,7,5,28.8,0
pilot_agg,DyF-ZTL-RV,100,0.4,backdoor_boost,,,,,default-R-U,"{""functional_ref"": ""reference""}",1.0,0.04416666666666669,0.9378663540445487,11.47,0,1.0,0.0,0.0,0,2,26.5,0
pilot_agg,DyF-ZTL-RV,100,0.5,cyclic_flip,,,,,default-R-U,"{""functional_ref"": ""reference""}",1.0,0.05900000000000005,0.9442870632672332,9.41,0,1.0,0.0,0.0,0,3,14.0,2
pilot_agg,DyF-ZTL-RV,100,0.8,cyclic_flip,,,,,default-R-U,"{""functional_ref"": ""reference""}",1.0,0.25249999999999995,0.940623162845385,2.99,10,1.0,0.0,0.0,0,14,3.8,4
pilot_agg,DyF-ZTL-RV,100,0.9,cyclic_flip,,,,,default-R-U,"{""functional_ref"": ""reference""}",1.0,0.24,0.974025974025974,1.52,22,1.0,0.0,0.0,0,5,1.0,2
pilot_agg,DyF-ZTL-RV,101,0.2,targeted_flip,,,,,default-R-U,"{""functional_ref"": ""reference""}",1.0,0.12687499999999996,0.6633499170812603,13.97,0,1.0,0.0,0.0,0,22,5.7,2
pilot_agg,DyF-ZTL-RV,101,0.4,backdoor,,,,,default-R-U,"{""functional_ref"": ""reference""}",0.05125000000000002,0.13666666666666671,0.2,17.95,0,0.05125000000000002,0.422826152390781,61.0,5,23,3.0454545454545454,1
pilot_agg,DyF-ZTL-RV,101,0.4,backdoor_boost,,,,,default-R-U,"{""functional_ref"": ""reference""}",1.0,0.1691666666666667,0.7976071784646062,9.97,0,1.0,0.0,0.0,0,12,2.4285714285714284,5
pilot_agg,DyF-ZTL-RV,101,0.5,cyclic_flip,,,,,default-R-U,"{""functional_ref"": ""reference""}",1.0,0.17700000000000005,0.8496176720475785,8.23,0,1.0,0.0,0.0,0,3,60.0,2
pilot_agg,DyF-ZTL-RV,101,0.8,cyclic_flip,,,,,default-R-U,"{""functional_ref"": ""reference""}",0.998125,0.35250000000000004,0.9188722669735327,2.62,0,0.998125,0.009166666666666667,0.0,0,24,2.409090909090909,2
pilot_agg,DyF-ZTL-RV,101,0.9,cyclic_flip,,,,,default-R-U,"{""functional_ref"": ""reference""}",1.0,0.0,1.0,2.0,0,1.0,0.0,0.0,0,0,,0
pilot_agg,DyF-ZTL-R,100,0.4,backdoor_boost,,,,,default-R-U,"{""functional_ref"": ""reference""}",1.0,0.004166666666666652,0.9937888198757764,11.95,0,1.0,0.0,0.0,0,1,5.0,0
pilot_agg,DyF-ZTL-R,100,0.5,cyclic_flip,,,,,default-R-U,"{""functional_ref"": ""reference""}",1.0,0.008000000000000007,0.9920634920634921,9.92,0,1.0,0.0,0.0,0,5,1.6,0
pilot_agg,DyF-ZTL-R,101,0.4,backdoor_boost,,,,,default-R-U,"{""functional_ref"": ""reference""}",1.0,0.07833333333333337,0.8948545861297539,11.06,0,1.0,0.0,0.0,0,4,1.0,1
pilot_agg,DyF-ZTL-R,101,0.5,cyclic_flip,,,,,default-R-U,"{""functional_ref"": ""reference""}",0.992,0.09199999999999997,0.915129151291513,9.16,0,0.992,0.008,0.0,0,1,,1
pilot_anchor,DyF-ZTL-R,100,0.2,targeted_flip,,,,,default-R-U,"{""functional_ref"": ""reference""}",1.0,0.06437499999999996,0.7952286282306164,14.97,0,1.0,0.0,0.0,0,7,12.6,2
pilot_anchor,DyF-ZTL-R,100,0.4,backdoor,,,,,default-R-U,"{""functional_ref"": ""reference""}",0.06874999999999998,0.10666666666666669,0.3005464480874317,18.17,0,0.06874999999999998,0.4100125988992087,45.5,6,12,9.545454545454545,1
pilot_anchor,DyF-ZTL-R,100,0.4,cyclic_flip,,,,,default-R-U,"{""functional_ref"": ""reference""}",1.0,0.004166666666666652,0.9937888198757764,11.95,0,1.0,0.0,0.0,0,1,5.0,0
pilot_anchor,DyF-ZTL-R,100,0.8,cyclic_flip,,,,,default-R-U,"{""functional_ref"": ""reference""}",1.0,0.0,1.0,4.0,0,1.0,0.0,0.0,0,0,,0
pilot_anchor,DyF-ZTL-R,100,0.9,cyclic_flip,,,,,default-R-U,"{""functional_ref"": ""reference""}",1.0,0.0,1.0,2.0,0,1.0,0.0,0.0,0,0,,0
pilot_anchor,DyF-ZTL-R,101,0.2,targeted_flip,,,,,default-R-U,"{""functional_ref"": ""reference""}",1.0,0.08812500000000001,0.7393715341959335,14.59,0,1.0,0.0,0.0,0,6,21.5,2
pilot_anchor,DyF-ZTL-R,101,0.4,cyclic_flip,,,,,default-R-U,"{""functional_ref"": ""reference""}",0.99,0.07999999999999996,0.8918918918918919,11.12,0,0.99,0.006893939393939394,0.0,0,2,5.0,1
pilot_anchor,DyF-ZTL-R,101,0.4,backdoor,,,,,default-R-U,"{""functional_ref"": ""reference""}",0.040000000000000036,0.11750000000000005,0.18497109826589594,18.27,0,0.040000000000000036,0.4204456914344685,2.0,7,22,2.0952380952380953,1
pilot_anchor,DyF-ZTL-R,101,0.8,cyclic_flip,,,,,default-R-U,"{""functional_ref"": ""reference""}",1.0,0.0,1.0,4.0,0,1.0,0.0,0.0,0,0,,0
pilot_anchor,DyF-ZTL-R,101,0.9,cyclic_flip,,,,,default-R-U,"{""functional_ref"": ""reference""}",1.0,0.0,1.0,2.0,0,1.0,0.0,0.0,0,0,,0
pilot_anchor,DyF-ZTL,100,0.2,targeted_flip,,,,,default-U,{},0.98,0.011874999999999969,0.9537712895377128,15.89,0,0.98,0.003999999999999999,2.0,0,7,1.8333333333333333,1
pilot_anchor,DyF-ZTL,100,0.4,backdoor,,,,,default-U,{},0.07250000000000001,0.12583333333333335,0.27751196172248804,17.91,0,0.07250000000000001,0.4147279841761265,65.0,5,10,14.0,1
pilot_anchor,DyF-ZTL,100,0.4,cyclic_flip,,,,,default-U,{},0.99875,0.004166666666666652,0.9937810945273632,11.96,0,0.99875,0.0007692307692307692,0.125,0,1,5.0,0
pilot_anchor,DyF-ZTL,100,0.8,cyclic_flip,,,,,default-U,{},0.8362499999999999,0.0,1.0,6.62,0,0.8362499999999999,0.2693968253968254,16.375,0,0,,0
pilot_anchor,DyF-ZTL,100,0.9,cyclic_flip,,,,,default-U,{},0.7205555555555556,0.0,1.0,7.03,0,0.7205555555555556,0.6512857142857144,20.0,0,0,,0
pilot_anchor,DyF-ZTL,101,0.2,targeted_flip,,,,,default-U,{},0.98,0.09875,0.7127272727272728,14.5,0,0.98,0.003999999999999999,2.0,0,6,22.2,1
pilot_anchor,DyF-ZTL,101,0.4,backdoor,,,,,default-U,{},0.053749999999999964,0.245,0.12759643916913946,16.63,0,0.053749999999999964,0.45610244975183056,46.0,5,8,4.5,4
pilot_anchor,DyF-ZTL,101,0.4,cyclic_flip,,,,,default-U,{},0.99375,0.07999999999999996,0.8922558922558923,11.09,0,0.99375,0.003269230769230769,0.625,0,6,1.2,1
pilot_anchor,DyF-ZTL,101,0.8,cyclic_flip,,,,,default-U,{},0.965,0.0,1.0,4.56,0,0.965,0.0879191919191919,1.5,0,0,,0
pilot_anchor,DyF-ZTL,101,0.9,cyclic_flip,,,,,default-U,{},0.9605555555555556,0.0,1.0,2.71,0,0.9605555555555556,0.12299999999999998,3.2222222222222223,0,0,,0
pilot_horizon,DyF-ZTL-W,100,0.4,cyclic_flip,,,,,default,{},0.99875,0.16333333333333333,0.8030150753768844,10.05,0,0.99875,0.0010136141792961729,0.125,0,11,2.2857142857142856,4
pilot_horizon,DyF-ZTL-W,100,0.8,cyclic_flip,,,,,default,{},0.9875,0.23250000000000004,0.9444112372982666,3.27,0,0.9875,0.02937326132391914,1.25,0,2,11.0,1
pilot_horizon,DyF-ZTL-W,101,0.4,cyclic_flip,,,,,default,{},0.99625,0.4525,0.594776119402985,6.6,0,0.99625,0.002202114487094009,0.375,0,19,5.076923076923077,6
pilot_horizon,DyF-ZTL-W,101,0.8,cyclic_flip,,,,,default,{},0.99625,0.09499999999999997,0.9767156862745098,3.68,0,0.99625,0.005915815427967594,0.375,0,11,3.3,1
sensitivity,DyF-ZTL-R,0,0.2,cyclic_flip,,,,,default-R-U,"{""functional_ref"": ""reference"", ""recovery_factor"": 0.02}",1.0,0.06125000000000003,0.8032128514056225,15.02,0,1.0,0.0,0.0,0,7,16.166666666666668,1
sensitivity,DyF-ZTL-R,0,0.2,cyclic_flip,,,,,default-R-U,"{""functional_ref"": ""reference"", ""min_safety_threshold"": 0.2}",0.9625,0.05500000000000005,0.813953488372093,15.27,0,0.9625,0.009196078431372549,0.0,0,5,8.25,1
sensitivity,DyF-ZTL-R,0,0.2,cyclic_flip,,,,,default-R-U,"{""alpha"": 1.0, ""functional_ref"": ""reference""}",1.0,0.008125000000000049,0.9685230024213075,15.87,0,1.0,0.0,0.0,0,4,3.25,0
sensitivity,DyF-ZTL-R,0,0.2,cyclic_flip,,,,,default-R-U,"{""decay_factor"": 0.4, ""functional_ref"": ""reference""}",1.0,0.03749999999999998,0.8695652173913043,15.4,0,1.0,0.0,0.0,0,7,8.571428571428571,0
sensitivity,DyF-ZTL-R,0,0.2,cyclic_flip,,,,,default-R-U,"{""decay_factor"": 0.8, ""functional_ref"": ""reference""}",0.9975,0.03749999999999998,0.869281045751634,15.41,0,0.9975,0.000625,0.0,0,8,7.5,0
sensitivity,DyF-ZTL-R,0,0.2,cyclic_flip,,,,,q_strong0.1-R-U,"{""functional_ref"": ""reference""}",0.9575,0.05500000000000005,0.8131634819532909,15.29,0,0.9575,0.010446078431372548,0.0,0,5,8.25,1
sensitivity,DyF-ZTL-R,0,0.2,cyclic_flip,,,,,q_mild2-R-U,"{""functional_ref"": ""reference""}",1.0,0.0,1.0,16.0,0,1.0,0.0,0.0,0,0,,0
sensitivity,DyF-ZTL-R,0,0.2,cyclic_flip,,,,,default-R-U,"{""functional_ref"": ""reference"", ""warmup_rounds"": 4}",0.9791666666666666,0.009765625,0.9616368286445013,15.927083333333334,0,0.9791666666666666,0.0049019607843137246,4.0,0,4,3.75,0
sensitivity,DyF-ZTL-R,0,0.2,cyclic_flip,,,,,q_mild10-R-U,"{""functional_ref"": ""reference""}",0.9525,0.12624999999999997,0.6535162950257289,14.17,0,0.9525,0.012666666666666665,0.0,0,8,2.0,2
sensitivity,DyF-ZTL-R,0,0.2,cyclic_flip,,,,,default-R-U,"{""decay_factor"": 0.1, ""functional_ref"": ""reference""}",0.9625,0.05500000000000005,0.813953488372093,15.27,0,0.9625,0.009196078431372549,0.0,0,5,8.25,1
sensitivity,DyF-ZTL-R,0,0.2,cyclic_flip,,,,,default-R-U,"{""alpha"": 0.25, ""functional_ref"": ""reference""}",0.995,0.04125000000000001,0.8577586206896551,15.36,0,0.995,0.00125,0.0,0,6,11.0,0
sensitivity,DyF-ZTL-R,0,0.2,cyclic_flip,,,,,default-R-U,"{""functional_ref"": ""reference"", ""warmup_rounds"": 3}",0.9561855670103093,0.023195876288659822,0.9115479115479116,15.804123711340207,0,0.9561855670103093,0.01061249241964827,3.0,0,7,5.142857142857143,0
sensitivity,DyF-ZTL-R,0,0.2,cyclic_flip,,,,,default-R-U,"{""functional_ref"": ""reference"", ""min_safety_threshold"": 0.6}",0.9925,0.038124999999999964,0.8668122270742358,15.42,0,0.9925,0.001875,0.0,0,5,12.2,0
sensitivity,DyF-ZTL-R,0,0.2,cyclic_flip,,,,,default-R-U,"{""functional_ref"": ""reference"", ""mild_decay"": 0.8}",0.945,0.046875,0.8344370860927153,15.47,0,0.945,0.013926470588235294,0.0,0,8,10.571428571428571,1
sensitivity,DyF-ZTL-R,0,0.2,cyclic_flip,,,,,default-R-U,"{""functional_ref"": ""reference"", ""recovery_factor"": 0.1}",1.0,0.02124999999999999,0.9216589861751152,15.66,0,1.0,0.0,0.0,0,3,11.333333333333334,0
sensitivity,DyF-ZTL-R,0,0.2,cyclic_flip,,,,,default-R-U,"{""functional_ref"": ""reference"", ""mild_decay"": 0.95}",1.0,0.003750000000000031,0.9852216748768473,15.94,0,1.0,0.0,0.0,0,4,1.5,0
sensitivity,DyF-ZTL-R,0,0.2,cyclic_flip,,,,,default-R-U,"{""functional_ref"": ""reference"", ""warmup_rounds"": 2}",0.9948979591836735,0.011479591836734748,0.9558823529411765,15.83673469387755,0,0.9948979591836735,0.0012004801920768306,2.0,0,2,9.0,0
sensitivity,DyF-ZTL-R,0,0.2,cyclic_flip,,,,,q_strong1-R-U,"{""functional_ref"": ""reference""}",0.9625,0.05500000000000005,0.813953488372093,15.27,0,0.9625,0.009196078431372549,0.0,0,5,8.25,1
sensitivity,DyF-ZTL-R,0,0.4,cyclic_flip,,,,,default-R-U,"{""functional_ref"": ""reference"", ""mild_decay"": 0.8}",0.95875,0.023333333333333317,0.9647798742138365,12.05,0,0.95875,0.026089743589743596,0.0,0,5,5.6,0
sensitivity,DyF-ZTL-R,0,0.4,cyclic_flip,,,,,default-R-U,"{""functional_ref"": ""reference"", ""warmup_rounds"": 2}",0.9311224489795918,0.00170068027210879,0.9972677595628415,12.53061224489796,0,0.9311224489795918,0.0423861852433281,2.0,0,1,2.0,0
sensitivity,DyF-ZTL-R,0,0.4,cyclic_flip,,,,,q_mild2-R-U,"{""functional_ref"": ""reference""}",0.96125,0.0,1.0,12.31,0,0.96125,0.023846153846153847,0.0,0,0,,0
sensitivity,DyF-ZTL-R,0,0.4,cyclic_flip,,,,,default-R-U,"{""decay_factor"": 0.1, ""functional_ref"": ""reference""}",0.96375,0.0050000000000000044,0.9922779922779923,12.23,0,0.96375,0.022371794871794876,0.0,0,1,6.0,0
sensitivity,DyF-ZTL-R,0,0.4,cyclic_flip,,,,,default-R-U,"{""functional_ref"": ""reference"", ""warmup_rounds"": 4}",0.9375,0.0026041666666666297,0.995850622406639,12.46875,0,0.9375,0.03859508547008547,4.0,0,1,3.0,0
sensitivity,DyF-ZTL-R,0,0.4,cyclic_flip,,,,,default-R-U,"{""functional_ref"": ""reference"", ""mild_decay"": 0.95}",0.97375,0.0,1.0,12.21,0,0.97375,0.016153846153846154,0.0,0,0,,0
sensitivity,DyF-ZTL-R,0,0.4,cyclic_flip,,,,,default-R-U,"{""functional_ref"": ""reference"", ""warmup_rounds"": 3}",0.904639175257732,0.002577319587628857,0.9957446808510638,12.731958762886597,0,0.904639175257732,0.05888183980967485,3.0,0,1,3.0,0
sensitivity,DyF-ZTL-R,0,0.4,cyclic_flip,,,,,default-R-U,"{""decay_factor"": 0.8, ""functional_ref"": ""reference""}",0.9575,0.010833333333333361,0.9833119383825417,12.21,0,0.9575,0.026602564102564105,0.0,0,2,6.5,0
sensitivity,DyF-ZTL-R,0,0.4,cyclic_flip,,,,,default-R-U,"{""functional_ref"": ""reference"", ""recovery_factor"": 0.1}",0.94875,0.00666666666666671,0.9895697522816167,12.33,0,0.94875,0.03198717948717949,0.0,0,2,4.0,0
sensitivity,DyF-ZTL-R,0,0.4,cyclic_flip,,,,,default-R-U,"{""functional_ref"": ""reference"", ""min_safety_threshold"": 0.6}",0.9775,0.019166666666666665,0.9714285714285714,11.95,0,0.9775,0.014294871794871798,0.0,0,2,11.5,0
sensitivity,DyF-ZTL-R,0,0.4,cyclic_flip,,,,,default-R-U,"{""alpha"": 1.0, ""functional_ref"": ""reference""}",0.95875,0.0050000000000000044,0.9922380336351876,12.27,0,0.95875,0.02544871794871795,0.0,0,1,6.0,0
sensitivity,DyF-ZTL-R,0,0.4,cyclic_flip,,,,,q_mild10-R-U,"{""functional_ref"": ""reference""}",0.965,0.10583333333333333,0.8587319243604005,11.01,0,0.965,0.023076923076923078,0.0,0,7,15.6,2
sensitivity,DyF-ZTL-R,0,0.4,cyclic_flip,,,,,default-R-U,"{""functional_ref"": ""reference"", ""min_safety_threshold"": 0.2}",0.97125,0.0033333333333332993,0.9948783610755442,12.19,0,0.97125,0.017692307692307695,0.0,0,2,2.0,0
sensitivity,DyF-ZTL-R,0,0.4,cyclic_flip,,,,,default-R-U,"{""decay_factor"": 0.4, ""functional_ref"": ""reference""}",0.95875,0.0050000000000000044,0.9922380336351876,12.27,0,0.95875,0.02544871794871795,0.0,0,1,6.0,0
sensitivity,DyF-ZTL-R,0,0.4,cyclic_flip,,,,,q_strong0.1-R-U,"{""functional_ref"": ""reference""}",0.95875,0.0050000000000000044,0.9922380336351876,12.27,0,0.95875,0.02544871794871795,0.0,0,1,6.0,0
sensitivity,DyF-ZTL-R,0,0.4,cyclic_flip,,,,,default-R-U,"{""functional_ref"": ""reference"", ""recovery_factor"": 0.02}",0.99375,0.011666666666666714,0.9826946847960445,11.91,0,0.99375,0.0038461538461538464,0.0,0,2,7.0,0
sensitivity,DyF-ZTL-R,0,0.4,cyclic_flip,,,,,default-R-U,"{""alpha"": 0.25, ""functional_ref"": ""reference""}",0.98,0.007499999999999951,0.9886506935687264,12.07,0,0.98,0.012307692307692308,0.0,0,1,9.0,0
sensitivity,DyF-ZTL-R,0,0.4,cyclic_flip,,,,,q_strong1-R-U,"{""functional_ref"": ""reference""}",0.97375,0.0050000000000000044,0.9923566878980892,12.15,0,0.97375,0.016217948717948717,0.0,0,1,6.0,0
sensitivity,DyF-ZTL-R,1,0.2,cyclic_flip,,,,,default-R-U,"{""alpha"": 0.25, ""functional_ref"": ""reference""}",1.0,0.12812500000000004,0.6611570247933884,13.95,0,1.0,0.0,0.0,0,21,10.294117647058824,4
sensitivity,DyF-ZTL-R,1,0.2,cyclic_flip,,,,,default-R-U,"{""decay_factor"": 0.4, ""functional_ref"": ""reference""}",1.0,0.09624999999999995,0.7220216606498195,14.46,0,1.0,0.0,0.0,0,21,4.166666666666667,3
sensitivity,DyF-ZTL-R,1,0.2,cyclic_flip,,,,,default-R-U,"{""functional_ref"": ""reference"", ""recovery_factor"": 0.02}",1.0,0.17000000000000004,0.5952380952380952,13.28,0,1.0,0.0,0.0,0,22,7.555555555555555,4
sensitivity,DyF-ZTL-R,1,0.2,cyclic_flip,,,,,default-R-U,"{""functional_ref"": ""reference"", ""min_safety_threshold"": 0.6}",1.0,0.13875000000000004,0.6430868167202572,13.78,0,1.0,0.0,0.0,0,38,3.3636363636363638,5
sensitivity,DyF-ZTL-R,1,0.2,cyclic_flip,,,,,default-R-U,"{""functional_ref"": ""reference"", ""warmup_rounds"": 4}",1.0,0.04622395833333337,0.843956043956044,15.260416666666666,0,1.0,0.0,4.0,0,5,16.5,1
sensitivity,DyF-ZTL-R,1,0.2,cyclic_flip,,,,,default-R-U,"{""functional_ref"": ""reference"", ""warmup_rounds"": 3}",1.0,0.1030927835051546,0.708029197080292,14.350515463917526,0,1.0,0.0,3.0,0,15,4.6923076923076925,2
sensitivity,DyF-ZTL-R,1,0.2,cyclic_flip,,,,,default-R-U,"{""functional_ref"": ""reference"", ""mild_decay"": 0.95}",1.0,0.04312499999999997,0.8528784648187633,15.31,0,1.0,0.0,0.0,0,3,1.0,1
sensitivity,DyF-ZTL-R,1,0.2,cyclic_flip,,,,,default-R-U,"{""functional_ref"": ""reference"", ""warmup_rounds"": 2}",1.0,0.08609693877551017,0.7438330170777988,14.622448979591837,0,1.0,0.0,2.0,0,11,8.4,1
sensitivity,DyF-ZTL-R,1,0.2,cyclic_flip,,,,,q_strong0.1-R-U,"{""functional_ref"": ""reference""}",1.0,0.09312500000000001,0.7285974499089253,14.51,0,1.0,0.0,0.0,0,21,4.333333333333333,3
sensitivity,DyF-ZTL-R,1,0.2,cyclic_flip,,,,,q_strong1-R-U,"{""functional_ref"": ""reference""}",1.0,0.09062499999999996,0.7339449541284404,14.55,0,1.0,0.0,0.0,0,18,4.5,4
sensitivity,DyF-ZTL-R,1,0.2,cyclic_flip,,,,,default-R-U,"{""alpha"": 1.0, ""functional_ref"": ""reference""}",1.0,0.06937499999999996,0.7827788649706457,14.89,0,1.0,0.0,0.0,0,22,2.0,2
sensitivity,DyF-ZTL-R,1,0.2,cyclic_flip,,,,,default-R-U,"{""decay_factor"": 0.8, ""functional_ref"": ""reference""}",1.0,0.09312500000000001,0.7285974499089253,14.51,0,1.0,0.0,0.0,0,21,4.333333333333333,3
sensitivity,DyF-ZTL-R,1,0.2,cyclic_flip,,,,,q_mild2-R-U,"{""functional_ref"": ""reference""}",1.0,0.03687499999999999,0.8714596949891068,15.41,0,1.0,0.0,0.0,0,5,13.25,1
sensitivity,DyF-ZTL-R,1,0.2,cyclic_flip,,,,,default-R-U,"{""functional_ref"": ""reference"", ""recovery_factor"": 0.1}",1.0,0.0625,0.8,15.0,0,1.0,0.0,0.0,0,20,5.333333333333333,2
sensitivity,DyF-ZTL-R,1,0.2,cyclic_flip,,,,,default-R-U,"{""functional_ref"": ""reference"", ""min_safety_threshold"": 0.2}",1.0,0.09125000000000005,0.7326007326007326,14.54,0,1.0,0.0,0.0,0,20,4.4375,4
sensitivity,DyF-ZTL-R,1,0.2,cyclic_flip,,,,,default-R-U,"{""functional_ref"": ""reference"", ""mild_decay"": 0.8}",1.0,0.16749999999999998,0.5988023952095808,13.32,0,1.0,0.0,0.0,0,25,9.45,5
sensitivity,DyF-ZTL-R,1,0.2,cyclic_flip,,,,,default-R-U,"{""decay_factor"": 0.1, ""functional_ref"": ""reference""}",1.0,0.09125000000000005,0.7326007326007326,14.54,0,1.0,0.0,0.0,0,20,4.4375,4
sensitivity,DyF-ZTL-R,1,0.2,cyclic_flip,,,,,q_mild10-R-U,"{""functional_ref"": ""reference""}",1.0,0.20187500000000003,0.5532503457814661,12.77,0,1.0,0.0,0.0,0,17,10.0,3
sensitivity,DyF-ZTL-R,1,0.4,cyclic_flip,,,,,default-R-U,"{""functional_ref"": ""reference"", ""recovery_factor"": 0.1}",1.0,0.0658333333333333,0.9101251422070534,11.21,0,1.0,0.0,0.0,0,17,4.875,1
sensitivity,DyF-ZTL-R,1,0.4,cyclic_flip,,,,,default-R-U,"{""functional_ref"": ""reference"", ""warmup_rounds"": 3}",1.0,0.11941580756013748,0.848087431693989,10.56701030927835,0,1.0,0.0,3.0,0,6,9.666666666666666,3
sensitivity,DyF-ZTL-R,1,0.4,cyclic_flip,,,,,default-R-U,"{""alpha"": 0.25, ""functional_ref"": ""reference""}",1.0,0.11166666666666669,0.8565310492505354,10.66,0,1.0,0.0,0.0,0,2,,2
sensitivity,DyF-ZTL-R,1,0.4,cyclic_flip,,,,,default-R-U,"{""decay_factor"": 0.8, ""functional_ref"": ""reference""}",1.0,0.12,0.847457627118644,10.56,0,1.0,0.0,0.0,0,8,1.8333333333333333,2
sensitivity,DyF-ZTL-R,1,0.4,cyclic_flip,,,,,q_mild2-R-U,"{""functional_ref"": ""reference""}",1.0,0.0,1.0,12.0,0,1.0,0.0,0.0,0,0,,0
sensitivity,DyF-ZTL-R,1,0.4,cyclic_flip,,,,,default-R-U,"{""decay_factor"": 0.4, ""functional_ref"": ""reference""}",1.0,0.12,0.847457627118644,10.56,0,1.0,0.0,0.0,0,8,1.8333333333333333,2
sensitivity,DyF-ZTL-R,1,0.4,cyclic_flip,,,,,default-R-U,"{""functional_ref"": ""reference"", ""mild_decay"": 0.95}",1.0,0.07250000000000001,0.9019165727170236,11.13,0,1.0,0.0,0.0,0,4,24.5,2
sensitivity,DyF-ZTL-R,1,0.4,cyclic_flip,,,,,default-R-U,"{""decay_factor"": 0.1, ""functional_ref"": ""reference""}",1.0,0.12,0.847457627118644,10.56,0,1.0,0.0,0.0,0,8,1.8333333333333333,2
sensitivity,DyF-ZTL-R,1,0.4,cyclic_flip,,,,,default-R-U,"{""functional_ref"": ""reference"", ""mild_decay"": 0.8}",1.0,0.13583333333333336,0.8307372793354102,10.37,0,1.0,0.0,0.0,0,11,9.444444444444445,2
sensitivity,DyF-ZTL-R,1,0.4,cyclic_flip,,,,,default-R-U,"{""functional_ref"": ""reference"", ""recovery_factor"": 0.02}",1.0,0.1266666666666667,0.8403361344537815,10.48,0,1.0,0.0,0.0,0,8,2.2,3
sensitivity,DyF-ZTL-R,1,0.4,cyclic_flip,,,,,q_mild10-R-U,"{""functional_ref"": ""reference""}",1.0,0.26416666666666666,0.7162041181736795,8.83,0,1.0,0.0,0.0,0,25,1.9473684210526316,6
sensitivity,DyF-ZTL-R,1,0.4,cyclic_flip,,,,,q_strong0.1-R-U,"{""functional_ref"": ""reference""}",1.0,0.12,0.847457627118644,10.56,0,1.0,0.0,0.0,0,8,1.8333333333333333,2
sensitivity,DyF-ZTL-R,1,0.4,cyclic_flip,,,,,default-R-U,"{""functional_ref"": ""reference"", ""warmup_rounds"": 2}",1.0,0.0697278911564626,0.9053117782909931,11.16326530612245,0,1.0,0.0,2.0,0,10,6.875,2
sensitivity,DyF-ZTL-R,1,0.4,cyclic_flip,,,,,q_strong1-R-U,"{""functional_ref"": ""reference""}",1.0,0.12,0.847457627118644,10.56,0,1.0,0.0,0.0,0,8,1.8333333333333333,2
sensitivity,DyF-ZTL-R,1,0.4,cyclic_flip,,,,,default-R-U,"{""functional_ref"": ""reference"", ""min_safety_threshold"": 0.6}",1.0,0.1383333333333333,0.8281573498964804,10.34,0,1.0,0.0,0.0,0,5,22.666666666666668,2
sensitivity,DyF-ZTL-R,1,0.4,cyclic_flip,,,,,default-R-U,"{""functional_ref"": ""reference"", ""warmup_rounds"": 4}",1.0,0.11892361111111116,0.8486187845303867,10.572916666666666,0,1.0,0.0,4.0,0,6,5.0,2
sensitivity,DyF-ZTL-R,1,0.4,cyclic_flip,,,,,default-R-U,"{""alpha"": 1.0, ""functional_ref"": ""reference""}",1.0,0.12,0.847457627118644,10.56,0,1.0,0.0,0.0,0,8,1.8333333333333333,2
sensitivity,DyF-ZTL-R,1,0.4,cyclic_flip,,,,,default-R-U,"{""functional_ref"": ""reference"", ""min_safety_threshold"": 0.2}",1.0,0.10583333333333333,0.8629989212513485,10.73,0,1.0,0.0,0.0,0,3,12.0,2
sensitivity,DyF-ZTL-R,2,0.2,cyclic_flip,,,,,default-R-U,"{""alpha"": 1.0, ""functional_ref"": ""reference""}",1.0,0.17437499999999995,0.5891016200294551,13.21,0,1.0,0.0,0.0,0,19,4.625,3
sensitivity,DyF-ZTL-R,2,0.2,cyclic_flip,,,,,default-R-U,"{""functional_ref"": ""reference"", ""warmup_rounds"": 3}",1.0,0.11018041237113407,0.6940966010733453,14.237113402061855,0,1.0,0.0,3.0,0,11,4.0,3
sensitivity,DyF-ZTL-R,2,0.2,cyclic_flip,,,,,default-R-U,"{""functional_ref"": ""reference"", ""mild_decay"": 0.8}",1.0,0.14875000000000005,0.6269592476489029,13.62,0,1.0,0.0,0.0,0,29,4.538461538461538,3
sensitivity,DyF-ZTL-R,2,0.2,cyclic_flip,,,,,default-R-U,"{""functional_ref"": ""reference"", ""warmup_rounds"": 2}",1.0,0.12244897959183676,0.6712328767123288,14.040816326530612,0,1.0,0.0,2.0,0,9,10.428571428571429,2
sensitivity,DyF-ZTL-R,2,0.2,cyclic_flip,,,,,default-R-U,"{""functional_ref"": ""reference"", ""mild_decay"": 0.95}",1.0,0.14812499999999995,0.6279434850863422,13.63,0,1.0,0.0,0.0,0,10,4.166666666666667,4
sensitivity,DyF-ZTL-R,2,0.2,cyclic_flip,,,,,default-R-U,"{""alpha"": 0.25, ""functional_ref"": ""reference""}",1.0,0.16437500000000005,0.6033182503770739,13.37,0,1.0,0.0,0.0,0,18,11.818181818181818,7
sensitivity,DyF-ZTL-R,2,0.2,cyclic_flip,,,,,default-R-U,"{""functional_ref"": ""reference"", ""min_safety_threshold"": 0.2}",1.0,0.18999999999999995,0.5681818181818182,12.96,0,1.0,0.0,0.0,0,13,8.25,5
sensitivity,DyF-ZTL-R,2,0.2,cyclic_flip,,,,,default-R-U,"{""functional_ref"": ""reference"", ""warmup_rounds"": 4}",1.0,0.13802083333333337,0.6442953020134228,13.791666666666666,0,1.0,0.0,4.0,0,16,3.727272727272727,5
sensitivity,DyF-ZTL-R,2,0.2,cyclic_flip,,,,,q_strong0.1-R-U,"{""functional_ref"": ""reference""}",1.0,0.19499999999999995,0.5617977528089888,12.88,0,1.0,0.0,0.0,0,23,11.210526315789474,4
sensitivity,DyF-ZTL-R,2,0.2,cyclic_flip,,,,,q_mild2-R-U,"{""functional_ref"": ""reference""}",1.0,0.09624999999999995,0.7220216606498195,14.46,0,1.0,0.0,0.0,0,4,19.0,1
sensitivity,DyF-ZTL-R,2,0.2,cyclic_flip,,,,,default-R-U,"{""functional_ref"": ""reference"", ""recovery_factor"": 0.02}",1.0,0.224375,0.5270092226613966,12.41,0,1.0,0.0,0.0,0,13,11.666666666666666,7
sensitivity,DyF-ZTL-R,2,0.2,cyclic_flip,,,,,default-R-U,"{""decay_factor"": 0.1, ""functional_ref"": ""reference""}",1.0,0.20375,0.5509641873278237,12.74,0,1.0,0.0,0.0,0,15,8.777777777777779,6
sensitivity,DyF-ZTL-R,2,0.2,cyclic_flip,,,,,default-R-U,"{""functional_ref"": ""reference"", ""recovery_factor"": 0.1}",1.0,0.12687499999999996,0.6633499170812603,13.97,0,1.0,0.0,0.0,0,17,5.785714285714286,3
sensitivity,DyF-ZTL-R,2,0.2,cyclic_flip,,,,,default-R-U,"{""decay_factor"": 0.4, ""functional_ref"": ""reference""}",1.0,0.19374999999999998,0.5633802816901409,12.9,0,1.0,0.0,0.0,0,19,4.384615384615385,6
sensitivity,DyF-ZTL-R,2,0.2,cyclic_flip,,,,,q_strong1-R-U,"{""functional_ref"": ""reference""}",1.0,0.18312499999999998,0.5772005772005772,13.07,0,1.0,0.0,0.0,0,20,4.352941176470588,3
sensitivity,DyF-ZTL-R,2,0.2,cyclic_flip,,,,,default-R-U,"{""decay_factor"": 0.8, ""functional_ref"": ""reference""}",1.0,0.208125,0.5457025920873124,12.67,0,1.0,0.0,0.0,0,19,8.333333333333334,4
sensitivity,DyF-ZTL-R,2,0.2,cyclic_flip,,,,,q_mild10-R-U,"{""functional_ref"": ""reference""}",1.0,0.379375,0.3972194637537239,9.93,0,1.0,0.0,0.0,0,33,8.565217391304348,10
sensitivity,DyF-ZTL-R,2,0.2,cyclic_flip,,,,,default-R-U,"{""functional_ref"": ""reference"", ""min_safety_threshold"": 0.6}",1.0,0.1775,0.5847953216374269,13.16,0,1.0,0.0,0.0,0,21,7.928571428571429,7
sensitivity,DyF-ZTL-R,2,0.4,cyclic_flip,,,,,default-R-U,"{""functional_ref"": ""reference"", ""warmup_rounds"": 3}",1.0,0.18384879725085912,0.7838383838383839,9.793814432989691,0,1.0,0.0,3.0,0,20,5.3125,4
sensitivity,DyF-ZTL-R,2,0.4,cyclic_flip,,,,,default-R-U,"{""functional_ref"": ""reference"", ""mild_decay"": 0.95}",1.0,0.12,0.847457627118644,10.56,0,1.0,0.0,0.0,0,16,3.1538461538461537,3
sensitivity,DyF-ZTL-R,2,0.4,cyclic_flip,,,,,default-R-U,"{""functional_ref"": ""reference"", ""warmup_rounds"": 2}",1.0,0.1981292517006803,0.7708947885939036,9.622448979591837,0,1.0,0.0,2.0,0,24,1.7619047619047619,3
sensitivity,DyF-ZTL-R,2,0.4,cyclic_flip,,,,,default-R-U,"{""functional_ref"": ""reference"", ""min_safety_threshold"": 0.2}",1.0,0.12749999999999995,0.8394543546694648,10.47,0,1.0,0.0,0.0,0,14,4.181818181818182,3
sensitivity,DyF-ZTL-R,2,0.4,cyclic_flip,,,,,q_mild2-R-U,"{""functional_ref"": ""reference""}",1.0,0.10333333333333339,0.8658008658008658,10.76,0,1.0,0.0,0.0,0,5,6.75,1
sensitivity,DyF-ZTL-R,2,0.4,cyclic_flip,,,,,default-R-U,"{""functional_ref"": ""reference"", ""recovery_factor"": 0.02}",1.0,0.16249999999999998,0.8040201005025126,10.05,0,1.0,0.0,0.0,0,19,3.8,4
sensitivity,DyF-ZTL-R,2,0.4,cyclic_flip,,,,,default-R-U,"{""decay_factor"": 0.4, ""functional_ref"": ""reference""}",1.0,0.1741666666666667,0.7928642220019821,9.91,0,1.0,0.0,0.0,0,11,4.166666666666667,5
sensitivity,DyF-ZTL-R,2,0.4,cyclic_flip,,,,,default-R-U,"{""decay_factor"": 0.8, ""functional_ref"": ""reference""}",1.0,0.15000000000000002,0.8163265306122449,10.2,0,1.0,0.0,0.0,0,19,3.0,3
sensitivity,DyF-ZTL-R,2,0.4,cyclic_flip,,,,,q_strong0.1-R-U,"{""functional_ref"": ""reference""}",1.0,0.14416666666666667,0.8221993833504625,10.27,0,1.0,0.0,0.0,0,16,3.857142857142857,2
sensitivity,DyF-ZTL-R,2,0.4,cyclic_flip,,,,,default-R-U,"{""functional_ref"": ""reference"", ""min_safety_threshold"": 0.6}",1.0,0.16666666666666663,0.8,10.0,0,1.0,0.0,0.0,0,19,5.4,4
sensitivity,DyF-ZTL-R,2,0.4,cyclic_flip,,,,,default-R-U,"{""functional_ref"": ""reference"", ""warmup_rounds"": 4}",1.0,0.19704861111111116,0.771859296482412,9.635416666666666,0,1.0,0.0,4.0,0,22,4.333333333333333,4
sensitivity,DyF-ZTL-R,2,0.4,cyclic_flip,,,,,q_strong1-R-U,"{""functional_ref"": ""reference""}",1.0,0.14833333333333332,0.8179959100204499,10.22,0,1.0,0.0,0.0,0,16,4.214285714285714,2
sensitivity,DyF-ZTL-R,2,0.4,cyclic_flip,,,,,default-R-U,"{""functional_ref"": ""reference"", ""recovery_factor"": 0.1}",1.0,0.13916666666666666,0.827300930713547,10.33,0,1.0,0.0,0.0,0,21,3.5294117647058822,4
sensitivity,DyF-ZTL-R,2,0.4,cyclic_flip,,,,,default-R-U,"{""alpha"": 0.25, ""functional_ref"": ""reference""}",1.0,0.15249999999999997,0.8138351983723296,10.17,0,1.0,0.0,0.0,0,24,3.2,4
sensitivity,DyF-ZTL-R,2,0.4,cyclic_flip,,,,,q_mild10-R-U,"{""functional_ref"": ""reference""}",1.0,0.2058333333333333,0.7640878701050621,9.53,0,1.0,0.0,0.0,0,22,3.411764705882353,5
sensitivity,DyF-ZTL-R,2,0.4,cyclic_flip,,,,,default-R-U,"{""decay_factor"": 0.1, ""functional_ref"": ""reference""}",1.0,0.15249999999999997,0.8138351983723296,10.17,0,1.0,0.0,0.0,0,24,3.2,4
sensitivity,DyF-ZTL-R,2,0.4,cyclic_flip,,,,,default-R-U,"{""functional_ref"": ""reference"", ""mild_decay"": 0.8}",1.0,0.15333333333333332,0.8130081300813008,10.16,0,1.0,0.0,0.0,0,24,4.05,4
sensitivity,DyF-ZTL-R,2,0.4,cyclic_flip,,,,,default-R-U,"{""alpha"": 1.0, ""functional_ref"": ""reference""}",1.0,0.15249999999999997,0.8138351983723296,10.17,0,1.0,0.0,0.0,0,24,3.2,4
sensitivity,DyF-ZTL-V,0,0.2,cyclic_flip,,,,,default-V-R-U,"{""alpha"": 1.0, ""functional_ref"": ""reference""}",0.8825000000000001,0.03749999999999998,0.8547215496368039,15.87,0,0.8825000000000001,0.029446078431372546,0.0,0,5,12.0,0
sensitivity,DyF-ZTL-V,0,0.2,cyclic_flip,,,,,default-V-R-U,"{""functional_ref"": ""reference"", ""min_safety_threshold"": 0.6}",0.885,0.050000000000000044,0.815668202764977,15.66,0,0.885,0.029166666666666664,0.0,0,2,40.0,0
sensitivity,DyF-ZTL-V,0,0.2,cyclic_flip,,,,,default-V-R-U,"{""decay_factor"": 0.4, ""functional_ref"": ""reference""}",0.8925,0.04625000000000001,0.8283062645011601,15.69,0,0.8925,0.027291666666666665,0.0,0,2,37.0,0
sensitivity,DyF-ZTL-V,0,0.2,cyclic_flip,,,,,q_strong0.1-V-R-U,"{""functional_ref"": ""reference""}",0.8925,0.04625000000000001,0.8283062645011601,15.69,0,0.8925,0.027291666666666665,0.0,0,2,37.0,0
sensitivity,DyF-ZTL-V,0,0.2,cyclic_flip,,,,,default-V-R-U,"{""decay_factor"": 0.1, ""functional_ref"": ""reference""}",0.895,0.04625000000000001,0.8287037037037037,15.68,0,0.895,0.026666666666666665,0.0,0,2,37.0,0
sensitivity,DyF-ZTL-V,0,0.2,cyclic_flip,,,,,default-V-R-U,"{""functional_ref"": ""reference"", ""recovery_factor"": 0.02}",0.9299999999999999,0.06937499999999996,0.7701863354037267,15.17,0,0.9299999999999999,0.018,0.0,0,5,22.2,0
sensitivity,DyF-ZTL-V,0,0.2,cyclic_flip,,,,,q_mild2-V-R-U,"{""functional_ref"": ""reference""}",0.9175,0.0,1.0,16.33,0,0.9175,0.019411764705882354,0.0,0,0,,0
sensitivity,DyF-ZTL-V,0,0.2,cyclic_flip,,,,,default-V-R-U,"{""alpha"": 0.25, ""functional_ref"": ""reference""}",0.8925,0.05500000000000005,0.802247191011236,15.55,0,0.8925,0.027333333333333334,0.0,0,5,17.6,0
sensitivity,DyF-ZTL-V,0,0.2,cyclic_flip,,,,,default-V-R-U,"{""functional_ref"": ""reference"", ""warmup_rounds"": 2}",0.9387755102040817,0.04974489795918369,0.8251121076233184,15.448979591836734,0,0.9387755102040817,0.015481192476990795,2.0,0,5,12.5,1
sensitivity,DyF-ZTL-V,0,0.2,cyclic_flip,,,,,default-V-R-U,"{""functional_ref"": ""reference"", ""mild_decay"": 0.8}",0.855,0.06562500000000004,0.7651006711409396,15.53,0,0.855,0.03654901960784314,0.0,0,5,22.5,1
sensitivity,DyF-ZTL-V,0,0.2,cyclic_flip,,,,,default-V-R-U,"{""functional_ref"": ""reference"", ""recovery_factor"": 0.1}",0.8775,0.03562500000000002,0.8602941176470589,15.92,0,0.8775,0.03049019607843137,0.0,0,7,8.142857142857142,0
sensitivity,DyF-ZTL-V,0,0.2,cyclic_flip,,,,,q_mild10-V-R-U,"{""functional_ref"": ""reference""}",0.9425,0.104375,0.6930147058823529,14.56,0,0.9425,0.015333333333333334,0.0,0,8,20.285714285714285,1
sensitivity,DyF-ZTL-V,0,0.2,cyclic_flip,,,,,default-V-R-U,"{""decay_factor"": 0.8, ""functional_ref"": ""reference""}",0.86,0.04812499999999997,0.8171021377672208,15.79,0,0.86,0.035105392156862744,0.0,0,3,33.0,1
sensitivity,DyF-ZTL-V,0,0.2,cyclic_flip,,,,,default-V-R-U,"{""functional_ref"": ""reference"", ""mild_decay"": 0.95}",0.915,0.03249999999999997,0.8755980861244019,15.82,0,0.915,0.02133333333333333,0.0,0,3,17.333333333333332,0
sensitivity,DyF-ZTL-V,0,0.2,cyclic_flip,,,,,default-V-R-U,"{""functional_ref"": ""reference"", ""warmup_rounds"": 4}",0.9479166666666666,0.05143229166666663,0.8216704288939052,15.385416666666666,0,0.9479166666666666,0.01345486111111111,4.0,0,8,9.875,0
sensitivity,DyF-ZTL-V,0,0.2,cyclic_flip,,,,,default-V-R-U,"{""functional_ref"": ""reference"", ""warmup_rounds"": 3}",0.9484536082474226,0.03994845360824739,0.8558139534883721,15.56701030927835,0,0.9484536082474226,0.013063472811805133,3.0,0,2,31.0,0
sensitivity,DyF-ZTL-V,0,0.2,cyclic_flip,,,,,default-V-R-U,"{""functional_ref"": ""reference"", ""min_safety_threshold"": 0.2}",0.895,0.04625000000000001,0.8287037037037037,15.68,0,0.895,0.026666666666666665,0.0,0,2,37.0,0
sensitivity,DyF-ZTL-V,0,0.2,cyclic_flip,,,,,q_strong1-V-R-U,"{""functional_ref"": ""reference""}",0.895,0.04625000000000001,0.8287037037037037,15.68,0,0.895,0.026666666666666665,0.0,0,2,37.0,0
sensitivity,DyF-ZTL-V,0,0.4,cyclic_flip,,,,,default-V-R-U,"{""decay_factor"": 0.8, ""functional_ref"": ""reference""}",0.9775,0.015000000000000013,0.9775,12.0,0,0.9775,0.014294871794871796,0.0,0,3,6.0,0
sensitivity,DyF-ZTL-V,0,0.4,cyclic_flip,,,,,default-V-R-U,"{""functional_ref"": ""reference"", ""warmup_rounds"": 3}",0.9652061855670103,0.002577319587628857,0.9960106382978723,12.24742268041237,0,0.9652061855670103,0.02141157811260904,3.0,0,1,3.0,0
sensitivity,DyF-ZTL-V,0,0.4,cyclic_flip,,,,,default-V-R-U,"{""functional_ref"": ""reference"", ""recovery_factor"": 0.02}",0.99,0.02416666666666667,0.9646772228989038,11.79,0,0.99,0.006474358974358976,0.0,0,1,29.0,0
sensitivity,DyF-ZTL-V,0,0.4,cyclic_flip,,,,,default-V-R-U,"{""functional_ref"": ""reference"", ""warmup_rounds"": 4}",0.9544270833333334,0.0060763888888888395,0.9905405405405405,12.291666666666666,0,0.9544270833333334,0.028245192307692308,4.0,0,3,2.3333333333333335,0
sensitivity,DyF-ZTL-V,0,0.4,cyclic_flip,,,,,default-V-R-U,"{""functional_ref"": ""reference"", ""min_safety_threshold"": 0.6}",0.98,0.029166666666666674,0.9572649572649573,11.81,0,0.98,0.012692307692307692,0.0,0,6,5.2,1
sensitivity,DyF-ZTL-V,0,0.4,cyclic_flip,,,,,q_mild10-V-R-U,"{""functional_ref"": ""reference""}",0.97,0.10250000000000004,0.8631813125695217,11.01,0,0.97,0.021773892773892776,0.0,0,5,29.5,1
sensitivity,DyF-ZTL-V,0,0.4,cyclic_flip,,,,,q_mild2-V-R-U,"{""functional_ref"": ""reference""}",0.95375,0.0,1.0,12.37,0,0.95375,0.02846153846153846,0.0,0,0,,0
sensitivity,DyF-ZTL-V,0,0.4,cyclic_flip,,,,,default-V-R-U,"{""decay_factor"": 0.4, ""functional_ref"": ""reference""}",0.9675,0.015000000000000013,0.9772727272727273,12.08,0,0.9675,0.02057692307692308,0.0,0,3,6.0,0
sensitivity,DyF-ZTL-V,0,0.4,cyclic_flip,,,,,default-V-R-U,"{""functional_ref"": ""reference"", ""warmup_rounds"": 2}",0.9681122448979592,0.010204081632653073,0.9844357976653697,12.13265306122449,0,0.9681122448979592,0.019688644688644688,2.0,0,4,3.0,0
sensitivity,DyF-ZTL-V,0,0.4,cyclic_flip,,,,,default-V-R-U,"{""decay_factor"": 0.1, ""functional_ref"": ""reference""}",0.9775,0.015000000000000013,0.9775,12.0,0,0.9775,0.014423076923076926,0.0,0,3,6.0,0
sensitivity,DyF-ZTL-V,0,0.4,cyclic_flip,,,,,default-V-R-U,"{""functional_ref"": ""reference"", ""mild_decay"": 0.95}",0.9875,0.010000000000000009,0.9850374064837906,11.98,0,0.9875,0.008012820512820514,0.0,0,2,6.0,0
sensitivity,DyF-ZTL-V,0,0.4,cyclic_flip,,,,,q_strong1-V-R-U,"{""functional_ref"": ""reference""}",0.97375,0.015000000000000013,0.9774153074027604,12.03,0,0.97375,0.016730769230769233,0.0,0,3,6.0,0
sensitivity,DyF-ZTL-V,0,0.4,cyclic_flip,,,,,default-V-R-U,"{""alpha"": 0.25, ""functional_ref"": ""reference""}",0.98,0.01666666666666672,0.9751243781094527,11.96,0,0.98,0.012884615384615388,0.0,0,2,10.0,0
sensitivity,DyF-ZTL-V,0,0.4,cyclic_flip,,,,,default-V-R-U,"{""functional_ref"": ""reference"", ""recovery_factor"": 0.1}",0.98625,0.007499999999999951,0.9887218045112782,12.02,0,0.98625,0.008653846153846154,0.0,0,3,3.0,0
sensitivity,DyF-ZTL-V,0,0.4,cyclic_flip,,,,,default-V-R-U,"{""functional_ref"": ""reference"", ""min_safety_threshold"": 0.2}",0.98125,0.015833333333333366,0.9763681592039801,11.96,0,0.98125,0.012179487179487181,0.0,0,2,9.5,0
sensitivity,DyF-ZTL-V,0,0.4,cyclic_flip,,,,,q_strong0.1-V-R-U,"{""functional_ref"": ""reference""}",0.9675,0.015000000000000013,0.9772727272727273,12.08,0,0.9675,0.020576923076923076,0.0,0,3,6.0,0
sensitivity,DyF-ZTL-V,0,0.4,cyclic_flip,,,,,default-V-R-U,"{""alpha"": 1.0, ""functional_ref"": ""reference""}",0.96875,0.015000000000000013,0.9773013871374527,12.07,0,0.96875,0.019807692307692307,0.0,0,3,6.0,0
sensitivity,DyF-ZTL-V,0,0.4,cyclic_flip,,,,,default-V-R-U,"{""functional_ref"": ""reference"", ""mild_decay"": 0.8}",0.97625,0.030000000000000027,0.95593635250918,11.83,0,0.97625,0.015512820512820515,0.0,0,3,12.0,0
sensitivity,DyF-ZTL-V,1,0.2,cyclic_flip,,,,,q_mild10-V-R-U,"{""functional_ref"": ""reference""}",1.0,0.276875,0.4744958481613286,11.57,0,1.0,0.0,0.0,0,45,4.583333333333333,9
sensitivity,DyF-ZTL-V,1,0.2,cyclic_flip,,,,,q_mild2-V-R-U,"{""functional_ref"": ""reference""}",1.0,0.028750000000000053,0.8968609865470852,15.54,0,1.0,0.0,0.0,0,6,11.0,3
sensitivity,DyF-ZTL-V,1,0.2,cyclic_flip,,,,,default-V-R-U,"{""alpha"": 1.0, ""functional_ref"": ""reference""}",1.0,0.12187499999999996,0.6722689075630253,14.05,0,1.0,0.0,0.0,0,10,10.142857142857142,3
sensitivity,DyF-ZTL-V,1,0.2,cyclic_flip,,,,,default-V-R-U,"{""decay_factor"": 0.1, ""functional_ref"": ""reference""}",1.0,0.16374999999999995,0.6042296072507553,13.38,0,1.0,0.0,0.0,0,16,8.727272727272727,5
sensitivity,DyF-ZTL-V,1,0.2,cyclic_flip,,,,,default-V-R-U,"{""functional_ref"": ""reference"", ""min_safety_threshold"": 0.2}",1.0,0.166875,0.5997001499250375,13.33,0,1.0,0.0,0.0,0,18,8.0,6
sensitivity,DyF-ZTL-V,1,0.2,cyclic_flip,,,,,default-V-R-U,"{""functional_ref"": ""reference"", ""mild_decay"": 0.8}",1.0,0.20750000000000002,0.546448087431694,12.68,0,1.0,0.0,0.0,0,34,7.607142857142857,6
sensitivity,DyF-ZTL-V,1,0.2,cyclic_flip,,,,,default-V-R-U,"{""decay_factor"": 0.8, ""functional_ref"": ""reference""}",1.0,0.17062500000000003,0.5943536404160475,13.27,0,1.0,0.0,0.0,0,27,5.863636363636363,5
sensitivity,DyF-ZTL-V,1,0.2,cyclic_flip,,,,,default-V-R-U,"{""functional_ref"": ""reference"", ""recovery_factor"": 0.02}",1.0,0.20999999999999996,0.5434782608695652,12.64,0,1.0,0.0,0.0,0,14,12.4,4
sensitivity,DyF-ZTL-V,1,0.2,cyclic_flip,,,,,default-V-R-U,"{""decay_factor"": 0.4, ""functional_ref"": ""reference""}",1.0,0.16125,0.60790273556231,13.42,0,1.0,0.0,0.0,0,19,7.0,6
sensitivity,DyF-ZTL-V,1,0.2,cyclic_flip,,,,,default-V-R-U,"{""functional_ref"": ""reference"", ""warmup_rounds"": 3}",1.0,0.13337628865979378,0.6521008403361345,13.8659793814433,0,1.0,0.0,3.0,0,18,4.571428571428571,4
sensitivity,DyF-ZTL-V,1,0.2,cyclic_flip,,,,,default-V-R-U,"{""functional_ref"": ""reference"", ""min_safety_threshold"": 0.6}",1.0,0.20125000000000004,0.554016620498615,12.78,0,1.0,0.0,0.0,0,23,9.117647058823529,6
sensitivity,DyF-ZTL-V,1,0.2,cyclic_flip,,,,,default-V-R-U,"{""functional_ref"": ""reference"", ""mild_decay"": 0.95}",1.0,0.11624999999999996,0.6825938566552902,14.14,0,1.0,0.0,0.0,0,10,19.125,2
sensitivity,DyF-ZTL-V,1,0.2,cyclic_flip,,,,,default-V-R-U,"{""functional_ref"": ""reference"", ""warmup_rounds"": 4}",1.0,0.12434895833333337,0.6678260869565218,14.010416666666666,0,1.0,0.0,4.0,0,18,4.083333333333333,6
sensitivity,DyF-ZTL-V,1,0.2,cyclic_flip,,,,,q_strong0.1-V-R-U,"{""functional_ref"": ""reference""}",1.0,0.15749999999999997,0.6134969325153374,13.48,0,1.0,0.0,0.0,0,23,5.470588235294118,6
sensitivity,DyF-ZTL-V,1,0.2,cyclic_flip,,,,,default-V-R-U,"{""alpha"": 0.25, ""functional_ref"": ""reference""}",1.0,0.14125,0.6389776357827476,13.74,0,1.0,0.0,0.0,0,19,5.8125,3
sensitivity,DyF-ZTL-V,1,0.2,cyclic_flip,,,,,default-V-R-U,"{""functional_ref"": ""reference"", ""warmup_rounds"": 2}",1.0,0.139030612244898,0.6426229508196721,13.775510204081632,0,1.0,0.0,2.0,0,27,5.16,2
sensitivity,DyF-ZTL-V,1,0.2,cyclic_flip,,,,,default-V-R-U,"{""functional_ref"": ""reference"", ""recovery_factor"": 0.1}",1.0,0.10999999999999999,0.6944444444444444,14.24,0,1.0,0.0,0.0,0,14,9.818181818181818,3
sensitivity,DyF-ZTL-V,1,0.2,cyclic_flip,,,,,q_strong1-V-R-U,"{""functional_ref"": ""reference""}",1.0,0.17374999999999996,0.5899705014749262,13.22,0,1.0,0.0,0.0,0,13,12.857142857142858,6
sensitivity,DyF-ZTL-V,1,0.4,cyclic_flip,,,,,q_mild10-V-R-U,"{""functional_ref"": ""reference""}",1.0,0.31333333333333335,0.6802721088435374,8.24,0,1.0,0.0,0.0,0,19,10.466666666666667,4
sensitivity,DyF-ZTL-V,1,0.4,cyclic_flip,,,,,default-V-R-U,"{""functional_ref"": ""reference"", ""mild_decay"": 0.95}",1.0,0.135,0.8316008316008316,10.38,0,1.0,0.0,0.0,0,9,18.0,0
sensitivity,DyF-ZTL-V,1,0.4,cyclic_flip,,,,,default-V-R-U,"{""functional_ref"": ""reference"", ""warmup_rounds"": 3}",1.0,0.1786941580756014,0.7886178861788617,9.855670103092784,0,1.0,0.0,3.0,0,8,7.0,2
sensitivity,DyF-ZTL-V,1,0.4,cyclic_flip,,,,,q_strong1-V-R-U,"{""functional_ref"": ""reference""}",1.0,0.22083333333333333,0.7511737089201878,9.35,0,1.0,0.0,0.0,0,24,8.0,2
sensitivity,DyF-ZTL-V,1,0.4,cyclic_flip,,,,,default-V-R-U,"{""functional_ref"": ""reference"", ""recovery_factor"": 0.02}",1.0,0.22499999999999998,0.7476635514018691,9.3,0,1.0,0.0,0.0,0,15,13.333333333333334,3
sensitivity,DyF-ZTL-V,1,0.4,cyclic_flip,,,,,default-V-R-U,"{""decay_factor"": 0.1, ""functional_ref"": ""reference""}",1.0,0.1725,0.7944389275074478,9.93,0,1.0,0.0,0.0,0,22,5.65,2
sensitivity,DyF-ZTL-V,1,0.4,cyclic_flip,,,,,default-V-R-U,"{""decay_factor"": 0.4, ""functional_ref"": ""reference""}",1.0,0.17000000000000004,0.796812749003984,9.96,0,1.0,0.0,0.0,0,25,5.0,1
sensitivity,DyF-ZTL-V,1,0.4,cyclic_flip,,,,,default-V-R-U,"{""functional_ref"": ""reference"", ""warmup_rounds"": 2}",1.0,0.15391156462585032,0.8124352331606217,10.153061224489797,0,1.0,0.0,2.0,0,12,1.7777777777777777,3
sensitivity,DyF-ZTL-V,1,0.4,cyclic_flip,,,,,default-V-R-U,"{""functional_ref"": ""reference"", ""recovery_factor"": 0.1}",1.0,0.15083333333333337,0.8154943934760448,10.19,0,1.0,0.0,0.0,0,21,8.105263157894736,2
sensitivity,DyF-ZTL-V,1,0.4,cyclic_flip,,,,,default-V-R-U,"{""decay_factor"": 0.8, ""functional_ref"": ""reference""}",1.0,0.16249999999999998,0.8040201005025126,10.05,0,1.0,0.0,0.0,0,23,8.590909090909092,1
sensitivity,DyF-ZTL-V,1,0.4,cyclic_flip,,,,,q_strong0.1-V-R-U,"{""functional_ref"": ""reference""}",1.0,0.16500000000000004,0.8016032064128257,10.02,0,1.0,0.0,0.0,0,21,8.8,1
sensitivity,DyF-ZTL-V,1,0.4,cyclic_flip,,,,,default-V-R-U,"{""alpha"": 1.0, ""functional_ref"": ""reference""}",1.0,0.1725,0.7944389275074478,9.93,0,1.0,0.0,0.0,0,22,5.65,2
sensitivity,DyF-ZTL-V,1,0.4,cyclic_flip,,,,,default-V-R-U,"{""functional_ref"": ""reference"", ""mild_decay"": 0.8}",1.0,0.22333333333333338,0.7490636704119851,9.32,0,1.0,0.0,0.0,0,35,8.333333333333334,5
sensitivity,DyF-ZTL-V,1,0.4,cyclic_flip,,,,,default-V-R-U,"{""functional_ref"": ""reference"", ""min_safety_threshold"": 0.2}",1.0,0.135,0.8316008316008316,10.38,0,1.0,0.0,0.0,0,6,31.0,1
sensitivity,DyF-ZTL-V,1,0.4,cyclic_flip,,,,,q_mild2-V-R-U,"{""functional_ref"": ""reference""}",1.0,0.005833333333333357,0.9913258983890955,11.93,0,1.0,0.0,0.0,0,1,7.0,0
sensitivity,DyF-ZTL-V,1,0.4,cyclic_flip,,,,,default-V-R-U,"{""functional_ref"": ""reference"", ""warmup_rounds"": 4}",1.0,0.20486111111111116,0.7649402390438247,9.541666666666666,0,1.0,0.0,4.0,0,25,3.1818181818181817,3
sensitivity,DyF-ZTL-V,1,0.4,cyclic_flip,,,,,default-V-R-U,"{""alpha"": 0.25, ""functional_ref"": ""reference""}",1.0,0.1725,0.7944389275074478,9.93,0,1.0,0.0,0.0,0,22,5.65,2
sensitivity,DyF-ZTL-V,1,0.4,cyclic_flip,,,,,default-V-R-U,"{""functional_ref"": ""reference"", ""min_safety_threshold"": 0.6}",1.0,0.20833333333333337,0.7619047619047619,9.5,0,1.0,0.0,0.0,0,21,8.157894736842104,2
sensitivity,DyF-ZTL-V,2,0.2,cyclic_flip,,,,,default-V-R-U,"{""functional_ref"": ""reference"", ""mild_decay"": 0.95}",1.0,0.20499999999999996,0.5494505494505495,12.72,0,1.0,0.0,0.0,0,22,7.125,6
sensitivity,DyF-ZTL-V,2,0.2,cyclic_flip,,,,,default-V-R-U,"{""decay_factor"": 0.4, ""functional_ref"": ""reference""}",1.0,0.21375,0.5390835579514824,12.58,0,1.0,0.0,0.0,0,39,4.515151515151516,6
sensitivity,DyF-ZTL-V,2,0.2,cyclic_flip,,,,,default-V-R-U,"{""functional_ref"": ""reference"", ""warmup_rounds"": 2}",1.0,0.1383928571428571,0.6436781609195402,13.785714285714286,0,1.0,0.0,2.0,0,20,2.2666666666666666,5
sensitivity,DyF-ZTL-V,2,0.2,cyclic_flip,,,,,default-V-R-U,"{""functional_ref"": ""reference"", ""mild_decay"": 0.8}",1.0,0.24062499999999998,0.5095541401273885,12.15,0,1.0,0.0,0.0,0,51,3.5869565217391304,5
sensitivity,DyF-ZTL-V,2,0.2,cyclic_flip,,,,,default-V-R-U,"{""functional_ref"": ""reference"", ""warmup_rounds"": 3}",1.0,0.18041237113402064,0.5808383233532934,13.11340206185567,0,1.0,0.0,3.0,0,23,4.4,8
sensitivity,DyF-ZTL-V,2,0.2,cyclic_flip,,,,,default-V-R-U,"{""decay_factor"": 0.1, ""functional_ref"": ""reference""}",1.0,0.20999999999999996,0.5434782608695652,12.64,0,1.0,0.0,0.0,0,46,4.7317073170731705,5
sensitivity,DyF-ZTL-V,2,0.2,cyclic_flip,,,,,default-V-R-U,"{""functional_ref"": ""reference"", ""warmup_rounds"": 4}",1.0,0.21028645833333337,0.5431400282885431,12.635416666666666,0,1.0,0.0,4.0,0,14,2.5714285714285716,7
sensitivity,DyF-ZTL-V,2,0.2,cyclic_flip,,,,,q_mild2-V-R-U,"{""functional_ref"": ""reference""}",1.0,0.181875,0.5788712011577424,13.09,0,1.0,0.0,0.0,0,21,7.9375,5
sensitivity,DyF-ZTL-V,2,0.2,cyclic_flip,,,,,default-V-R-U,"{""functional_ref"": ""reference"", ""min_safety_threshold"": 0.2}",1.0,0.208125,0.5457025920873124,12.67,0,1.0,0.0,0.0,0,27,8.272727272727273,5
sensitivity,DyF-ZTL-V,2,0.2,cyclic_flip,,,,,default-V-R-U,"{""functional_ref"": ""reference"", ""recovery_factor"": 0.02}",1.0,0.23312500000000003,0.517464424320828,12.27,0,1.0,0.0,0.0,0,33,4.461538461538462,7
sensitivity,DyF-ZTL-V,2,0.2,cyclic_flip,,,,,default-V-R-U,"{""alpha"": 1.0, ""functional_ref"": ""reference""}",1.0,0.21250000000000002,0.5405405405405406,12.6,0,1.0,0.0,0.0,0,35,6.3,5
sensitivity,DyF-ZTL-V,2,0.2,cyclic_flip,,,,,default-V-R-U,"{""alpha"": 0.25, ""functional_ref"": ""reference""}",1.0,0.22624999999999995,0.5249343832020997,12.38,0,1.0,0.0,0.0,0,32,5.153846153846154,6
sensitivity,DyF-ZTL-V,2,0.2,cyclic_flip,,,,,q_strong0.1-V-R-U,"{""functional_ref"": ""reference""}",1.0,0.20187500000000003,0.5532503457814661,12.77,0,1.0,0.0,0.0,0,48,3.1627906976744184,5
sensitivity,DyF-ZTL-V,2,0.2,cyclic_flip,,,,,default-V-R-U,"{""decay_factor"": 0.8, ""functional_ref"": ""reference""}",1.0,0.198125,0.5578800557880056,12.83,0,1.0,0.0,0.0,0,41,3.4705882352941178,7
sensitivity,DyF-ZTL-V,2,0.2,cyclic_flip,,,,,default-V-R-U,"{""functional_ref"": ""reference"", ""min_safety_threshold"": 0.6}",1.0,0.234375,0.5161290322580645,12.25,0,1.0,0.0,0.0,0,38,4.96875,6
sensitivity,DyF-ZTL-V,2,0.2,cyclic_flip,,,,,q_mild10-V-R-U,"{""functional_ref"": ""reference""}",1.0,0.290625,0.4624277456647399,11.35,0,1.0,0.0,0.0,0,50,5.024390243902439,9
sensitivity,DyF-ZTL-V,2,0.2,cyclic_flip,,,,,q_strong1-V-R-U,"{""functional_ref"": ""reference""}",1.0,0.23187500000000005,0.5188067444876784,12.29,0,1.0,0.0,0.0,0,23,6.444444444444445,5
sensitivity,DyF-ZTL-V,2,0.2,cyclic_flip,,,,,default-V-R-U,"{""functional_ref"": ""reference"", ""recovery_factor"": 0.1}",1.0,0.19937499999999997,0.5563282336578581,12.81,0,1.0,0.0,0.0,0,36,6.096774193548387,5
sensitivity,DyF-ZTL-V,2,0.4,cyclic_flip,,,,,default-V-R-U,"{""functional_ref"": ""reference"", ""recovery_factor"": 0.02}",1.0,0.21416666666666662,0.7568590350047304,9.43,0,1.0,0.0,0.0,0,21,5.411764705882353,4
sensitivity,DyF-ZTL-V,2,0.4,cyclic_flip,,,,,default-V-R-U,"{""functional_ref"": ""reference"", ""min_safety_threshold"": 0.2}",1.0,0.1808333333333333,0.7866273352999017,9.83,0,1.0,0.0,0.0,0,18,4.125,2
sensitivity,DyF-ZTL-V,2,0.4,cyclic_flip,,,,,default-V-R-U,"{""alpha"": 1.0, ""functional_ref"": ""reference""}",1.0,0.20833333333333337,0.7619047619047619,9.5,0,1.0,0.0,0.0,0,20,5.294117647058823,3
sensitivity,DyF-ZTL-V,2,0.4,cyclic_flip,,,,,default-V-R-U,"{""decay_factor"": 0.1, ""functional_ref"": ""reference""}",1.0,0.21416666666666662,0.7568590350047304,9.43,0,1.0,0.0,0.0,0,17,3.769230769230769,4
sensitivity,DyF-ZTL-V,2,0.4,cyclic_flip,,,,,default-V-R-U,"{""functional_ref"": ""reference"", ""min_safety_threshold"": 0.6}",1.0,0.22083333333333333,0.7511737089201878,9.35,0,1.0,0.0,0.0,0,22,5.055555555555555,4
sensitivity,DyF-ZTL-V,2,0.4,cyclic_flip,,,,,q_mild2-V-R-U,"{""functional_ref"": ""reference""}",1.0,0.18333333333333335,0.7843137254901961,9.8,0,1.0,0.0,0.0,0,18,4.3125,2
sensitivity,DyF-ZTL-V,2,0.4,cyclic_flip,,,,,default-V-R-U,"{""functional_ref"": ""reference"", ""warmup_rounds"": 2}",1.0,0.21343537414965985,0.7574879227053141,9.438775510204081,0,1.0,0.0,2.0,0,31,3.730769230769231,5
sensitivity,DyF-ZTL-V,2,0.4,cyclic_flip,,,,,default-V-R-U,"{""decay_factor"": 0.8, ""functional_ref"": ""reference""}",1.0,0.21583333333333332,0.7554296506137866,9.41,0,1.0,0.0,0.0,0,26,4.863636363636363,4
sensitivity,DyF-ZTL-V,2,0.4,cyclic_flip,,,,,default-V-R-U,"{""alpha"": 0.25, ""functional_ref"": ""reference""}",1.0,0.20833333333333337,0.7619047619047619,9.5,0,1.0,0.0,0.0,0,20,5.294117647058823,3
sensitivity,DyF-ZTL-V,2,0.4,cyclic_flip,,,,,default-V-R-U,"{""functional_ref"": ""reference"", ""mild_decay"": 0.8}",1.0,0.23083333333333333,0.7428040854224698,9.23,0,1.0,0.0,0.0,0,29,4.04,4
sensitivity,DyF-ZTL-V,2,0.4,cyclic_flip,,,,,default-V-R-U,"{""functional_ref"": ""reference"", ""mild_decay"": 0.95}",1.0,0.19333333333333336,0.7751937984496124,9.68,0,1.0,0.0,0.0,0,8,14.4,3
sensitivity,DyF-ZTL-V,2,0.4,cyclic_flip,,,,,default-V-R-U,"{""functional_ref"": ""reference"", ""warmup_rounds"": 4}",1.0,0.21180555555555558,0.758893280632411,9.458333333333334,0,1.0,0.0,4.0,0,21,4.9411764705882355,4
sensitivity,DyF-ZTL-V,2,0.4,cyclic_flip,,,,,default-V-R-U,"{""functional_ref"": ""reference"", ""recovery_factor"": 0.1}",1.0,0.18666666666666665,0.78125,9.76,0,1.0,0.0,0.0,0,18,4.066666666666666,3
sensitivity,DyF-ZTL-V,2,0.4,cyclic_flip,,,,,q_mild10-V-R-U,"{""functional_ref"": ""reference""}",1.0,0.27249999999999996,0.709849157054126,8.73,0,1.0,0.0,0.0,0,28,5.956521739130435,5
sensitivity,DyF-ZTL-V,2,0.4,cyclic_flip,,,,,q_strong1-V-R-U,"{""functional_ref"": ""reference""}",1.0,0.2025,0.7670182166826462,9.57,0,1.0,0.0,0.0,0,25,3.6363636363636362,3
sensitivity,DyF-ZTL-V,2,0.4,cyclic_flip,,,,,default-V-R-U,"{""functional_ref"": ""reference"", ""warmup_rounds"": 3}",1.0,0.19329896907216493,0.7752247752247752,9.68041237113402,0,1.0,0.0,3.0,0,31,3.9642857142857144,3
sensitivity,DyF-ZTL-V,2,0.4,cyclic_flip,,,,,q_strong0.1-V-R-U,"{""functional_ref"": ""reference""}",1.0,0.22666666666666668,0.746268656716418,9.28,0,1.0,0.0,0.0,0,30,3.12,5
sensitivity,DyF-ZTL-V,2,0.4,cyclic_flip,,,,,default-V-R-U,"{""decay_factor"": 0.4, ""functional_ref"": ""reference""}",1.0,0.23750000000000004,0.7373271889400922,9.15,0,1.0,0.0,0.0,0,37,3.8125,5
sensitivity,DyF-ZTL-V,3,0.2,cyclic_flip,,,,,default-V-R-U,"{""decay_factor"": 0.1, ""functional_ref"": ""reference""}",1.0,0.11187499999999995,0.690846286701209,14.21,0,1.0,0.0,0.0,0,5,1.0,3
sensitivity,DyF-ZTL-V,3,0.2,cyclic_flip,,,,,default-V-R-U,"{""functional_ref"": ""reference"", ""min_safety_threshold"": 0.6}",1.0,0.11375000000000002,0.6872852233676976,14.18,0,1.0,0.0,0.0,0,6,1.0,3
sensitivity,DyF-ZTL-V,3,0.2,cyclic_flip,,,,,default-V-R-U,"{""functional_ref"": ""reference"", ""mild_decay"": 0.8}",1.0,0.125625,0.6655574043261231,13.99,0,1.0,0.0,0.0,0,12,2.0,5
sensitivity,DyF-ZTL-V,3,0.2,cyclic_flip,,,,,default-V-R-U,"{""alpha"": 1.0, ""functional_ref"": ""reference""}",1.0,0.11124999999999996,0.6920415224913494,14.22,0,1.0,0.0,0.0,0,3,,3
sensitivity,DyF-ZTL-V,3,0.2,cyclic_flip,,,,,q_strong1-V-R-U,"{""functional_ref"": ""reference""}",1.0,0.12624999999999997,0.6644518272425249,13.98,0,1.0,0.0,0.0,0,6,3.5,4
sensitivity,DyF-ZTL-V,3,0.2,cyclic_flip,,,,,default-V-R-U,"{""functional_ref"": ""reference"", ""min_safety_threshold"": 0.2}",1.0,0.11124999999999996,0.6920415224913494,14.22,0,1.0,0.0,0.0,0,4,1.0,3
sensitivity,DyF-ZTL-V,3,0.2,cyclic_flip,,,,,default-V-R-U,"{""alpha"": 0.25, ""functional_ref"": ""reference""}",1.0,0.11499999999999999,0.684931506849315,14.16,0,1.0,0.0,0.0,0,5,2.0,4
sensitivity,DyF-ZTL-V,3,0.2,cyclic_flip,,,,,default-V-R-U,"{""decay_factor"": 0.4, ""functional_ref"": ""reference""}",1.0,0.11187499999999995,0.690846286701209,14.21,0,1.0,0.0,0.0,0,5,1.0,3
sensitivity,DyF-ZTL-V,3,0.2,cyclic_flip,,,,,default-V-R-U,"{""functional_ref"": ""reference"", ""mild_decay"": 0.95}",1.0,0.11124999999999996,0.6920415224913494,14.22,0,1.0,0.0,0.0,0,3,,3
sensitivity,DyF-ZTL-V,3,0.2,cyclic_flip,,,,,q_strong0.1-V-R-U,"{""functional_ref"": ""reference""}",1.0,0.10750000000000004,0.6993006993006993,14.28,0,1.0,0.0,0.0,0,3,,3
sensitivity,DyF-ZTL-V,3,0.2,cyclic_flip,,,,,default-V-R-U,"{""decay_factor"": 0.8, ""functional_ref"": ""reference""}",1.0,0.10750000000000004,0.6993006993006993,14.28,0,1.0,0.0,0.0,0,4,1.0,3
sensitivity,DyF-ZTL-V,3,0.2,cyclic_flip,,,,,q_mild10-V-R-U,"{""functional_ref"": ""reference""}",1.0,0.16000000000000003,0.6097560975609756,13.44,0,1.0,0.0,0.0,0,18,3.272727272727273,7
sensitivity,DyF-ZTL-V,3,0.2,cyclic_flip,,,,,default-V-R-U,"{""functional_ref"": ""reference"", ""warmup_rounds"": 3}",1.0,0.0798969072164949,0.7578125,14.721649484536082,0,1.0,0.0,3.0,0,6,23.333333333333332,3
sensitivity,DyF-ZTL-V,3,0.2,cyclic_flip,,,,,default-V-R-U,"{""functional_ref"": ""reference"", ""warmup_rounds"": 4}",1.0,0.12434895833333337,0.6678260869565218,14.010416666666666,0,1.0,0.0,4.0,0,9,10.0,2
sensitivity,DyF-ZTL-V,3,0.2,cyclic_flip,,,,,default-V-R-U,"{""functional_ref"": ""reference"", ""warmup_rounds"": 2}",1.0,0.08163265306122447,0.7538461538461538,14.693877551020408,0,1.0,0.0,2.0,0,7,6.5,3
sensitivity,DyF-ZTL-V,3,0.2,cyclic_flip,,,,,default-V-R-U,"{""functional_ref"": ""reference"", ""recovery_factor"": 0.02}",1.0,0.114375,0.6861063464837049,14.17,0,1.0,0.0,0.0,0,5,2.0,4
sensitivity,DyF-ZTL-V,3,0.2,cyclic_flip,,,,,q_mild2-V-R-U,"{""functional_ref"": ""reference""}",1.0,0.11124999999999996,0.6920415224913494,14.22,0,1.0,0.0,0.0,0,3,,3
sensitivity,DyF-ZTL-V,3,0.2,cyclic_flip,,,,,default-V-R-U,"{""functional_ref"": ""reference"", ""recovery_factor"": 0.1}",1.0,0.11124999999999996,0.6920415224913494,14.22,0,1.0,0.0,0.0,0,3,,3
sensitivity,DyF-ZTL-V,3,0.4,cyclic_flip,,,,,q_strong1-V-R-U,"{""functional_ref"": ""reference""}",1.0,0.17000000000000004,0.796812749003984,9.96,0,1.0,0.0,0.0,0,20,3.3125,4
sensitivity,DyF-ZTL-V,3,0.4,cyclic_flip,,,,,default-V-R-U,"{""functional_ref"": ""reference"", ""min_safety_threshold"": 0.6}",1.0,0.11583333333333334,0.8519701810436635,10.61,0,1.0,0.0,0.0,0,19,3.0,2
sensitivity,DyF-ZTL-V,3,0.4,cyclic_flip,,,,,default-V-R-U,"{""alpha"": 0.25, ""functional_ref"": ""reference""}",1.0,0.10416666666666663,0.8648648648648649,10.75,0,1.0,0.0,0.0,0,12,2.1,2
sensitivity,DyF-ZTL-V,3,0.4,cyclic_flip,,,,,q_strong0.1-V-R-U,"{""functional_ref"": ""reference""}",1.0,0.13083333333333336,0.8359456635318704,10.43,0,1.0,0.0,0.0,0,12,3.125,4
sensitivity,DyF-ZTL-V,3,0.4,cyclic_flip,,,,,default-V-R-U,"{""functional_ref"": ""reference"", ""recovery_factor"": 0.1}",0.995,0.10333333333333339,0.8652173913043478,10.8,0,0.995,0.003076923076923077,0.0,0,3,6.0,2
sensitivity,DyF-ZTL-V,3,0.4,cyclic_flip,,,,,default-V-R-U,"{""functional_ref"": ""reference"", ""warmup_rounds"": 2}",1.0,0.1607142857142857,0.8057553956834532,10.071428571428571,0,1.0,0.0,2.0,0,7,2.75,3
sensitivity,DyF-ZTL-V,3,0.4,cyclic_flip,,,,,default-V-R-U,"{""decay_factor"": 0.1, ""functional_ref"": ""reference""}",1.0,0.10416666666666663,0.8648648648648649,10.75,0,1.0,0.0,0.0,0,12,2.1,2
sensitivity,DyF-ZTL-V,3,0.4,cyclic_flip,,,,,default-V-R-U,"{""functional_ref"": ""reference"", ""recovery_factor"": 0.02}",1.0,0.12916666666666665,0.837696335078534,10.45,0,1.0,0.0,0.0,0,12,3.7777777777777777,3
sensitivity,DyF-ZTL-V,3,0.4,cyclic_flip,,,,,default-V-R-U,"{""functional_ref"": ""reference"", ""warmup_rounds"": 3}",1.0,0.115979381443299,0.8518111964873765,10.608247422680412,0,1.0,0.0,3.0,0,2,,2
sensitivity,DyF-ZTL-V,3,0.4,cyclic_flip,,,,,default-V-R-U,"{""functional_ref"": ""reference"", ""warmup_rounds"": 4}",0.9791666666666666,0.125,0.8392857142857143,10.666666666666666,0,0.9791666666666666,0.01571969696969697,4.0,0,3,8.0,2
sensitivity,DyF-ZTL-V,3,0.4,cyclic_flip,,,,,default-V-R-U,"{""functional_ref"": ""reference"", ""mild_decay"": 0.95}",1.0,0.08833333333333337,0.8830022075055187,10.94,0,1.0,0.0,0.0,0,4,3.0,2
sensitivity,DyF-ZTL-V,3,0.4,cyclic_flip,,,,,default-V-R-U,"{""functional_ref"": ""reference"", ""mild_decay"": 0.8}",1.0,0.135,0.8316008316008316,10.38,0,1.0,0.0,0.0,0,17,3.923076923076923,4
sensitivity,DyF-ZTL-V,3,0.4,cyclic_flip,,,,,default-V-R-U,"{""decay_factor"": 0.8, ""functional_ref"": ""reference""}",0.99375,0.12416666666666665,0.8421610169491526,10.56,0,0.99375,0.0038461538461538464,0.0,0,8,2.0,3
sensitivity,DyF-ZTL-V,3,0.4,cyclic_flip,,,,,default-V-R-U,"{""decay_factor"": 0.4, ""functional_ref"": ""reference""}",0.99875,0.11916666666666664,0.8481953290870489,10.58,0,0.99875,0.0007692307692307692,0.0,0,12,3.375,4
sensitivity,DyF-ZTL-V,3,0.4,cyclic_flip,,,,,q_mild2-V-R-U,"{""functional_ref"": ""reference""}",0.99875,0.08583333333333332,0.885809312638581,10.98,0,0.99875,0.0007692307692307692,0.0,0,3,12.0,2
sensitivity,DyF-ZTL-V,3,0.4,cyclic_flip,,,,,default-V-R-U,"{""alpha"": 1.0, ""functional_ref"": ""reference""}",1.0,0.10416666666666663,0.8648648648648649,10.75,0,1.0,0.0,0.0,0,12,2.1,2
sensitivity,DyF-ZTL-V,3,0.4,cyclic_flip,,,,,q_mild10-V-R-U,"{""functional_ref"": ""reference""}",1.0,0.17166666666666663,0.7952286282306164,9.94,0,1.0,0.0,0.0,0,22,4.2105263157894735,3
sensitivity,DyF-ZTL-V,3,0.4,cyclic_flip,,,,,default-V-R-U,"{""functional_ref"": ""reference"", ""min_safety_threshold"": 0.2}",1.0,0.08750000000000002,0.8839779005524862,10.95,0,1.0,0.0,0.0,0,7,3.6,2
sensitivity,DyF-ZTL-V,4,0.2,cyclic_flip,,,,,default-V-R-U,"{""functional_ref"": ""reference"", ""min_safety_threshold"": 0.2}",1.0,0.053749999999999964,0.823045267489712,15.14,0,1.0,0.0,0.0,0,10,9.25,2
sensitivity,DyF-ZTL-V,4,0.2,cyclic_flip,,,,,default-V-R-U,"{""decay_factor"": 0.8, ""functional_ref"": ""reference""}",1.0,0.06000000000000005,0.8064516129032258,15.04,0,1.0,0.0,0.0,0,9,7.0,2
sensitivity,DyF-ZTL-V,4,0.2,cyclic_flip,,,,,default-V-R-U,"{""decay_factor"": 0.4, ""functional_ref"": ""reference""}",1.0,0.053749999999999964,0.823045267489712,15.14,0,1.0,0.0,0.0,0,10,9.25,2
sensitivity,DyF-ZTL-V,4,0.2,cyclic_flip,,,,,default-V-R-U,"{""functional_ref"": ""reference"", ""warmup_rounds"": 3}",0.9922680412371134,0.049613402061855716,0.8333333333333334,15.237113402061855,0,0.9922680412371134,0.0018192844147968464,3.75,0,13,5.923076923076923,0
sensitivity,DyF-ZTL-V,4,0.2,cyclic_flip,,,,,default-V-R-U,"{""functional_ref"": ""reference"", ""recovery_factor"": 0.02}",1.0,0.07687500000000003,0.7648183556405354,14.77,0,1.0,0.0,0.0,0,6,12.2,1
sensitivity,DyF-ZTL-V,4,0.2,cyclic_flip,,,,,q_strong0.1-V-R-U,"{""functional_ref"": ""reference""}",1.0,0.053749999999999964,0.823045267489712,15.14,0,1.0,0.0,0.0,0,10,9.25,2
sensitivity,DyF-ZTL-V,4,0.2,cyclic_flip,,,,,q_strong1-V-R-U,"{""functional_ref"": ""reference""}",1.0,0.05249999999999999,0.8264462809917356,15.16,0,1.0,0.0,0.0,0,10,8.333333333333334,1
sensitivity,DyF-ZTL-V,4,0.2,cyclic_flip,,,,,default-V-R-U,"{""functional_ref"": ""reference"", ""warmup_rounds"": 4}",1.0,0.076171875,0.7664670658682635,14.78125,0,1.0,0.0,4.0,0,15,8.214285714285714,1
sensitivity,DyF-ZTL-V,4,0.2,cyclic_flip,,,,,default-V-R-U,"{""functional_ref"": ""reference"", ""min_safety_threshold"": 0.6}",1.0,0.05437499999999995,0.8213552361396304,15.13,0,1.0,0.0,0.0,0,7,6.166666666666667,1
sensitivity,DyF-ZTL-V,4,0.2,cyclic_flip,,,,,q_mild2-V-R-U,"{""functional_ref"": ""reference""}",1.0,0.0,1.0,16.0,0,1.0,0.0,0.0,0,0,,0
sensitivity,DyF-ZTL-V,4,0.2,cyclic_flip,,,,,default-V-R-U,"{""functional_ref"": ""reference"", ""mild_decay"": 0.8}",1.0,0.083125,0.7504690431519699,14.67,0,1.0,0.0,0.0,0,16,8.714285714285714,2
sensitivity,DyF-ZTL-V,4,0.2,cyclic_flip,,,,,default-V-R-U,"{""functional_ref"": ""reference"", ""mild_decay"": 0.95}",1.0,0.003750000000000031,0.9852216748768473,15.94,0,1.0,0.0,0.0,0,4,1.5,0
sensitivity,DyF-ZTL-V,4,0.2,cyclic_flip,,,,,default-V-R-U,"{""functional_ref"": ""reference"", ""warmup_rounds"": 2}",0.9974489795918368,0.044642857142857095,0.8481561822125814,15.295918367346939,0,0.9974489795918368,0.0006002400960384153,2.25,0,15,4.285714285714286,1
sensitivity,DyF-ZTL-V,4,0.2,cyclic_flip,,,,,default-V-R-U,"{""functional_ref"": ""reference"", ""recovery_factor"": 0.1}",1.0,0.024375000000000036,0.9111617312072893,15.61,0,1.0,0.0,0.0,0,8,4.875,0
sensitivity,DyF-ZTL-V,4,0.2,cyclic_flip,,,,,default-V-R-U,"{""alpha"": 0.25, ""functional_ref"": ""reference""}",1.0,0.06499999999999995,0.7936507936507936,14.96,0,1.0,0.0,0.0,0,8,8.166666666666666,2
sensitivity,DyF-ZTL-V,4,0.2,cyclic_flip,,,,,q_mild10-V-R-U,"{""functional_ref"": ""reference""}",1.0,0.14937500000000004,0.6259780907668232,13.61,0,1.0,0.0,0.0,0,9,11.333333333333334,3
sensitivity,DyF-ZTL-V,4,0.2,cyclic_flip,,,,,default-V-R-U,"{""alpha"": 1.0, ""functional_ref"": ""reference""}",1.0,0.025000000000000022,0.9090909090909091,15.6,0,1.0,0.0,0.0,0,5,8.0,0
sensitivity,DyF-ZTL-V,4,0.2,cyclic_flip,,,,,default-V-R-U,"{""decay_factor"": 0.1, ""functional_ref"": ""reference""}",1.0,0.053749999999999964,0.823045267489712,15.14,0,1.0,0.0,0.0,0,10,9.25,2
sensitivity,DyF-ZTL-V,4,0.4,cyclic_flip,,,,,default-V-R-U,"{""functional_ref"": ""reference"", ""min_safety_threshold"": 0.6}",1.0,0.14583333333333337,0.8205128205128205,10.25,0,1.0,0.0,0.0,0,23,6.9,3
sensitivity,DyF-ZTL-V,4,0.4,cyclic_flip,,,,,default-V-R-U,"{""functional_ref"": ""reference"", ""warmup_rounds"": 2}",1.0,0.09948979591836737,0.8701442841287459,10.806122448979592,0,1.0,0.0,2.0,0,17,3.769230769230769,4
sensitivity,DyF-ZTL-V,4,0.4,cyclic_flip,,,,,default-V-R-U,"{""functional_ref"": ""reference"", ""mild_decay"": 0.95}",1.0,0.06999999999999995,0.9049773755656109,11.16,0,1.0,0.0,0.0,0,4,9.0,2
sensitivity,DyF-ZTL-V,4,0.4,cyclic_flip,,,,,default-V-R-U,"{""decay_factor"": 0.1, ""functional_ref"": ""reference""}",1.0,0.15916666666666668,0.8072653884964682,10.09,0,1.0,0.0,0.0,0,16,7.142857142857143,2
sensitivity,DyF-ZTL-V,4,0.4,cyclic_flip,,,,,q_mild2-V-R-U,"{""functional_ref"": ""reference""}",1.0,0.0,1.0,12.0,0,1.0,0.0,0.0,0,0,,0
sensitivity,DyF-ZTL-V,4,0.4,cyclic_flip,,,,,q_strong0.1-V-R-U,"{""functional_ref"": ""reference""}",1.0,0.15916666666666668,0.8072653884964682,10.09,0,1.0,0.0,0.0,0,16,7.142857142857143,2
sensitivity,DyF-ZTL-V,4,0.4,cyclic_flip,,,,,q_mild10-V-R-U,"{""functional_ref"": ""reference""}",1.0,0.19916666666666671,0.7699711260827719,9.61,0,1.0,0.0,0.0,0,8,12.0,3
sensitivity,DyF-ZTL-V,4,0.4,cyclic_flip,,,,,default-V-R-U,"{""functional_ref"": ""reference"", ""mild_decay"": 0.8}",1.0,0.1433333333333333,0.823045267489712,10.28,0,1.0,0.0,0.0,0,20,9.166666666666666,2
sensitivity,DyF-ZTL-V,4,0.4,cyclic_flip,,,,,q_strong1-V-R-U,"{""functional_ref"": ""reference""}",1.0,0.15916666666666668,0.8072653884964682,10.09,0,1.0,0.0,0.0,0,16,7.142857142857143,2
sensitivity,DyF-ZTL-V,4,0.4,cyclic_flip,,,,,default-V-R-U,"{""functional_ref"": ""reference"", ""recovery_factor"": 0.1}",1.0,0.08499999999999996,0.8869179600886918,10.98,0,1.0,0.0,0.0,0,11,9.272727272727273,0
sensitivity,DyF-ZTL-V,4,0.4,cyclic_flip,,,,,default-V-R-U,"{""alpha"": 1.0, ""functional_ref"": ""reference""}",1.0,0.15916666666666668,0.8072653884964682,10.09,0,1.0,0.0,0.0,0,16,7.142857142857143,2
sensitivity,DyF-ZTL-V,4,0.4,cyclic_flip,,,,,default-V-R-U,"{""functional_ref"": ""reference"", ""warmup_rounds"": 3}",1.0,0.09106529209621994,0.8798185941043084,10.907216494845361,0,1.0,0.0,3.0,0,10,7.375,2
sensitivity,DyF-ZTL-V,4,0.4,cyclic_flip,,,,,default-V-R-U,"{""decay_factor"": 0.8, ""functional_ref"": ""reference""}",1.0,0.15749999999999997,0.8088978766430738,10.11,0,1.0,0.0,0.0,0,16,7.384615384615385,3
sensitivity,DyF-ZTL-V,4,0.4,cyclic_flip,,,,,default-V-R-U,"{""functional_ref"": ""reference"", ""min_safety_threshold"": 0.2}",1.0,0.09583333333333333,0.8743169398907104,10.85,0,1.0,0.0,0.0,0,4,10.666666666666666,1
sensitivity,DyF-ZTL-V,4,0.4,cyclic_flip,,,,,default-V-R-U,"{""decay_factor"": 0.4, ""functional_ref"": ""reference""}",1.0,0.15916666666666668,0.8072653884964682,10.09,0,1.0,0.0,0.0,0,16,7.142857142857143,2
sensitivity,DyF-ZTL-V,4,0.4,cyclic_flip,,,,,default-V-R-U,"{""functional_ref"": ""reference"", ""recovery_factor"": 0.02}",1.0,0.18166666666666664,0.7858546168958742,9.82,0,1.0,0.0,0.0,0,7,27.333333333333332,1
sensitivity,DyF-ZTL-V,4,0.4,cyclic_flip,,,,,default-V-R-U,"{""alpha"": 0.25, ""functional_ref"": ""reference""}",1.0,0.15833333333333333,0.8080808080808081,10.1,0,1.0,0.0,0.0,0,10,12.777777777777779,1
sensitivity,DyF-ZTL-V,4,0.4,cyclic_flip,,,,,default-V-R-U,"{""functional_ref"": ""reference"", ""warmup_rounds"": 4}",1.0,0.05729166666666663,0.920863309352518,11.3125,0,1.0,0.0,4.0,0,10,7.222222222222222,1
sensitivity,DyF-ZTL,0,0.2,cyclic_flip,,,,,default-U,"{""decay_factor"": 0.8}",0.845,0.0,1.0,16.62,0,0.845,0.03633986928104575,1.0,0,0,,0
sensitivity,DyF-ZTL,0,0.2,cyclic_flip,,,,,default-U,"{""warmup_rounds"": 2}",0.8877551020408163,0.0,1.0,16.448979591836736,0,0.8877551020408163,0.02641056422569027,3.0,0,0,,0
sensitivity,DyF-ZTL,0,0.2,cyclic_flip,,,,,default-U,"{""decay_factor"": 0.4}",0.8575,0.0,1.0,16.57,0,0.8575,0.033398692810457514,1.5,0,0,,0
sensitivity,DyF-ZTL,0,0.2,cyclic_flip,,,,,q_strong0.1-U,{},0.84,0.0,1.0,16.64,0,0.84,0.03751633986928104,1.75,0,0,,0
sensitivity,DyF-ZTL,0,0.2,cyclic_flip,,,,,default-U,"{""alpha"": 0.25}",0.8475,0.0,1.0,16.61,0,0.8475,0.03575163398692809,1.25,0,0,,0
sensitivity,DyF-ZTL,0,0.2,cyclic_flip,,,,,q_mild10-U,{},0.925,0.025000000000000022,0.9024390243902439,15.9,0,0.925,0.017553104575163396,1.75,0,17,2.0,1
sensitivity,DyF-ZTL,0,0.2,cyclic_flip,,,,,default-U,"{""warmup_rounds"": 3}",0.9252577319587629,0.0,1.0,16.298969072164947,0,0.9252577319587629,0.017586416009702847,3.0,0,0,,0
sensitivity,DyF-ZTL,0,0.2,cyclic_flip,,,,,default-U,"{""alpha"": 1.0}",0.835,0.0,1.0,16.66,0,0.835,0.03869281045751634,2.5,0,0,,0
sensitivity,DyF-ZTL,0,0.2,cyclic_flip,,,,,q_strong1-U,{},0.885,0.003750000000000031,0.9833333333333333,16.4,0,0.885,0.02717728758169934,1.25,0,3,2.0,0
sensitivity,DyF-ZTL,0,0.2,cyclic_flip,,,,,default-U,"{""min_safety_threshold"": 0.2}",0.845,0.0,1.0,16.62,0,0.845,0.036339869281045746,1.75,0,0,,0
sensitivity,DyF-ZTL,0,0.2,cyclic_flip,,,,,default-U,"{""mild_decay"": 0.95}",0.8575,0.0,1.0,16.57,0,0.8575,0.033398692810457514,2.75,0,0,,0
sensitivity,DyF-ZTL,0,0.2,cyclic_flip,,,,,default-U,"{""min_safety_threshold"": 0.6}",0.845,0.0,1.0,16.62,0,0.845,0.036339869281045746,1.75,0,0,,0
sensitivity,DyF-ZTL,0,0.2,cyclic_flip,,,,,default-U,"{""recovery_factor"": 0.1}",0.845,0.0,1.0,16.62,0,0.845,0.03633986928104574,1.75,0,0,,0
sensitivity,DyF-ZTL,0,0.2,cyclic_flip,,,,,default-U,"{""warmup_rounds"": 4}",0.9322916666666666,0.0,1.0,16.270833333333332,0,0.9322916666666666,0.015931372549019607,4.0,0,0,,0
sensitivity,DyF-ZTL,0,0.2,cyclic_flip,,,,,default-U,"{""recovery_factor"": 0.02}",0.8575,0.0,1.0,16.57,0,0.8575,0.03339869281045751,1.75,0,0,,0
sensitivity,DyF-ZTL,0,0.2,cyclic_flip,,,,,default-U,"{""mild_decay"": 0.8}",0.8275,0.0,1.0,16.69,0,0.8275,0.04045751633986928,1.0,0,0,,0
sensitivity,DyF-ZTL,0,0.2,cyclic_flip,,,,,default-U,"{""decay_factor"": 0.1}",0.845,0.0,1.0,16.62,0,0.845,0.036339869281045746,1.75,0,0,,0
sensitivity,DyF-ZTL,0,0.2,cyclic_flip,,,,,q_mild2-U,{},0.845,0.0,1.0,16.62,0,0.845,0.036339869281045746,2.0,0,0,,0
sensitivity,DyF-ZTL,0,0.4,cyclic_flip,,,,,default-U,"{""recovery_factor"": 0.1}",0.91,0.0,1.0,12.72,0,0.91,0.054230769230769235,1.0,0,0,,0
sensitivity,DyF-ZTL,0,0.4,cyclic_flip,,,,,default-U,"{""alpha"": 0.25}",0.9375,0.0,1.0,12.5,0,0.9375,0.037307692307692306,1.0,0,0,,0
sensitivity,DyF-ZTL,0,0.4,cyclic_flip,,,,,default-U,"{""min_safety_threshold"": 0.6}",0.9375,0.0,1.0,12.5,0,0.9375,0.037307692307692306,1.0,0,0,,0
sensitivity,DyF-ZTL,0,0.4,cyclic_flip,,,,,default-U,"{""decay_factor"": 0.1}",0.935,0.0,1.0,12.52,0,0.935,0.03884615384615384,1.0,0,0,,0
sensitivity,DyF-ZTL,0,0.4,cyclic_flip,,,,,q_strong0.1-U,{},0.93125,0.0,1.0,12.55,0,0.93125,0.04115384615384615,1.0,0,0,,0
sensitivity,DyF-ZTL,0,0.4,cyclic_flip,,,,,q_strong1-U,{},0.90875,0.0,1.0,12.73,0,0.90875,0.055576923076923065,0.625,0,0,,0
sensitivity,DyF-ZTL,0,0.4,cyclic_flip,,,,,default-U,"{""min_safety_threshold"": 0.2}",0.935,0.0,1.0,12.52,0,0.935,0.03884615384615385,1.0,0,0,,0
sensitivity,DyF-ZTL,0,0.4,cyclic_flip,,,,,default-U,"{""recovery_factor"": 0.02}",0.9425,0.0,1.0,12.46,0,0.9425,0.03423076923076923,1.0,0,0,,0
sensitivity,DyF-ZTL,0,0.4,cyclic_flip,,,,,q_mild2-U,{},0.9225,0.0,1.0,12.62,0,0.9225,0.046538461538461535,1.0,0,0,,0
sensitivity,DyF-ZTL,0,0.4,cyclic_flip,,,,,default-U,"{""warmup_rounds"": 3}",0.9033505154639175,0.0,1.0,12.77319587628866,0,0.9033505154639175,0.059476605868358436,3.0,0,0,,0
sensitivity,DyF-ZTL,0,0.4,cyclic_flip,,,,,default-U,"{""decay_factor"": 0.4}",0.93375,0.0,1.0,12.53,0,0.93375,0.039615384615384615,1.0,0,0,,0
sensitivity,DyF-ZTL,0,0.4,cyclic_flip,,,,,q_mild10-U,{},0.9575,0.10166666666666668,0.8626126126126126,11.12,0,0.9575,0.026404428904428907,1.0,0,5,5.666666666666667,2
sensitivity,DyF-ZTL,0,0.4,cyclic_flip,,,,,default-U,"{""warmup_rounds"": 2}",0.9247448979591837,0.0,1.0,12.60204081632653,0,0.9247448979591837,0.046310832025117744,2.125,0,0,,0
sensitivity,DyF-ZTL,0,0.4,cyclic_flip,,,,,default-U,"{""mild_decay"": 0.95}",0.935,0.0,1.0,12.52,0,0.935,0.03884615384615384,1.0,0,0,,0
sensitivity,DyF-ZTL,0,0.4,cyclic_flip,,,,,default-U,"{""warmup_rounds"": 4}",0.921875,0.0,1.0,12.625,0,0.921875,0.04807692307692308,4.0,0,0,,0
sensitivity,DyF-ZTL,0,0.4,cyclic_flip,,,,,default-U,"{""alpha"": 1.0}",0.935,0.0,1.0,12.52,0,0.935,0.03884615384615384,1.0,0,0,,0
sensitivity,DyF-ZTL,0,0.4,cyclic_flip,,,,,default-U,"{""decay_factor"": 0.8}",0.9299999999999999,0.0,1.0,12.56,0,0.9299999999999999,0.041923076923076924,1.125,0,0,,0
sensitivity,DyF-ZTL,0,0.4,cyclic_flip,,,,,default-U,"{""mild_decay"": 0.8}",0.935,0.0,1.0,12.52,0,0.935,0.03884615384615384,1.0,0,0,,0
trusted_set,DyF-ZTL-dg,0,0.2,cyclic_flip,,,imbalanced,,default-U,{},0.8075,0.018124999999999947,0.9176136363636364,16.48,0,0.8075,0.046190359477124174,2.0,0,3,15.0,2
trusted_set,DyF-ZTL-dg,0,0.2,cyclic_flip,,,,300.0,default-U,{},0.995,0.834375,0.2296595499134449,2.67,0,0.995,0.005333333333333333,0.5,0,21,4.5,13
trusted_set,DyF-ZTL-dg,0,0.2,cyclic_flip,,,contam5,,default-U,{},0.9,0.20062500000000005,0.5286343612334802,13.19,0,0.9,0.030226198637963345,5.0,0,50,6.042553191489362,3
trusted_set,DyF-ZTL-dg,0,0.2,cyclic_flip,,,,100.0,default-U,{},1.0,1.0,0.2,0.0,100,1.0,0.0,0.0,0,16,,16
trusted_set,DyF-ZTL-dg,0,0.2,cyclic_flip,,,missing2,,default-U,{},0.9775,0.003750000000000031,0.9848866498740554,16.03,0,0.9775,0.005294117647058822,0.5,0,3,1.0,1
trusted_set,DyF-ZTL-dg,0,0.2,cyclic_flip,,,,1200.0,default-U,{},0.9875,0.51125,0.325638911788953,7.87,0,0.9875,0.0038535353535353537,1.25,0,12,8.25,8
trusted_set,DyF-ZTL-dg,0,0.2,cyclic_flip,,,contam10,,default-U,{},0.9525,0.6074999999999999,0.28159645232815966,6.47,0,0.9525,0.020596872082166196,4.25,0,105,8.1,5
trusted_set,DyF-ZTL-dg,0,0.2,cyclic_flip,,,shifted,,default-U,{},0.915,0.553125,0.29256594724220625,7.49,0,0.915,0.02558279628867864,8.5,0,13,35.0,12
trusted_set,DyF-ZTL-dg,0,0.4,cyclic_flip,,,shifted,,default-U,{},0.94875,0.43500000000000005,0.5925058548009368,7.19,0,0.94875,0.03522843822843823,5.125,0,18,7.0,8
trusted_set,DyF-ZTL-dg,0,0.4,cyclic_flip,,,imbalanced,,default-U,{},0.92375,0.020000000000000018,0.9685452162516383,12.37,0,0.92375,0.04653846153846154,1.0,0,1,24.0,0
trusted_set,DyF-ZTL-dg,0,0.4,cyclic_flip,,,missing2,,default-U,{},0.955,0.004166666666666652,0.9934980494148244,12.31,0,0.955,0.02714102564102564,0.75,0,2,2.5,0
trusted_set,DyF-ZTL-dg,0,0.4,cyclic_flip,,,,300.0,default-U,{},0.9975,0.7791666666666667,0.4604731679169071,2.67,0,0.9975,0.005333333333333333,0.25,0,17,4.5,9
trusted_set,DyF-ZTL-dg,0,0.4,cyclic_flip,,,,100.0,default-U,{},1.0,1.0,0.4,0.0,100,1.0,0.0,0.0,0,12,,12
trusted_set,DyF-ZTL-dg,0,0.4,cyclic_flip,,,contam5,,default-U,{},0.93375,0.25,0.7134670487106017,9.53,0,0.93375,0.04763908313908314,2.75,0,43,6.585365853658536,2
trusted_set,DyF-ZTL-dg,0,0.4,cyclic_flip,,,contam10,,default-U,{},0.9675,0.53,0.548936170212766,5.9,0,0.9675,0.028780025530025524,2.375,0,69,8.838235294117647,1
trusted_set,DyF-ZTL-dg,0,0.4,cyclic_flip,,,,1200.0,default-U,{},0.98875,0.4108333333333334,0.6160436137071651,7.16,0,0.98875,0.006716783216783218,1.125,0,6,,6
trusted_set,DyF-ZTL-R-dg,0,0.2,cyclic_flip,,,,300.0,default-R-U,"{""functional_ref"": ""reference""}",1.0,0.825625,0.23242300987797793,2.79,0,1.0,0.0,0.0,0,18,4.4,13
trusted_set,DyF-ZTL-R-dg,0,0.2,cyclic_flip,,,,1200.0,default-R-U,"{""functional_ref"": ""reference""}",1.0,0.52,0.3246753246753247,7.68,0,1.0,0.0,0.0,0,18,3.3333333333333335,9
trusted_set,DyF-ZTL-R-dg,0,0.2,cyclic_flip,,,shifted,,default-R-U,"{""functional_ref"": ""reference""}",0.9925,0.5506249999999999,0.310641627543036,7.22,0,0.9925,0.0022527472527472526,0.0,0,21,4.625,13
trusted_set,DyF-ZTL-R-dg,0,0.2,cyclic_flip,,,,100.0,default-R-U,"{""functional_ref"": ""reference""}",1.0,1.0,0.2,0.0,100,1.0,0.0,0.0,0,16,,16
trusted_set,DyF-ZTL-R-dg,0,0.2,cyclic_flip,,,missing2,,default-R-U,"{""functional_ref"": ""reference""}",0.975,0.06499999999999995,0.7894736842105263,15.06,0,0.975,0.006666666666666665,0.0,0,6,20.0,1
trusted_set,DyF-ZTL-R-dg,0,0.2,cyclic_flip,,,contam5,,default-R-U,"{""functional_ref"": ""reference""}",0.9475,0.31375,0.4301929625425653,11.19,0,0.9475,0.020687451437451442,0.0,0,40,11.91891891891892,3
trusted_set,DyF-ZTL-R-dg,0,0.2,cyclic_flip,,,contam10,,default-R-U,"{""functional_ref"": ""reference""}",0.95,0.5775,0.29141104294478526,6.96,0,0.95,0.027517066267066265,0.0,0,79,9.2,9
trusted_set,DyF-ZTL-R-dg,0,0.2,cyclic_flip,,,imbalanced,,default-R-U,"{""functional_ref"": ""reference""}",0.825,0.014375000000000027,0.9348441926345609,16.47,0,0.825,0.04161764705882353,0.0,0,2,17.0,1
trusted_set,DyF-ZTL-R-dg,0,0.4,cyclic_flip,,,,1200.0,default-R-U,"{""functional_ref"": ""reference""}",1.0,0.42833333333333334,0.60882800608828,6.86,0,1.0,0.0,0.0,0,11,3.6666666666666665,5
trusted_set,DyF-ZTL-R-dg,0,0.4,cyclic_flip,,,,100.0,default-R-U,"{""functional_ref"": ""reference""}",1.0,1.0,0.4,0.0,100,1.0,0.0,0.0,0,12,,12
trusted_set,DyF-ZTL-R-dg,0,0.4,cyclic_flip,,,shifted,,default-R-U,"{""functional_ref"": ""reference""}",0.985,0.48416666666666663,0.5756026296566837,6.31,0,0.985,0.012416666666666666,0.0,0,12,11.0,8
trusted_set,DyF-ZTL-R-dg,0,0.4,cyclic_flip,,,contam10,,default-R-U,"{""functional_ref"": ""reference""}",0.99875,0.4125,0.6174652241112828,7.06,0,0.99875,0.0014285714285714286,0.0,0,66,5.873015873015873,3
trusted_set,DyF-ZTL-R-dg,0,0.4,cyclic_flip,,,contam5,,default-R-U,"{""functional_ref"": ""reference""}",0.99625,0.31999999999999995,0.6748518204911093,8.19,0,0.99625,0.0034999999999999996,0.0,0,61,6.206896551724138,3
trusted_set,DyF-ZTL-R-dg,0,0.4,cyclic_flip,,,,300.0,default-R-U,"{""functional_ref"": ""reference""}",1.0,0.7675,0.46484601975595585,2.79,0,1.0,0.0,0.0,0,14,4.4,9
trusted_set,DyF-ZTL-R-dg,0,0.4,cyclic_flip,,,imbalanced,,default-R-U,"{""functional_ref"": ""reference""}",0.9125,0.02416666666666667,0.9617918313570487,12.41,0,0.9125,0.0546153846153846,0.0,0,1,29.0,0
trusted_set,DyF-ZTL-R-dg,0,0.4,cyclic_flip,,,missing2,,default-R-U,"{""functional_ref"": ""reference""}",0.98125,0.011666666666666714,0.9824780976220275,12.01,0,0.98125,0.011538461538461539,0.0,0,1,14.0,0
trusted_set,DyF-ZTL-R-dg,1,0.2,cyclic_flip,,,missing2,,default-R-U,"{""functional_ref"": ""reference""}",1.0,0.07999999999999996,0.7575757575757576,14.72,0,1.0,0.0,0.0,0,9,10.666666666666666,3
trusted_set,DyF-ZTL-R-dg,1,0.2,cyclic_flip,,,imbalanced,,default-R-U,"{""functional_ref"": ""reference""}",1.0,0.06000000000000005,0.8064516129032258,15.04,0,1.0,0.0,0.0,0,9,7.857142857142857,2
trusted_set,DyF-ZTL-R-dg,1,0.2,cyclic_flip,,,contam10,,default-R-U,"{""functional_ref"": ""reference""}",1.0,0.5393749999999999,0.3167062549485352,7.37,5,1.0,0.0,0.0,0,59,13.982142857142858,3
trusted_set,DyF-ZTL-R-dg,1,0.2,cyclic_flip,,,,300.0,default-R-U,"{""functional_ref"": ""reference""}",1.0,0.89,0.21929824561403508,1.76,1,1.0,0.0,0.0,0,17,9.333333333333334,14
trusted_set,DyF-ZTL-R-dg,1,0.2,cyclic_flip,,,shifted,,default-R-U,"{""functional_ref"": ""reference""}",1.0,0.47875,0.34305317324185247,8.34,0,1.0,0.0,0.0,0,16,15.5,12
trusted_set,DyF-ZTL-R-dg,1,0.2,cyclic_flip,,,contam5,,default-R-U,"{""functional_ref"": ""reference""}",1.0,0.38687499999999997,0.39254170755642787,9.81,0,1.0,0.0,0.0,0,49,11.148936170212766,2
trusted_set,DyF-ZTL-R-dg,1,0.2,cyclic_flip,,,,1200.0,default-R-U,"{""functional_ref"": ""reference""}",1.0,0.31499999999999995,0.4424778761061947,10.96,0,1.0,0.0,0.0,0,21,25.428571428571427,7
trusted_set,DyF-ZTL-R-dg,1,0.2,cyclic_flip,,,,100.0,default-R-U,"{""functional_ref"": ""reference""}",1.0,1.0,0.2,0.0,100,1.0,0.0,0.0,0,16,,16
trusted_set,DyF-ZTL-R-dg,1,0.4,cyclic_flip,,,,300.0,default-R-U,"{""functional_ref"": ""reference""}",1.0,0.7941666666666667,0.45636052481460354,2.47,0,1.0,0.0,0.0,0,28,2.7222222222222223,10
trusted_set,DyF-ZTL-R-dg,1,0.4,cyclic_flip,,,missing2,,default-R-U,"{""functional_ref"": ""reference""}",1.0,0.0,1.0,12.0,0,1.0,0.0,0.0,0,0,,0
trusted_set,DyF-ZTL-R-dg,1,0.4,cyclic_flip,,,,100.0,default-R-U,"{""functional_ref"": ""reference""}",1.0,1.0,0.4,0.0,100,1.0,0.0,0.0,0,12,,12
trusted_set,DyF-ZTL-R-dg,1,0.4,cyclic_flip,,,,1200.0,default-R-U,"{""functional_ref"": ""reference""}",1.0,0.38083333333333336,0.6364359586316627,7.43,0,1.0,0.0,0.0,0,17,15.181818181818182,6
trusted_set,DyF-ZTL-R-dg,1,0.4,cyclic_flip,,,imbalanced,,default-R-U,"{""functional_ref"": ""reference""}",1.0,0.0,1.0,12.0,0,1.0,0.0,0.0,0,0,,0
trusted_set,DyF-ZTL-R-dg,1,0.4,cyclic_flip,,,contam10,,default-R-U,"{""functional_ref"": ""reference""}",1.0,0.375,0.64,7.5,0,1.0,0.0,0.0,0,47,9.574468085106384,0
trusted_set,DyF-ZTL-R-dg,1,0.4,cyclic_flip,,,contam5,,default-R-U,"{""functional_ref"": ""reference""}",1.0,0.08916666666666662,0.8820286659316428,10.93,0,1.0,0.0,0.0,0,14,7.642857142857143,0
trusted_set,DyF-ZTL-R-dg,1,0.4,cyclic_flip,,,shifted,,default-R-U,"{""functional_ref"": ""reference""}",1.0,0.44166666666666665,0.6015037593984962,6.7,0,1.0,0.0,0.0,0,13,10.833333333333334,7
trusted_set,DyF-ZTL-R-dg,2,0.2,cyclic_flip,,,,300.0,default-R-U,"{""functional_ref"": ""reference""}",1.0,0.935625,0.21085925144965736,1.03,0,1.0,0.0,0.0,0,15,,15
trusted_set,DyF-ZTL-R-dg,2,0.2,cyclic_flip,,,missing2,,default-R-U,"{""functional_ref"": ""reference""}",1.0,0.344375,0.4206098843322818,10.49,0,1.0,0.0,0.0,0,24,8.875,8
trusted_set,DyF-ZTL-R-dg,2,0.2,cyclic_flip,,,contam10,,default-R-U,"{""functional_ref"": ""reference""}",1.0,0.39812499999999995,0.3857280617164899,9.63,0,1.0,0.0,0.0,0,47,11.904761904761905,5
trusted_set,DyF-ZTL-R-dg,2,0.2,cyclic_flip,,,,100.0,default-R-U,"{""functional_ref"": ""reference""}",1.0,1.0,0.2,0.0,100,1.0,0.0,0.0,0,16,,16
trusted_set,DyF-ZTL-R-dg,2,0.2,cyclic_flip,,,,1200.0,default-R-U,"{""functional_ref"": ""reference""}",1.0,0.6131249999999999,0.28964518464880523,6.19,0,1.0,0.0,0.0,0,46,4.918918918918919,9
trusted_set,DyF-ZTL-R-dg,2,0.2,cyclic_flip,,,shifted,,default-R-U,"{""functional_ref"": ""reference""}",1.0,0.285625,0.46674445740956827,11.43,0,1.0,0.0,0.0,0,16,8.818181818181818,5
trusted_set,DyF-ZTL-R-dg,2,0.2,cyclic_flip,,,contam5,,default-R-U,"{""functional_ref"": ""reference""}",1.0,0.30937499999999996,0.44692737430167595,11.05,0,1.0,0.0,0.0,0,39,8.647058823529411,5
trusted_set,DyF-ZTL-R-dg,2,0.2,cyclic_flip,,,imbalanced,,default-R-U,"{""functional_ref"": ""reference""}",1.0,0.3325,0.4291845493562232,10.68,0,1.0,0.0,0.0,0,36,4.206896551724138,7
trusted_set,DyF-ZTL-R-dg,2,0.4,cyclic_flip,,,missing2,,default-R-U,"{""functional_ref"": ""reference""}",1.0,0.23416666666666663,0.7400555041628122,9.19,0,1.0,0.0,0.0,0,10,3.0,5
trusted_set,DyF-ZTL-R-dg,2,0.4,cyclic_flip,,,,100.0,default-R-U,"{""functional_ref"": ""reference""}",1.0,1.0,0.4,0.0,100,1.0,0.0,0.0,0,12,,12
trusted_set,DyF-ZTL-R-dg,2,0.4,cyclic_flip,,,contam10,,default-R-U,"{""functional_ref"": ""reference""}",1.0,0.5141666666666667,0.5645730416372619,5.83,0,1.0,0.0,0.0,0,63,9.816666666666666,3
trusted_set,DyF-ZTL-R-dg,2,0.4,cyclic_flip,,,contam5,,default-R-U,"{""functional_ref"": ""reference""}",1.0,0.2683333333333333,0.7130124777183601,8.78,0,1.0,0.0,0.0,0,44,7.024390243902439,3
trusted_set,DyF-ZTL-R-dg,2,0.4,cyclic_flip,,,,1200.0,default-R-U,"{""functional_ref"": ""reference""}",1.0,0.5291666666666667,0.5574912891986062,5.65,0,1.0,0.0,0.0,0,28,1.8095238095238095,7
trusted_set,DyF-ZTL-R-dg,2,0.4,cyclic_flip,,,imbalanced,,default-R-U,"{""functional_ref"": ""reference""}",1.0,0.2583333333333333,0.7207207207207207,8.9,0,1.0,0.0,0.0,0,18,6.3076923076923075,5
trusted_set,DyF-ZTL-R-dg,2,0.4,cyclic_flip,,,,300.0,default-R-U,"{""functional_ref"": ""reference""}",1.0,0.915,0.4214963119072708,1.02,0,1.0,0.0,0.0,0,11,,11
trusted_set,DyF-ZTL-R-dg,2,0.4,cyclic_flip,,,shifted,,default-R-U,"{""functional_ref"": ""reference""}",1.0,0.29666666666666663,0.6920415224913494,8.44,0,1.0,0.0,0.0,0,18,11.615384615384615,5
trusted_set,DyF-ZTL-R,0,0.2,cyclic_flip,,,contam10,,contam10-R-U,"{""functional_ref"": ""reference""}",1.0,0.06937499999999996,0.7827788649706457,14.89,0,1.0,0.0,0.0,0,20,5.55,0
trusted_set,DyF-ZTL-R,0,0.2,cyclic_flip,,,,300.0,size300-R-U,"{""functional_ref"": ""reference""}",0.8875,0.13937500000000003,0.6141868512110726,14.22,0,0.8875,0.03161309523809523,0.0,0,27,7.08,2
trusted_set,DyF-ZTL-R,0,0.2,cyclic_flip,,,imbalanced,,imbalanced-R-U,"{""functional_ref"": ""reference""}",0.84,0.0,1.0,16.64,0,0.84,0.03764705882352941,0.0,0,0,,0
trusted_set,DyF-ZTL-R,0,0.2,cyclic_flip,,,contam5,,contam5-R-U,"{""functional_ref"": ""reference""}",1.0,0.083125,0.7504690431519699,14.67,0,1.0,0.0,0.0,0,13,10.23076923076923,0
trusted_set,DyF-ZTL-R,0,0.2,cyclic_flip,,,shifted,,shifted-R-U,"{""functional_ref"": ""reference""}",0.8825000000000001,0.13749999999999996,0.6160558464223386,14.27,0,0.8825000000000001,0.03198004201680672,0.0,0,6,17.333333333333332,3
trusted_set,DyF-ZTL-R,0,0.2,cyclic_flip,,,,1200.0,size1200-R-U,"{""functional_ref"": ""reference""}",0.9775,0.03312499999999996,0.8806306306306306,15.56,0,0.9775,0.005294117647058822,0.0,0,8,5.714285714285714,1
trusted_set,DyF-ZTL-R,0,0.2,cyclic_flip,,,missing2,,missing2-R-U,"{""functional_ref"": ""reference""}",1.0,0.06625000000000003,0.7905138339920948,14.94,0,1.0,0.0,0.0,0,2,7.0,1
trusted_set,DyF-ZTL-R,0,0.2,cyclic_flip,,,,100.0,size100-R-U,"{""functional_ref"": ""reference""}",0.915,0.18625000000000003,0.5512048192771084,13.36,0,0.915,0.023830659536541888,0.25,0,28,8.26923076923077,2
trusted_set,DyF-ZTL-R,0,0.4,cyclic_flip,,,shifted,,shifted-R-U,"{""functional_ref"": ""reference""}",0.9475,0.04166666666666663,0.9381188118811881,11.92,0,0.9475,0.033205128205128207,0.0,0,4,14.0,3
trusted_set,DyF-ZTL-R,0,0.4,cyclic_flip,,,,300.0,size300-R-U,"{""functional_ref"": ""reference""}",0.98875,0.15500000000000003,0.8096212896622313,10.23,0,0.98875,0.007342657342657344,0.0,0,9,13.875,1
trusted_set,DyF-ZTL-R,0,0.4,cyclic_flip,,,imbalanced,,imbalanced-R-U,"{""functional_ref"": ""reference""}",0.91875,0.0,1.0,12.65,0,0.91875,0.05,0.0,0,0,,0
trusted_set,DyF-ZTL-R,0,0.4,cyclic_flip,,,,100.0,size100-R-U,"{""functional_ref"": ""reference""}",0.93375,0.08750000000000002,0.8767605633802817,11.48,0,0.93375,0.04362237762237763,0.75,0,11,9.3,1
trusted_set,DyF-ZTL-R,0,0.4,cyclic_flip,,,contam10,,contam10-R-U,"{""functional_ref"": ""reference""}",0.97375,0.029166666666666674,0.957002457002457,11.86,0,0.97375,0.016217948717948717,0.0,0,6,5.833333333333333,0
trusted_set,DyF-ZTL-R,0,0.4,cyclic_flip,,,,1200.0,size1200-R-U,"{""functional_ref"": ""reference""}",0.97875,0.007499999999999951,0.9886363636363636,12.08,0,0.97875,0.013076923076923076,0.0,0,5,1.8,0
trusted_set,DyF-ZTL-R,0,0.4,cyclic_flip,,,contam5,,contam5-R-U,"{""functional_ref"": ""reference""}",0.9625,0.035833333333333384,0.947109471094711,11.87,0,0.9625,0.02326923076923077,0.0,0,5,8.6,0
trusted_set,DyF-ZTL-R,0,0.4,cyclic_flip,,,missing2,,missing2-R-U,"{""functional_ref"": ""reference""}",1.0,0.02749999999999997,0.9603841536614646,11.67,0,1.0,0.0,0.0,0,3,11.0,0
trusted_set,DyF-ZTL-R,1,0.2,cyclic_flip,,,,300.0,size300-R-U,"{""functional_ref"": ""reference""}",0.9975,0.213125,0.5391891891891892,12.6,0,0.9975,0.000588235294117647,0.25,0,24,6.315789473684211,5
trusted_set,DyF-ZTL-R,1,0.2,cyclic_flip,,,,100.0,size100-R-U,"{""functional_ref"": ""reference""}",0.9975,0.15187499999999998,0.6214953271028038,13.58,0,0.9975,0.000588235294117647,0.25,0,22,9.9,2
trusted_set,DyF-ZTL-R,1,0.2,cyclic_flip,,,missing2,,missing2-R-U,"{""functional_ref"": ""reference""}",1.0,0.09187500000000004,0.7312614259597806,14.53,0,1.0,0.0,0.0,0,2,,2
trusted_set,DyF-ZTL-R,1,0.2,cyclic_flip,,,contam10,,contam10-R-U,"{""functional_ref"": ""reference""}",1.0,0.07874999999999999,0.7604562737642585,14.74,0,1.0,0.0,0.0,0,8,15.75,0
trusted_set,DyF-ZTL-R,1,0.2,cyclic_flip,,,shifted,,shifted-R-U,"{""functional_ref"": ""reference""}",1.0,0.15625,0.6153846153846154,13.5,0,1.0,0.0,0.0,0,16,5.666666666666667,7
trusted_set,DyF-ZTL-R,1,0.2,cyclic_flip,,,contam5,,contam5-R-U,"{""functional_ref"": ""reference""}",1.0,0.015625,0.9411764705882353,15.75,0,1.0,0.0,0.0,0,4,6.25,0
trusted_set,DyF-ZTL-R,1,0.2,cyclic_flip,,,,1200.0,size1200-R-U,"{""functional_ref"": ""reference""}",1.0,0.10624999999999996,0.7017543859649122,14.3,0,1.0,0.0,0.0,0,10,8.125,2
trusted_set,DyF-ZTL-R,1,0.2,cyclic_flip,,,imbalanced,,imbalanced-R-U,"{""functional_ref"": ""reference""}",1.0,0.0,1.0,16.0,0,1.0,0.0,0.0,0,0,,0
trusted_set,DyF-ZTL-R,1,0.4,cyclic_flip,,,imbalanced,,imbalanced-R-U,"{""functional_ref"": ""reference""}",1.0,0.0,1.0,12.0,0,1.0,0.0,0.0,0,0,,0
trusted_set,DyF-ZTL-R,1,0.4,cyclic_flip,,,shifted,,shifted-R-U,"{""functional_ref"": ""reference""}",1.0,0.057499999999999996,0.9205983889528193,11.31,0,1.0,0.0,0.0,0,7,12.4,2
trusted_set,DyF-ZTL-R,1,0.4,cyclic_flip,,,,1200.0,size1200-R-U,"{""functional_ref"": ""reference""}",1.0,0.125,0.8421052631578947,10.5,0,1.0,0.0,0.0,0,3,1.0,2
trusted_set,DyF-ZTL-R,1,0.4,cyclic_flip,,,missing2,,missing2-R-U,"{""functional_ref"": ""reference""}",1.0,0.0,1.0,12.0,0,1.0,0.0,0.0,0,0,,0
trusted_set,DyF-ZTL-R,1,0.4,cyclic_flip,,,contam10,,contam10-R-U,"{""functional_ref"": ""reference""}",1.0,0.04416666666666669,0.9378663540445487,11.47,0,1.0,0.0,0.0,0,11,4.818181818181818,0
trusted_set,DyF-ZTL-R,1,0.4,cyclic_flip,,,,300.0,size300-R-U,"{""functional_ref"": ""reference""}",0.9975,0.21083333333333332,0.7592768791627021,9.49,0,0.9975,0.0014285714285714286,0.25,0,21,3.2777777777777777,3
trusted_set,DyF-ZTL-R,1,0.4,cyclic_flip,,,contam5,,contam5-R-U,"{""functional_ref"": ""reference""}",1.0,0.005833333333333357,0.9913258983890955,11.93,0,1.0,0.0,0.0,0,2,6.0,1
trusted_set,DyF-ZTL-R,1,0.4,cyclic_flip,,,,100.0,size100-R-U,"{""functional_ref"": ""reference""}",0.9975,0.16166666666666663,0.8044354838709677,10.08,0,0.9975,0.0014285714285714286,0.25,0,23,7.5,3
trusted_set,DyF-ZTL-R,2,0.2,cyclic_flip,,,imbalanced,,imbalanced-R-U,"{""functional_ref"": ""reference""}",1.0,0.078125,0.7619047619047619,14.75,0,1.0,0.0,0.0,0,4,,4
trusted_set,DyF-ZTL-R,2,0.2,cyclic_flip,,,contam10,,contam10-R-U,"{""functional_ref"": ""reference""}",1.0,0.06437499999999996,0.7952286282306164,14.97,0,1.0,0.0,0.0,0,7,14.714285714285714,0
trusted_set,DyF-ZTL-R,2,0.2,cyclic_flip,,,contam5,,contam5-R-U,"{""functional_ref"": ""reference""}",1.0,0.057499999999999996,0.8130081300813008,15.08,0,1.0,0.0,0.0,0,5,18.4,0
trusted_set,DyF-ZTL-R,2,0.2,cyclic_flip,,,,100.0,size100-R-U,"{""functional_ref"": ""reference""}",0.9925,0.271875,0.47716346153846156,11.68,0,0.9925,0.0016666666666666668,0.75,0,19,12.2,4
trusted_set,DyF-ZTL-R,2,0.2,cyclic_flip,,,shifted,,shifted-R-U,"{""functional_ref"": ""reference""}",1.0,0.053749999999999964,0.823045267489712,15.14,0,1.0,0.0,0.0,0,1,,1
trusted_set,DyF-ZTL-R,2,0.2,cyclic_flip,,,,1200.0,size1200-R-U,"{""functional_ref"": ""reference""}",1.0,0.15874999999999995,0.6116207951070336,13.46,0,1.0,0.0,0.0,0,16,6.142857142857143,2
trusted_set,DyF-ZTL-R,2,0.2,cyclic_flip,,,missing2,,missing2-R-U,"{""functional_ref"": ""reference""}",1.0,0.16312499999999996,0.6051437216338881,13.39,0,1.0,0.0,0.0,0,11,7.5,3
trusted_set,DyF-ZTL-R,2,0.2,cyclic_flip,,,,300.0,size300-R-U,"{""functional_ref"": ""reference""}",0.9925,0.21437499999999998,0.5364864864864864,12.6,0,0.9925,0.001578947368421053,0.75,0,37,2.0625,5
trusted_set,DyF-ZTL-R,2,0.4,cyclic_flip,,,missing2,,missing2-R-U,"{""functional_ref"": ""reference""}",1.0,0.13749999999999996,0.8290155440414507,10.35,0,1.0,0.0,0.0,0,7,3.8,2
trusted_set,DyF-ZTL-R,2,0.4,cyclic_flip,,,contam10,,contam10-R-U,"{""functional_ref"": ""reference""}",1.0,0.05249999999999999,0.9269988412514485,11.37,0,1.0,0.0,0.0,0,5,12.6,0
trusted_set,DyF-ZTL-R,2,0.4,cyclic_flip,,,imbalanced,,imbalanced-R-U,"{""functional_ref"": ""reference""}",1.0,0.11583333333333334,0.8519701810436635,10.61,0,1.0,0.0,0.0,0,4,39.5,2
trusted_set,DyF-ZTL-R,2,0.4,cyclic_flip,,,contam5,,contam5-R-U,"{""functional_ref"": ""reference""}",1.0,0.04416666666666669,0.9378663540445487,11.47,0,1.0,0.0,0.0,0,3,17.666666666666668,0
trusted_set,DyF-ZTL-R,2,0.4,cyclic_flip,,,,1200.0,size1200-R-U,"{""functional_ref"": ""reference""}",1.0,0.09250000000000003,0.8781558726673985,10.89,0,1.0,0.0,0.0,0,10,1.125,2
trusted_set,DyF-ZTL-R,2,0.4,cyclic_flip,,,shifted,,shifted-R-U,"{""functional_ref"": ""reference""}",1.0,0.07666666666666666,0.8968609865470852,11.08,0,1.0,0.0,0.0,0,1,,1
trusted_set,DyF-ZTL-R,2,0.4,cyclic_flip,,,,300.0,size300-R-U,"{""functional_ref"": ""reference""}",0.99625,0.1266666666666667,0.839831401475237,10.51,0,0.99625,0.0019999999999999996,0.375,0,11,5.666666666666667,2
trusted_set,DyF-ZTL-R,2,0.4,cyclic_flip,,,,100.0,size100-R-U,"{""functional_ref"": ""reference""}",0.995,0.17833333333333334,0.7881188118811882,9.9,0,0.995,0.002666666666666666,0.5,0,17,7.125,1
trusted_set,DyF-ZTL-V-dg,0,0.2,cyclic_flip,,,contam10,,default-V-R-U,"{""functional_ref"": ""reference""}",0.9975,0.9475,0.208355091383812,0.85,92,0.9975,0.0016666666666666666,0.0,0,16,,16
trusted_set,DyF-ZTL-V-dg,0,0.2,cyclic_flip,,,,300.0,default-V-R-U,"{""functional_ref"": ""reference""}",1.0,0.995625,0.2007024586051179,0.07,97,1.0,0.0,0.0,0,16,,16
trusted_set,DyF-ZTL-V-dg,0,0.2,cyclic_flip,,,,1200.0,default-V-R-U,"{""functional_ref"": ""reference""}",1.0,0.5575,0.30959752321981426,7.08,0,1.0,0.0,0.0,0,16,13.5,8
trusted_set,DyF-ZTL-V-dg,0,0.2,cyclic_flip,,,missing2,,default-V-R-U,"{""functional_ref"": ""reference""}",0.9625,0.06437499999999996,0.7889344262295082,15.12,0,0.9625,0.009264705882352939,0.0,0,3,30.5,1
trusted_set,DyF-ZTL-V-dg,0,0.2,cyclic_flip,,,,100.0,default-V-R-U,"{""functional_ref"": ""reference""}",1.0,1.0,0.2,0.0,100,1.0,0.0,0.0,0,16,,16
trusted_set,DyF-ZTL-V-dg,0,0.2,cyclic_flip,,,contam5,,default-V-R-U,"{""functional_ref"": ""reference""}",0.985,0.41937500000000005,0.3699530516431925,9.35,3,0.985,0.0056978021978021974,0.0,0,77,7.466666666666667,2
trusted_set,DyF-ZTL-V-dg,0,0.2,cyclic_flip,,,imbalanced,,default-V-R-U,"{""functional_ref"": ""reference""}",0.855,0.06125000000000003,0.7772727272727272,15.6,0,0.855,0.03571323529411765,0.0,0,4,29.666666666666668,1
trusted_set,DyF-ZTL-V-dg,0,0.2,cyclic_flip,,,shifted,,default-V-R-U,"{""functional_ref"": ""reference""}",0.945,0.736875,0.24277456647398843,4.43,54,0.945,0.019494005994005994,0.0,0,16,,16
trusted_set,DyF-ZTL-V-dg,0,0.4,cyclic_flip,,,,100.0,default-V-R-U,"{""functional_ref"": ""reference""}",1.0,1.0,0.4,0.0,100,1.0,0.0,0.0,0,12,,12
trusted_set,DyF-ZTL-V-dg,0,0.4,cyclic_flip,,,imbalanced,,default-V-R-U,"{""functional_ref"": ""reference""}",0.95875,0.033333333333333326,0.9504337050805453,11.93,0,0.95875,0.026153846153846153,0.0,0,6,6.666666666666667,0
trusted_set,DyF-ZTL-V-dg,0,0.4,cyclic_flip,,,shifted,,default-V-R-U,"{""functional_ref"": ""reference""}",1.0,0.73,0.477326968973747,3.24,53,1.0,0.0,0.0,0,15,6.0,12
trusted_set,DyF-ZTL-V-dg,0,0.4,cyclic_flip,,,contam5,,default-V-R-U,"{""functional_ref"": ""reference""}",0.99875,0.5158333333333334,0.5634696755994358,5.82,27,0.99875,0.01,0.0,0,42,14.975609756097562,1
trusted_set,DyF-ZTL-V-dg,0,0.4,cyclic_flip,,,,1200.0,default-V-R-U,"{""functional_ref"": ""reference""}",1.0,0.44666666666666666,0.5988023952095808,6.64,0,1.0,0.0,0.0,0,11,4.0,7
trusted_set,DyF-ZTL-V-dg,0,0.4,cyclic_flip,,,,300.0,default-V-R-U,"{""functional_ref"": ""reference""}",1.0,0.9941666666666666,0.4014049172102358,0.07,97,1.0,0.0,0.0,0,12,,12
trusted_set,DyF-ZTL-V-dg,0,0.4,cyclic_flip,,,contam10,,default-V-R-U,"{""functional_ref"": ""reference""}",0.99875,0.925,0.4185437401781037,0.91,89,0.99875,0.0025,0.0,0,21,9.444444444444445,12
trusted_set,DyF-ZTL-V-dg,0,0.4,cyclic_flip,,,missing2,,default-V-R-U,"{""functional_ref"": ""reference""}",0.985,0.0625,0.9130938586326767,11.37,0,0.985,0.009230769230769232,0.0,0,3,9.0,2
trusted_set,DyF-ZTL-V-dg,1,0.2,cyclic_flip,,,missing2,,default-V-R-U,"{""functional_ref"": ""reference""}",1.0,0.05812499999999998,0.8113590263691683,15.07,0,1.0,0.0,0.0,0,10,4.333333333333333,1
trusted_set,DyF-ZTL-V-dg,1,0.2,cyclic_flip,,,,1200.0,default-V-R-U,"{""functional_ref"": ""reference""}",1.0,0.4375,0.36363636363636365,9.0,0,1.0,0.0,0.0,0,16,19.22222222222222,7
trusted_set,DyF-ZTL-V-dg,1,0.2,cyclic_flip,,,contam10,,default-V-R-U,"{""functional_ref"": ""reference""}",1.0,0.904375,0.2165674066053059,1.53,67,1.0,0.0,0.0,0,57,19.0,15
trusted_set,DyF-ZTL-V-dg,1,0.2,cyclic_flip,,,,300.0,default-V-R-U,"{""functional_ref"": ""reference""}",1.0,0.9875,0.20202020202020202,0.2,85,1.0,0.0,0.0,0,16,,16
trusted_set,DyF-ZTL-V-dg,1,0.2,cyclic_flip,,,contam5,,default-V-R-U,"{""functional_ref"": ""reference""}",1.0,0.35875,0.4106776180698152,10.26,0,1.0,0.0,0.0,0,88,6.1645569620253164,9
trusted_set,DyF-ZTL-V-dg,1,0.2,cyclic_flip,,,,100.0,default-V-R-U,"{""functional_ref"": ""reference""}",1.0,1.0,0.2,0.0,100,1.0,0.0,0.0,0,16,,16
trusted_set,DyF-ZTL-V-dg,1,0.2,cyclic_flip,,,imbalanced,,default-V-R-U,"{""functional_ref"": ""reference""}",1.0,0.018124999999999947,0.9324009324009324,15.71,0,1.0,0.0,0.0,0,15,1.9333333333333333,0
trusted_set,DyF-ZTL-V-dg,1,0.2,cyclic_flip,,,shifted,,default-V-R-U,"{""functional_ref"": ""reference""}",1.0,0.795625,0.2390914524805738,3.27,67,1.0,0.0,0.0,0,19,3.3333333333333335,16
trusted_set,DyF-ZTL-V-dg,1,0.4,cyclic_flip,,,contam5,,default-V-R-U,"{""functional_ref"": ""reference""}",1.0,0.2666666666666667,0.7142857142857143,8.8,0,1.0,0.0,0.0,0,67,4.507936507936508,4
trusted_set,DyF-ZTL-V-dg,1,0.4,cyclic_flip,,,missing2,,default-V-R-U,"{""functional_ref"": ""reference""}",1.0,0.0,1.0,12.0,0,1.0,0.0,0.0,0,0,,0
trusted_set,DyF-ZTL-V-dg,1,0.4,cyclic_flip,,,,300.0,default-V-R-U,"{""functional_ref"": ""reference""}",1.0,0.9841666666666666,0.4038364462392731,0.19,85,1.0,0.0,0.0,0,12,,12
trusted_set,DyF-ZTL-V-dg,1,0.4,cyclic_flip,,,,1200.0,default-V-R-U,"{""functional_ref"": ""reference""}",1.0,0.8508333333333333,0.43931905546403077,1.79,51,1.0,0.0,0.0,0,22,15.5,12
trusted_set,DyF-ZTL-V-dg,1,0.4,cyclic_flip,,,shifted,,default-V-R-U,"{""functional_ref"": ""reference""}",1.0,0.7825,0.46003450258769407,2.61,57,1.0,0.0,0.0,0,12,,12
trusted_set,DyF-ZTL-V-dg,1,0.4,cyclic_flip,,,imbalanced,,default-V-R-U,"{""functional_ref"": ""reference""}",1.0,0.0008333333333333526,0.9987515605493134,11.99,0,1.0,0.0,0.0,0,1,,1
trusted_set,DyF-ZTL-V-dg,1,0.4,cyclic_flip,,,,100.0,default-V-R-U,"{""functional_ref"": ""reference""}",1.0,1.0,0.4,0.0,100,1.0,0.0,0.0,0,12,,12
trusted_set,DyF-ZTL-V-dg,1,0.4,cyclic_flip,,,contam10,,default-V-R-U,"{""functional_ref"": ""reference""}",1.0,0.9075,0.4235044997353097,1.11,74,1.0,0.0,0.0,0,42,19.3,12
trusted_set,DyF-ZTL-V-dg,2,0.2,cyclic_flip,,,contam10,,default-V-R-U,"{""functional_ref"": ""reference""}",1.0,0.93875,0.2103049421661409,0.98,91,1.0,0.0,0.0,0,16,,16
trusted_set,DyF-ZTL-V-dg,2,0.2,cyclic_flip,,,,1200.0,default-V-R-U,"{""functional_ref"": ""reference""}",1.0,0.6131249999999999,0.28964518464880523,6.19,0,1.0,0.0,0.0,0,37,8.035714285714286,9
trusted_set,DyF-ZTL-V-dg,2,0.2,cyclic_flip,,,shifted,,default-V-R-U,"{""functional_ref"": ""reference""}",1.0,0.35687500000000005,0.411946446961895,10.29,0,1.0,0.0,0.0,0,17,8.375,9
trusted_set,DyF-ZTL-V-dg,2,0.2,cyclic_flip,,,,100.0,default-V-R-U,"{""functional_ref"": ""reference""}",1.0,1.0,0.2,0.0,100,1.0,0.0,0.0,0,16,,16
trusted_set,DyF-ZTL-V-dg,2,0.2,cyclic_flip,,,,300.0,default-V-R-U,"{""functional_ref"": ""reference""}",1.0,0.989375,0.20171457387796268,0.17,90,1.0,0.0,0.0,0,16,,16
trusted_set,DyF-ZTL-V-dg,2,0.2,cyclic_flip,,,imbalanced,,default-V-R-U,"{""functional_ref"": ""reference""}",1.0,0.39749999999999996,0.3861003861003861,9.64,0,1.0,0.0,0.0,0,36,5.6923076923076925,10
trusted_set,DyF-ZTL-V-dg,2,0.2,cyclic_flip,,,missing2,,default-V-R-U,"{""functional_ref"": ""reference""}",1.0,0.43437499999999996,0.365296803652968,9.05,0,1.0,0.0,0.0,0,17,25.375,9
trusted_set,DyF-ZTL-V-dg,2,0.2,cyclic_flip,,,contam5,,default-V-R-U,"{""functional_ref"": ""reference""}",1.0,0.7975,0.2386634844868735,3.24,14,1.0,0.0,0.0,0,111,5.670103092783505,14
trusted_set,DyF-ZTL-V-dg,2,0.4,cyclic_flip,,,contam5,,default-V-R-U,"{""functional_ref"": ""reference""}",1.0,0.595,0.5284015852047557,4.86,0,1.0,0.0,0.0,0,104,5.163265306122449,6
trusted_set,DyF-ZTL-V-dg,2,0.4,cyclic_flip,,,,1200.0,default-V-R-U,"{""functional_ref"": ""reference""}",1.0,0.5925,0.5294506949040371,4.89,0,1.0,0.0,0.0,0,33,4.56,8
trusted_set,DyF-ZTL-V-dg,2,0.4,cyclic_flip,,,,300.0,default-V-R-U,"{""functional_ref"": ""reference""}",1.0,0.9875,0.40302267002518893,0.15,88,1.0,0.0,0.0,0,12,,12
trusted_set,DyF-ZTL-V-dg,2,0.4,cyclic_flip,,,shifted,,default-V-R-U,"{""functional_ref"": ""reference""}",1.0,0.6316666666666666,0.5134788189987163,4.42,29,1.0,0.0,0.0,0,15,5.666666666666667,12
trusted_set,DyF-ZTL-V-dg,2,0.4,cyclic_flip,,,,100.0,default-V-R-U,"{""functional_ref"": ""reference""}",1.0,1.0,0.4,0.0,100,1.0,0.0,0.0,0,12,,12
trusted_set,DyF-ZTL-V-dg,2,0.4,cyclic_flip,,,imbalanced,,default-V-R-U,"{""functional_ref"": ""reference""}",1.0,0.2975,0.6914433880726015,8.43,0,1.0,0.0,0.0,0,14,12.090909090909092,3
trusted_set,DyF-ZTL-V-dg,2,0.4,cyclic_flip,,,missing2,,default-V-R-U,"{""functional_ref"": ""reference""}",1.0,0.16083333333333338,0.8056394763343404,10.07,0,1.0,0.0,0.0,0,13,8.636363636363637,2
trusted_set,DyF-ZTL-V-dg,2,0.4,cyclic_flip,,,contam10,,default-V-R-U,"{""functional_ref"": ""reference""}",1.0,0.9483333333333334,0.41279669762641896,0.62,93,1.0,0.0,0.0,0,12,,12
trusted_set,DyF-ZTL-V-dg,3,0.2,cyclic_flip,,,,1200.0,default-V-R-U,"{""functional_ref"": ""reference""}",1.0,0.615625,0.2888086642599278,6.15,0,1.0,0.0,0.0,0,33,6.391304347826087,10
trusted_set,DyF-ZTL-V-dg,3,0.2,cyclic_flip,,,imbalanced,,default-V-R-U,"{""functional_ref"": ""reference""}",1.0,0.22562499999999996,0.5256241787122208,12.39,0,1.0,0.0,0.0,0,18,5.7272727272727275,7
trusted_set,DyF-ZTL-V-dg,3,0.2,cyclic_flip,,,,100.0,default-V-R-U,"{""functional_ref"": ""reference""}",1.0,1.0,0.2,0.0,100,1.0,0.0,0.0,0,16,,16
trusted_set,DyF-ZTL-V-dg,3,0.2,cyclic_flip,,,contam10,,default-V-R-U,"{""functional_ref"": ""reference""}",1.0,0.953125,0.2077922077922078,0.75,93,1.0,0.0,0.0,0,16,,16
trusted_set,DyF-ZTL-V-dg,3,0.2,cyclic_flip,,,contam5,,default-V-R-U,"{""functional_ref"": ""reference""}",1.0,0.93375,0.21119324181626187,1.06,85,1.0,0.0,0.0,0,20,8.5,16
trusted_set,DyF-ZTL-V-dg,3,0.2,cyclic_flip,,,shifted,,default-V-R-U,"{""functional_ref"": ""reference""}",1.0,0.6368750000000001,0.28188865398167723,5.81,34,1.0,0.0,0.0,0,16,,16
trusted_set,DyF-ZTL-V-dg,3,0.2,cyclic_flip,,,,300.0,default-V-R-U,"{""functional_ref"": ""reference""}",1.0,0.985625,0.20232675771370764,0.23,80,1.0,0.0,0.0,0,16,,16
trusted_set,DyF-ZTL-V-dg,3,0.2,cyclic_flip,,,missing2,,default-V-R-U,"{""functional_ref"": ""reference""}",1.0,0.29000000000000004,0.46296296296296297,11.36,0,1.0,0.0,0.0,0,15,8.285714285714286,8
trusted_set,DyF-ZTL-V-dg,3,0.4,cyclic_flip,,,imbalanced,,default-V-R-U,"{""functional_ref"": ""reference""}",0.9925,0.3566666666666667,0.6497545008183306,7.78,0,0.9925,0.005,0.0,0,21,9.2,6
trusted_set,DyF-ZTL-V-dg,3,0.4,cyclic_flip,,,shifted,,default-V-R-U,"{""functional_ref"": ""reference""}",1.0,0.7208333333333333,0.4804804804804805,3.35,50,1.0,0.0,0.0,0,14,13.5,12
trusted_set,DyF-ZTL-V-dg,3,0.4,cyclic_flip,,,missing2,,default-V-R-U,"{""functional_ref"": ""reference""}",1.0,0.3408333333333333,0.6617038875103392,7.91,0,1.0,0.0,0.0,0,15,2.5555555555555554,6
trusted_set,DyF-ZTL-V-dg,3,0.4,cyclic_flip,,,,1200.0,default-V-R-U,"{""functional_ref"": ""reference""}",1.0,0.7241666666666666,0.4793289394847214,3.31,25,1.0,0.0,0.0,0,27,8.333333333333334,12
trusted_set,DyF-ZTL-V-dg,3,0.4,cyclic_flip,,,,300.0,default-V-R-U,"{""functional_ref"": ""reference""}",0.99875,0.9858333333333333,0.4031281533804238,0.18,84,0.99875,0.003333333333333333,0.125,0,12,,12
trusted_set,DyF-ZTL-V-dg,3,0.4,cyclic_flip,,,contam10,,default-V-R-U,"{""functional_ref"": ""reference""}",1.0,0.9508333333333333,0.4121586810922205,0.59,93,1.0,0.0,0.0,0,12,,12
trusted_set,DyF-ZTL-V-dg,3,0.4,cyclic_flip,,,contam5,,default-V-R-U,"{""functional_ref"": ""reference""}",1.0,0.8825000000000001,0.4303388918773534,1.41,48,1.0,0.0,0.0,0,62,11.615384615384615,10
trusted_set,DyF-ZTL-V-dg,3,0.4,cyclic_flip,,,,100.0,default-V-R-U,"{""functional_ref"": ""reference""}",1.0,1.0,0.4,0.0,100,1.0,0.0,0.0,0,12,,12
trusted_set,DyF-ZTL-V-dg,4,0.2,cyclic_flip,,,contam10,,default-V-R-U,"{""functional_ref"": ""reference""}",0.995,0.928125,0.21136484333510355,1.17,75,0.995,0.0047619047619047615,0.0,0,55,19.75609756097561,14
trusted_set,DyF-ZTL-V-dg,4,0.2,cyclic_flip,,,,1200.0,default-V-R-U,"{""functional_ref"": ""reference""}",0.9925,0.54125,0.3143309580364212,7.37,0,0.9925,0.0034999999999999996,0.0,0,12,17.0,10
trusted_set,DyF-ZTL-V-dg,4,0.2,cyclic_flip,,,missing2,,default-V-R-U,"{""functional_ref"": ""reference""}",1.0,0.018124999999999947,0.9324009324009324,15.71,0,1.0,0.0,0.0,0,1,,1
trusted_set,DyF-ZTL-V-dg,4,0.2,cyclic_flip,,,,300.0,default-V-R-U,"{""functional_ref"": ""reference""}",0.9975,0.990625,0.20110887096774194,0.16,85,0.9975,0.005,0.25,0,16,,16
trusted_set,DyF-ZTL-V-dg,4,0.2,cyclic_flip,,,,100.0,default-V-R-U,"{""functional_ref"": ""reference""}",1.0,1.0,0.2,0.0,100,1.0,0.0,0.0,0,16,,16
trusted_set,DyF-ZTL-V-dg,4,0.2,cyclic_flip,,,imbalanced,,default-V-R-U,"{""functional_ref"": ""reference""}",1.0,0.016874999999999973,0.936768149882904,15.73,0,1.0,0.0,0.0,0,7,2.5,1
trusted_set,DyF-ZTL-V-dg,4,0.2,cyclic_flip,,,shifted,,default-V-R-U,"{""functional_ref"": ""reference""}",1.0,0.74,0.25252525252525254,4.16,47,1.0,0.0,0.0,0,19,6.333333333333333,16
trusted_set,DyF-ZTL-V-dg,4,0.2,cyclic_flip,,,contam5,,default-V-R-U,"{""functional_ref"": ""reference""}",1.0,0.5325,0.3194888178913738,7.48,4,1.0,0.0,0.0,0,97,8.619565217391305,5
trusted_set,DyF-ZTL-V-dg,4,0.4,cyclic_flip,,,,100.0,default-V-R-U,"{""functional_ref"": ""reference""}",1.0,1.0,0.4,0.0,100,1.0,0.0,0.0,0,12,,12
trusted_set,DyF-ZTL-V-dg,4,0.4,cyclic_flip,,,imbalanced,,default-V-R-U,"{""functional_ref"": ""reference""}",0.985,0.0,1.0,12.12,0,0.985,0.009230769230769232,0.0,0,0,,0
trusted_set,DyF-ZTL-V-dg,4,0.4,cyclic_flip,,,missing2,,default-V-R-U,"{""functional_ref"": ""reference""}",1.0,0.0,1.0,12.0,0,1.0,0.0,0.0,0,0,,0
trusted_set,DyF-ZTL-V-dg,4,0.4,cyclic_flip,,,contam10,,default-V-R-U,"{""functional_ref"": ""reference""}",1.0,0.9325,0.41688379364252215,0.81,76,1.0,0.0,0.0,0,39,18.03448275862069,10
trusted_set,DyF-ZTL-V-dg,4,0.4,cyclic_flip,,,shifted,,default-V-R-U,"{""functional_ref"": ""reference""}",0.9975,0.7441666666666666,0.47191011235955055,3.09,60,0.9975,0.004,0.0,0,12,,12
trusted_set,DyF-ZTL-V-dg,4,0.4,cyclic_flip,,,,300.0,default-V-R-U,"{""functional_ref"": ""reference""}",0.99875,0.9875,0.4027217741935484,0.16,85,0.99875,0.005,0.125,0,12,,12
trusted_set,DyF-ZTL-V-dg,4,0.4,cyclic_flip,,,,1200.0,default-V-R-U,"{""functional_ref"": ""reference""}",1.0,0.20999999999999996,0.7604562737642585,9.48,0,1.0,0.0,0.0,0,7,5.25,3
trusted_set,DyF-ZTL-V-dg,4,0.4,cyclic_flip,,,contam5,,default-V-R-U,"{""functional_ref"": ""reference""}",1.0,0.29166666666666663,0.6956521739130435,8.5,3,1.0,0.0,0.0,0,64,5.258064516129032,2
trusted_set,DyF-ZTL-V,0,0.2,cyclic_flip,,,shifted,,shifted-V-R-U,"{""functional_ref"": ""reference""}",0.8475,0.11250000000000004,0.653179190751445,14.81,0,0.8475,0.04063267614738203,0.0,0,6,34.666666666666664,3
trusted_set,DyF-ZTL-V,0,0.2,cyclic_flip,,,contam10,,contam10-V-R-U,"{""functional_ref"": ""reference""}",1.0,0.32437499999999997,0.4352557127312296,10.81,0,1.0,0.0,0.0,0,35,12.352941176470589,1
trusted_set,DyF-ZTL-V,0,0.2,cyclic_flip,,,,300.0,size300-V-R-U,"{""functional_ref"": ""reference""}",0.94,0.10124999999999995,0.6988847583643123,14.62,0,0.94,0.015808473389355742,0.0,0,15,9.23076923076923,2
trusted_set,DyF-ZTL-V,0,0.2,cyclic_flip,,,,1200.0,size1200-V-R-U,"{""functional_ref"": ""reference""}",0.9275,0.10375000000000001,0.6908752327746741,14.63,0,0.9275,0.019291666666666665,0.0,0,10,13.714285714285714,3
trusted_set,DyF-ZTL-V,0,0.2,cyclic_flip,,,contam5,,contam5-V-R-U,"{""functional_ref"": ""reference""}",0.94,0.11312500000000003,0.6750448833034112,14.43,0,0.94,0.016530677655677655,0.0,0,15,6.142857142857143,1
trusted_set,DyF-ZTL-V,0,0.2,cyclic_flip,,,,100.0,size100-V-R-U,"{""functional_ref"": ""reference""}",0.84,0.156875,0.5724020442930153,14.13,0,0.84,0.044670819376701726,0.25,0,6,15.5,2
trusted_set,DyF-ZTL-V,0,0.2,cyclic_flip,,,missing2,,missing2-V-R-U,"{""functional_ref"": ""reference""}",1.0,0.08187500000000003,0.7532956685499058,14.69,0,1.0,0.0,0.0,0,7,5.166666666666667,1
trusted_set,DyF-ZTL-V,0,0.2,cyclic_flip,,,imbalanced,,imbalanced-V-R-U,"{""functional_ref"": ""reference""}",0.85,0.004375000000000018,0.9798270893371758,16.53,0,0.85,0.03529411764705883,0.0,0,2,3.5,0
trusted_set,DyF-ZTL-V,0,0.4,cyclic_flip,,,,100.0,size100-V-R-U,"{""functional_ref"": ""reference""}",0.96,0.14416666666666667,0.8161530286928799,10.59,0,0.96,0.027424242424242427,0.75,0,10,16.22222222222222,1
trusted_set,DyF-ZTL-V,0,0.4,cyclic_flip,,,contam10,,contam10-V-R-U,"{""functional_ref"": ""reference""}",1.0,0.8425,0.4417448923246825,1.89,51,1.0,0.0,0.0,0,50,13.205128205128204,11
trusted_set,DyF-ZTL-V,0,0.4,cyclic_flip,,,,1200.0,size1200-V-R-U,"{""functional_ref"": ""reference""}",0.995,0.04916666666666669,0.9309941520467836,11.45,0,0.995,0.0033076923076923084,0.0,0,7,8.428571428571429,0
trusted_set,DyF-ZTL-V,0,0.4,cyclic_flip,,,shifted,,shifted-V-R-U,"{""functional_ref"": ""reference""}",0.9125,0.02749999999999997,0.9567496723460026,12.37,0,0.9125,0.05435897435897436,0.0,0,4,4.0,2
trusted_set,DyF-ZTL-V,0,0.4,cyclic_flip,,,,300.0,size300-V-R-U,"{""functional_ref"": ""reference""}",0.98375,0.03166666666666662,0.953939393939394,11.75,0,0.98375,0.01,0.0,0,10,3.5555555555555554,1
trusted_set,DyF-ZTL-V,0,0.4,cyclic_flip,,,contam5,,contam5-V-R-U,"{""functional_ref"": ""reference""}",1.0,0.2891666666666667,0.6974716652136007,8.53,9,1.0,0.0,0.0,0,22,15.772727272727273,0
trusted_set,DyF-ZTL-V,0,0.4,cyclic_flip,,,missing2,,missing2-V-R-U,"{""functional_ref"": ""reference""}",0.98125,0.04583333333333328,0.9345238095238095,11.6,0,0.98125,0.0125,0.0,0,3,23.0,1
trusted_set,DyF-ZTL-V,0,0.4,cyclic_flip,,,imbalanced,,imbalanced-V-R-U,"{""functional_ref"": ""reference""}",0.91875,0.004166666666666652,0.9932432432432432,12.6,0,0.91875,0.05032051282051282,0.0,0,1,5.0,0
trusted_set,DyF-ZTL-V,1,0.2,cyclic_flip,,,contam10,,contam10-V-R-U,"{""functional_ref"": ""reference""}",1.0,0.09437499999999999,0.7259528130671506,14.49,0,1.0,0.0,0.0,0,18,8.705882352941176,1
trusted_set,DyF-ZTL-V,1,0.2,cyclic_flip,,,imbalanced,,imbalanced-V-R-U,"{""functional_ref"": ""reference""}",1.0,0.005624999999999991,0.9779951100244498,15.91,0,1.0,0.0,0.0,0,6,1.5,0
trusted_set,DyF-ZTL-V,1,0.2,cyclic_flip,,,,100.0,size100-V-R-U,"{""functional_ref"": ""reference""}",0.995,0.13624999999999998,0.6461038961038961,13.84,0,0.995,0.001176470588235294,0.5,0,18,10.3125,2
trusted_set,DyF-ZTL-V,1,0.2,cyclic_flip,,,,1200.0,size1200-V-R-U,"{""functional_ref"": ""reference""}",1.0,0.13937500000000003,0.6420545746388443,13.77,0,1.0,0.0,0.0,0,20,8.588235294117647,3
trusted_set,DyF-ZTL-V,1,0.2,cyclic_flip,,,shifted,,shifted-V-R-U,"{""functional_ref"": ""reference""}",1.0,0.09062499999999996,0.7339449541284404,14.55,0,1.0,0.0,0.0,0,14,6.454545454545454,3
trusted_set,DyF-ZTL-V,1,0.2,cyclic_flip,,,missing2,,missing2-V-R-U,"{""functional_ref"": ""reference""}",1.0,0.06187500000000001,0.8016032064128257,15.01,0,1.0,0.0,0.0,0,2,,2
trusted_set,DyF-ZTL-V,1,0.2,cyclic_flip,,,,300.0,size300-V-R-U,"{""functional_ref"": ""reference""}",0.9975,0.19937499999999997,0.5557103064066853,12.82,0,0.9975,0.000588235294117647,0.25,0,56,3.0555555555555554,2
trusted_set,DyF-ZTL-V,1,0.2,cyclic_flip,,,contam5,,contam5-V-R-U,"{""functional_ref"": ""reference""}",1.0,0.03312499999999996,0.8830022075055187,15.47,0,1.0,0.0,0.0,0,7,7.571428571428571,0
trusted_set,DyF-ZTL-V,1,0.4,cyclic_flip,,,,100.0,size100-V-R-U,"{""functional_ref"": ""reference""}",0.9975,0.19666666666666666,0.7717601547388782,9.66,0,0.9975,0.0014285714285714286,0.25,0,20,6.823529411764706,3
trusted_set,DyF-ZTL-V,1,0.4,cyclic_flip,,,contam5,,contam5-V-R-U,"{""functional_ref"": ""reference""}",1.0,0.02833333333333332,0.9592326139088729,11.66,0,1.0,0.0,0.0,0,7,5.333333333333333,1
trusted_set,DyF-ZTL-V,1,0.4,cyclic_flip,,,missing2,,missing2-V-R-U,"{""functional_ref"": ""reference""}",1.0,0.0,1.0,12.0,0,1.0,0.0,0.0,0,0,,0
trusted_set,DyF-ZTL-V,1,0.4,cyclic_flip,,,,1200.0,size1200-V-R-U,"{""functional_ref"": ""reference""}",1.0,0.16749999999999998,0.7992007992007992,9.99,0,1.0,0.0,0.0,0,4,16.5,2
trusted_set,DyF-ZTL-V,1,0.4,cyclic_flip,,,,300.0,size300-V-R-U,"{""functional_ref"": ""reference""}",0.9975,0.19666666666666666,0.7717601547388782,9.66,0,0.9975,0.0014285714285714286,0.25,0,4,1.0,3
trusted_set,DyF-ZTL-V,1,0.4,cyclic_flip,,,imbalanced,,imbalanced-V-R-U,"{""functional_ref"": ""reference""}",1.0,0.012499999999999956,0.9815950920245399,11.85,0,1.0,0.0,0.0,0,9,1.6666666666666667,0
trusted_set,DyF-ZTL-V,1,0.4,cyclic_flip,,,contam10,,contam10-V-R-U,"{""functional_ref"": ""reference""}",1.0,0.1841666666666667,0.7835455435847208,9.79,0,1.0,0.0,0.0,0,25,9.863636363636363,3
trusted_set,DyF-ZTL-V,1,0.4,cyclic_flip,,,shifted,,shifted-V-R-U,"{""functional_ref"": ""reference""}",1.0,0.22583333333333333,0.7469654528478058,9.29,0,1.0,0.0,0.0,0,16,4.181818181818182,5
trusted_set,DyF-ZTL-V,2,0.2,cyclic_flip,,,shifted,,shifted-V-R-U,"{""functional_ref"": ""reference""}",1.0,0.05062500000000003,0.8316008316008316,15.19,0,1.0,0.0,0.0,0,2,,2
trusted_set,DyF-ZTL-V,2,0.2,cyclic_flip,,,,300.0,size300-V-R-U,"{""functional_ref"": ""reference""}",0.9925,0.18312499999999998,0.5753623188405798,13.1,0,0.9925,0.0015789473684210526,0.75,0,21,6.052631578947368,2
trusted_set,DyF-ZTL-V,2,0.2,cyclic_flip,,,,1200.0,size1200-V-R-U,"{""functional_ref"": ""reference""}",1.0,0.12624999999999997,0.6644518272425249,13.98,0,1.0,0.0,0.0,0,15,2.5384615384615383,2
trusted_set,DyF-ZTL-V,2,0.2,cyclic_flip,,,missing2,,missing2-V-R-U,"{""functional_ref"": ""reference""}",1.0,0.09812500000000002,0.718132854578097,14.43,0,1.0,0.0,0.0,0,5,3.0,2
trusted_set,DyF-ZTL-V,2,0.2,cyclic_flip,,,contam5,,contam5-V-R-U,"{""functional_ref"": ""reference""}",1.0,0.09812500000000002,0.718132854578097,14.43,0,1.0,0.0,0.0,0,8,12.5,2
trusted_set,DyF-ZTL-V,2,0.2,cyclic_flip,,,,100.0,size100-V-R-U,"{""functional_ref"": ""reference""}",0.9925,0.306875,0.44707207207207206,11.12,0,0.9925,0.0016666666666666672,0.75,0,23,12.631578947368421,4
trusted_set,DyF-ZTL-V,2,0.2,cyclic_flip,,,contam10,,contam10-V-R-U,"{""functional_ref"": ""reference""}",1.0,0.7424999999999999,0.2518891687657431,4.12,13,1.0,0.0,0.0,0,83,8.104477611940299,16
trusted_set,DyF-ZTL-V,2,0.2,cyclic_flip,,,imbalanced,,imbalanced-V-R-U,"{""functional_ref"": ""reference""}",1.0,0.08562499999999995,0.74487895716946,14.63,0,1.0,0.0,0.0,0,3,,3
trusted_set,DyF-ZTL-V,2,0.4,cyclic_flip,,,shifted,,shifted-V-R-U,"{""functional_ref"": ""reference""}",1.0,0.07499999999999996,0.898876404494382,11.1,0,1.0,0.0,0.0,0,1,,1
trusted_set,DyF-ZTL-V,2,0.4,cyclic_flip,,,,100.0,size100-V-R-U,"{""functional_ref"": ""reference""}",0.995,0.1691666666666667,0.7967967967967968,10.01,0,0.995,0.0026666666666666666,0.5,0,13,8.583333333333334,1
trusted_set,DyF-ZTL-V,2,0.4,cyclic_flip,,,,300.0,size300-V-R-U,"{""functional_ref"": ""reference""}",0.99625,0.09333333333333338,0.8767876787678768,10.91,0,0.99625,0.002,0.375,0,8,2.142857142857143,1
trusted_set,DyF-ZTL-V,2,0.4,cyclic_flip,,,missing2,,missing2-V-R-U,"{""functional_ref"": ""reference""}",1.0,0.08499999999999996,0.8869179600886918,10.98,0,1.0,0.0,0.0,0,2,9.0,1
trusted_set,DyF-ZTL-V,2,0.4,cyclic_flip,,,imbalanced,,imbalanced-V-R-U,"{""functional_ref"": ""reference""}",1.0,0.08916666666666662,0.8820286659316428,10.93,0,1.0,0.0,0.0,0,6,1.75,2
trusted_set,DyF-ZTL-V,2,0.4,cyclic_flip,,,,1200.0,size1200-V-R-U,"{""functional_ref"": ""reference""}",1.0,0.08333333333333337,0.8888888888888888,11.0,0,1.0,0.0,0.0,0,3,1.0,1
trusted_set,DyF-ZTL-V,2,0.4,cyclic_flip,,,contam10,,contam10-V-R-U,"{""functional_ref"": ""reference""}",1.0,0.8933333333333333,0.42735042735042733,1.28,64,1.0,0.0,0.0,0,42,13.8,12
trusted_set,DyF-ZTL-V,2,0.4,cyclic_flip,,,contam5,,contam5-V-R-U,"{""functional_ref"": ""reference""}",1.0,0.2816666666666666,0.70298769771529,8.62,0,1.0,0.0,0.0,0,20,6.666666666666667,5
trusted_set,DyF-ZTL-V,3,0.2,cyclic_flip,,,contam5,,contam5-V-R-U,"{""functional_ref"": ""reference""}",1.0,0.07187500000000002,0.7766990291262136,14.85,0,1.0,0.0,0.0,0,3,8.0,1
trusted_set,DyF-ZTL-V,3,0.2,cyclic_flip,,,missing2,,missing2-V-R-U,"{""functional_ref"": ""reference""}",1.0,0.08437499999999998,0.7476635514018691,14.65,0,1.0,0.0,0.0,0,10,4.875,2
trusted_set,DyF-ZTL-V,3,0.2,cyclic_flip,,,imbalanced,,imbalanced-V-R-U,"{""functional_ref"": ""reference""}",1.0,0.12062499999999998,0.6745362563237775,14.07,0,1.0,0.0,0.0,0,12,5.444444444444445,3
trusted_set,DyF-ZTL-V,3,0.2,cyclic_flip,,,contam10,,contam10-V-R-U,"{""functional_ref"": ""reference""}",1.0,0.863125,0.22459292532285233,2.19,56,1.0,0.0,0.0,0,48,14.088235294117647,14
trusted_set,DyF-ZTL-V,3,0.2,cyclic_flip,,,shifted,,shifted-V-R-U,"{""functional_ref"": ""reference""}",1.0,0.06562500000000004,0.7920792079207921,14.95,0,1.0,0.0,0.0,0,3,1.0,2
trusted_set,DyF-ZTL-V,3,0.2,cyclic_flip,,,,1200.0,size1200-V-R-U,"{""functional_ref"": ""reference""}",1.0,0.15000000000000002,0.625,13.6,0,1.0,0.0,0.0,0,14,3.888888888888889,5
trusted_set,DyF-ZTL-V,3,0.2,cyclic_flip,,,,100.0,size100-V-R-U,"{""functional_ref"": ""reference""}",1.0,0.10124999999999995,0.7117437722419929,14.38,0,1.0,0.0,0.0,0,12,10.5,2
trusted_set,DyF-ZTL-V,3,0.2,cyclic_flip,,,,300.0,size300-V-R-U,"{""functional_ref"": ""reference""}",1.0,0.09187500000000004,0.7312614259597806,14.53,0,1.0,0.0,0.0,0,11,2.625,3
trusted_set,DyF-ZTL-V,3,0.4,cyclic_flip,,,,300.0,size300-V-R-U,"{""functional_ref"": ""reference""}",0.9875,0.1166666666666667,0.8494623655913979,10.7,0,0.9875,0.007582417582417582,0.25,0,19,4.5625,3
trusted_set,DyF-ZTL-V,3,0.4,cyclic_flip,,,,1200.0,size1200-V-R-U,"{""functional_ref"": ""reference""}",0.99875,0.14583333333333337,0.8203285420944558,10.26,0,0.99875,0.0008333333333333334,0.0,0,6,5.333333333333333,3
trusted_set,DyF-ZTL-V,3,0.4,cyclic_flip,,,,100.0,size100-V-R-U,"{""functional_ref"": ""reference""}",0.99125,0.12250000000000005,0.8436170212765958,10.6,0,0.99125,0.005833333333333334,0.125,0,11,13.0,3
trusted_set,DyF-ZTL-V,3,0.4,cyclic_flip,,,contam10,,contam10-V-R-U,"{""functional_ref"": ""reference""}",1.0,0.9233333333333333,0.4192872117400419,0.92,86,1.0,0.0,0.0,0,13,9.0,12
trusted_set,DyF-ZTL-V,3,0.4,cyclic_flip,,,imbalanced,,imbalanced-V-R-U,"{""functional_ref"": ""reference""}",0.99375,0.11166666666666669,0.8557588805166846,10.71,0,0.99375,0.004166666666666667,0.0,0,4,7.0,2
trusted_set,DyF-ZTL-V,3,0.4,cyclic_flip,,,contam5,,contam5-V-R-U,"{""functional_ref"": ""reference""}",1.0,0.22416666666666663,0.7483629560336763,9.31,0,1.0,0.0,0.0,0,20,8.947368421052632,1
trusted_set,DyF-ZTL-V,3,0.4,cyclic_flip,,,missing2,,missing2-V-R-U,"{""functional_ref"": ""reference""}",1.0,0.1775,0.7897334649555775,9.87,0,1.0,0.0,0.0,0,17,2.4545454545454546,6
trusted_set,DyF-ZTL-V,3,0.4,cyclic_flip,,,shifted,,shifted-V-R-U,"{""functional_ref"": ""reference""}",1.0,0.012499999999999956,0.9815950920245399,11.85,0,1.0,0.0,0.0,0,1,,1
trusted_set,DyF-ZTL-V,4,0.2,cyclic_flip,,,,1200.0,size1200-V-R-U,"{""functional_ref"": ""reference""}",1.0,0.10062499999999996,0.7130124777183601,14.39,0,1.0,0.0,0.0,0,16,10.285714285714286,2
trusted_set,DyF-ZTL-V,4,0.2,cyclic_flip,,,,100.0,size100-V-R-U,"{""functional_ref"": ""reference""}",0.945,0.19125000000000003,0.5526315789473685,13.16,0,0.945,0.015157159017453134,5.5,0,19,4.0,4
trusted_set,DyF-ZTL-V,4,0.2,cyclic_flip,,,imbalanced,,imbalanced-V-R-U,"{""functional_ref"": ""reference""}",1.0,0.010000000000000009,0.9615384615384616,15.84,0,1.0,0.0,0.0,0,5,2.0,1
trusted_set,DyF-ZTL-V,4,0.2,cyclic_flip,,,,300.0,size300-V-R-U,"{""functional_ref"": ""reference""}",0.97,0.13812500000000005,0.6371100164203612,13.91,0,0.97,0.008113095238095239,0.0,0,25,3.6818181818181817,3
trusted_set,DyF-ZTL-V,4,0.2,cyclic_flip,,,contam10,,contam10-V-R-U,"{""functional_ref"": ""reference""}",1.0,0.15874999999999995,0.6116207951070336,13.46,0,1.0,0.0,0.0,0,16,10.533333333333333,1
trusted_set,DyF-ZTL-V,4,0.2,cyclic_flip,,,contam5,,contam5-V-R-U,"{""functional_ref"": ""reference""}",1.0,0.08937499999999998,0.7366482504604052,14.57,0,1.0,0.0,0.0,0,10,9.11111111111111,1
trusted_set,DyF-ZTL-V,4,0.2,cyclic_flip,,,missing2,,missing2-V-R-U,"{""functional_ref"": ""reference""}",1.0,0.10812500000000003,0.6980802792321117,14.27,0,1.0,0.0,0.0,0,3,14.0,2
trusted_set,DyF-ZTL-V,4,0.2,cyclic_flip,,,shifted,,shifted-V-R-U,"{""functional_ref"": ""reference""}",1.0,0.09250000000000003,0.7299270072992701,14.52,0,1.0,0.0,0.0,0,11,6.75,3
trusted_set,DyF-ZTL-V,4,0.4,cyclic_flip,,,missing2,,missing2-V-R-U,"{""functional_ref"": ""reference""}",1.0,0.10583333333333333,0.8629989212513485,10.73,0,1.0,0.0,0.0,0,5,10.25,1
trusted_set,DyF-ZTL-V,4,0.4,cyclic_flip,,,contam5,,contam5-V-R-U,"{""functional_ref"": ""reference""}",1.0,0.10666666666666669,0.8620689655172413,10.72,0,1.0,0.0,0.0,0,18,6.6875,2
trusted_set,DyF-ZTL-V,4,0.4,cyclic_flip,,,,100.0,size100-V-R-U,"{""functional_ref"": ""reference""}",0.91,0.20999999999999996,0.7428571428571429,10.2,0,0.91,0.06543756243756245,9.0,0,26,4.7272727272727275,4
trusted_set,DyF-ZTL-V,4,0.4,cyclic_flip,,,,300.0,size300-V-R-U,"{""functional_ref"": ""reference""}",1.0,0.15083333333333337,0.8154943934760448,10.19,0,1.0,0.0,0.0,0,34,4.4,4
trusted_set,DyF-ZTL-V,4,0.4,cyclic_flip,,,shifted,,shifted-V-R-U,"{""functional_ref"": ""reference""}",0.90125,0.0,1.0,12.79,0,0.90125,0.060769230769230756,0.0,0,0,,0
trusted_set,DyF-ZTL-V,4,0.4,cyclic_flip,,,,1200.0,size1200-V-R-U,"{""functional_ref"": ""reference""}",1.0,0.18666666666666665,0.78125,9.76,0,1.0,0.0,0.0,0,9,9.571428571428571,2
trusted_set,DyF-ZTL-V,4,0.4,cyclic_flip,,,contam10,,contam10-V-R-U,"{""functional_ref"": ""reference""}",1.0,0.775,0.4624277456647399,2.7,24,1.0,0.0,0.0,0,72,8.777777777777779,9
trusted_set,DyF-ZTL-V,4,0.4,cyclic_flip,,,imbalanced,,imbalanced-V-R-U,"{""functional_ref"": ""reference""}",1.0,0.07583333333333331,0.8978675645342312,11.09,0,1.0,0.0,0.0,0,11,3.888888888888889,2
trusted_set,DyF-ZTL,0,0.2,cyclic_flip,,,,100.0,size100-U,{},0.9225,0.17437499999999995,0.5694444444444444,13.52,0,0.9225,0.022174847211611913,0.5,0,28,6.384615384615385,2
trusted_set,DyF-ZTL,0,0.2,cyclic_flip,,,contam10,,contam10-U,{},0.97,0.07750000000000001,0.7578125,14.88,0,0.97,0.008549297924297925,2.75,0,11,11.272727272727273,0
trusted_set,DyF-ZTL,0,0.2,cyclic_flip,,,shifted,,shifted-U,{},0.8575,0.11312500000000003,0.6545801526717557,14.76,0,0.8575,0.03514052287581699,14.25,0,13,2.3333333333333335,4
trusted_set,DyF-ZTL,0,0.2,cyclic_flip,,,contam5,,contam5-U,{},0.8725,0.04937499999999995,0.8154205607476636,15.72,0,0.8725,0.031587166918049275,3.75,0,6,13.166666666666666,0
trusted_set,DyF-ZTL,0,0.2,cyclic_flip,,,missing2,,missing2-U,{},0.975,0.03374999999999995,0.8783783783783784,15.56,0,0.975,0.0061764705882352946,0.5,0,2,27.0,0
trusted_set,DyF-ZTL,0,0.2,cyclic_flip,,,imbalanced,,imbalanced-U,{},0.835,0.0,1.0,16.66,0,0.835,0.03869281045751634,15.0,0,0,,0
trusted_set,DyF-ZTL,0,0.2,cyclic_flip,,,,1200.0,size1200-U,{},0.87,0.012499999999999956,0.9456521739130435,16.32,0,0.87,0.03045751633986928,7.5,0,9,2.25,1
trusted_set,DyF-ZTL,0,0.2,cyclic_flip,,,,300.0,size300-U,{},0.9299999999999999,0.12250000000000005,0.6549295774647887,14.32,0,0.9299999999999999,0.01707679738562091,7.0,0,33,4.32258064516129,2
trusted_set,DyF-ZTL,0,0.4,cyclic_flip,,,missing2,,missing2-U,{},0.95375,0.07333333333333336,0.8965922444183314,11.49,0,0.95375,0.029833333333333333,0.75,0,3,35.5,1
trusted_set,DyF-ZTL,0,0.4,cyclic_flip,,,shifted,,shifted-U,{},0.8975,0.022499999999999964,0.963758389261745,12.55,0,0.8975,0.06263986013986013,10.125,0,2,,2
trusted_set,DyF-ZTL,0,0.4,cyclic_flip,,,contam5,,contam5-U,{},0.9325,0.03166666666666662,0.951530612244898,12.16,0,0.9325,0.04241025641025642,3.375,0,1,38.0,0
trusted_set,DyF-ZTL,0,0.4,cyclic_flip,,,imbalanced,,imbalanced-U,{},0.9137500000000001,0.0,1.0,12.69,0,0.9137500000000001,0.051923076923076926,7.5,0,0,,0
trusted_set,DyF-ZTL,0,0.4,cyclic_flip,,,,300.0,size300-U,{},0.92125,0.018333333333333313,0.9710144927536232,12.41,0,0.92125,0.04839743589743589,2.875,0,2,11.0,0
trusted_set,DyF-ZTL,0,0.4,cyclic_flip,,,,100.0,size100-U,{},0.94125,0.09916666666666663,0.8635321100917431,11.28,0,0.94125,0.03852564102564103,0.75,0,14,4.333333333333333,2
trusted_set,DyF-ZTL,0,0.4,cyclic_flip,,,contam10,,contam10-U,{},0.94375,0.02833333333333332,0.9569074778200254,12.11,0,0.94375,0.03515567765567766,2.625,0,1,34.0,0
trusted_set,DyF-ZTL,0,0.4,cyclic_flip,,,,1200.0,size1200-U,{},0.92125,0.0,1.0,12.63,0,0.92125,0.04730769230769231,6.5,0,0,,0
trusted_set,FLTrust,0,0.2,cyclic_flip,,,imbalanced,,,{},0.4625,0.23312500000000003,0.33154121863799285,14.42,0,0.4625,0.05849930879792496,11.5,0,198,1.8814432989690721,4
trusted_set,FLTrust,0,0.2,cyclic_flip,,,contam10,,,{},0.41500000000000004,0.23812500000000003,0.30347349177330896,14.53,0,0.41500000000000004,0.30593388340999833,3.75,0,347,1.0964912280701755,5
trusted_set,FLTrust,0,0.2,cyclic_flip,,,contam5,,,{},0.4525,0.198125,0.3634538152610442,15.02,0,0.4525,0.30390936736683793,4.0,0,305,1.039344262295082,0
trusted_set,FLTrust,0,0.2,cyclic_flip,,,missing2,,,{},0.49,0.22750000000000004,0.35,14.4,0,0.49,0.0503224731924845,2.25,0,152,2.1180555555555554,8
trusted_set,FLTrust,0,0.2,cyclic_flip,,,shifted,,,{},0.8475,0.7418750000000001,0.2221494102228047,4.74,3,0.8475,0.07459108149310953,2.0,0,183,6.0,12
trusted_set,FLTrust,0,0.4,cyclic_flip,,,contam5,,,{},0.5025,0.26083333333333336,0.5622377622377622,12.85,0,0.5025,0.35279413995678355,4.0,0,295,1.0610169491525423,0
trusted_set,FLTrust,0,0.4,cyclic_flip,,,contam10,,,{},0.48250000000000004,0.2791666666666667,0.5353675450762829,12.79,0,0.48250000000000004,0.40579322683703706,2.875,0,323,1.0378548895899053,6
trusted_set,FLTrust,0,0.4,cyclic_flip,,,imbalanced,,,{},0.5625,0.20416666666666672,0.6474820143884892,13.05,0,0.5625,0.08713369259868417,2.625,0,152,1.610738255033557,3
trusted_set,FLTrust,0,0.4,cyclic_flip,,,shifted,,,{},0.84625,0.6883333333333334,0.4504324683965403,4.97,1,0.84625,0.06553452069573319,2.5,0,180,3.994047619047619,12
trusted_set,FLTrust,0,0.4,cyclic_flip,,,missing2,,,{},0.60875,0.16833333333333333,0.706821480406386,13.11,0,0.60875,0.06758273607526598,3.625,0,125,1.6311475409836065,3
trusted_set,FLTrust,1,0.2,cyclic_flip,,,imbalanced,,,{},0.40249999999999997,0.12812500000000004,0.43989071038251365,16.34,0,0.40249999999999997,0.07550748952657894,5.5,0,156,1.3178807947019868,5
trusted_set,FLTrust,1,0.2,cyclic_flip,,,missing2,,,{},0.345,0.14937500000000004,0.3660477453580902,16.23,0,0.345,0.07257133799335,1.75,0,132,1.552,7
trusted_set,FLTrust,1,0.2,cyclic_flip,,,contam10,,,{},0.47250000000000003,0.31499999999999995,0.2727272727272727,13.07,0,0.47250000000000003,0.33549303933450586,3.25,0,444,1.135135135135135,0
trusted_set,FLTrust,1,0.2,cyclic_flip,,,shifted,,,{},0.965,0.806875,0.23017292784734644,3.23,3,0.965,0.008948495785976061,2.0,0,141,8.555555555555555,15
trusted_set,FLTrust,1,0.2,cyclic_flip,,,contam5,,,{},0.43999999999999995,0.24062499999999998,0.3137254901960784,14.39,0,0.43999999999999995,0.2375824081931011,5.5,0,288,1.2892857142857144,8
trusted_set,FLTrust,1,0.4,cyclic_flip,,,imbalanced,,,{},0.59625,0.14,0.7395348837209302,13.55,0,0.59625,0.12225831797918219,3.25,0,143,1.177304964539007,2
trusted_set,FLTrust,1,0.4,cyclic_flip,,,shifted,,,{},0.9475,0.75,0.4571773220747889,3.42,2,0.9475,0.024880313355525784,1.875,0,139,5.769230769230769,9
trusted_set,FLTrust,1,0.4,cyclic_flip,,,contam5,,,{},0.475,0.1433333333333333,0.6884057971014492,14.48,0,0.475,0.3082652991198356,3.5,0,162,1.0636942675159236,5
trusted_set,FLTrust,1,0.4,cyclic_flip,,,contam10,,,{},0.5075000000000001,0.25,0.5750708215297451,12.94,0,0.5075000000000001,0.3742046153986718,3.125,0,295,1.0169491525423728,0
trusted_set,FLTrust,1,0.4,cyclic_flip,,,missing2,,,{},0.52,0.15666666666666662,0.6887417218543046,13.96,0,0.52,0.09137709664509627,1.625,0,117,1.5689655172413792,1
trusted_set,FLTrust,2,0.2,cyclic_flip,,,imbalanced,,,{},0.4525,0.36187499999999995,0.2381578947368421,12.4,0,0.4525,0.10965218588483046,2.25,0,252,2.1818181818181817,10
trusted_set,FLTrust,2,0.2,cyclic_flip,,,missing2,,,{},0.5449999999999999,0.266875,0.33798449612403103,13.55,0,0.5449999999999999,0.055487711858506435,1.5,0,210,2.0637254901960786,6
trusted_set,FLTrust,2,0.2,cyclic_flip,,,shifted,,,{},0.8375,0.7112499999999999,0.22742701968771215,5.27,3,0.8375,0.04702595496457418,3.25,0,217,5.053921568627451,13
trusted_set,FLTrust,2,0.2,cyclic_flip,,,contam10,,,{},0.46499999999999997,0.38625,0.23134328358208955,11.96,0,0.46499999999999997,0.35930702383651986,3.75,0,531,1.1676300578034682,12
trusted_set,FLTrust,2,0.2,cyclic_flip,,,contam5,,,{},0.41000000000000003,0.35250000000000004,0.22527472527472528,12.72,0,0.41000000000000003,0.2837825673826628,5.75,0,327,1.6697530864197532,3
trusted_set,FLTrust,2,0.4,cyclic_flip,,,missing2,,,{},0.6475,0.22583333333333333,0.6565272496831432,12.11,0,0.6475,0.09823383673025336,1.125,0,131,2.0634920634920637,5
trusted_set,FLTrust,2,0.4,cyclic_flip,,,contam5,,,{},0.48875,0.1791666666666667,0.6452145214521452,13.94,0,0.48875,0.30678163665352476,3.625,0,211,1.018957345971564,0
trusted_set,FLTrust,2,0.4,cyclic_flip,,,shifted,,,{},0.8200000000000001,0.5275000000000001,0.5089216446858029,7.11,0,0.8200000000000001,0.10890649441593199,1.75,0,195,3.1135135135135137,10
trusted_set,FLTrust,2,0.4,cyclic_flip,,,contam10,,,{},0.48750000000000004,0.265,0.5508474576271186,12.92,0,0.48750000000000004,0.38664590546771876,3.25,0,305,1.042622950819672,0
trusted_set,FLTrust,2,0.4,cyclic_flip,,,imbalanced,,,{},0.65375,0.27,0.6174734356552538,11.53,0,0.65375,0.11195428152524835,1.75,0,194,1.6544502617801047,3
trusted_set,FLTrust,3,0.2,cyclic_flip,,,imbalanced,,,{},0.69,0.35250000000000004,0.32857142857142857,11.6,0,0.69,0.03479601118907096,0.0,0,193,2.8633879781420766,10
trusted_set,FLTrust,3,0.2,cyclic_flip,,,contam5,,,{},0.38249999999999995,0.318125,0.2311178247734139,13.38,0,0.38249999999999995,0.19352576127791438,0.0,0,226,2.1889400921658986,9
trusted_set,FLTrust,3,0.2,cyclic_flip,,,contam10,,,{},0.485,0.29000000000000004,0.2948328267477204,13.42,0,0.485,0.26193603550636335,0.0,0,306,1.5302013422818792,8
trusted_set,FLTrust,3,0.2,cyclic_flip,,,shifted,,,{},0.94,0.69,0.25405405405405407,5.2,0,0.94,0.007436284184924154,1.5,0,195,5.56043956043956,13
trusted_set,FLTrust,3,0.2,cyclic_flip,,,missing2,,,{},0.73,0.28812499999999996,0.38778220451527223,12.47,0,0.73,0.023682692975146392,1.25,0,184,2.455056179775281,6
trusted_set,FLTrust,3,0.4,cyclic_flip,,,imbalanced,,,{},0.50125,0.27416666666666667,0.5493150684931507,12.7,0,0.50125,0.14969838184111675,0.375,0,125,2.5702479338842976,4
trusted_set,FLTrust,3,0.4,cyclic_flip,,,shifted,,,{},0.8075,0.7025,0.4338482202820685,5.11,0,0.8075,0.08177034576422042,1.75,0,119,3.770642201834862,10
trusted_set,FLTrust,3,0.4,cyclic_flip,,,missing2,,,{},0.73125,0.2516666666666667,0.6595264937993236,11.13,0,0.73125,0.07315252819854144,1.25,0,152,2.0,6
trusted_set,FLTrust,3,0.4,cyclic_flip,,,contam5,,,{},0.52125,0.26083333333333336,0.5712328767123288,12.7,0,0.52125,0.23697536263035665,2.375,0,184,1.7118644067796611,7
trusted_set,FLTrust,3,0.4,cyclic_flip,,,contam10,,,{},0.495,0.22083333333333333,0.5990922844175491,13.39,0,0.495,0.33069955318488714,0.625,0,249,1.0607287449392713,2
trusted_set,FLTrust,4,0.2,cyclic_flip,,,contam5,,,{},0.26249999999999996,0.213125,0.23542600896860988,15.54,0,0.26249999999999996,0.23340677821749187,17.25,0,230,1.484304932735426,7
trusted_set,FLTrust,4,0.2,cyclic_flip,,,shifted,,,{},0.935,0.2875,0.44844124700239807,11.66,0,0.935,0.005198907691427135,2.0,0,162,2.5443037974683542,4
trusted_set,FLTrust,4,0.2,cyclic_flip,,,contam10,,,{},0.41000000000000003,0.23687499999999995,0.3020257826887661,14.57,0,0.41000000000000003,0.25919010307805285,9.0,0,279,1.3563636363636364,4
trusted_set,FLTrust,4,0.2,cyclic_flip,,,imbalanced,,,{},0.22499999999999998,0.09624999999999995,0.36885245901639346,17.56,0,0.22499999999999998,0.09239643424271997,5.75,0,112,1.3783783783783783,1
trusted_set,FLTrust,4,0.2,cyclic_flip,,,missing2,,,{},0.47750000000000004,0.06687500000000002,0.6409395973154363,17.02,0,0.47750000000000004,0.034935997358175395,2.0,0,85,1.2650602409638554,2
trusted_set,FLTrust,4,0.4,cyclic_flip,,,contam10,,,{},0.54125,0.2433333333333333,0.5972413793103448,12.75,0,0.54125,0.3028019448419173,5.125,0,253,1.157258064516129,5
trusted_set,FLTrust,4,0.4,cyclic_flip,,,missing2,,,{},0.5875,0.14500000000000002,0.7298136645962733,13.56,0,0.5875,0.08181096231313052,1.75,0,131,1.3070866141732282,4
trusted_set,FLTrust,4,0.4,cyclic_flip,,,contam5,,,{},0.47750000000000004,0.13749999999999996,0.6983546617915904,14.53,0,0.47750000000000004,0.29979546638141225,5.75,0,146,1.132867132867133,3
trusted_set,FLTrust,4,0.4,cyclic_flip,,,imbalanced,,,{},0.2825,0.054166666666666696,0.7766323024054983,17.09,0,0.2825,0.16042205315217217,1.625,0,51,1.2857142857142858,2
trusted_set,FLTrust,4,0.4,cyclic_flip,,,shifted,,,{},0.88625,0.32166666666666666,0.6474885844748859,9.05,0,0.88625,0.02758402508616735,2.0,0,139,2.7205882352941178,3
trust_modes,DyF-ZTL-R-soft,0,0.2,cyclic_flip,,,,,default-R-U,"{""functional_ref"": ""reference"", ""mode"": ""soft""}",0.0,0.0,,20.0,0,0.0,0.016459049032567796,,4,0,,0
trust_modes,DyF-ZTL-R-soft,0,0.4,cyclic_flip,,,,,default-R-U,"{""functional_ref"": ""reference"", ""mode"": ""soft""}",0.0,0.0,,20.0,0,0.0,0.01817131150237629,,8,0,,0
trust_modes,DyF-ZTL-R-soft,0,0.6,cyclic_flip,,,,,default-R-U,"{""functional_ref"": ""reference"", ""mode"": ""soft""}",0.0,0.0,,20.0,0,0.0,0.052568140581019523,,12,0,,0
trust_modes,DyF-ZTL-R-soft,0,0.8,cyclic_flip,,,,,default-R-U,"{""functional_ref"": ""reference"", ""mode"": ""soft""}",0.0,0.0,,20.0,0,0.0,0.012367063957329177,,16,0,,0
trust_modes,DyF-ZTL-R-soft,1,0.2,cyclic_flip,,,,,default-R-U,"{""functional_ref"": ""reference"", ""mode"": ""soft""}",0.0,0.0,,20.0,0,0.0,0.0006001587910077292,,4,0,,0
trust_modes,DyF-ZTL-R-soft,1,0.4,cyclic_flip,,,,,default-R-U,"{""functional_ref"": ""reference"", ""mode"": ""soft""}",0.0,0.0,,20.0,0,0.0,0.0015025827395765729,,8,0,,0
trust_modes,DyF-ZTL-R-soft,1,0.6,cyclic_flip,,,,,default-R-U,"{""functional_ref"": ""reference"", ""mode"": ""soft""}",0.0,0.0,,20.0,0,0.0,0.04767914247516067,,12,0,,0
trust_modes,DyF-ZTL-R-soft,1,0.8,cyclic_flip,,,,,default-R-U,"{""functional_ref"": ""reference"", ""mode"": ""soft""}",0.0,0.0,,20.0,0,0.0,0.044873245945380044,,16,0,,0
trust_modes,DyF-ZTL-R-soft,2,0.2,cyclic_flip,,,,,default-R-U,"{""functional_ref"": ""reference"", ""mode"": ""soft""}",0.0,0.0,,20.0,0,0.0,0.0006004332993445629,,4,0,,0
trust_modes,DyF-ZTL-R-soft,2,0.4,cyclic_flip,,,,,default-R-U,"{""functional_ref"": ""reference"", ""mode"": ""soft""}",0.0,0.0,,20.0,0,0.0,0.0015035760018738175,,8,0,,0
trust_modes,DyF-ZTL-R-soft,2,0.6,cyclic_flip,,,,,default-R-U,"{""functional_ref"": ""reference"", ""mode"": ""soft""}",0.0,0.0,,20.0,0,0.0,0.003022252516805001,,12,0,,0
trust_modes,DyF-ZTL-R-soft,2,0.8,cyclic_flip,,,,,default-R-U,"{""functional_ref"": ""reference"", ""mode"": ""soft""}",0.0,0.0,,20.0,0,0.0,0.006230782974263298,,16,0,,0
trust_modes,DyF-ZTL-soft,0,0.2,cyclic_flip,,,,,default-U,"{""mode"": ""soft""}",0.0,0.0,,20.0,0,0.0,0.02147981989998124,,4,0,,0
trust_modes,DyF-ZTL-soft,0,0.4,cyclic_flip,,,,,default-U,"{""mode"": ""soft""}",0.0,0.0,,20.0,0,0.0,0.04358940855647487,,8,0,,0
trust_modes,DyF-ZTL-soft,0,0.6,cyclic_flip,,,,,default-U,"{""mode"": ""soft""}",0.0,0.0,,20.0,0,0.0,0.056963090589763316,,12,0,,0
trust_modes,DyF-ZTL-soft,0,0.8,cyclic_flip,,,,,default-U,"{""mode"": ""soft""}",0.0,0.0,,20.0,0,0.0,0.5200305250409459,,16,0,,0
trust_modes,DyF-ZTL-V-prob,0,0.2,cyclic_flip,,,,,default-V-R-U,"{""functional_ref"": ""reference"", ""mode"": ""probation""}",0.8875,0.04437500000000005,0.8333333333333334,15.74,0,0.8875,0.028227941176470584,0.0,0,4,22.0,1
trust_modes,DyF-ZTL-V-prob,0,0.4,cyclic_flip,,,,,default-V-R-U,"{""functional_ref"": ""reference"", ""mode"": ""probation""}",0.96875,0.015000000000000013,0.9773013871374527,12.07,0,0.96875,0.01955128205128205,0.0,0,3,6.0,0
trust_modes,DyF-ZTL-V-prob,0,0.6,cyclic_flip,,,,,default-V-R-U,"{""functional_ref"": ""reference"", ""mode"": ""probation""}",0.9858333333333333,0.022499999999999964,0.9850124895920067,7.99,0,0.9858333333333333,0.020138888888888887,0.0,0,3,6.0,0
trust_modes,DyF-ZTL-V-prob,0,0.8,cyclic_flip,,,,,default-V-R-U,"{""functional_ref"": ""reference"", ""mode"": ""probation""}",0.99,0.05500000000000005,0.9863013698630136,3.94,0,0.99,0.033999999999999996,0.0,0,4,6.0,1
trust_modes,DyF-ZTL-V-prob,1,0.2,cyclic_flip,,,,,default-V-R-U,"{""functional_ref"": ""reference"", ""mode"": ""probation""}",1.0,0.14187499999999997,0.6379585326953748,13.73,0,1.0,0.0,0.0,0,20,9.75,4
trust_modes,DyF-ZTL-V-prob,1,0.4,cyclic_flip,,,,,default-V-R-U,"{""functional_ref"": ""reference"", ""mode"": ""probation""}",1.0,0.16166666666666663,0.8048289738430584,10.06,0,1.0,0.0,0.0,0,34,6.0,5
trust_modes,DyF-ZTL-V-prob,1,0.6,cyclic_flip,,,,,default-V-R-U,"{""functional_ref"": ""reference"", ""mode"": ""probation""}",0.9808333333333333,0.19125000000000003,0.8849624060150376,6.7,0,0.9808333333333333,0.03200396825396825,0.0,0,26,6.0,1
trust_modes,DyF-ZTL-V-prob,1,0.8,cyclic_flip,,,,,default-V-R-U,"{""functional_ref"": ""reference"", ""mode"": ""probation""}",0.99375,0.10499999999999998,0.9742647058823529,3.68,2,0.99375,0.02283333333333333,0.0,0,9,6.0,4
trust_modes,DyF-ZTL-V-prob,2,0.2,cyclic_flip,,,,,default-V-R-U,"{""functional_ref"": ""reference"", ""mode"": ""probation""}",1.0,0.19937499999999997,0.5563282336578581,12.81,0,1.0,0.0,0.0,0,39,6.333333333333333,6
trust_modes,DyF-ZTL-V-prob,2,0.4,cyclic_flip,,,,,default-V-R-U,"{""functional_ref"": ""reference"", ""mode"": ""probation""}",1.0,0.1875,0.7804878048780488,9.75,0,1.0,0.0,0.0,0,13,6.0,3
trust_modes,DyF-ZTL-V-prob,2,0.6,cyclic_flip,,,,,default-V-R-U,"{""functional_ref"": ""reference"", ""mode"": ""probation""}",1.0,0.12875000000000003,0.920951650038373,6.97,0,1.0,0.0,0.0,0,2,6.0,1
trust_modes,DyF-ZTL-V-prob,2,0.8,cyclic_flip,,,,,default-V-R-U,"{""functional_ref"": ""reference"", ""mode"": ""probation""}",0.999375,0.057499999999999996,0.9858199753390875,3.78,0,0.999375,0.002,0.0,0,4,6.0,1
trust_modes,DyF-ZTL-V-prob,3,0.2,cyclic_flip,,,,,default-V-R-U,"{""functional_ref"": ""reference"", ""mode"": ""probation""}",1.0,0.12,0.6756756756756757,14.08,0,1.0,0.0,0.0,0,6,6.0,4
trust_modes,DyF-ZTL-V-prob,3,0.4,cyclic_flip,,,,,default-V-R-U,"{""functional_ref"": ""reference"", ""mode"": ""probation""}",0.99625,0.12583333333333335,0.8407172995780591,10.52,0,0.99625,0.002307692307692308,0.0,0,12,6.0,3
trust_modes,DyF-ZTL-V-prob,3,0.6,cyclic_flip,,,,,default-V-R-U,"{""functional_ref"": ""reference"", ""mode"": ""probation""}",0.9958333333333333,0.22624999999999995,0.8684593023255814,6.24,0,0.9958333333333333,0.00625,0.0,0,17,6.0,3
trust_modes,DyF-ZTL-V-prob,3,0.8,cyclic_flip,,,,,default-V-R-U,"{""functional_ref"": ""reference"", ""mode"": ""probation""}",0.9925,0.0,1.0,4.12,0,0.9925,0.023333333333333334,0.0,0,0,,0
trust_modes,DyF-ZTL-V-prob,4,0.2,cyclic_flip,,,,,default-V-R-U,"{""functional_ref"": ""reference"", ""mode"": ""probation""}",1.0,0.040000000000000036,0.8620689655172413,15.36,0,1.0,0.0,0.0,0,9,7.5,1
trust_modes,DyF-ZTL-V-prob,4,0.4,cyclic_flip,,,,,default-V-R-U,"{""functional_ref"": ""reference"", ""mode"": ""probation""}",0.99625,0.10499999999999998,0.8634886240520043,10.77,0,0.99625,0.002742424242424243,0.0,0,21,6.0,0
trust_modes,DyF-ZTL-V-prob,4,0.6,cyclic_flip,,,,,default-V-R-U,"{""functional_ref"": ""reference"", ""mode"": ""probation""}",0.9991666666666666,0.09875,0.9381846635367762,7.22,0,0.9991666666666666,0.0011111111111111111,0.0,0,14,6.0,1
trust_modes,DyF-ZTL-V-prob,4,0.8,cyclic_flip,,,,,default-V-R-U,"{""functional_ref"": ""reference"", ""mode"": ""probation""}",0.999375,0.16249999999999998,0.9609375,3.36,0,0.999375,0.002,0.0,0,12,6.0,2
trust_modes,DyF-ZTL-V-soft,0,0.2,cyclic_flip,,,,,default-V-R-U,"{""functional_ref"": ""reference"", ""mode"": ""soft""}",0.0,0.0,,20.0,0,0.0,0.0325050329936573,,4,0,,0
trust_modes,DyF-ZTL-V-soft,0,0.4,cyclic_flip,,,,,default-V-R-U,"{""functional_ref"": ""reference"", ""mode"": ""soft""}",0.0,0.0,,20.0,0,0.0,0.0385601018736536,,8,0,,0
trust_modes,DyF-ZTL-V-soft,0,0.6,cyclic_flip,,,,,default-V-R-U,"{""functional_ref"": ""reference"", ""mode"": ""soft""}",0.0,0.0,,20.0,0,0.0,0.0501379838273663,,12,0,,0
trust_modes,DyF-ZTL-V-soft,0,0.8,cyclic_flip,,,,,default-V-R-U,"{""functional_ref"": ""reference"", ""mode"": ""soft""}",0.0,0.0,,20.0,0,0.0,0.025556448046010653,,16,0,,0
trust_modes,DyF-ZTL-V-soft,1,0.2,cyclic_flip,,,,,default-V-R-U,"{""functional_ref"": ""reference"", ""mode"": ""soft""}",0.0,0.0,,20.0,0,0.0,0.0006002716077470912,,4,0,,0
trust_modes,DyF-ZTL-V-soft,1,0.4,cyclic_flip,,,,,default-V-R-U,"{""functional_ref"": ""reference"", ""mode"": ""soft""}",0.0,0.0,,20.0,0,0.0,0.001802040237428269,,8,0,,0
trust_modes,DyF-ZTL-V-soft,1,0.6,cyclic_flip,,,,,default-V-R-U,"{""functional_ref"": ""reference"", ""mode"": ""soft""}",0.0,0.0,,20.0,0,0.0,0.0030661632351706115,,12,0,,0
trust_modes,DyF-ZTL-V-soft,1,0.8,cyclic_flip,,,,,default-V-R-U,"{""functional_ref"": ""reference"", ""mode"": ""soft""}",0.0,0.0,,20.0,0,0.0,0.023632754039344093,,16,0,,0
trust_modes,DyF-ZTL-V-soft,2,0.2,cyclic_flip,,,,,default-V-R-U,"{""functional_ref"": ""reference"", ""mode"": ""soft""}",0.0,0.0,,20.0,0,0.0,0.0006004333049876797,,4,0,,0
trust_modes,DyF-ZTL-V-soft,2,0.4,cyclic_flip,,,,,default-V-R-U,"{""functional_ref"": ""reference"", ""mode"": ""soft""}",0.0,0.0,,20.0,0,0.0,0.0015035765172478957,,8,0,,0
trust_modes,DyF-ZTL-V-soft,2,0.6,cyclic_flip,,,,,default-V-R-U,"{""functional_ref"": ""reference"", ""mode"": ""soft""}",0.0,0.0,,20.0,0,0.0,0.0030222528437647282,,12,0,,0
trust_modes,DyF-ZTL-V-soft,2,0.8,cyclic_flip,,,,,default-V-R-U,"{""functional_ref"": ""reference"", ""mode"": ""soft""}",0.0,0.0,,20.0,0,0.0,0.006214290879094972,,16,0,,0
trust_modes,DyF-ZTL-V-soft,3,0.2,cyclic_flip,,,,,default-V-R-U,"{""functional_ref"": ""reference"", ""mode"": ""soft""}",0.0,0.0,,20.0,0,0.0,0.0006001587909991276,,4,0,,0
trust_modes,DyF-ZTL-V-soft,3,0.4,cyclic_flip,,,,,default-V-R-U,"{""functional_ref"": ""reference"", ""mode"": ""soft""}",0.0,0.0,,20.0,0,0.0,0.003224075774638002,,8,0,,0
trust_modes,DyF-ZTL-V-soft,3,0.6,cyclic_flip,,,,,default-V-R-U,"{""functional_ref"": ""reference"", ""mode"": ""soft""}",0.0,0.0,,20.0,0,0.0,0.010344266433769426,,12,0,,0
trust_modes,DyF-ZTL-V-soft,3,0.8,cyclic_flip,,,,,default-V-R-U,"{""functional_ref"": ""reference"", ""mode"": ""soft""}",0.0,0.0,,20.0,0,0.0,0.09353691429685679,,16,0,,0
trust_modes,DyF-ZTL-V-soft,4,0.2,cyclic_flip,,,,,default-V-R-U,"{""functional_ref"": ""reference"", ""mode"": ""soft""}",0.0,0.0,,20.0,0,0.0,0.0006909458793236297,,4,0,,0
trust_modes,DyF-ZTL-V-soft,4,0.4,cyclic_flip,,,,,default-V-R-U,"{""functional_ref"": ""reference"", ""mode"": ""soft""}",0.0,0.0,,20.0,0,0.0,0.008868680775542079,,8,0,,0
trust_modes,DyF-ZTL-V-soft,4,0.6,cyclic_flip,,,,,default-V-R-U,"{""functional_ref"": ""reference"", ""mode"": ""soft""}",0.0,0.0,,20.0,0,0.0,0.003082322183178143,,12,0,,0
trust_modes,DyF-ZTL-V-soft,4,0.8,cyclic_flip,,,,,default-V-R-U,"{""functional_ref"": ""reference"", ""mode"": ""soft""}",0.0,0.0,,20.0,0,0.0,0.006959635698696619,,16,0,,0
